# Blender 5.2.0 LTS
# www.blender.org
mtllib pillar.mtl
o 円柱.001
v -15.455675 -80.400963 124.165680
v -14.018244 80.368690 123.642494
v -15.116251 -80.400963 126.370987
v -13.588019 80.368690 126.437698
v -15.646603 -80.400963 128.538330
v -14.260237 80.368690 129.184784
v -16.965984 -80.400963 130.337723
v -15.932534 80.368690 131.465515
v -18.873526 -80.400963 131.495270
v -18.350330 80.368690 132.932678
v -21.078840 -80.400963 131.834671
v -21.145546 80.368690 133.362900
v -23.246178 -80.400963 131.304352
v -23.892624 80.368690 132.690689
v -25.045588 -80.400963 129.984970
v -26.173357 80.368690 131.018387
v -26.203110 -80.400963 128.077423
v -27.640514 80.368690 128.600586
v -26.542545 -80.400963 125.872116
v -28.070744 80.368690 125.805382
v -26.012201 -80.400963 123.704773
v -27.398531 80.368690 123.058289
v -24.692818 -80.400963 121.905373
v -25.726242 80.368690 120.777557
v -22.785280 -80.400963 120.747841
v -23.308437 80.368690 119.310402
v -20.579960 -80.400963 120.408401
v -20.513214 80.368690 118.880180
v -18.412617 -80.400963 120.938751
v -17.766134 80.368690 119.552383
v -16.613216 -80.400963 122.258141
v -15.485403 80.368690 121.224686
v -17.003466 80.368683 126.288582
v -17.230772 80.368683 124.811760
v -17.358627 80.368683 127.739983
v -18.242159 80.368683 128.944977
v -19.519592 80.368683 129.720154
v -20.996418 80.368683 129.947449
v -22.447830 80.368683 129.592316
v -23.652834 80.368683 128.708740
v -24.427996 80.368683 127.431320
v -24.655296 80.368683 125.954498
v -24.300144 80.368683 124.503090
v -23.416599 80.368683 123.298088
v -22.139170 80.368683 122.522934
v -20.662333 80.368683 122.295624
v -19.210938 80.368683 122.650780
v -18.005932 80.368683 123.534317
v -13.588019 83.373688 126.437698
v -14.018244 83.373688 123.642494
v -14.260237 83.373688 129.184784
v -15.932534 83.373688 131.465515
v -18.350330 83.373688 132.932678
v -21.145546 83.373688 133.362900
v -23.892624 83.373688 132.690689
v -26.173357 83.373688 131.018387
v -27.640514 83.373688 128.600586
v -28.070744 83.373688 125.805382
v -27.398531 83.373688 123.058289
v -25.726242 83.373688 120.777557
v -23.308437 83.373688 119.310402
v -20.513214 83.373688 118.880180
v -17.766134 83.373688 119.552383
v -15.485403 83.373688 121.224686
v -17.230789 -80.400955 124.811768
v -17.003483 -80.400955 126.288589
v -17.358643 -80.400955 127.739998
v -18.242180 -80.400955 128.945007
v -19.519608 -80.400955 129.720154
v -20.996437 -80.400955 129.947479
v -22.447847 -80.400955 129.592331
v -23.652851 -80.400955 128.708755
v -24.428013 -80.400955 127.431328
v -24.655313 -80.400955 125.954506
v -24.300159 -80.400955 124.503113
v -23.416616 -80.400955 123.298103
v -22.139185 -80.400955 122.522942
v -20.662350 -80.400955 122.295631
v -19.210957 -80.400955 122.650795
v -18.005949 -80.400955 123.534332
v -15.455675 -83.260559 124.165680
v -15.116251 -83.260559 126.370987
v -15.646603 -83.260559 128.538330
v -16.965984 -83.260559 130.337723
v -18.873526 -83.260559 131.495270
v -21.078840 -83.260559 131.834671
v -23.246178 -83.260559 131.304352
v -25.045588 -83.260559 129.984970
v -26.203110 -83.260559 128.077423
v -26.542545 -83.260559 125.872116
v -26.012194 -83.260559 123.704773
v -24.692818 -83.260559 121.905373
v -22.785280 -83.260559 120.747841
v -20.579960 -83.260559 120.408401
v -18.412617 -83.260559 120.938751
v -16.613216 -83.260559 122.258141
v -18.182735 -82.237312 124.347305
v -18.182718 82.205040 124.347290
v -16.750586 -82.237312 123.826042
v -16.750566 82.205040 123.826019
v -17.661478 -82.237312 125.779465
v -17.661459 82.205040 125.779449
v -16.229311 -82.237312 125.258202
v -16.229292 82.205040 125.258186
v -21.042608 -82.237312 122.942352
v -21.042593 82.205040 122.942337
v -20.777964 -82.237312 121.441429
v -20.777945 82.205040 121.441414
v -19.541697 -82.237312 123.207008
v -19.541677 82.205040 123.206993
v -19.277040 -82.237312 121.706085
v -19.277023 82.205040 121.706070
v -23.689274 -82.237312 124.716606
v -23.689255 82.205040 124.716591
v -24.856781 -82.237312 123.736946
v -24.856766 82.205040 123.736938
v -22.709616 -82.237312 123.549095
v -22.709599 82.205040 123.549080
v -23.877127 -82.237312 122.569435
v -23.877110 82.205040 122.569420
v -23.476059 -82.237312 127.895798
v -23.476042 82.205040 127.895790
v -24.908222 -82.237312 128.417068
v -24.908207 82.205040 128.417053
v -23.997318 -82.237312 126.463638
v -23.997301 82.205040 126.463631
v -25.429476 -82.237312 126.984894
v -25.429474 82.205040 126.984886
v -20.616182 -82.237312 129.300751
v -20.616167 82.205040 129.300735
v -20.880838 -82.237312 130.801666
v -20.880821 82.205040 130.801651
v -22.117105 -82.237312 129.036072
v -22.117088 82.205040 129.036072
v -22.381752 -82.237312 130.537018
v -22.381735 82.205040 130.537003
v -17.969530 -82.237312 127.526505
v -17.969511 82.205040 127.526482
v -16.802019 -82.237312 128.506165
v -16.802002 82.205040 128.506149
v -18.949186 -82.237312 128.694016
v -18.949169 82.205040 128.694000
v -17.781685 -82.237312 129.673660
v -17.781664 82.205040 129.673645
v -33.369640 -80.400963 120.592125
v -31.871349 80.368690 120.283798
v -33.354927 -80.400963 122.823357
v -31.852695 80.368690 123.111870
v -34.195190 -80.400963 124.890381
v -32.917725 80.368690 125.731796
v -35.762512 -80.400963 126.478493
v -34.904282 80.368690 127.744728
v -37.818260 -80.400963 127.345955
v -37.509933 80.368690 128.844208
v -40.049500 -80.400963 127.360664
v -40.337997 80.368690 128.862885
v -42.116520 -80.400963 126.520416
v -42.957932 80.368690 127.797852
v -43.704647 -80.400963 124.953094
v -44.970867 80.368690 125.811287
v -44.572098 -80.400963 122.897339
v -46.070358 80.368690 123.205635
v -44.586815 -80.400963 120.666100
v -46.089012 80.368690 120.377571
v -43.746559 -80.400963 118.599083
v -45.023987 80.368690 117.757637
v -42.179237 -80.400963 117.010956
v -43.037437 80.368690 115.744698
v -40.123489 -80.400963 116.143501
v -40.431782 80.368690 114.645218
v -37.892250 -80.400963 116.128784
v -37.603706 80.368690 114.626556
v -35.825226 -80.400963 116.969040
v -34.983776 80.368690 115.691582
v -34.237103 -80.400963 118.536362
v -32.970837 80.368690 117.678139
v -35.210030 80.368683 122.467041
v -35.219887 80.368683 120.972855
v -35.772732 80.368683 123.851265
v -36.822304 80.368683 124.914772
v -38.198982 80.368683 125.495689
v -39.693169 80.368683 125.505539
v -41.077400 80.368683 124.942848
v -42.140919 80.368683 123.893257
v -42.721825 80.368683 122.516579
v -42.731674 80.368683 121.022400
v -42.168983 80.368683 119.638176
v -41.119404 80.368683 118.574654
v -39.742722 80.368683 117.993759
v -38.248528 80.368683 117.983894
v -36.864311 80.368683 118.546593
v -35.800793 80.368683 119.596169
v -31.852695 83.373688 123.111870
v -31.871349 83.373688 120.283798
v -32.917725 83.373688 125.731796
v -34.904282 83.373688 127.744728
v -37.509933 83.373688 128.844208
v -40.337997 83.373688 128.862885
v -42.957932 83.373688 127.797852
v -44.970867 83.373688 125.811287
v -46.070358 83.373688 123.205635
v -46.089012 83.373688 120.377571
v -45.023987 83.373688 117.757637
v -43.037437 83.373688 115.744698
v -40.431782 83.373688 114.645218
v -37.603706 83.373688 114.626556
v -34.983776 83.373688 115.691582
v -32.970837 83.373688 117.678139
v -35.219906 -80.400955 120.972870
v -35.210049 -80.400955 122.467049
v -35.772751 -80.400955 123.851273
v -36.822319 -80.400955 124.914787
v -38.199005 -80.400955 125.495697
v -39.693192 -80.400955 125.505562
v -41.077423 -80.400955 124.942856
v -42.140938 -80.400955 123.893272
v -42.721844 -80.400955 122.516586
v -42.731693 -80.400955 121.022408
v -42.169003 -80.400955 119.638184
v -41.119423 -80.400955 118.574677
v -39.742737 -80.400955 117.993759
v -38.248543 -80.400955 117.983894
v -36.864326 -80.400955 118.546600
v -35.800808 -80.400955 119.596184
v -33.369640 -83.260559 120.592125
v -33.354927 -83.260559 122.823357
v -34.195194 -83.260559 124.890381
v -35.762512 -83.260559 126.478493
v -37.818260 -83.260559 127.345955
v -40.049500 -83.260559 127.360664
v -42.116520 -83.260559 126.520416
v -43.704647 -83.260559 124.953094
v -44.572098 -83.260559 122.897339
v -44.586815 -83.260559 120.666100
v -43.746552 -83.260559 118.599083
v -42.179237 -83.260559 117.010956
v -40.123489 -83.260559 116.143501
v -37.892250 -83.260559 116.128784
v -35.825226 -83.260559 116.969040
v -34.237103 -83.260559 118.536362
v -36.094082 -82.237312 120.374741
v -36.094063 82.205040 120.374733
v -34.601295 -82.237312 120.067551
v -34.601280 82.205040 120.067543
v -35.786903 -82.237312 121.867538
v -35.786884 82.205040 121.867531
v -34.294102 -82.237312 121.560364
v -34.294083 82.205040 121.560349
v -38.718918 -82.237312 118.568367
v -38.718899 82.205040 118.568352
v -38.238556 -82.237312 117.121971
v -38.238537 82.205040 117.121964
v -37.272530 -82.237312 119.048737
v -37.272514 82.205040 119.048729
v -36.792160 -82.237312 117.602348
v -36.792145 82.205040 117.602333
v -41.595711 -82.237312 119.938354
v -41.595688 82.205040 119.938339
v -42.608139 -82.237312 118.799141
v -42.608120 82.205040 118.799133
v -40.456505 -82.237312 118.925926
v -40.456482 82.205040 118.925911
v -41.468929 -82.237312 117.786720
v -41.468910 82.205040 117.786697
v -41.847664 -82.237312 123.114716
v -41.847641 82.205040 123.114708
v -43.340462 -82.237312 123.421906
v -43.340443 82.205040 123.421890
v -42.154839 -82.237312 121.621918
v -42.154823 82.205040 121.621910
v -43.647633 -82.237312 121.929108
v -43.647629 82.205040 121.929092
v -39.222824 -82.237312 124.921089
v -39.222805 82.205040 124.921074
v -39.703194 -82.237312 126.367493
v -39.703175 82.205040 126.367485
v -40.669220 -82.237312 124.440720
v -40.669197 82.205040 124.440712
v -41.149582 -82.237312 125.887115
v -41.149559 82.205040 125.887100
v -36.346043 -82.237312 123.551102
v -36.346024 82.205040 123.551094
v -35.333614 -82.237312 124.690315
v -35.333595 82.205040 124.690308
v -37.485249 -82.237312 124.563530
v -37.485229 82.205040 124.563522
v -36.472828 -82.237312 125.702736
v -36.472809 82.205040 125.702728
v -50.572380 -80.400963 114.448349
v -49.045166 80.368690 114.361458
v -50.882694 -80.400963 116.657944
v -49.438480 80.368690 117.162109
v -52.014969 -80.400963 118.580597
v -50.873627 80.368690 119.599045
v -53.796814 -80.400963 119.923584
v -53.132099 80.368690 121.301285
v -55.956959 -80.400963 120.482483
v -55.870071 80.368690 122.009682
v -58.166565 -80.400963 120.172165
v -58.670715 80.368690 121.616371
v -60.089211 -80.400963 119.039909
v -61.107658 80.368690 120.181229
v -61.432220 -80.400963 117.258064
v -62.809898 80.368690 117.922752
v -61.991096 -80.400963 115.097908
v -63.518288 80.368690 115.184776
v -61.680794 -80.400963 112.888313
v -63.124977 80.368690 112.384132
v -60.548523 -80.400963 110.965660
v -61.689831 80.368690 109.947189
v -58.766678 -80.400963 109.622665
v -59.431366 80.368690 108.244942
v -56.606537 -80.400963 109.063782
v -56.693394 80.368690 107.536560
v -54.396927 -80.400963 109.374084
v -53.892738 80.368690 107.929878
v -52.474274 -80.400963 110.506355
v -51.455795 80.368690 109.365013
v -51.131279 -80.400963 112.288193
v -49.753551 80.368690 111.623489
v -52.666157 80.368683 116.035332
v -52.458347 80.368683 114.555626
v -53.424404 80.368683 117.322861
v -54.617638 80.368683 118.222229
v -56.064224 80.368683 118.596497
v -57.543930 80.368683 118.388695
v -58.831478 80.368683 117.630455
v -59.730843 80.368683 116.437195
v -60.105114 80.368683 114.990608
v -59.897301 80.368683 113.510918
v -59.139061 80.368683 112.223381
v -57.945816 80.368683 111.324013
v -56.499226 80.368683 110.949738
v -55.019524 80.368683 111.157547
v -53.731979 80.368683 111.915794
v -52.832619 80.368683 113.109032
v -49.438480 83.373688 117.162109
v -49.045166 83.373688 114.361458
v -50.873627 83.373688 119.599045
v -53.132099 83.373688 121.301285
v -55.870071 83.373688 122.009682
v -58.670715 83.373688 121.616371
v -61.107658 83.373688 120.181229
v -62.809898 83.373688 117.922752
v -63.518288 83.373688 115.184776
v -63.124977 83.373688 112.384132
v -61.689831 83.373688 109.947189
v -59.431366 83.373688 108.244942
v -56.693394 83.373688 107.536560
v -53.892738 83.373688 107.929878
v -51.455795 83.373688 109.365013
v -49.753551 83.373688 111.623489
v -52.458363 -80.400955 114.555634
v -52.666168 -80.400955 116.035332
v -53.424416 -80.400955 117.322876
v -54.617653 -80.400955 118.222244
v -56.064240 -80.400955 118.596504
v -57.543945 -80.400955 118.388702
v -58.831497 -80.400955 117.630455
v -59.730858 -80.400955 116.437210
v -60.105129 -80.400955 114.990623
v -59.897320 -80.400955 113.510925
v -59.139076 -80.400955 112.223381
v -57.945831 -80.400955 111.324028
v -56.499241 -80.400955 110.949745
v -55.019531 -80.400955 111.157555
v -53.731995 -80.400955 111.915802
v -52.832634 -80.400955 113.109039
v -50.572380 -83.260559 114.448349
v -50.882694 -83.260559 116.657944
v -52.014969 -83.260559 118.580605
v -53.796814 -83.260559 119.923584
v -55.956959 -83.260559 120.482483
v -58.166565 -83.260559 120.172165
v -60.089211 -83.260559 119.039909
v -61.432220 -83.260559 117.258064
v -61.991096 -83.260559 115.097908
v -61.680794 -83.260559 112.888313
v -60.548515 -83.260559 110.965660
v -58.766678 -83.260559 109.622665
v -56.606537 -83.260559 109.063782
v -54.396927 -83.260559 109.374084
v -52.474274 -83.260559 110.506355
v -51.131279 -83.260559 112.288193
v -53.236137 -82.237312 113.836601
v -53.236122 82.205040 113.836594
v -51.714535 -82.237312 113.750046
v -51.714520 82.205040 113.750031
v -53.149586 -82.237312 115.358223
v -53.149570 82.205040 115.358208
v -51.627972 -82.237312 115.271660
v -51.627949 82.205040 115.271652
v -55.569992 -82.237312 111.667297
v -55.569977 82.205040 111.667290
v -54.884151 -82.237312 110.306267
v -54.884136 82.205040 110.306259
v -54.208958 -82.237312 112.353142
v -54.208946 82.205040 112.353142
v -53.523117 -82.237312 110.992111
v -53.523102 82.205040 110.992111
v -58.615601 -82.237312 112.603828
v -58.615585 82.205040 112.603821
v -59.451363 -82.237312 111.329338
v -59.451355 82.205040 111.329338
v -57.341118 -82.237312 111.768051
v -57.341103 82.205040 111.768044
v -58.176888 -82.237312 110.493576
v -58.176872 82.205040 110.493561
v -59.327347 -82.237312 115.709648
v -59.327335 82.205040 115.709641
v -60.848969 -82.237312 115.796204
v -60.848946 82.205040 115.796196
v -59.413902 -82.237312 114.188034
v -59.413887 82.205040 114.188026
v -60.935509 -82.237312 114.274597
v -60.935509 82.205040 114.274582
v -56.993492 -82.237312 117.878960
v -56.993477 82.205040 117.878944
v -57.679344 -82.237312 119.239998
v -57.679329 82.205040 119.239990
v -58.354530 -82.237312 117.193108
v -58.354515 82.205040 117.193100
v -59.040371 -82.237312 118.554146
v -59.040359 82.205040 118.554146
v -53.947899 -82.237312 116.942436
v -53.947884 82.205040 116.942429
v -53.112125 -82.237312 118.216911
v -53.112106 82.205040 118.216904
v -55.222374 -82.237312 117.778198
v -55.222359 82.205040 117.778198
v -54.386612 -82.237312 119.052681
v -54.386597 82.205040 119.052673
v -66.697273 -80.400963 105.865334
v -65.173691 80.368690 106.001740
v -67.326004 -80.400963 108.006203
v -65.970589 80.368690 108.715271
v -68.726143 -80.400963 109.743500
v -67.745262 80.368690 110.917282
v -70.684547 -80.400963 110.812737
v -70.227509 80.368690 112.272545
v -72.903053 -80.400963 111.051170
v -73.039452 80.368690 112.574738
v -75.043922 -80.400963 110.422424
v -75.752983 80.368690 111.777832
v -76.781219 -80.400963 109.022301
v -77.955002 80.368690 110.003166
v -77.850479 -80.400963 107.063904
v -79.310265 80.368690 107.520912
v -78.088882 -80.400963 104.845390
v -79.612442 80.368690 104.708969
v -77.460167 -80.400963 102.704521
v -78.815552 80.368690 101.995445
v -76.060028 -80.400963 100.967216
v -77.040878 80.368690 99.793427
v -74.101624 -80.400963 99.897972
v -74.558640 80.368690 98.438156
v -71.883125 -80.400963 99.659561
v -71.746696 80.368690 98.135979
v -69.742249 -80.400963 100.288277
v -69.033150 80.368690 98.932877
v -68.004936 -80.400963 101.688423
v -66.831139 80.368690 100.707550
v -66.935699 -80.400963 103.646820
v -65.475868 80.368690 103.189796
v -68.999802 80.368683 107.130539
v -68.578766 80.368683 105.696861
v -69.937439 80.368683 108.293953
v -71.248901 80.368683 109.010010
v -72.734573 80.368683 109.169662
v -74.168251 80.368683 108.748619
v -75.331680 80.368683 107.810989
v -76.047722 80.368683 106.499504
v -76.207382 80.368683 105.013840
v -75.786339 80.368683 103.580162
v -74.848709 80.368683 102.416748
v -73.537231 80.368683 101.700706
v -72.051559 80.368683 101.541054
v -70.617882 80.368683 101.962090
v -69.454460 80.368683 102.899719
v -68.738419 80.368683 104.211197
v -65.970589 83.373688 108.715271
v -65.173691 83.373688 106.001740
v -67.745262 83.373688 110.917282
v -70.227509 83.373688 112.272545
v -73.039452 83.373688 112.574738
v -75.752983 83.373688 111.777832
v -77.955002 83.373688 110.003166
v -79.310265 83.373688 107.520912
v -79.612442 83.373688 104.708969
v -78.815552 83.373688 101.995445
v -77.040878 83.373688 99.793427
v -74.558640 83.373688 98.438156
v -71.746696 83.373688 98.135979
v -69.033150 83.373688 98.932877
v -66.831139 83.373688 100.707550
v -65.475868 83.373688 103.189796
v -68.578781 -80.400955 105.696869
v -68.999817 -80.400955 107.130547
v -69.937454 -80.400955 108.293961
v -71.248917 -80.400955 109.010010
v -72.734589 -80.400955 109.169662
v -74.168266 -80.400955 108.748627
v -75.331696 -80.400955 107.810997
v -76.047737 -80.400955 106.499512
v -76.207390 -80.400955 105.013847
v -75.786354 -80.400955 103.580177
v -74.848717 -80.400955 102.416763
v -73.537247 -80.400955 101.700714
v -72.051575 -80.400955 101.541054
v -70.617889 -80.400955 101.962090
v -69.454475 -80.400955 102.899727
v -68.738434 -80.400955 104.211205
v -66.697273 -83.260559 105.865334
v -67.326004 -83.260559 108.006203
v -68.726151 -83.260559 109.743507
v -70.684547 -83.260559 110.812737
v -72.903053 -83.260559 111.051170
v -75.043922 -83.260559 110.422424
v -76.781219 -83.260559 109.022301
v -77.850479 -83.260559 107.063904
v -78.088882 -83.260559 104.845390
v -77.460167 -83.260559 102.704521
v -76.060020 -83.260559 100.967216
v -74.101624 -83.260559 99.897972
v -71.883125 -83.260559 99.659561
v -69.742249 -83.260559 100.288277
v -68.004936 -83.260559 101.688423
v -66.935699 -83.260559 103.646820
v -69.243576 -82.237312 104.872269
v -69.243561 82.205040 104.872261
v -67.725586 -82.237312 105.008163
v -67.725571 82.205040 105.008163
v -69.379494 -82.237312 106.390266
v -69.379478 82.205040 106.390259
v -67.861488 -82.237312 106.526184
v -67.861473 82.205040 106.526169
v -71.236702 -82.237312 102.386269
v -71.236687 82.205040 102.386261
v -70.360001 -82.237312 101.139587
v -70.359993 82.205040 101.139587
v -69.990036 -82.237312 103.262962
v -69.990021 82.205040 103.262962
v -69.113327 -82.237312 102.016289
v -69.113319 82.205040 102.016289
v -74.386215 -82.237312 102.869362
v -74.386200 82.205040 102.869362
v -75.027512 -82.237312 101.486771
v -75.027496 82.205040 101.486771
v -73.003632 -82.237312 102.228065
v -73.003616 82.205040 102.228058
v -73.644928 -82.237312 100.845474
v -73.644913 82.205040 100.845467
v -75.542587 -82.237312 105.838455
v -75.542572 82.205040 105.838455
v -77.060593 -82.237312 105.702545
v -77.060577 82.205040 105.702530
v -75.406670 -82.237312 104.320457
v -75.406654 82.205040 104.320450
v -76.924667 -82.237312 104.184547
v -76.924667 82.205040 104.184532
v -73.549454 -82.237312 108.324463
v -73.549446 82.205040 108.324455
v -74.426170 -82.237312 109.571136
v -74.426155 82.205040 109.571129
v -74.796127 -82.237312 107.447746
v -74.796120 82.205040 107.447746
v -75.672836 -82.237312 108.694427
v -75.672821 82.205040 108.694420
v -70.399963 -82.237312 107.841362
v -70.399948 82.205040 107.841354
v -69.758667 -82.237312 109.223938
v -69.758652 82.205040 109.223930
v -71.782547 -82.237312 108.482658
v -71.782532 82.205040 108.482651
v -71.141258 -82.237312 109.865242
v -71.141243 82.205040 109.865234
v -81.400620 -80.400970 95.025963
v -79.913132 80.368683 95.382751
v -82.334358 -80.400970 97.052475
v -81.096634 80.368683 97.951324
v -83.972534 -80.400970 98.567390
v -83.173004 80.368683 99.871483
v -86.065750 -80.400970 99.340096
v -85.826134 80.368683 100.850883
v -88.295319 -80.400970 99.252960
v -88.652100 80.368683 100.740433
v -90.321831 -80.400970 98.319214
v -91.220688 80.368683 99.556931
v -91.836761 -80.400970 96.681046
v -93.140846 80.368683 97.480560
v -92.609482 -80.400970 94.587830
v -94.120255 80.368683 94.827431
v -92.522331 -80.400970 92.358261
v -94.009796 80.368683 92.001457
v -91.588593 -80.400970 90.331741
v -92.826294 80.368683 89.432869
v -89.950424 -80.400970 88.816818
v -90.749924 80.368683 87.512711
v -87.857201 -80.400970 88.044106
v -88.096794 80.368683 86.533310
v -85.627640 -80.400970 88.131248
v -85.270828 80.368683 86.643768
v -83.601120 -80.400970 89.064987
v -82.702232 80.368683 87.827271
v -82.086182 -80.400970 90.703156
v -80.782074 80.368683 89.903641
v -81.313484 -80.400970 92.796371
v -79.802673 80.368683 92.556763
v -83.862823 80.368675 95.942444
v -83.237534 80.368675 94.585342
v -84.959862 80.368675 96.956924
v -86.361618 80.368675 97.474396
v -87.854698 80.368675 97.416031
v -89.211792 80.368675 96.790741
v -90.226295 80.368675 95.693695
v -90.743759 80.368675 94.291939
v -90.685394 80.368675 92.798866
v -90.060097 80.368675 91.441772
v -88.963058 80.368675 90.427261
v -87.561302 80.368675 89.909813
v -86.068222 80.368675 89.968170
v -84.711121 80.368675 90.593475
v -83.696625 80.368675 91.690491
v -83.179169 80.368675 93.092255
v -81.096634 83.373680 97.951324
v -79.913132 83.373680 95.382744
v -83.173004 83.373680 99.871483
v -85.826134 83.373680 100.850883
v -88.652100 83.373680 100.740433
v -91.220688 83.373680 99.556931
v -93.140846 83.373680 97.480560
v -94.120255 83.373680 94.827431
v -94.009796 83.373680 92.001457
v -92.826294 83.373680 89.432869
v -90.749924 83.373680 87.512711
v -88.096794 83.373680 86.533310
v -85.270828 83.373680 86.643768
v -82.702232 83.373680 87.827271
v -80.782074 83.373680 89.903641
v -79.802673 83.373680 92.556763
v -83.237541 -80.400963 94.585342
v -83.862839 -80.400963 95.942444
v -84.959877 -80.400963 96.956932
v -86.361633 -80.400963 97.474403
v -87.854713 -80.400963 97.416031
v -89.211800 -80.400963 96.790741
v -90.226311 -80.400963 95.693695
v -90.743774 -80.400963 94.291939
v -90.685410 -80.400963 92.798866
v -90.060112 -80.400963 91.441772
v -88.963074 -80.400963 90.427277
v -87.561325 -80.400963 89.909821
v -86.068237 -80.400963 89.968170
v -84.711136 -80.400963 90.593475
v -83.696640 -80.400963 91.690498
v -83.179184 -80.400963 93.092262
v -81.400620 -83.260567 95.025963
v -82.334358 -83.260567 97.052475
v -83.972534 -83.260567 98.567398
v -86.065750 -83.260567 99.340096
v -88.295319 -83.260567 99.252968
v -90.321831 -83.260567 98.319214
v -91.836761 -83.260567 96.681046
v -92.609482 -83.260567 94.587830
v -92.522331 -83.260567 92.358261
v -91.588593 -83.260567 90.331741
v -89.950409 -83.260567 88.816818
v -87.857201 -83.260567 88.044106
v -85.627640 -83.260567 88.131256
v -83.601120 -83.260567 89.064987
v -82.086182 -83.260567 90.703156
v -81.313484 -83.260567 92.796379
v -83.775192 -82.237320 93.672737
v -83.775177 82.205032 93.672729
v -82.293167 -82.237320 94.028198
v -82.293152 82.205032 94.028198
v -84.130692 -82.237320 95.154762
v -84.130676 82.205032 95.154762
v -82.648651 -82.237320 95.510246
v -82.648636 82.205032 95.510246
v -85.385117 -82.237320 90.923019
v -85.385101 82.205032 90.923019
v -84.336243 -82.237320 89.817276
v -84.336227 82.205032 89.817268
v -84.279381 -82.237320 91.971886
v -84.279366 82.205032 91.971886
v -83.230499 -82.237320 90.866158
v -83.230484 82.205032 90.866158
v -88.571396 -82.237320 90.942398
v -88.571381 82.205032 90.942398
v -89.004555 -82.237320 89.481171
v -89.004539 82.205032 89.481171
v -87.110176 -82.237320 90.509239
v -87.110161 82.205032 90.509232
v -87.543327 -82.237320 89.048004
v -87.543312 82.205032 89.048004
v -90.147758 -82.237320 93.711487
v -90.147743 82.205032 93.711479
v -91.629791 -82.237320 93.355988
v -91.629776 82.205032 93.355988
v -89.792259 -82.237320 92.229446
v -89.792252 82.205032 92.229446
v -91.274292 -82.237320 91.873962
v -91.274292 82.205032 91.873947
v -88.537827 -82.237320 96.461197
v -88.537811 82.205032 96.461189
v -89.586716 -82.237320 97.566925
v -89.586700 82.205032 97.566925
v -89.643570 -82.237320 95.412308
v -89.643555 82.205032 95.412308
v -90.692451 -82.237320 96.518051
v -90.692436 82.205032 96.518051
v -85.351562 -82.237320 96.441818
v -85.351547 82.205032 96.441811
v -84.918396 -82.237320 97.903038
v -84.918381 82.205032 97.903038
v -86.812775 -82.237320 96.874969
v -86.812775 82.205032 96.874969
v -86.379631 -82.237320 98.336197
v -86.379616 82.205032 98.336189
v -94.369057 -80.400970 82.161278
v -92.949371 80.368683 82.730835
v -95.587906 -80.400970 84.030235
v -94.494247 80.368683 85.099731
v -97.429192 -80.400970 85.290489
v -96.828079 80.368683 86.697098
v -99.612617 -80.400970 85.750183
v -99.595528 80.368683 87.279762
v -101.805748 -80.400970 85.339355
v -102.375305 80.368683 86.759026
v -103.674706 -80.400970 84.120491
v -104.744194 80.368683 85.214149
v -104.934967 -80.400970 82.279205
v -106.341560 80.368683 82.880325
v -105.394669 -80.400970 80.095795
v -106.924232 80.368683 80.112862
v -104.983826 -80.400970 77.902664
v -106.403488 80.368683 77.333084
v -103.764969 -80.400970 76.033691
v -104.858612 80.368683 74.964195
v -101.923691 -80.400970 74.773430
v -102.524796 80.368683 73.366829
v -99.740273 -80.400970 74.313744
v -99.757339 80.368683 72.784157
v -97.547150 -80.400970 74.724586
v -96.977570 80.368683 73.304901
v -95.678177 -80.400970 75.943436
v -94.608665 80.368683 74.849777
v -94.417908 -80.400970 77.784721
v -93.011284 80.368683 77.183609
v -93.958214 -80.400970 79.968140
v -92.428619 80.368683 79.951065
v -96.938469 80.368675 82.709480
v -96.122238 80.368675 81.457893
v -98.171516 80.368675 83.553436
v -99.633682 80.368675 83.861290
v -101.102356 80.368675 83.586159
v -102.353943 80.368675 82.769943
v -103.197906 80.368675 81.536873
v -103.505760 80.368675 80.074699
v -103.230621 80.368675 78.606033
v -102.414398 80.368675 77.354446
v -101.181335 80.368675 76.510490
v -99.719177 80.368675 76.202637
v -98.250496 80.368675 76.477768
v -96.998909 80.368675 77.294006
v -96.154945 80.368675 78.527054
v -95.847099 80.368675 79.989220
v -94.494247 83.373680 85.099731
v -92.949371 83.373680 82.730835
v -96.828079 83.373680 86.697098
v -99.595528 83.373680 87.279762
v -102.375305 83.373680 86.759026
v -104.744194 83.373680 85.214142
v -106.341560 83.373680 82.880318
v -106.924232 83.373680 80.112862
v -106.403488 83.373680 77.333084
v -104.858612 83.373680 74.964195
v -102.524796 83.373680 73.366829
v -99.757339 83.373680 72.784149
v -96.977570 83.373680 73.304901
v -94.608665 83.373680 74.849777
v -93.011284 83.373680 77.183609
v -92.428619 83.373680 79.951065
v -96.122253 -80.400963 81.457893
v -96.938477 -80.400963 82.709480
v -98.171532 -80.400963 83.553436
v -99.633690 -80.400963 83.861298
v -101.102364 -80.400963 83.586159
v -102.353958 -80.400963 82.769943
v -103.197922 -80.400963 81.536873
v -103.505760 -80.400963 80.074707
v -103.230637 -80.400963 78.606033
v -102.414413 -80.400963 77.354446
v -101.181351 -80.400963 76.510490
v -99.719193 -80.400963 76.202644
v -98.250511 -80.400963 76.477776
v -96.998917 -80.400963 77.294006
v -96.154961 -80.400963 78.527054
v -95.847115 -80.400963 79.989220
v -94.369057 -83.260567 82.161278
v -95.587906 -83.260567 84.030235
v -97.429199 -83.260567 85.290497
v -99.612617 -83.260567 85.750191
v -101.805748 -83.260567 85.339355
v -103.674706 -83.260567 84.120491
v -104.934967 -83.260567 82.279205
v -105.394669 -83.260567 80.095795
v -104.983826 -83.260567 77.902664
v -103.764969 -83.260567 76.033691
v -101.923676 -83.260567 74.773445
v -99.740273 -83.260567 74.313744
v -97.547150 -83.260567 74.724586
v -95.678177 -83.260567 75.943436
v -94.417908 -83.260567 77.784729
v -93.958214 -83.260567 79.968140
v -96.521294 -82.237320 80.476723
v -96.521278 82.205032 80.476723
v -95.106812 -82.237320 81.044197
v -95.106796 82.205032 81.044197
v -97.088776 -82.237320 81.891205
v -97.088768 82.205032 81.891197
v -95.674301 -82.237320 82.458694
v -95.674286 82.205032 82.458687
v -97.713699 -82.237320 77.521912
v -97.713684 82.205032 77.521912
v -96.514999 -82.237320 76.580673
v -96.514992 82.205032 76.580673
v -96.772469 -82.237320 78.720604
v -96.772453 82.205032 78.720596
v -95.573769 -82.237320 77.779366
v -95.573753 82.205032 77.779366
v -100.868843 -82.237320 77.077148
v -100.868835 82.205032 77.077148
v -101.084625 -82.237320 75.568428
v -101.084625 82.205032 75.568436
v -99.360130 -82.237320 76.861359
v -99.360115 82.205032 76.861359
v -99.575912 -82.237320 75.352638
v -99.575897 82.205032 75.352638
v -102.831589 -82.237320 79.587204
v -102.831581 82.205032 79.587212
v -104.246078 -82.237320 79.019722
v -104.246063 82.205032 79.019722
v -102.264091 -82.237320 78.172729
v -102.264091 82.205032 78.172729
v -103.678581 -82.237320 77.605247
v -103.678581 82.205032 77.605232
v -101.639175 -82.237320 82.542015
v -101.639175 82.205032 82.542023
v -102.837883 -82.237320 83.483269
v -102.837868 82.205032 83.483261
v -102.580421 -82.237320 81.343330
v -102.580406 82.205032 81.343323
v -103.779106 -82.237320 82.284569
v -103.779106 82.205032 82.284569
v -98.484039 -82.237320 82.986778
v -98.484032 82.205032 82.986771
v -98.268250 -82.237320 84.495499
v -98.268234 82.205032 84.495499
v -99.992752 -82.237320 83.202560
v -99.992744 82.205032 83.202568
v -99.776985 -82.237320 84.711281
v -99.776970 82.205032 84.711281
v -105.326172 -80.400970 67.545471
v -104.004547 80.368683 68.315674
v -106.804161 -80.400970 69.217049
v -105.877876 80.368683 70.434380
v -108.809326 -80.400970 70.195778
v -108.419418 80.368683 71.674911
v -111.036400 -80.400970 70.332664
v -111.242210 80.368683 71.848434
v -113.146339 -80.400970 69.606888
v -113.916534 80.368683 70.928497
v -114.817917 -80.400970 68.128891
v -116.035255 80.368683 69.055161
v -115.796661 -80.400970 66.123734
v -117.275795 80.368683 66.513641
v -115.933563 -80.400970 63.896648
v -117.449318 80.368683 63.690838
v -115.207764 -80.400970 61.786713
v -116.529366 80.368683 61.016510
v -113.729782 -80.400970 60.115135
v -114.656044 80.368683 58.897797
v -111.724625 -80.400970 59.136391
v -112.114517 80.368683 57.657249
v -109.497536 -80.400970 58.999504
v -109.291718 80.368683 57.483730
v -107.387604 -80.400970 59.725285
v -106.617393 80.368683 58.403664
v -105.716019 -80.400970 61.203270
v -104.498672 80.368683 60.276997
v -104.737282 -80.400970 63.208443
v -103.258118 80.368683 62.818531
v -104.600388 -80.400970 65.435524
v -103.084610 80.368683 65.641335
v -107.948029 80.368675 67.713722
v -106.958267 80.368675 66.594315
v -109.290817 80.368675 68.369141
v -110.782219 80.368675 68.460823
v -112.195183 80.368675 67.974785
v -113.314583 80.368675 66.985031
v -113.970032 80.368675 65.642227
v -114.061699 80.368675 64.150818
v -113.575668 80.368675 62.737854
v -112.585899 80.368675 61.618446
v -111.243103 80.368675 60.963028
v -109.751694 80.368675 60.871346
v -108.338737 80.368675 61.357391
v -107.219330 80.368675 62.347153
v -106.563889 80.368675 63.689941
v -106.472214 80.368675 65.181351
v -105.877876 83.373680 70.434380
v -104.004547 83.373680 68.315674
v -108.419418 83.373680 71.674911
v -111.242210 83.373680 71.848427
v -113.916534 83.373680 70.928497
v -116.035255 83.373680 69.055161
v -117.275795 83.373680 66.513641
v -117.449318 83.373680 63.690838
v -116.529366 83.373680 61.016510
v -114.656044 83.373680 58.897797
v -112.114517 83.373680 57.657249
v -109.291718 83.373680 57.483730
v -106.617393 83.373680 58.403664
v -104.498672 83.373680 60.276997
v -103.258118 83.373680 62.818531
v -103.084610 83.373680 65.641327
v -106.958275 -80.400963 66.594315
v -107.948036 -80.400963 67.713715
v -109.290833 -80.400963 68.369141
v -110.782227 -80.400963 68.460823
v -112.195190 -80.400963 67.974785
v -113.314598 -80.400963 66.985031
v -113.970039 -80.400963 65.642227
v -114.061714 -80.400963 64.150810
v -113.575668 -80.400963 62.737854
v -112.585907 -80.400963 61.618450
v -111.243118 -80.400963 60.963020
v -109.751717 -80.400963 60.871346
v -108.338745 -80.400963 61.357384
v -107.219330 -80.400963 62.347153
v -106.563904 -80.400963 63.689945
v -106.472221 -80.400963 65.181351
v -105.326172 -83.260567 67.545471
v -106.804161 -83.260567 69.217049
v -108.809326 -83.260567 70.195786
v -111.036400 -83.260567 70.332664
v -113.146339 -83.260567 69.606888
v -114.817917 -83.260567 68.128891
v -115.796661 -83.260567 66.123734
v -115.933563 -83.260567 63.896648
v -115.207764 -83.260567 61.786713
v -113.729782 -83.260567 60.115135
v -111.724617 -83.260567 59.136398
v -109.497536 -83.260567 58.999504
v -107.387604 -83.260567 59.725288
v -105.716019 -83.260567 61.203274
v -104.737282 -83.260567 63.208443
v -104.600388 -83.260567 65.435524
v -107.210205 -82.237320 65.565498
v -107.210190 82.205032 65.565491
v -105.893425 -82.237320 66.332878
v -105.893417 82.205032 66.332870
v -107.977592 -82.237320 66.882278
v -107.977585 82.205032 66.882278
v -106.660805 -82.237320 67.649673
v -106.660797 82.205032 67.649673
v -107.959671 -82.237320 62.468559
v -107.959663 82.205032 62.468555
v -106.636711 -82.237320 61.711872
v -106.636696 82.205032 61.711876
v -107.203003 -82.237320 63.791519
v -107.202995 82.205032 63.791515
v -105.880035 -82.237320 63.034851
v -105.880028 82.205032 63.034851
v -111.016449 -82.237320 61.569145
v -111.016434 82.205032 61.569153
v -111.010262 -82.237320 60.045082
v -111.010254 82.205032 60.045082
v -109.492386 -82.237320 61.575333
v -109.492371 82.205032 61.575329
v -109.486198 -82.237320 60.051262
v -109.486183 82.205032 60.051270
v -113.323738 -82.237320 63.766678
v -113.323730 82.205032 63.766682
v -114.640526 -82.237320 62.999283
v -114.640511 82.205032 62.999287
v -112.556343 -82.237320 62.449898
v -112.556335 82.205032 62.449898
v -113.873123 -82.237320 61.682510
v -113.873123 82.205032 61.682495
v -112.574257 -82.237320 66.863617
v -112.574249 82.205032 66.863617
v -113.897240 -82.237320 67.620293
v -113.897224 82.205032 67.620293
v -113.330940 -82.237320 65.540649
v -113.330933 82.205032 65.540649
v -114.653908 -82.237320 66.297318
v -114.653900 82.205032 66.297325
v -109.517502 -82.237320 67.763023
v -109.517487 82.205032 67.763016
v -109.523682 -82.237320 69.287079
v -109.523674 82.205032 69.287086
v -111.041557 -82.237320 67.756836
v -111.041557 82.205032 67.756836
v -111.047752 -82.237320 69.280899
v -111.047737 82.205032 69.280891
v -114.038460 -80.400970 51.490044
v -112.843063 80.368683 52.444466
v -115.744080 -80.400970 52.928612
v -115.004921 80.368683 54.267838
v -117.870377 -80.400970 53.604958
v -117.699982 80.368683 55.125114
v -120.093651 -80.400970 53.416122
v -120.517967 80.368683 54.885773
v -122.075439 -80.400970 52.390869
v -123.029861 80.368683 53.586262
v -123.514000 -80.400970 50.685242
v -124.853233 80.368683 51.424404
v -124.190361 -80.400970 48.558952
v -125.710503 80.368683 48.729340
v -124.001541 -80.400970 46.335667
v -125.471169 80.368683 45.911354
v -122.976265 -80.400970 44.353889
v -124.171646 80.368683 43.399464
v -121.270653 -80.400970 42.915318
v -122.009796 80.368683 41.576088
v -119.144356 -80.400970 42.238964
v -119.314720 80.368683 40.718811
v -116.921074 -80.400970 42.427795
v -116.496750 80.368683 40.958141
v -114.939301 -80.400970 43.453053
v -113.984863 80.368683 42.257664
v -113.500717 -80.400970 45.158676
v -112.161476 80.368683 44.419525
v -112.824364 -80.400970 47.284981
v -111.304207 80.368683 47.114594
v -113.013199 -80.400970 49.508255
v -111.543549 80.368683 49.932571
v -116.656876 80.368675 51.274757
v -115.514671 80.368675 50.311394
v -118.080795 80.368675 51.727692
v -119.569641 80.368675 51.601242
v -120.896782 80.368675 50.914650
v -121.860146 80.368675 49.772457
v -122.313095 80.368675 48.348518
v -122.186630 80.368675 46.859673
v -121.500046 80.368675 45.532536
v -120.357841 80.368675 44.569168
v -118.933922 80.368675 44.116234
v -117.445068 80.368675 44.242683
v -116.117928 80.368675 44.929283
v -115.154556 80.368675 46.071480
v -114.701630 80.368675 47.495392
v -114.828072 80.368675 48.984261
v -115.004921 83.373680 54.267838
v -112.843063 83.373680 52.444466
v -117.699982 83.373680 55.125114
v -120.517967 83.373680 54.885773
v -123.029861 83.373680 53.586262
v -124.853233 83.373680 51.424404
v -125.710503 83.373680 48.729340
v -125.471169 83.373680 45.911354
v -124.171646 83.373680 43.399464
v -122.009796 83.373680 41.576088
v -119.314720 83.373680 40.718811
v -116.496750 83.373680 40.958141
v -113.984863 83.373680 42.257664
v -112.161476 83.373680 44.419525
v -111.304207 83.373680 47.114594
v -111.543549 83.373680 49.932571
v -115.514679 -80.400963 50.311390
v -116.656883 -80.400963 51.274761
v -118.080795 -80.400963 51.727688
v -119.569656 -80.400963 51.601242
v -120.896790 -80.400963 50.914650
v -121.860161 -80.400963 49.772449
v -122.313103 -80.400963 48.348526
v -122.186638 -80.400963 46.859665
v -121.500053 -80.400963 45.532532
v -120.357849 -80.400963 44.569168
v -118.933929 -80.400963 44.116234
v -117.445076 -80.400963 44.242683
v -116.117935 -80.400963 44.929276
v -115.154564 -80.400963 46.071476
v -114.701630 -80.400963 47.495392
v -114.828087 -80.400963 48.984253
v -114.038460 -83.260567 51.490044
v -115.744080 -83.260567 52.928612
v -117.870384 -83.260567 53.604965
v -120.093651 -83.260567 53.416122
v -122.075439 -83.260567 52.390869
v -123.514000 -83.260567 50.685242
v -124.190361 -83.260567 48.558952
v -124.001541 -83.260567 46.335667
v -122.976265 -83.260567 44.353889
v -121.270653 -83.260567 42.915318
v -119.144348 -83.260567 42.238968
v -116.921074 -83.260567 42.427795
v -114.939301 -83.260567 43.453053
v -113.500717 -83.260567 45.158676
v -112.824364 -83.260567 47.284981
v -113.013199 -83.260567 49.508255
v -115.614128 -82.237320 49.256851
v -115.614113 82.205032 49.256859
v -114.423111 -82.237320 50.207787
v -114.423096 82.205032 50.207783
v -116.565071 -82.237320 50.447865
v -116.565056 82.205032 50.447868
v -115.374046 -82.237320 51.398815
v -115.374031 82.205032 51.398811
v -115.904694 -82.237320 46.083794
v -115.904678 82.205032 46.083794
v -114.485649 -82.237320 45.527802
v -114.485649 82.205032 45.527805
v -115.348709 -82.237320 47.502838
v -115.348701 82.205032 47.502831
v -113.929672 -82.237320 46.946854
v -113.929665 82.205032 46.946854
v -118.797943 -82.237320 44.748901
v -118.797928 82.205032 44.748901
v -118.569916 -82.237320 43.241974
v -118.569901 82.205032 43.241982
v -117.291016 -82.237320 44.976925
v -117.291000 82.205032 44.976929
v -117.062981 -82.237320 43.470001
v -117.062981 82.205032 43.470005
v -121.400597 -82.237320 46.587067
v -121.400597 82.205032 46.587070
v -122.591621 -82.237320 45.636131
v -122.591614 82.205032 45.636139
v -120.449669 -82.237320 45.396053
v -120.449661 82.205032 45.396057
v -121.640678 -82.237320 44.445122
v -121.640678 82.205032 44.445114
v -121.110039 -82.237320 49.760136
v -121.110031 82.205032 49.760132
v -122.529083 -82.237320 50.316116
v -122.529068 82.205032 50.316124
v -121.666016 -82.237320 48.341087
v -121.666016 82.205032 48.341095
v -123.085052 -82.237320 48.897079
v -123.085052 82.205032 48.897083
v -118.216805 -82.237320 51.095016
v -118.216789 82.205032 51.095016
v -118.444824 -82.237320 52.601940
v -118.444817 82.205032 52.601944
v -119.723717 -82.237320 50.866989
v -119.723709 82.205032 50.866997
v -119.951752 -82.237320 52.373913
v -119.951736 82.205032 52.373909
v -120.320206 -80.400970 34.337200
v -119.276512 80.368683 35.455505
v -122.217110 -80.400970 35.512096
v -121.680801 80.368683 36.944679
v -124.419220 -80.400970 35.871643
v -124.471977 80.368683 37.400406
v -126.591309 -80.400970 35.361107
v -127.225090 80.368683 36.753319
v -128.402695 -80.400970 34.058235
v -129.520996 80.368683 35.101913
v -129.577591 -80.400970 32.161324
v -131.010178 80.368683 32.697617
v -129.937149 -80.400970 29.959209
v -131.465897 80.368683 29.906446
v -129.426620 -80.400978 27.787115
v -130.818817 80.368675 27.153345
v -128.123734 -80.400978 25.975740
v -129.167404 80.368675 24.857433
v -126.226830 -80.400978 24.800833
v -126.763107 80.368675 23.368258
v -124.024712 -80.400978 24.441280
v -123.971931 80.368675 22.912525
v -121.852623 -80.400978 24.951817
v -121.218826 80.368675 23.559607
v -120.041245 -80.400978 26.254696
v -118.922935 80.368675 25.211010
v -118.866341 -80.400978 28.151600
v -117.433746 80.368675 27.615318
v -118.506783 -80.400978 30.353724
v -116.978012 80.368675 30.406490
v -119.017311 -80.400970 32.525814
v -117.625107 80.368683 33.159595
v -122.879364 80.368675 33.742973
v -121.609070 80.368675 32.956173
v -124.354057 80.368675 33.983742
v -125.808632 80.368675 33.641869
v -127.021660 80.368675 32.769356
v -127.808456 80.368675 31.499067
v -128.049240 80.368668 30.024363
v -127.707359 80.368668 28.569786
v -126.834846 80.368668 27.356758
v -125.564552 80.368668 26.569971
v -124.089867 80.368668 26.329184
v -122.635277 80.368668 26.671070
v -121.422256 80.368668 27.543575
v -120.635452 80.368668 28.813877
v -120.394669 80.368668 30.288567
v -120.736557 80.368675 31.743147
v -121.680801 83.373680 36.944679
v -119.276512 83.373680 35.455505
v -124.471977 83.373680 37.400406
v -127.225090 83.373680 36.753319
v -129.520996 83.373680 35.101913
v -131.010178 83.373680 32.697617
v -131.465897 83.373680 29.906446
v -130.818817 83.373672 27.153345
v -129.167404 83.373672 24.857433
v -126.763107 83.373672 23.368258
v -123.971931 83.373672 22.912525
v -121.218826 83.373672 23.559607
v -118.922935 83.373672 25.211010
v -117.433746 83.373672 27.615318
v -116.978012 83.373672 30.406490
v -117.625107 83.373680 33.159595
v -121.609077 -80.400963 32.956173
v -122.879372 -80.400963 33.742966
v -124.354065 -80.400963 33.983742
v -125.808640 -80.400963 33.641869
v -127.021667 -80.400963 32.769356
v -127.808464 -80.400963 31.499062
v -128.049255 -80.400970 30.024361
v -127.707367 -80.400970 28.569780
v -126.834854 -80.400970 27.356756
v -125.564560 -80.400970 26.569965
v -124.089874 -80.400970 26.329184
v -122.635292 -80.400970 26.671068
v -121.422264 -80.400970 27.543573
v -120.635460 -80.400970 28.813871
v -120.394676 -80.400970 30.288561
v -120.736565 -80.400963 31.743143
v -120.320206 -83.260567 34.337200
v -122.217110 -83.260567 35.512096
v -124.419228 -83.260567 35.871643
v -126.591309 -83.260567 35.361107
v -128.402695 -83.260567 34.058235
v -129.577591 -83.260567 32.161324
v -129.937149 -83.260567 29.959209
v -129.426620 -83.260574 27.787115
v -128.123734 -83.260574 25.975740
v -126.226830 -83.260574 24.800833
v -124.024704 -83.260574 24.441286
v -121.852623 -83.260574 24.951817
v -120.041245 -83.260574 26.254696
v -118.866341 -83.260574 28.151600
v -118.506783 -83.260574 30.353724
v -119.017311 -83.260567 32.525814
v -121.553917 -82.237320 31.898396
v -121.553909 82.205032 31.898396
v -120.514061 -82.237320 33.012596
v -120.514046 82.205032 33.012600
v -122.668137 -82.237320 32.938255
v -122.668129 82.205032 32.938263
v -121.628273 -82.237320 34.052475
v -121.628258 82.205032 34.052479
v -121.379395 -82.237328 28.716837
v -121.379379 82.205025 28.716841
v -119.894516 -82.237328 28.373388
v -119.894516 82.205025 28.373388
v -121.035942 -82.237328 30.201702
v -121.035942 82.205025 30.201708
v -119.551079 -82.237328 29.858261
v -119.551079 82.205025 29.858265
v -124.047432 -82.237328 26.974909
v -124.047424 82.205025 26.974913
v -123.602425 -82.237328 25.517246
v -123.602425 82.205025 25.517252
v -122.589783 -82.237328 27.419914
v -122.589775 82.205025 27.419914
v -122.144775 -82.237328 25.962252
v -122.144768 82.205025 25.962254
v -126.890007 -82.237328 28.414539
v -126.889999 82.205025 28.414539
v -127.929886 -82.237328 27.300318
v -127.929878 82.205025 27.300323
v -125.775787 -82.237328 27.374674
v -125.775780 82.205025 27.374678
v -126.815659 -82.237328 26.260466
v -126.815659 82.205025 26.260454
v -127.064545 -82.237320 31.596096
v -127.064537 82.205032 31.596096
v -128.549423 -82.237320 31.939541
v -128.549408 82.205032 31.939543
v -127.407974 -82.237328 30.111216
v -127.407982 82.205025 30.111219
v -128.892853 -82.237320 30.454670
v -128.892853 82.205032 30.454670
v -124.396500 -82.237320 33.338013
v -124.396484 82.205032 33.338017
v -124.841492 -82.237320 34.795681
v -124.841492 82.205032 34.795677
v -125.854156 -82.237320 32.893005
v -125.854156 82.205032 32.893013
v -126.299171 -82.237320 34.350670
v -126.299156 82.205032 34.350670
v -124.037537 -80.400978 16.452543
v -123.167793 80.368675 17.710892
v -126.085281 -80.400978 17.338732
v -125.763306 80.368675 18.834129
v -128.316284 -80.400978 17.373816
v -128.591080 80.368675 18.878599
v -130.390900 -80.400978 16.552458
v -131.220627 80.368675 17.837553
v -131.993286 -80.400978 14.999727
v -133.251633 80.368675 15.869463
v -132.879456 -80.400978 12.951967
v -134.374863 80.368675 13.273962
v -132.914566 -80.400978 10.720968
v -134.419342 80.368675 10.446184
v -132.093216 -80.400978 8.646353
v -133.378296 80.368675 7.816631
v -130.540466 -80.400978 7.043985
v -131.410187 80.368675 5.785635
v -128.492722 -80.400978 6.157789
v -128.814697 80.368675 4.662397
v -126.261719 -80.400978 6.122696
v -125.986916 80.368675 4.617918
v -124.187103 -80.400978 6.944052
v -123.357361 80.368675 5.658962
v -122.584732 -80.400978 8.496786
v -121.326370 80.368675 7.627052
v -121.698532 -80.400978 10.544540
v -120.203133 80.368675 10.222567
v -121.663445 -80.400978 12.775551
v -120.158646 80.368675 13.050346
v -122.484795 -80.400978 14.850159
v -121.199699 80.368675 15.679897
v -126.482903 80.368668 15.492025
v -125.111595 80.368668 14.898569
v -127.976944 80.368668 15.515522
v -129.366241 80.368668 14.965502
v -130.439301 80.368668 13.925671
v -131.032761 80.368668 12.554354
v -131.056259 80.368668 11.060312
v -130.506226 80.368668 9.671009
v -129.466400 80.368668 8.597950
v -128.095093 80.368668 8.004499
v -126.601059 80.368668 7.980999
v -125.211754 80.368668 8.531025
v -124.138695 80.368668 9.570856
v -123.545235 80.368668 10.942177
v -123.521729 80.368668 12.436209
v -124.071762 80.368668 13.825506
v -125.763306 83.373672 18.834129
v -123.167793 83.373672 17.710892
v -128.591080 83.373672 18.878599
v -131.220627 83.373672 17.837553
v -133.251633 83.373672 15.869463
v -134.374863 83.373672 13.273962
v -134.419342 83.373672 10.446184
v -133.378296 83.373672 7.816631
v -131.410187 83.373672 5.785635
v -128.814697 83.373672 4.662397
v -125.986916 83.373672 4.617918
v -123.357361 83.373672 5.658962
v -121.326370 83.373672 7.627052
v -120.203133 83.373672 10.222567
v -120.158646 83.373672 13.050346
v -121.199699 83.373672 15.679897
v -125.111595 -80.400970 14.898567
v -126.482910 -80.400970 15.492022
v -127.976944 -80.400970 15.515516
v -129.366241 -80.400970 14.965496
v -130.439301 -80.400970 13.925667
v -131.032776 -80.400970 12.554352
v -131.056259 -80.400970 11.060308
v -130.506241 -80.400970 9.671005
v -129.466415 -80.400970 8.597944
v -128.095093 -80.400970 8.004498
v -126.601059 -80.400970 7.980995
v -125.211761 -80.400970 8.531023
v -124.138695 -80.400970 9.570852
v -123.545235 -80.400970 10.942173
v -123.521736 -80.400970 12.436207
v -124.071770 -80.400970 13.825504
v -124.037537 -83.260574 16.452543
v -126.085281 -83.260574 17.338732
v -128.316299 -83.260574 17.373817
v -130.390900 -83.260574 16.552458
v -131.993286 -83.260574 14.999727
v -132.879456 -83.260574 12.951967
v -132.914566 -83.260574 10.720968
v -132.093216 -83.260574 8.646353
v -130.540466 -83.260574 7.043985
v -128.492722 -83.260574 6.157789
v -126.261711 -83.260574 6.122704
v -124.187103 -83.260574 6.944052
v -122.584732 -83.260574 8.496786
v -121.698532 -83.260574 10.544540
v -121.663445 -83.260574 12.775551
v -122.484795 -83.260574 14.850159
v -124.903015 -82.237328 13.860094
v -124.903015 82.205025 13.860098
v -124.036461 -82.237328 15.113831
v -124.036453 82.205025 15.113832
v -126.156761 -82.237328 14.726648
v -126.156754 82.205025 14.726648
v -125.290207 -82.237328 15.980396
v -125.290207 82.205025 15.980402
v -124.267113 -82.237328 10.737854
v -124.267105 82.205025 10.737858
v -122.748055 -82.237328 10.614262
v -122.748047 82.205025 10.614265
v -124.143524 -82.237328 12.256903
v -124.143517 82.205025 12.256908
v -122.624466 -82.237328 12.133320
v -122.624466 82.205025 12.133324
v -126.653091 -82.237328 8.626020
v -126.653091 82.205025 8.626024
v -126.000595 -82.237328 7.248682
v -126.000587 82.205025 7.248688
v -125.275764 -82.237328 9.278517
v -125.275757 82.205025 9.278522
v -124.623253 -82.237328 7.901184
v -124.623253 82.205025 7.901186
v -129.674988 -82.237328 9.636425
v -129.674973 82.205025 9.636429
v -130.541534 -82.237328 8.382675
v -130.541534 82.205025 8.382677
v -128.421234 -82.237328 8.769875
v -128.421234 82.205025 8.769876
v -129.287781 -82.237328 7.516129
v -129.287781 82.205025 7.516117
v -130.310898 -82.237328 12.758665
v -130.310898 82.205025 12.758669
v -131.829941 -82.237328 12.882250
v -131.829941 82.205025 12.882256
v -130.434479 -82.237328 11.239605
v -130.434464 82.205025 11.239611
v -131.953537 -82.237328 11.363197
v -131.953522 82.205025 11.363203
v -127.924904 -82.237328 14.870491
v -127.924904 82.205025 14.870497
v -128.577408 -82.237328 16.247831
v -128.577393 82.205025 16.247833
v -129.302246 -82.237328 14.217997
v -129.302246 82.205025 14.217999
v -129.954742 -82.237328 15.595325
v -129.954742 82.205025 15.595325
v -125.111206 -80.400978 -1.782806
v -124.433960 80.368675 -0.411234
v -127.266167 -80.400978 -1.204220
v -127.165344 80.368675 0.322126
v -129.478500 -80.400978 -1.494347
v -129.969467 80.368675 -0.045607
v -131.411423 -80.400978 -2.609013
v -132.419403 80.368675 -1.458426
v -132.770645 -80.400978 -4.378508
v -134.142197 80.368675 -3.701252
v -133.349213 -80.400978 -6.533470
v -134.875580 80.368675 -6.432646
v -133.059113 -80.400978 -8.745809
v -134.507843 80.368675 -9.236765
v -131.944458 -80.400978 -10.678725
v -133.095032 80.368675 -11.686716
v -130.174942 -80.400978 -12.037934
v -130.852188 80.368675 -13.409511
v -128.019974 -80.400978 -12.616531
v -128.120804 80.368675 -14.142872
v -125.807640 -80.400978 -12.326412
v -125.316689 80.368675 -13.775146
v -123.874733 -80.400978 -11.211746
v -122.866730 80.368675 -12.362332
v -122.515526 -80.400978 -9.442253
v -121.143936 80.368675 -10.119498
v -121.936928 -80.400978 -7.287288
v -120.410576 80.368675 -7.388101
v -122.227051 -80.400978 -5.074944
v -120.778297 80.368675 -4.583977
v -123.341698 -80.400978 -3.142033
v -122.191116 80.368675 -2.134027
v -127.390671 80.368668 -3.089138
v -125.947563 80.368668 -3.476603
v -128.872208 80.368668 -3.283426
v -130.166611 80.368668 -4.029871
v -131.076843 80.368668 -5.214858
v -131.464294 80.368668 -6.657964
v -131.270035 80.368668 -8.139512
v -130.523575 80.368668 -9.433924
v -129.338593 80.368668 -10.344148
v -127.895470 80.368668 -10.731606
v -126.413933 80.368668 -10.537323
v -125.119537 80.368668 -9.790874
v -124.209305 80.368668 -8.605886
v -123.821846 80.368668 -7.162772
v -124.016121 80.368668 -5.681239
v -124.762573 80.368668 -4.386828
v -127.165344 83.373672 0.322126
v -124.433960 83.373672 -0.411234
v -129.969467 83.373672 -0.045607
v -132.419403 83.373672 -1.458426
v -134.142197 83.373672 -3.701252
v -134.875580 83.373672 -6.432646
v -134.507843 83.373672 -9.236765
v -133.095032 83.373672 -11.686716
v -130.852188 83.373672 -13.409511
v -128.120804 83.373672 -14.142872
v -125.316689 83.373672 -13.775146
v -122.866730 83.373672 -12.362332
v -121.143936 83.373672 -10.119498
v -120.410576 83.373672 -7.388101
v -120.778297 83.373672 -4.583977
v -122.191116 83.373672 -2.134027
v -125.947563 -80.400970 -3.476606
v -127.390671 -80.400970 -3.089142
v -128.872208 -80.400970 -3.283430
v -130.166611 -80.400970 -4.029875
v -131.076843 -80.400970 -5.214862
v -131.464294 -80.400970 -6.657968
v -131.270035 -80.400970 -8.139516
v -130.523575 -80.400970 -9.433927
v -129.338593 -80.400970 -10.344151
v -127.895477 -80.400970 -10.731608
v -126.413940 -80.400970 -10.537328
v -125.119545 -80.400970 -9.790878
v -124.209305 -80.400970 -8.605891
v -123.821838 -80.400970 -7.162776
v -124.016129 -80.400970 -5.681244
v -124.762573 -80.400970 -4.386832
v -125.111206 -83.260574 -1.782806
v -127.266167 -83.260574 -1.204220
v -129.478516 -83.260574 -1.494349
v -131.411423 -83.260574 -2.609013
v -132.770645 -83.260574 -4.378508
v -133.349213 -83.260574 -6.533470
v -133.059113 -83.260574 -8.745809
v -131.944458 -83.260574 -10.678725
v -130.174942 -83.260574 -12.037934
v -128.019974 -83.260574 -12.616531
v -125.807640 -83.260574 -12.326406
v -123.874733 -83.260574 -11.211746
v -122.515526 -83.260574 -9.442253
v -121.936928 -83.260574 -7.287288
v -122.227051 -83.260574 -5.074944
v -123.341698 -83.260574 -3.142033
v -125.590004 -82.237328 -4.473644
v -125.589996 82.205025 -4.473639
v -124.915230 -82.237328 -3.107096
v -124.915230 82.205025 -3.107094
v -126.956566 -82.237328 -3.798872
v -126.956566 82.205025 -3.798870
v -126.281792 -82.237328 -2.432314
v -126.281784 82.205025 -2.432308
v -124.506271 -82.237328 -7.470023
v -124.506264 82.205025 -7.470018
v -122.985405 -82.237328 -7.371120
v -122.985405 82.205025 -7.371118
v -124.605179 -82.237328 -5.949167
v -124.605171 82.205025 -5.949162
v -123.084312 -82.237328 -5.850258
v -123.084320 82.205025 -5.850254
v -126.559349 -82.237328 -9.906754
v -126.559341 82.205025 -9.906751
v -125.713249 -82.237328 -11.174407
v -125.713249 82.205025 -11.174404
v -125.291695 -82.237328 -9.060668
v -125.291687 82.205025 -9.060665
v -124.445602 -82.237328 -10.328321
v -124.445595 82.205025 -10.328318
v -129.696152 -82.237328 -9.347109
v -129.696136 82.205025 -9.347103
v -130.370911 -82.237328 -10.713670
v -130.370926 82.205025 -10.713666
v -128.329575 -82.237328 -10.021877
v -128.329575 82.205025 -10.021873
v -129.004364 -82.237328 -11.388434
v -129.004364 82.205025 -11.388446
v -130.779877 -82.237328 -6.350729
v -130.779892 82.205025 -6.350725
v -132.300751 -82.237328 -6.449639
v -132.300735 82.205025 -6.449634
v -130.680969 -82.237328 -7.871593
v -130.680969 82.205025 -7.871589
v -132.201843 -82.237328 -7.970494
v -132.201843 82.205025 -7.970490
v -128.726807 -82.237328 -3.914005
v -128.726807 82.205025 -3.914001
v -129.572891 -82.237328 -2.646353
v -129.572891 82.205025 -2.646345
v -129.994446 -82.237328 -4.760090
v -129.994461 82.205025 -4.760086
v -130.840546 -82.237328 -3.492447
v -130.840530 82.205025 -3.492441
v -123.518372 -80.400978 -19.980137
v -123.048050 80.368675 -18.524569
v -125.734612 -80.400978 -19.721479
v -125.857101 80.368675 -18.196718
v -127.881119 -80.400978 -20.330629
v -128.577805 80.368675 -18.968817
v -129.631165 -80.400978 -21.714855
v -130.795944 80.368675 -20.723293
v -130.718246 -80.400978 -23.663397
v -132.173813 80.368675 -23.193064
v -130.976898 -80.400978 -25.879639
v -132.501648 80.368675 -26.002123
v -130.367752 -80.400978 -28.026157
v -131.729568 80.368675 -28.722822
v -128.983551 -80.400978 -29.776184
v -129.975098 80.368675 -30.940954
v -127.034981 -80.400978 -30.863266
v -127.505310 80.368675 -32.318832
v -124.818748 -80.400978 -31.121929
v -124.696251 80.368675 -32.646683
v -122.672226 -80.400978 -30.512783
v -121.975563 80.368675 -31.874596
v -120.922203 -80.400978 -29.128563
v -119.757423 80.368675 -30.120121
v -119.835114 -80.400978 -27.180023
v -118.379555 80.368675 -27.650349
v -119.576454 -80.400978 -24.963779
v -118.051689 80.368675 -24.841278
v -120.185600 -80.400978 -22.817251
v -118.823784 80.368675 -22.120579
v -121.569817 -80.400978 -21.067236
v -120.578262 80.368675 -19.902445
v -125.583344 80.368668 -21.604439
v -124.099197 80.368668 -21.777657
v -127.020798 80.368668 -22.012369
v -128.192749 80.368668 -22.939327
v -128.920731 80.368668 -24.244213
v -129.093933 80.368668 -25.728357
v -128.686005 80.368668 -27.165829
v -127.759041 80.368668 -28.337761
v -126.454170 80.368668 -29.065754
v -124.970016 80.368668 -29.238964
v -123.532562 80.368668 -28.831039
v -122.360626 80.368668 -27.904078
v -121.632637 80.368668 -26.599186
v -121.459412 80.368668 -25.115036
v -121.867340 80.368668 -23.677578
v -122.794304 80.368668 -22.505646
v -125.857101 83.373672 -18.196718
v -123.048050 83.373672 -18.524569
v -128.577805 83.373672 -18.968817
v -130.795944 83.373672 -20.723293
v -132.173813 83.373672 -23.193064
v -132.501648 83.373672 -26.002123
v -131.729568 83.373672 -28.722822
v -129.975098 83.373672 -30.940954
v -127.505310 83.373672 -32.318832
v -124.696251 83.373672 -32.646683
v -121.975563 83.373672 -31.874596
v -119.757423 83.373672 -30.120121
v -118.379555 83.373672 -27.650349
v -118.051689 83.373672 -24.841278
v -118.823784 83.373672 -22.120579
v -120.578262 83.373672 -19.902445
v -124.099197 -80.400970 -21.777660
v -125.583344 -80.400970 -21.604441
v -127.020805 -80.400970 -22.012375
v -128.192734 -80.400970 -22.939331
v -128.920731 -80.400970 -24.244217
v -129.093948 -80.400970 -25.728365
v -128.686020 -80.400970 -27.165836
v -127.759033 -80.400970 -28.337765
v -126.454155 -80.400970 -29.065756
v -124.970016 -80.400970 -29.238968
v -123.532555 -80.400970 -28.831043
v -122.360634 -80.400970 -27.904079
v -121.632629 -80.400970 -26.599190
v -121.459412 -80.400970 -25.115040
v -121.867348 -80.400970 -23.677582
v -122.794304 -80.400970 -22.505650
v -123.518372 -83.260574 -19.980137
v -125.734612 -83.260574 -19.721479
v -127.881134 -83.260574 -20.330635
v -129.631165 -83.260574 -21.714855
v -130.718246 -83.260574 -23.663397
v -130.976898 -83.260574 -25.879639
v -130.367752 -83.260574 -28.026157
v -128.983551 -83.260574 -29.776184
v -127.034981 -83.260574 -30.863266
v -124.818748 -83.260574 -31.121929
v -122.672218 -83.260574 -30.512775
v -120.922203 -83.260574 -29.128563
v -119.835114 -83.260574 -27.180023
v -119.576454 -83.260574 -24.963779
v -120.185600 -83.260574 -22.817251
v -121.569817 -83.260574 -21.067236
v -123.600273 -82.237328 -22.712011
v -123.600281 82.205025 -22.712008
v -123.131660 -82.237328 -21.261778
v -123.131668 82.205025 -21.261774
v -125.050514 -82.237328 -22.243404
v -125.050514 82.205025 -22.243401
v -124.581909 -82.237328 -20.793156
v -124.581909 82.205025 -20.793152
v -122.091812 -82.237328 -25.518665
v -122.091812 82.205025 -25.518660
v -120.601562 -82.237328 -25.199379
v -120.601562 82.205025 -25.199375
v -122.411110 -82.237328 -24.028418
v -122.411110 82.205025 -24.028412
v -120.920860 -82.237328 -23.709124
v -120.920868 82.205025 -23.709120
v -123.768219 -82.237328 -28.228361
v -123.768219 82.205025 -28.228355
v -122.746574 -82.237328 -29.359314
v -122.746574 82.205025 -29.359310
v -122.637276 -82.237328 -27.206718
v -122.637276 82.205025 -27.206715
v -121.615616 -82.237328 -28.337671
v -121.615623 82.205025 -28.337666
v -126.953079 -82.237328 -28.131399
v -126.953087 82.205025 -28.131395
v -127.421684 -82.237328 -29.581646
v -127.421684 82.205025 -29.581642
v -125.502838 -82.237328 -28.600006
v -125.502838 82.205025 -28.600002
v -125.971458 -82.237328 -30.050247
v -125.971458 82.205025 -30.050259
v -128.461533 -82.237328 -25.324745
v -128.461533 82.205025 -25.324741
v -129.951797 -82.237328 -25.644039
v -129.951797 82.205025 -25.644035
v -128.142242 -82.237328 -26.815001
v -128.142242 82.205025 -26.814997
v -129.632507 -82.237328 -27.134289
v -129.632507 82.205025 -27.134285
v -126.785141 -82.237328 -22.615059
v -126.785133 82.205025 -22.615053
v -127.806778 -82.237328 -21.484104
v -127.806786 82.205025 -21.484100
v -127.916084 -82.237328 -23.636700
v -127.916084 82.205025 -23.636696
v -128.937744 -82.237328 -22.505756
v -128.937729 82.205025 -22.505749
v -119.292961 -80.400978 -37.751652
v -119.039566 80.368675 -36.243114
v -121.523239 -80.400978 -37.818436
v -121.866432 80.368675 -36.327759
v -123.558189 -80.400978 -38.733635
v -124.445709 80.368675 -37.487762
v -125.088013 -80.400978 -40.357910
v -126.384758 80.368675 -39.546509
v -125.879822 -80.400978 -42.443970
v -127.388344 80.368675 -42.190582
v -125.813019 -80.400978 -44.674255
v -127.303696 80.368675 -45.017441
v -124.897842 -80.400978 -46.709206
v -126.143707 80.368675 -47.596733
v -123.273560 -80.400978 -48.239037
v -124.084953 80.368675 -49.535770
v -121.187500 -80.400978 -49.030823
v -121.440880 80.368675 -50.539364
v -118.957207 -80.400978 -48.964050
v -118.614029 80.368675 -50.454720
v -116.922264 -80.400978 -48.048855
v -116.034729 80.368675 -49.294716
v -115.392441 -80.400978 -46.424580
v -114.095688 80.368675 -47.235977
v -114.600647 -80.400978 -44.338524
v -113.092110 80.368675 -44.591904
v -114.667419 -80.400978 -42.108234
v -113.176750 80.368675 -41.765034
v -115.582619 -80.400978 -40.073273
v -114.336746 80.368675 -39.185745
v -117.206886 -80.400978 -38.543453
v -116.395500 80.368675 -37.246704
v -121.099419 80.368668 -39.659306
v -119.605873 80.368668 -39.614586
v -122.462166 80.368668 -40.272186
v -123.486641 80.368668 -41.359894
v -124.016884 80.368668 -42.756878
v -123.972168 80.368668 -44.250427
v -123.359283 80.368668 -45.613182
v -122.271553 80.368668 -46.637657
v -120.874580 80.368668 -47.167900
v -119.381035 80.368668 -47.123169
v -118.018288 80.368668 -46.510300
v -116.993813 80.368668 -45.422577
v -116.463570 80.368668 -44.025597
v -116.508293 80.368668 -42.532040
v -117.121170 80.368668 -41.169296
v -118.208885 80.368668 -40.144821
v -121.866432 83.373672 -36.327759
v -119.039566 83.373672 -36.243114
v -124.445709 83.373672 -37.487762
v -126.384758 83.373672 -39.546509
v -127.388344 83.373672 -42.190582
v -127.303696 83.373672 -45.017441
v -126.143707 83.373672 -47.596733
v -124.084953 83.373672 -49.535770
v -121.440880 83.373672 -50.539364
v -118.614029 83.373672 -50.454720
v -116.034729 83.373672 -49.294716
v -114.095688 83.373672 -47.235977
v -113.092110 83.373672 -44.591904
v -113.176750 83.373672 -41.765034
v -114.336746 83.373672 -39.185745
v -116.395500 83.373672 -37.246704
v -119.605873 -80.400970 -39.614586
v -121.099419 -80.400970 -39.659309
v -122.462166 -80.400970 -40.272186
v -123.486656 -80.400970 -41.359901
v -124.016884 -80.400970 -42.756882
v -123.972160 -80.400970 -44.250431
v -123.359291 -80.400970 -45.613190
v -122.271553 -80.400970 -46.637661
v -120.874580 -80.400970 -47.167900
v -119.381035 -80.400970 -47.123177
v -118.018288 -80.400970 -46.510300
v -116.993813 -80.400970 -45.422585
v -116.463562 -80.400970 -44.025597
v -116.508286 -80.400970 -42.532043
v -117.121162 -80.400970 -41.169300
v -118.208885 -80.400970 -40.144825
v -119.292961 -83.260574 -37.751652
v -121.523239 -83.260574 -37.818436
v -123.558205 -83.260574 -38.733639
v -125.088013 -83.260574 -40.357910
v -125.879822 -83.260574 -42.443970
v -125.813019 -83.260574 -44.674255
v -124.897842 -83.260574 -46.709206
v -123.273560 -83.260574 -48.239037
v -121.187500 -83.260574 -49.030823
v -118.957207 -83.260574 -48.964050
v -116.922264 -83.260574 -48.048847
v -115.392441 -83.260574 -46.424580
v -114.600647 -83.260574 -44.338524
v -114.667419 -83.260574 -42.108234
v -115.582619 -83.260574 -40.073273
v -117.206886 -83.260574 -38.543453
v -118.976219 -82.237328 -40.466339
v -118.976219 82.205025 -40.466331
v -118.723755 -82.237328 -38.963326
v -118.723763 82.205025 -38.963322
v -120.479248 -82.237328 -40.213882
v -120.479248 82.205025 -40.213879
v -120.226784 -82.237328 -38.710857
v -120.226776 82.205025 -38.710854
v -117.075180 -82.237328 -43.023445
v -117.075188 82.205025 -43.023445
v -115.647301 -82.237328 -42.490582
v -115.647301 82.205025 -42.490578
v -117.608055 -82.237328 -41.595573
v -117.608063 82.205025 -41.595566
v -116.180176 -82.237328 -41.062698
v -116.180183 82.205025 -41.062695
v -118.339188 -82.237328 -45.948353
v -118.339188 82.205025 -45.948349
v -117.163757 -82.237328 -46.918503
v -117.163765 82.205025 -46.918499
v -117.369041 -82.237328 -44.772930
v -117.369049 82.205025 -44.772926
v -116.193619 -82.237328 -45.743080
v -116.193619 82.205025 -45.743073
v -121.504227 -82.237328 -46.316147
v -121.504234 82.205025 -46.316143
v -121.756691 -82.237328 -47.819168
v -121.756691 82.205025 -47.819168
v -120.001205 -82.237328 -46.568600
v -120.001213 82.205025 -46.568600
v -120.253670 -82.237328 -48.071617
v -120.253670 82.205025 -48.071632
v -123.405266 -82.237328 -43.759033
v -123.405273 82.205025 -43.759033
v -124.833153 -82.237328 -44.291908
v -124.833153 82.205025 -44.291904
v -122.872391 -82.237328 -45.186920
v -122.872398 82.205025 -45.186913
v -124.300278 -82.237328 -45.719788
v -124.300278 82.205025 -45.719784
v -122.141266 -82.237328 -40.834137
v -122.141266 82.205025 -40.834133
v -123.316673 -82.237328 -39.863983
v -123.316681 82.205025 -39.863983
v -123.111404 -82.237328 -42.009556
v -123.111404 82.205025 -42.009556
v -124.286842 -82.237328 -41.039421
v -124.286827 82.205025 -41.039413
v -112.525002 -80.400978 -54.718529
v -112.493958 80.368675 -53.189178
v -114.721794 -80.400978 -55.109337
v -115.278366 80.368675 -53.684509
v -116.601791 -80.400978 -56.311069
v -117.661270 80.368675 -55.207703
v -117.878815 -80.400978 -58.140781
v -119.279900 80.368675 -57.526840
v -118.358459 -80.400978 -60.319901
v -119.887810 80.368675 -60.288857
v -117.967636 -80.400978 -62.516689
v -119.392471 80.368675 -63.073265
v -116.765923 -80.400978 -64.396706
v -117.869286 80.368675 -65.456169
v -114.936211 -80.400978 -65.673737
v -115.550156 80.368675 -67.074799
v -112.757088 -80.400978 -66.153351
v -112.788139 80.368675 -67.682709
v -110.560295 -80.400978 -65.762558
v -110.003723 80.368675 -67.187370
v -108.680283 -80.400978 -64.560829
v -107.620811 80.368675 -65.664185
v -107.403252 -80.400978 -62.731117
v -106.002197 80.368675 -63.345062
v -106.923630 -80.400978 -60.552002
v -105.394287 80.368675 -60.583038
v -107.314430 -80.400978 -58.355202
v -105.889618 80.368675 -57.798618
v -108.516167 -80.400978 -56.475189
v -107.412796 80.368675 -55.415714
v -110.345871 -80.400978 -55.198158
v -109.731934 80.368675 -53.797089
v -114.034454 80.368668 -56.868881
v -112.563332 80.368668 -56.607170
v -115.293449 80.368668 -57.673645
v -116.148628 80.368668 -58.898930
v -116.469818 80.368668 -60.358231
v -116.208115 80.368668 -61.829346
v -115.403343 80.368668 -63.088348
v -114.178040 80.368668 -63.943527
v -112.718758 80.368668 -64.264725
v -111.247635 80.368668 -64.003006
v -109.988647 80.368668 -63.198250
v -109.133453 80.368668 -61.972954
v -108.812271 80.368668 -60.513657
v -109.073990 80.368668 -59.042526
v -109.878738 80.368668 -57.783539
v -111.104034 80.368668 -56.928352
v -115.278366 83.373672 -53.684509
v -112.493958 83.373672 -53.189178
v -117.661270 83.373672 -55.207703
v -119.279900 83.373672 -57.526840
v -119.887810 83.373672 -60.288857
v -119.392471 83.373672 -63.073265
v -117.869286 83.373672 -65.456169
v -115.550156 83.373672 -67.074799
v -112.788139 83.373672 -67.682709
v -110.003723 83.373672 -67.187370
v -107.620811 83.373672 -65.664185
v -106.002197 83.373672 -63.345062
v -105.394287 83.373672 -60.583038
v -105.889618 83.373672 -57.798618
v -107.412796 83.373672 -55.415714
v -109.731934 83.373672 -53.797089
v -112.563332 -80.400970 -56.607178
v -114.034447 -80.400970 -56.868881
v -115.293434 -80.400970 -57.673645
v -116.148628 -80.400970 -58.898933
v -116.469810 -80.400970 -60.358231
v -116.208115 -80.400970 -61.829353
v -115.403343 -80.400970 -63.088352
v -114.178040 -80.400970 -63.943535
v -112.718742 -80.400970 -64.264725
v -111.247635 -80.400970 -64.003006
v -109.988640 -80.400970 -63.198250
v -109.133461 -80.400970 -61.972958
v -108.812271 -80.400970 -60.513657
v -109.073975 -80.400970 -59.042530
v -109.878738 -80.400970 -57.783546
v -111.104027 -80.400970 -56.928360
v -112.525002 -83.260574 -54.718529
v -114.721794 -83.260574 -55.109337
v -116.601799 -83.260574 -56.311073
v -117.878815 -83.260574 -58.140781
v -118.358459 -83.260574 -60.319901
v -117.967636 -83.260574 -62.516689
v -116.765923 -83.260574 -64.396706
v -114.936211 -83.260574 -65.673737
v -112.757088 -83.260574 -66.153351
v -110.560295 -83.260574 -65.762558
v -108.680290 -83.260574 -64.560822
v -107.403252 -83.260574 -62.731117
v -106.923630 -83.260574 -60.552002
v -107.314430 -83.260574 -58.355202
v -108.516167 -83.260574 -56.475189
v -110.345871 -83.260574 -55.198158
v -111.816376 -82.237328 -57.358173
v -111.816383 82.205025 -57.358170
v -111.785446 -82.237328 -55.834415
v -111.785446 82.205025 -55.834412
v -113.340141 -82.237328 -57.327248
v -113.340141 82.205025 -57.327248
v -113.309212 -82.237328 -55.803482
v -113.309212 82.205025 -55.803478
v -109.563271 -82.237328 -59.611237
v -109.563286 82.205025 -59.611237
v -108.228203 -82.237328 -58.876144
v -108.228203 82.205025 -58.876144
v -110.298370 -82.237328 -58.276161
v -110.298378 82.205025 -58.276161
v -108.963287 -82.237328 -57.541069
v -108.963303 82.205025 -57.541069
v -110.387947 -82.237328 -62.689014
v -110.387955 82.205025 -62.689011
v -109.083794 -82.237328 -63.477680
v -109.083801 82.205025 -63.477676
v -109.599281 -82.237328 -61.384865
v -109.599289 82.205025 -61.384865
v -108.295128 -82.237328 -62.173531
v -108.295128 82.205025 -62.173527
v -113.465706 -82.237328 -63.513718
v -113.465714 82.205025 -63.513718
v -113.496635 -82.237328 -65.037491
v -113.496635 82.205025 -65.037483
v -111.941940 -82.237328 -63.544643
v -111.941948 82.205025 -63.544640
v -111.972870 -82.237328 -65.068398
v -111.972870 82.205025 -65.068413
v -115.718803 -82.237328 -61.260651
v -115.718811 82.205025 -61.260651
v -117.053886 -82.237328 -61.995750
v -117.053886 82.205025 -61.995750
v -114.983704 -82.237328 -62.595734
v -114.983704 82.205025 -62.595730
v -116.318787 -82.237328 -63.330826
v -116.318794 82.205025 -63.330818
v -114.894142 -82.237328 -58.182884
v -114.894142 82.205025 -58.182884
v -116.198296 -82.237328 -57.394218
v -116.198296 82.205025 -57.394211
v -115.682793 -82.237328 -59.487034
v -115.682808 82.205025 -59.487030
v -116.986954 -82.237328 -58.698380
v -116.986954 82.205025 -58.698372
v -103.358780 -80.400986 -70.519188
v -103.550743 80.368668 -69.001617
v -105.475258 -80.400986 -71.225685
v -106.233360 80.368668 -69.897087
v -107.160255 -80.400986 -72.688347
v -108.369095 80.368668 -71.750999
v -108.157257 -80.400986 -74.684494
v -109.632797 80.368668 -74.281090
v -108.314499 -80.400986 -76.910225
v -109.832085 80.368668 -77.102188
v -107.608002 -80.400986 -79.026703
v -108.936615 80.368668 -79.784805
v -106.145355 -80.400986 -80.711716
v -107.082703 80.368668 -81.920540
v -104.149200 -80.400986 -81.708725
v -104.552612 80.368668 -83.184242
v -101.923462 -80.400986 -81.865952
v -101.731506 80.368668 -83.383522
v -99.806984 -80.400986 -81.159462
v -99.048897 80.368668 -82.488052
v -98.121979 -80.400986 -79.696808
v -96.913162 80.368668 -80.634148
v -97.124977 -80.400986 -77.700661
v -95.649445 80.368668 -78.104065
v -96.967743 -80.400986 -75.474930
v -95.450180 80.368668 -75.282959
v -97.674240 -80.400986 -73.358444
v -96.345642 80.368668 -72.600334
v -99.136894 -80.400986 -71.673431
v -98.199554 80.368668 -70.464600
v -101.133041 -80.400986 -70.676422
v -100.729645 80.368668 -69.200897
v -104.539062 80.368660 -72.866402
v -103.121719 80.368660 -72.393288
v -105.667450 80.368660 -73.845901
v -106.335121 80.368660 -75.182648
v -106.440414 80.368660 -76.673157
v -105.967300 80.368660 -78.090500
v -104.987801 80.368660 -79.218903
v -103.651047 80.368660 -79.886574
v -102.160538 80.368660 -79.991859
v -100.743195 80.368660 -79.518738
v -99.614792 80.368660 -78.539246
v -98.947128 80.368660 -77.202492
v -98.841843 80.368660 -75.711990
v -99.314957 80.368660 -74.294632
v -100.294456 80.368660 -73.166245
v -101.631203 80.368660 -72.498573
v -106.233360 83.373665 -69.897087
v -103.550743 83.373665 -69.001617
v -108.369095 83.373665 -71.750999
v -109.632797 83.373665 -74.281090
v -109.832085 83.373665 -77.102188
v -108.936615 83.373665 -79.784805
v -107.082703 83.373665 -81.920540
v -104.552612 83.373665 -83.184242
v -101.731506 83.373665 -83.383522
v -99.048897 83.373665 -82.488052
v -96.913162 83.373665 -80.634148
v -95.649445 83.373665 -78.104065
v -95.450180 83.373665 -75.282959
v -96.345642 83.373665 -72.600334
v -98.199554 83.373665 -70.464600
v -100.729645 83.373665 -69.200897
v -103.121704 -80.400978 -72.393288
v -104.539055 -80.400978 -72.866409
v -105.667450 -80.400978 -73.845901
v -106.335121 -80.400978 -75.182648
v -106.440407 -80.400978 -76.673157
v -105.967293 -80.400978 -78.090500
v -104.987793 -80.400978 -79.218910
v -103.651031 -80.400978 -79.886574
v -102.160530 -80.400978 -79.991867
v -100.743187 -80.400978 -79.518745
v -99.614792 -80.400978 -78.539253
v -98.947128 -80.400978 -77.202499
v -98.841835 -80.400978 -75.711990
v -99.314957 -80.400978 -74.294640
v -100.294441 -80.400978 -73.166245
v -101.631195 -80.400978 -72.498573
v -103.358780 -83.260582 -70.519188
v -105.475258 -83.260582 -71.225685
v -107.160263 -83.260582 -72.688347
v -108.157257 -83.260582 -74.684494
v -108.314499 -83.260582 -76.910225
v -107.608002 -83.260582 -79.026703
v -106.145355 -83.260582 -80.711716
v -104.149200 -83.260582 -81.708725
v -101.923462 -83.260582 -81.865952
v -99.806984 -83.260582 -81.159462
v -98.121986 -83.260582 -79.696800
v -97.124977 -83.260582 -77.700661
v -96.967743 -83.260582 -75.474930
v -97.674240 -83.260582 -73.358444
v -99.136894 -83.260582 -71.673431
v -101.133041 -83.260582 -70.676422
v -102.273369 -82.237335 -73.027527
v -102.273376 82.205017 -73.027519
v -102.464630 -82.237335 -71.515511
v -102.464638 82.205017 -71.515503
v -103.785400 -82.237335 -73.218796
v -103.785400 82.205017 -73.218788
v -103.976669 -82.237335 -71.706764
v -103.976669 82.205017 -71.706757
v -99.716240 -82.237335 -74.928528
v -99.716248 82.205017 -74.928528
v -98.502419 -82.237335 -74.006882
v -98.502419 82.205017 -74.006882
v -100.637886 -82.237335 -73.714714
v -100.637886 82.205017 -73.714706
v -99.424065 -82.237335 -72.793060
v -99.424072 82.205017 -72.793060
v -100.083984 -82.237335 -78.093582
v -100.083984 82.205017 -78.093575
v -98.678894 -82.237335 -78.683952
v -98.678902 82.205017 -78.683952
v -99.493614 -82.237335 -76.688499
v -99.493622 82.205017 -76.688492
v -98.088524 -82.237335 -77.278870
v -98.088531 82.205017 -77.278870
v -103.008865 -82.237335 -79.357620
v -103.008873 82.205017 -79.357620
v -102.817596 -82.237335 -80.869652
v -102.817612 82.205017 -80.869652
v -101.496841 -82.237335 -79.166351
v -101.496849 82.205017 -79.166351
v -101.305580 -82.237335 -80.678375
v -101.305580 82.205017 -80.678391
v -105.565994 -82.237335 -77.456619
v -105.566010 82.205017 -77.456619
v -106.779831 -82.237335 -78.378273
v -106.779831 82.205017 -78.378265
v -104.644348 -82.237335 -78.670441
v -104.644356 82.205017 -78.670441
v -105.858177 -82.237335 -79.592087
v -105.858185 82.205017 -79.592087
v -105.198250 -82.237335 -74.291580
v -105.198257 82.205017 -74.291565
v -106.603340 -82.237335 -73.701195
v -106.603340 82.205017 -73.701195
v -105.788620 -82.237335 -75.696655
v -105.788635 82.205017 -75.696655
v -107.193718 -82.237335 -75.106293
v -107.193718 82.205017 -75.106285
v -91.989662 -80.400986 -84.816833
v -92.400551 80.368668 -83.343376
v -93.980728 -80.400986 -85.823959
v -94.924194 80.368668 -84.619896
v -95.434799 -80.400986 -87.516380
v -96.767235 80.368668 -86.765030
v -96.130539 -80.400986 -89.636414
v -97.649086 80.368668 -89.452148
v -95.962036 -80.400986 -91.861328
v -97.435493 80.368668 -92.272202
v -94.954895 -80.400986 -93.852379
v -96.158974 80.368668 -94.795853
v -93.262497 -80.400986 -95.306473
v -94.013863 80.368668 -96.638885
v -91.142464 -80.400986 -96.002213
v -91.326729 80.368668 -97.520744
v -88.917549 -80.400986 -95.833694
v -88.506676 80.368668 -97.307144
v -86.926491 -80.400986 -94.826576
v -85.983032 80.368668 -96.030624
v -85.472397 -80.400986 -93.134171
v -84.139992 80.368668 -93.885513
v -84.776665 -80.400986 -91.014122
v -83.258125 80.368668 -91.198395
v -84.945175 -80.400986 -88.789230
v -83.471725 80.368668 -88.378342
v -85.952301 -80.400986 -86.798157
v -84.748253 80.368668 -85.854683
v -87.644714 -80.400986 -85.344070
v -86.893356 80.368668 -84.011635
v -89.764755 -80.400986 -84.648323
v -89.580490 80.368668 -83.129784
v -92.815613 80.368660 -87.310883
v -91.482262 80.368660 -86.636444
v -93.789360 80.368660 -88.444244
v -94.255295 80.368660 -89.863953
v -94.142441 80.368660 -91.353912
v -93.467995 80.368660 -92.687256
v -92.334641 80.368660 -93.661026
v -90.914909 80.368660 -94.126945
v -89.424965 80.368660 -94.014099
v -88.091621 80.368660 -93.339653
v -87.117851 80.368660 -92.206291
v -86.651932 80.368660 -90.786575
v -86.764786 80.368660 -89.296616
v -87.439224 80.368660 -87.963264
v -88.572578 80.368660 -86.989510
v -89.992302 80.368660 -86.523590
v -94.924194 83.373665 -84.619896
v -92.400551 83.373665 -83.343376
v -96.767235 83.373665 -86.765030
v -97.649086 83.373665 -89.452148
v -97.435493 83.373665 -92.272202
v -96.158974 83.373665 -94.795853
v -94.013863 83.373665 -96.638885
v -91.326729 83.373665 -97.520744
v -88.506676 83.373665 -97.307144
v -85.983032 83.373665 -96.030624
v -84.139992 83.373665 -93.885513
v -83.258125 83.373665 -91.198395
v -83.471725 83.373665 -88.378342
v -84.748253 83.373665 -85.854683
v -86.893356 83.373665 -84.011635
v -89.580490 83.373665 -83.129784
v -91.482254 -80.400978 -86.636444
v -92.815605 -80.400978 -87.310883
v -93.789352 -80.400978 -88.444252
v -94.255280 -80.400978 -89.863953
v -94.142433 -80.400978 -91.353912
v -93.467995 -80.400978 -92.687263
v -92.334641 -80.400978 -93.661026
v -90.914902 -80.400978 -94.126945
v -89.424957 -80.400978 -94.014099
v -88.091606 -80.400978 -93.339653
v -87.117844 -80.400978 -92.206299
v -86.651932 -80.400978 -90.786583
v -86.764771 -80.400978 -89.296616
v -87.439217 -80.400978 -87.963257
v -88.572578 -80.400978 -86.989517
v -89.992294 -80.400978 -86.523590
v -91.989662 -83.260582 -84.816833
v -93.980728 -83.260582 -85.823959
v -95.434799 -83.260582 -87.516380
v -96.130539 -83.260582 -89.636414
v -95.962036 -83.260582 -91.861328
v -94.954895 -83.260582 -93.852379
v -93.262497 -83.260582 -95.306473
v -91.142464 -83.260582 -96.002213
v -88.917549 -83.260582 -95.833694
v -86.926491 -83.260582 -94.826576
v -85.472404 -83.260582 -93.134163
v -84.776665 -83.260582 -91.014122
v -84.945175 -83.260582 -88.789230
v -85.952301 -83.260582 -86.798157
v -87.644714 -83.260582 -85.344070
v -89.764755 -83.260582 -84.648323
v -90.550606 -82.237335 -87.140411
v -90.550613 82.205017 -87.140404
v -90.959984 -82.237335 -85.672348
v -90.959984 82.205017 -85.672340
v -92.018669 -82.237335 -87.549789
v -92.018684 82.205017 -87.549782
v -92.428055 -82.237335 -86.081718
v -92.428062 82.205017 -86.081711
v -87.743935 -82.237335 -88.648827
v -87.743950 82.205017 -88.648827
v -86.677231 -82.237335 -87.560265
v -86.677246 82.205017 -87.560265
v -88.832497 -82.237335 -87.582138
v -88.832504 82.205017 -87.582138
v -87.765800 -82.237335 -86.493576
v -87.765816 82.205017 -86.493576
v -87.646935 -82.237335 -91.833694
v -87.646935 82.205017 -91.833694
v -86.170860 -82.237335 -92.213196
v -86.170868 82.205017 -92.213196
v -87.267433 -82.237335 -90.357628
v -87.267433 82.205017 -90.357628
v -85.791351 -82.237335 -90.737122
v -85.791367 82.205017 -90.737122
v -90.356598 -82.237335 -93.510132
v -90.356606 82.205017 -93.510132
v -89.947220 -82.237335 -94.978210
v -89.947235 82.205017 -94.978203
v -88.888535 -82.237335 -93.100746
v -88.888550 82.205017 -93.100739
v -88.479164 -82.237335 -94.568817
v -88.479164 82.205017 -94.568825
v -93.163269 -82.237335 -92.001701
v -93.163284 82.205017 -92.001709
v -94.229973 -82.237335 -93.090271
v -94.229980 82.205017 -93.090271
v -92.074707 -82.237335 -93.068405
v -92.074715 82.205017 -93.068405
v -93.141411 -82.237335 -94.156960
v -93.141418 82.205017 -94.156967
v -93.260269 -82.237335 -88.816849
v -93.260277 82.205017 -88.816849
v -94.736343 -82.237335 -88.437347
v -94.736359 82.205017 -88.437347
v -93.639771 -82.237335 -90.292915
v -93.639778 82.205017 -90.292923
v -95.115845 -82.237335 -89.913429
v -95.115845 82.205017 -89.913422
v -78.659920 -80.400986 -97.306786
v -79.280960 80.368668 -95.908859
v -80.483116 -80.400986 -98.593079
v -81.591858 80.368668 -97.539223
v -81.675285 -80.400986 -100.479172
v -83.102921 80.368668 -99.929832
v -82.054932 -80.400986 -102.677917
v -83.584129 80.368668 -102.716721
v -81.564278 -80.400986 -104.854584
v -82.962212 80.368668 -105.475616
v -80.277969 -80.400986 -106.677773
v -81.331841 80.368668 -107.786514
v -78.391884 -80.400986 -107.869957
v -78.941238 80.368668 -109.297585
v -76.193138 -80.400986 -108.249619
v -76.154350 80.368668 -109.778793
v -74.016479 -80.400986 -107.758942
v -73.395447 80.368668 -109.156860
v -72.193268 -80.400986 -106.472649
v -71.084557 80.368668 -107.526505
v -71.001099 -80.400986 -104.586555
v -69.573486 80.368668 -105.135895
v -70.621452 -80.400986 -102.387810
v -69.092270 80.368668 -102.349007
v -71.112106 -80.400986 -100.211151
v -69.714203 80.368668 -99.590118
v -72.398407 -80.400986 -98.387939
v -71.344566 80.368668 -97.279213
v -74.284508 -80.400986 -97.195770
v -73.735168 80.368668 -95.768143
v -76.483253 -80.400986 -96.816116
v -76.522057 80.368668 -95.286942
v -79.113922 80.368660 -99.894516
v -77.892990 80.368660 -99.033119
v -79.912292 80.368660 -101.157570
v -80.166534 80.368660 -102.630005
v -79.837952 80.368660 -104.087646
v -78.976555 80.368660 -105.308578
v -77.713501 80.368660 -106.106956
v -76.241058 80.368660 -106.361191
v -74.783417 80.368660 -106.032608
v -73.562477 80.368660 -105.171204
v -72.764122 80.368660 -103.908157
v -72.509865 80.368660 -102.435730
v -72.838470 80.368660 -100.978081
v -73.699860 80.368660 -99.757133
v -74.962906 80.368660 -98.958771
v -76.435341 80.368660 -98.704529
v -81.591858 83.373665 -97.539223
v -79.280960 83.373665 -95.908859
v -83.102921 83.373665 -99.929832
v -83.584129 83.373665 -102.716721
v -82.962212 83.373665 -105.475616
v -81.331841 83.373665 -107.786514
v -78.941238 83.373665 -109.297585
v -76.154350 83.373665 -109.778793
v -73.395447 83.373665 -109.156860
v -71.084557 83.373665 -107.526505
v -69.573486 83.373665 -105.135895
v -69.092270 83.373665 -102.349014
v -69.714203 83.373665 -99.590118
v -71.344566 83.373665 -97.279213
v -73.735168 83.373665 -95.768143
v -76.522057 83.373665 -95.286942
v -77.892982 -80.400978 -99.033112
v -79.113922 -80.400978 -99.894508
v -79.912277 -80.400978 -101.157570
v -80.166527 -80.400978 -102.629997
v -79.837929 -80.400978 -104.087646
v -78.976555 -80.400978 -105.308578
v -77.713486 -80.400978 -106.106956
v -76.241051 -80.400978 -106.361191
v -74.783401 -80.400978 -106.032600
v -73.562469 -80.400978 -105.171211
v -72.764114 -80.400978 -103.908165
v -72.509865 -80.400978 -102.435730
v -72.838455 -80.400978 -100.978073
v -73.699844 -80.400978 -99.757133
v -74.962898 -80.400978 -98.958778
v -76.435333 -80.400978 -98.704529
v -78.659920 -83.260582 -97.306786
v -80.483116 -83.260582 -98.593079
v -81.675293 -83.260582 -100.479179
v -82.054932 -83.260582 -102.677917
v -81.564278 -83.260582 -104.854576
v -80.277969 -83.260582 -106.677773
v -78.391884 -83.260582 -107.869957
v -76.193138 -83.260582 -108.249619
v -74.016479 -83.260582 -107.758942
v -72.193268 -83.260582 -106.472649
v -71.001106 -83.260582 -104.586548
v -70.621452 -83.260582 -102.387810
v -71.112106 -83.260582 -100.211151
v -72.398407 -83.260582 -98.387939
v -74.284508 -83.260582 -97.195770
v -76.483253 -83.260582 -96.816116
v -76.897888 -82.237335 -99.396065
v -76.897903 82.205017 -99.396065
v -77.516647 -82.237335 -98.003250
v -77.516655 82.205017 -98.003250
v -78.290703 -82.237335 -100.014832
v -78.290710 82.205017 -100.014832
v -78.909470 -82.237335 -98.622017
v -78.909470 82.205017 -98.622009
v -73.901489 -82.237335 -100.479759
v -73.901497 82.205017 -100.479752
v -73.004654 -82.237335 -99.247490
v -73.004669 82.205017 -99.247482
v -75.133766 -82.237335 -99.582932
v -75.133781 82.205017 -99.582932
v -74.236931 -82.237335 -98.350647
v -74.236946 82.205017 -98.350655
v -73.341805 -82.237335 -103.616554
v -73.341812 82.205017 -103.616562
v -71.826202 -82.237335 -103.777092
v -71.826218 82.205017 -103.777100
v -73.181267 -82.237335 -102.100960
v -73.181267 82.205017 -102.100967
v -71.665665 -82.237335 -102.261505
v -71.665672 82.205017 -102.261497
v -75.778503 -82.237335 -105.669662
v -75.778519 82.205017 -105.669670
v -75.159737 -82.237335 -107.062477
v -75.159744 82.205017 -107.062485
v -74.385689 -82.237335 -105.050888
v -74.385704 82.205017 -105.050888
v -73.766930 -82.237335 -106.443695
v -73.766930 82.205017 -106.443710
v -78.774895 -82.237335 -104.585968
v -78.774902 82.205017 -104.585968
v -79.671730 -82.237335 -105.818245
v -79.671738 82.205017 -105.818253
v -77.542618 -82.237335 -105.482796
v -77.542633 82.205017 -105.482796
v -78.439453 -82.237335 -106.715065
v -78.439461 82.205017 -106.715073
v -79.334579 -82.237335 -101.449173
v -79.334587 82.205017 -101.449165
v -80.850189 -82.237335 -101.288628
v -80.850189 82.205017 -101.288620
v -79.495117 -82.237335 -102.964760
v -79.495132 82.205017 -102.964767
v -81.010719 -82.237335 -102.804237
v -81.010727 82.205017 -102.804237
v -63.653687 -80.400986 -107.722794
v -64.471657 80.368668 -106.430199
v -65.270172 -80.400986 -109.260841
v -66.520531 80.368668 -108.379654
v -66.175011 -80.400986 -111.300415
v -67.667419 80.368668 -110.964798
v -66.230476 -80.400986 -113.531013
v -67.737732 80.368668 -113.792061
v -65.428131 -80.400986 -115.613037
v -66.720734 80.368668 -116.430992
v -63.890068 -80.400986 -117.229515
v -64.771278 80.368668 -118.479881
v -61.850498 -80.400986 -118.134377
v -62.186134 80.368668 -119.626778
v -59.619904 -80.400986 -118.189850
v -59.358879 80.368668 -119.697075
v -57.537888 -80.400986 -117.387466
v -56.719929 80.368668 -118.680084
v -55.921387 -80.400986 -115.849434
v -54.671047 80.368668 -116.730621
v -55.016544 -80.400986 -113.809868
v -53.524155 80.368668 -114.145485
v -54.961075 -80.400986 -111.579262
v -53.453850 80.368668 -111.318222
v -55.763435 -80.400986 -109.497246
v -54.470840 80.368668 -108.679291
v -57.301491 -80.400986 -107.880753
v -56.420307 80.368668 -106.630394
v -59.341068 -80.400986 -106.975899
v -59.005451 80.368668 -105.483498
v -61.571655 -80.400986 -106.920433
v -61.832706 80.368668 -105.413193
v -63.726082 80.368660 -110.349052
v -62.643570 80.368660 -109.319077
v -64.332031 80.368660 -111.714897
v -64.369179 80.368660 -113.208656
v -63.831863 80.368660 -114.602913
v -62.801880 80.368660 -115.685425
v -61.436028 80.368660 -116.291389
v -59.942268 80.368660 -116.328529
v -58.548008 80.368660 -115.791206
v -57.465500 80.368660 -114.761230
v -56.859550 80.368660 -113.395386
v -56.822395 80.368660 -111.901627
v -57.359722 80.368660 -110.507362
v -58.389709 80.368660 -109.424850
v -59.755539 80.368660 -108.818893
v -61.249298 80.368660 -108.781738
v -66.520531 83.373665 -108.379654
v -64.471657 83.373665 -106.430199
v -67.667419 83.373665 -110.964798
v -67.737732 83.373665 -113.792061
v -66.720734 83.373665 -116.430992
v -64.771278 83.373665 -118.479881
v -62.186134 83.373665 -119.626778
v -59.358879 83.373665 -119.697075
v -56.719929 83.373665 -118.680084
v -54.671047 83.373665 -116.730621
v -53.524155 83.373665 -114.145485
v -53.453850 83.373665 -111.318222
v -54.470840 83.373665 -108.679291
v -56.420307 83.373665 -106.630394
v -59.005451 83.373665 -105.483498
v -61.832706 83.373665 -105.413193
v -62.643559 -80.400978 -109.319077
v -63.726074 -80.400978 -110.349052
v -64.332016 -80.400978 -111.714890
v -64.369171 -80.400978 -113.208649
v -63.831848 -80.400978 -114.602905
v -62.801865 -80.400978 -115.685425
v -61.436020 -80.400978 -116.291382
v -59.942261 -80.400978 -116.328529
v -58.547989 -80.400978 -115.791199
v -57.465485 -80.400978 -114.761223
v -56.859539 -80.400978 -113.395378
v -56.822388 -80.400978 -111.901627
v -57.359703 -80.400978 -110.507355
v -58.389702 -80.400978 -109.424843
v -59.755539 -80.400978 -108.818886
v -61.249290 -80.400978 -108.781746
v -63.653687 -83.260582 -107.722794
v -65.270172 -83.260582 -109.260841
v -66.175018 -83.260582 -111.300423
v -66.230476 -83.260582 -113.531006
v -65.428131 -83.260582 -115.613037
v -63.890068 -83.260582 -117.229515
v -61.850498 -83.260582 -118.134377
v -59.619904 -83.260582 -118.189850
v -57.537888 -83.260582 -117.387466
v -55.921387 -83.260582 -115.849434
v -55.016548 -83.260582 -113.809860
v -54.961075 -83.260582 -111.579262
v -55.763435 -83.260582 -109.497246
v -57.301491 -83.260582 -107.880753
v -59.341068 -83.260582 -106.975899
v -61.571655 -83.260582 -106.920433
v -61.606232 -82.237335 -109.533257
v -61.606243 82.205017 -109.533249
v -62.421188 -82.237335 -108.245384
v -62.421196 82.205017 -108.245377
v -62.894104 -82.237335 -110.348221
v -62.894112 82.205017 -110.348228
v -63.709076 -82.237335 -109.060349
v -63.709084 82.205017 -109.060341
v -58.483978 -82.237335 -110.169121
v -58.483997 82.205017 -110.169128
v -57.776123 -82.237335 -108.819412
v -57.776134 82.205017 -108.819405
v -59.833698 -82.237335 -109.461273
v -59.833714 82.205017 -109.461281
v -59.125851 -82.237335 -108.111557
v -59.125870 82.205017 -108.111565
v -57.473534 -82.237335 -113.191010
v -57.473549 82.205017 -113.191010
v -55.950710 -82.237335 -113.129166
v -55.950722 82.205017 -113.129158
v -57.535370 -82.237335 -111.668190
v -57.535381 82.205017 -111.668182
v -56.012550 -82.237335 -111.606346
v -56.012566 82.205017 -111.606346
v -59.585335 -82.237335 -115.577019
v -59.585350 82.205017 -115.577026
v -58.770363 -82.237335 -116.864899
v -58.770378 82.205017 -116.864906
v -58.297455 -82.237335 -114.762039
v -58.297462 82.205017 -114.762047
v -57.482494 -82.237335 -116.049919
v -57.482494 82.205017 -116.049934
v -62.707581 -82.237335 -114.941147
v -62.707596 82.205017 -114.941154
v -63.415432 -82.237335 -116.290878
v -63.415443 82.205017 -116.290878
v -61.357853 -82.237335 -115.649002
v -61.357864 82.205017 -115.649002
v -62.065716 -82.237335 -116.998718
v -62.065723 82.205017 -116.998726
v -63.718025 -82.237335 -111.919266
v -63.718033 82.205017 -111.919266
v -65.240837 -82.237335 -111.981117
v -65.240860 82.205017 -111.981117
v -63.656178 -82.237335 -113.442093
v -63.656197 82.205017 -113.442101
v -65.178993 -82.237335 -113.503937
v -65.179001 82.205017 -113.503937
v -47.290791 -80.400993 -115.842888
v -48.288246 80.368660 -114.683151
v -48.666111 -80.400993 -117.599915
v -50.031456 80.368660 -116.910156
v -49.264343 -80.400993 -119.749489
v -50.789715 80.368660 -119.634750
v -48.994438 -80.400993 -121.964386
v -50.447617 80.368660 -122.442108
v -47.897488 -80.400993 -123.907402
v -49.057232 80.368660 -124.904861
v -46.140457 -80.400993 -125.282715
v -46.830231 80.368660 -126.648056
v -43.990883 -80.400993 -125.880966
v -44.105644 80.368660 -127.406334
v -41.775978 -80.400993 -125.611069
v -41.298286 80.368660 -127.064240
v -39.832973 -80.400993 -124.514099
v -38.835533 80.368660 -125.673851
v -38.457649 -80.400993 -122.757088
v -37.092331 80.368660 -123.446838
v -37.859406 -80.400993 -120.607513
v -36.334057 80.368660 -120.722260
v -38.129311 -80.400993 -118.392609
v -36.676151 80.368660 -117.914902
v -39.226261 -80.400993 -116.449600
v -38.066544 80.368660 -115.452148
v -40.983288 -80.400993 -115.074272
v -40.293552 80.368660 -113.708939
v -43.132874 -80.400993 -114.476021
v -43.018135 80.368660 -112.950668
v -45.347771 -80.400993 -114.745934
v -45.825493 80.368660 -113.292763
v -46.980042 80.368652 -118.451698
v -46.059021 80.368652 -117.275085
v -47.380650 80.368652 -119.891205
v -47.199913 80.368652 -121.374451
v -46.465317 80.368652 -122.675636
v -45.288696 80.368652 -123.596642
v -43.849174 80.368652 -123.997269
v -42.365921 80.368652 -123.816528
v -41.064751 80.368652 -123.081924
v -40.143749 80.368652 -121.905304
v -39.743122 80.368652 -120.465790
v -39.923866 80.368652 -118.982544
v -40.658466 80.368652 -117.681366
v -41.835094 80.368652 -116.760361
v -43.274597 80.368652 -116.359726
v -44.757847 80.368652 -116.540466
v -50.031456 83.373657 -116.910156
v -48.288246 83.373657 -114.683151
v -50.789715 83.373657 -119.634750
v -50.447617 83.373657 -122.442108
v -49.057232 83.373657 -124.904861
v -46.830231 83.373657 -126.648056
v -44.105644 83.373657 -127.406334
v -41.298286 83.373657 -127.064240
v -38.835533 83.373657 -125.673851
v -37.092331 83.373657 -123.446838
v -36.334057 83.373657 -120.722260
v -36.676151 83.373657 -117.914902
v -38.066544 83.373657 -115.452148
v -40.293552 83.373657 -113.708939
v -43.018135 83.373657 -112.950668
v -45.825493 83.373657 -113.292763
v -46.059013 -80.400986 -117.275078
v -46.980022 -80.400986 -118.451691
v -47.380638 -80.400986 -119.891205
v -47.199905 -80.400986 -121.374451
v -46.465302 -80.400986 -122.675629
v -45.288689 -80.400986 -123.596634
v -43.849159 -80.400986 -123.997276
v -42.365910 -80.400986 -123.816521
v -41.064739 -80.400986 -123.081917
v -40.143738 -80.400986 -121.905304
v -39.743107 -80.400986 -120.465790
v -39.923851 -80.400986 -118.982544
v -40.658455 -80.400986 -117.681358
v -41.835075 -80.400986 -116.760353
v -43.274590 -80.400986 -116.359726
v -44.757835 -80.400986 -116.540466
v -47.290791 -83.260590 -115.842888
v -48.666111 -83.260590 -117.599915
v -49.264351 -83.260590 -119.749496
v -48.994438 -83.260590 -121.964386
v -47.897488 -83.260590 -123.907402
v -46.140457 -83.260590 -125.282715
v -43.990883 -83.260590 -125.880966
v -41.775978 -83.260590 -125.611069
v -39.832973 -83.260590 -124.514099
v -38.457649 -83.260590 -122.757080
v -37.859409 -83.260590 -120.607498
v -38.129311 -83.260590 -118.392609
v -39.226261 -83.260590 -116.449600
v -40.983288 -83.260590 -115.074272
v -43.132874 -83.260590 -114.476021
v -45.347771 -83.260590 -114.745934
v -45.001549 -82.237343 -117.335945
v -45.001556 82.205009 -117.335953
v -45.995338 -82.237343 -116.180458
v -45.995346 82.205009 -116.180450
v -46.157036 -82.237343 -118.329742
v -46.157047 82.205009 -118.329750
v -47.150841 -82.237343 -117.174248
v -47.150856 82.205009 -117.174248
v -41.819988 -82.237343 -117.510422
v -41.820000 82.205009 -117.510429
v -41.316196 -82.237343 -116.072029
v -41.316208 82.205009 -116.072029
v -43.258385 -82.237343 -117.006638
v -43.258400 82.205009 -117.006645
v -42.754601 -82.237343 -115.568245
v -42.754620 82.205009 -115.568253
v -40.380318 -82.237343 -120.352989
v -40.380329 82.205009 -120.352989
v -38.882729 -82.237343 -120.070076
v -38.882744 82.205009 -120.070091
v -40.663223 -82.237343 -118.855400
v -40.663239 82.205009 -118.855400
v -39.165638 -82.237343 -118.572495
v -39.165649 82.205009 -118.572495
v -42.122208 -82.237343 -123.021057
v -42.122223 82.205009 -123.021057
v -41.128403 -82.237343 -124.176544
v -41.128418 82.205009 -124.176552
v -40.966713 -82.237343 -122.027245
v -40.966728 82.205009 -122.027252
v -39.972923 -82.237343 -123.182739
v -39.972923 82.205009 -123.182755
v -45.303764 -82.237343 -122.846565
v -45.303780 82.205009 -122.846573
v -45.807549 -82.237343 -124.284973
v -45.807568 82.205009 -124.284973
v -43.865356 -82.237343 -123.350349
v -43.865372 82.205009 -123.350357
v -44.369156 -82.237343 -124.788750
v -44.369164 82.205009 -124.788750
v -46.743427 -82.237343 -120.004013
v -46.743439 82.205009 -120.004013
v -48.241013 -82.237343 -120.286911
v -48.241028 82.205009 -120.286919
v -46.460522 -82.237343 -121.501595
v -46.460541 82.205009 -121.501602
v -47.958107 -82.237343 -121.784515
v -47.958115 82.205009 -121.784508
v -29.919949 -80.400993 -121.494003
v -31.075634 80.368660 -120.491852
v -31.024780 -80.400993 -123.432541
v -32.476006 80.368660 -122.948936
v -31.303661 -80.400993 -125.646317
v -32.829491 80.368660 -125.754890
v -30.714136 -80.400993 -127.798325
v -32.082283 80.368660 -128.482529
v -29.345972 -80.400993 -129.560913
v -30.348133 80.368660 -130.716583
v -27.407425 -80.400993 -130.665741
v -27.891052 80.368660 -132.116974
v -25.193645 -80.400993 -130.944641
v -25.085094 80.368660 -132.470459
v -23.041641 -80.400993 -130.355118
v -22.357458 80.368660 -131.723251
v -21.279060 -80.400993 -128.986938
v -20.123396 80.368660 -129.989090
v -20.174221 -80.400993 -127.048401
v -18.723022 80.368660 -127.532013
v -19.895329 -80.400993 -124.834625
v -18.369534 80.368660 -124.726051
v -20.484856 -80.400993 -122.682625
v -19.116734 80.368660 -121.998428
v -21.853024 -80.400993 -120.920036
v -20.850889 80.368660 -119.764366
v -23.791569 -80.400993 -119.815193
v -23.307980 80.368660 -118.363983
v -26.005356 -80.400993 -119.536301
v -26.113937 80.368660 -118.010490
v -28.157351 -80.400993 -120.125824
v -28.841570 80.368660 -118.757706
v -29.232656 80.368652 -124.029762
v -28.492781 80.368652 -122.731590
v -29.419415 80.368652 -125.512268
v -29.024643 80.368652 -126.953384
v -28.108412 80.368652 -128.133743
v -26.810230 80.368652 -128.873611
v -25.327717 80.368652 -129.060379
v -23.886591 80.368652 -128.665604
v -22.706242 80.368652 -127.749367
v -21.966375 80.368652 -126.451195
v -21.779608 80.368652 -124.968689
v -22.174389 80.368652 -123.527557
v -23.090620 80.368652 -122.347206
v -24.388807 80.368652 -121.607330
v -25.871305 80.368652 -121.420570
v -27.312428 80.368652 -121.815346
v -32.476006 83.373657 -122.948944
v -31.075634 83.373657 -120.491852
v -32.829491 83.373657 -125.754890
v -32.082283 83.373657 -128.482529
v -30.348133 83.373657 -130.716583
v -27.891052 83.373657 -132.116974
v -25.085094 83.373657 -132.470459
v -22.357458 83.373657 -131.723251
v -20.123396 83.373657 -129.989090
v -18.723022 83.373657 -127.532013
v -18.369534 83.373657 -124.726051
v -19.116734 83.373657 -121.998428
v -20.850889 83.373657 -119.764366
v -23.307980 83.373657 -118.363983
v -26.113937 83.373657 -118.010490
v -28.841570 83.373657 -118.757706
v -28.492765 -80.400986 -122.731583
v -29.232643 -80.400986 -124.029755
v -29.419401 -80.400986 -125.512260
v -29.024628 -80.400986 -126.953384
v -28.108397 -80.400986 -128.133728
v -26.810219 -80.400986 -128.873611
v -25.327705 -80.400986 -129.060379
v -23.886580 -80.400986 -128.665588
v -22.706228 -80.400986 -127.749359
v -21.966358 -80.400986 -126.451187
v -21.779596 -80.400986 -124.968681
v -22.174374 -80.400986 -123.527557
v -23.090603 -80.400986 -122.347198
v -24.388792 -80.400986 -121.607323
v -25.871288 -80.400986 -121.420563
v -27.312412 -80.400986 -121.815338
v -29.919949 -83.260590 -121.494003
v -31.024780 -83.260590 -123.432541
v -31.303663 -83.260590 -125.646324
v -30.714136 -83.260590 -127.798325
v -29.345972 -83.260590 -129.560913
v -27.407425 -83.260590 -130.665741
v -25.193645 -83.260590 -130.944641
v -23.041641 -83.260590 -130.355118
v -21.279060 -83.260590 -128.986938
v -20.174221 -83.260590 -127.048401
v -19.895338 -83.260590 -124.834618
v -20.484856 -83.260590 -122.682625
v -21.853024 -83.260590 -120.920036
v -23.791569 -83.260590 -119.815193
v -26.005356 -83.260590 -119.536301
v -28.157351 -83.260590 -120.125824
v -27.437710 -82.237343 -122.637825
v -27.437723 82.205009 -122.637833
v -28.589149 -82.237343 -121.639343
v -28.589161 82.205009 -121.639343
v -28.436186 -82.237343 -123.789268
v -28.436199 82.205009 -123.789276
v -29.587641 -82.237343 -122.790794
v -29.587652 82.205009 -122.790802
v -24.264647 -82.237343 -122.347206
v -24.264662 82.205009 -122.347214
v -23.975660 -82.237343 -120.850792
v -23.975674 82.205009 -120.850800
v -25.761070 -82.237343 -122.058228
v -25.761086 82.205009 -122.058235
v -25.472086 -82.237343 -120.561806
v -25.472101 82.205009 -120.561813
v -22.426439 -82.237343 -124.949860
v -22.426456 82.205009 -124.949867
v -20.986002 -82.237343 -124.451920
v -20.986015 82.205009 -124.451920
v -22.924385 -82.237343 -123.509430
v -22.924400 82.205009 -123.509430
v -21.483946 -82.237343 -123.011475
v -21.483959 82.205009 -123.011482
v -23.761292 -82.237343 -127.843117
v -23.761309 82.205009 -127.843124
v -22.609837 -82.237343 -128.841599
v -22.609854 82.205009 -128.841614
v -22.762817 -82.237343 -126.691666
v -22.762829 82.205009 -126.691666
v -21.611370 -82.237343 -127.690140
v -21.611370 82.205009 -127.690155
v -26.934353 -82.237343 -128.133728
v -26.934368 82.205009 -128.133728
v -27.223335 -82.237343 -129.630157
v -27.223349 82.205009 -129.630157
v -25.437922 -82.237343 -128.422699
v -25.437937 82.205009 -128.422714
v -25.726915 -82.237343 -129.919128
v -25.726929 82.205009 -129.919144
v -28.772552 -82.237343 -125.531082
v -28.772566 82.205009 -125.531090
v -30.212992 -82.237343 -126.029030
v -30.213005 82.205009 -126.029030
v -28.274609 -82.237343 -126.971512
v -28.274622 82.205009 -126.971519
v -29.715042 -82.237343 -127.469467
v -29.715055 82.205009 -127.469467
v -11.911438 -80.400993 -124.555649
v -13.200722 80.368660 -123.732460
v -12.722242 -80.400993 -126.634399
v -14.228418 80.368660 -126.367256
v -12.675823 -80.400993 -128.865204
v -14.169580 80.368660 -129.194763
v -11.779247 -80.400993 -130.908417
v -13.033190 80.368660 -131.784546
v -10.169029 -80.400993 -132.453033
v -10.992237 80.368660 -133.742310
v -8.090271 -80.400993 -133.263824
v -8.357441 80.368660 -134.770004
v -5.859480 -80.400993 -133.217422
v -5.529922 80.368660 -134.711182
v -3.816244 -80.400993 -132.320862
v -2.940147 80.368660 -133.574783
v -2.271656 -80.400993 -130.710617
v -0.982386 80.368660 -131.533829
v -1.460840 -80.400993 -128.631866
v 0.045309 80.368660 -128.899033
v -1.507254 -80.400993 -126.401085
v -0.013519 80.368660 -126.071518
v -2.403828 -80.400993 -124.357849
v -1.149904 80.368660 -123.481735
v -4.014046 -80.400993 -122.813255
v -3.190861 80.368660 -121.523987
v -6.092804 -80.400993 -122.002434
v -5.825665 80.368660 -120.496284
v -8.323606 -80.400993 -122.048859
v -8.653183 80.368660 -120.555107
v -10.366831 -80.400993 -122.945419
v -11.242958 80.368660 -121.691498
v -10.862257 80.368652 -126.964325
v -10.319283 80.368652 -125.572250
v -10.831173 80.368652 -128.458221
v -10.230778 80.368652 -129.826508
v -9.152451 80.368652 -130.860870
v -7.760378 80.368652 -131.403839
v -6.266470 80.368652 -131.372772
v -4.898186 80.368652 -130.772354
v -3.863815 80.368652 -129.694046
v -3.320848 80.368652 -128.301956
v -3.351925 80.368652 -126.808075
v -3.952330 80.368652 -125.439781
v -5.030655 80.368652 -124.405418
v -6.422735 80.368652 -123.862434
v -7.916628 80.368652 -123.893517
v -9.284914 80.368652 -124.493912
v -14.228418 83.373657 -126.367256
v -13.200722 83.373657 -123.732460
v -14.169580 83.373657 -129.194763
v -13.033190 83.373657 -131.784546
v -10.992237 83.373657 -133.742310
v -8.357441 83.373657 -134.770004
v -5.529922 83.373657 -134.711182
v -2.940147 83.373657 -133.574783
v -0.982386 83.373657 -131.533829
v 0.045309 83.373657 -128.899033
v -0.013519 83.373657 -126.071518
v -1.149904 83.373657 -123.481735
v -3.190861 83.373657 -121.523987
v -5.825665 83.373657 -120.496284
v -8.653183 83.373657 -120.555107
v -11.242958 83.373657 -121.691498
v -10.319271 -80.400986 -125.572243
v -10.862246 -80.400986 -126.964310
v -10.831161 -80.400986 -128.458221
v -10.230766 -80.400986 -129.826492
v -9.152441 -80.400986 -130.860870
v -7.760366 -80.400986 -131.403839
v -6.266460 -80.400986 -131.372757
v -4.898172 -80.400986 -130.772354
v -3.863806 -80.400986 -129.694031
v -3.320837 -80.400986 -128.301956
v -3.351915 -80.400986 -126.808067
v -3.952318 -80.400986 -125.439781
v -5.030643 -80.400986 -124.405411
v -6.422726 -80.400986 -123.862427
v -7.916615 -80.400986 -123.893509
v -9.284903 -80.400986 -124.493912
v -11.911438 -83.260590 -124.555649
v -12.722242 -83.260590 -126.634399
v -12.675821 -83.260590 -128.865204
v -11.779247 -83.260590 -130.908417
v -10.169029 -83.260590 -132.453033
v -8.090271 -83.260590 -133.263824
v -5.859480 -83.260590 -133.217422
v -3.816244 -83.260590 -132.320862
v -2.271656 -83.260590 -130.710617
v -1.460840 -83.260590 -128.631866
v -1.507259 -83.260590 -126.401077
v -2.403828 -83.260590 -124.357849
v -4.014046 -83.260590 -122.813255
v -6.092804 -83.260590 -122.002434
v -8.323606 -83.260590 -122.048859
v -10.366831 -83.260590 -122.945419
v -9.289108 -82.237343 -125.325874
v -9.289122 82.205009 -125.325882
v -10.573658 -82.237343 -124.505676
v -10.573668 82.205009 -124.505684
v -10.109293 -82.237343 -126.610428
v -10.109304 82.205009 -126.610443
v -11.393856 -82.237343 -125.790237
v -11.393867 82.205009 -125.790245
v -6.192175 -82.237343 -124.576355
v -6.192186 82.205009 -124.576370
v -6.124147 -82.237343 -123.053802
v -6.124157 82.205009 -123.053818
v -7.714725 -82.237343 -124.508339
v -7.714739 82.205009 -124.508347
v -7.646706 -82.237343 -122.985786
v -7.646717 82.205009 -122.985794
v -3.994610 -82.237343 -126.883629
v -3.994621 82.205009 -126.883636
v -2.642023 -82.237343 -126.181252
v -2.642035 82.205009 -126.181267
v -4.696976 -82.237343 -125.531036
v -4.696985 82.205009 -125.531052
v -3.344389 -82.237343 -124.828674
v -3.344400 82.205009 -124.828682
v -4.893976 -82.237343 -129.940399
v -4.893988 82.205009 -129.940414
v -3.609409 -82.237343 -130.760605
v -3.609423 82.205009 -130.760605
v -4.073792 -82.237343 -128.655823
v -4.073803 82.205009 -128.655838
v -2.789234 -82.237343 -129.476028
v -2.789230 82.205009 -129.476044
v -7.990908 -82.237343 -130.689911
v -7.990917 82.205009 -130.689926
v -8.058929 -82.237343 -132.212479
v -8.058943 82.205009 -132.212479
v -6.468349 -82.237343 -130.757935
v -6.468361 82.205009 -130.757950
v -6.536379 -82.237343 -132.280487
v -6.536390 82.205009 -132.280502
v -10.188469 -82.237343 -128.382660
v -10.188477 82.205009 -128.382660
v -11.541054 -82.237343 -129.085022
v -11.541061 82.205009 -129.085022
v -9.486101 -82.237343 -129.735229
v -9.486111 82.205009 -129.735245
v -10.838680 -82.237343 -130.437607
v -10.838692 82.205009 -130.437607
v 6.350944 -80.400993 -124.962624
v 4.955540 80.368660 -124.335922
v 5.851446 -80.400993 -127.137276
v 4.322426 80.368660 -127.092270
v 6.222177 -80.400993 -129.337524
v 4.792324 80.368660 -129.881104
v 7.406694 -80.400993 -131.228439
v 6.293678 80.368660 -132.277802
v 9.224648 -80.400993 -132.522141
v 8.597932 80.368660 -133.917542
v 11.399308 -80.400993 -133.021637
v 11.354283 80.368660 -134.550644
v 13.599574 -80.400993 -132.650909
v 14.143106 80.368660 -134.080765
v 15.490490 -80.400993 -131.466400
v 16.539822 80.368660 -132.579407
v 16.784170 -80.400993 -129.648438
v 18.179556 80.368660 -130.275162
v 17.283674 -80.400993 -127.473785
v 18.812668 80.368660 -127.518806
v 16.912951 -80.400993 -125.273514
v 18.342775 80.368660 -124.729973
v 15.728433 -80.400993 -123.382607
v 16.841429 80.368660 -122.333260
v 13.910479 -80.400993 -122.088921
v 14.537170 80.368660 -120.693542
v 11.735819 -80.400993 -121.589409
v 11.780810 80.368660 -120.060417
v 9.535547 -80.400993 -121.960136
v 8.991988 80.368660 -120.530304
v 7.644637 -80.400993 -123.144653
v 6.595272 80.368660 -122.031662
v 7.739644 80.368652 -127.192863
v 8.074146 80.368652 -125.736557
v 7.987911 80.368652 -128.666306
v 8.781130 80.368652 -129.932602
v 9.998569 80.368652 -130.798935
v 11.454867 80.368652 -131.133438
v 12.928331 80.368652 -130.885178
v 14.194614 80.368652 -130.091949
v 15.060955 80.368652 -128.874512
v 15.395451 80.368652 -127.418213
v 15.147188 80.368652 -125.944756
v 14.353961 80.368652 -124.678467
v 13.136521 80.368652 -123.812126
v 11.680219 80.368652 -123.477631
v 10.206770 80.368652 -123.725899
v 8.940485 80.368652 -124.519119
v 4.322426 83.373657 -127.092270
v 4.955540 83.373657 -124.335922
v 4.792324 83.373657 -129.881104
v 6.293678 83.373657 -132.277802
v 8.597932 83.373657 -133.917542
v 11.354283 83.373657 -134.550644
v 14.143106 83.373657 -134.080765
v 16.539822 83.373657 -132.579407
v 18.179556 83.373657 -130.275162
v 18.812668 83.373657 -127.518806
v 18.342775 83.373657 -124.729973
v 16.841429 83.373657 -122.333260
v 14.537170 83.373657 -120.693542
v 11.780810 83.373657 -120.060417
v 8.991988 83.373657 -120.530304
v 6.595272 83.373657 -122.031662
v 8.074159 -80.400986 -125.736549
v 7.739655 -80.400986 -127.192848
v 7.987923 -80.400986 -128.666290
v 8.781143 -80.400986 -129.932587
v 9.998583 -80.400986 -130.798920
v 11.454881 -80.400986 -131.133423
v 12.928343 -80.400986 -130.885162
v 14.194627 -80.400986 -130.091934
v 15.060967 -80.400986 -128.874496
v 15.395462 -80.400986 -127.418205
v 15.147202 -80.400986 -125.944740
v 14.353975 -80.400986 -124.678459
v 13.136535 -80.400986 -123.812119
v 11.680231 -80.400986 -123.477615
v 10.206783 -80.400986 -123.725883
v 8.940498 -80.400986 -124.519112
v 6.350944 -83.260590 -124.962624
v 5.851446 -83.260590 -127.137268
v 6.222178 -83.260590 -129.337540
v 7.406694 -83.260590 -131.228439
v 9.224648 -83.260590 -132.522141
v 11.399308 -83.260590 -133.021637
v 13.599574 -83.260590 -132.650909
v 15.490490 -83.260590 -131.466400
v 16.784170 -83.260590 -129.648438
v 17.283674 -83.260590 -127.473785
v 16.912943 -83.260590 -125.273506
v 15.728433 -83.260590 -123.382607
v 13.910479 -83.260590 -122.088921
v 11.735819 -83.260590 -121.589409
v 9.535547 -83.260590 -121.960136
v 7.644637 -83.260590 -123.144653
v 9.057470 -82.237343 -125.342819
v 9.057459 82.205009 -125.342827
v 7.667192 -82.237343 -124.718399
v 7.667176 82.205009 -124.718407
v 8.433062 -82.237343 -126.733109
v 8.433047 82.205009 -126.733116
v 7.042767 -82.237343 -126.108688
v 7.042752 82.205009 -126.108696
v 12.012270 -82.237343 -124.150368
v 12.012257 82.205009 -124.150383
v 11.857890 -82.237343 -122.634132
v 11.857878 82.205009 -122.634148
v 10.496041 -82.237343 -124.304756
v 10.496027 82.205009 -124.304764
v 10.341653 -82.237343 -122.788528
v 10.341640 82.205009 -122.788544
v 14.522360 -82.237343 -126.113083
v 14.522346 82.205009 -126.113098
v 15.758266 -82.237343 -125.221252
v 15.758253 82.205009 -125.221268
v 13.630541 -82.237343 -124.877174
v 13.630526 82.205009 -124.877182
v 14.866446 -82.237343 -123.985352
v 14.866434 82.205009 -123.985359
v 14.077648 -82.237343 -129.268219
v 14.077635 82.205009 -129.268234
v 15.467945 -82.237343 -129.892639
v 15.467932 82.205009 -129.892654
v 14.702059 -82.237343 -127.877937
v 14.702046 82.205009 -127.877953
v 16.092346 -82.237343 -128.502350
v 16.092346 82.205009 -128.502365
v 11.122849 -82.237343 -130.460663
v 11.122835 82.205009 -130.460678
v 11.277238 -82.237343 -131.976913
v 11.277225 82.205009 -131.976929
v 12.639085 -82.237343 -130.306274
v 12.639071 82.205009 -130.306290
v 12.793468 -82.237343 -131.822525
v 12.793455 82.205009 -131.822540
v 8.612768 -82.237343 -128.497971
v 8.612755 82.205009 -128.497971
v 7.376863 -82.237343 -129.389786
v 7.376845 82.205009 -129.389786
v 9.504587 -82.237343 -129.733871
v 9.504575 82.205009 -129.733887
v 8.268687 -82.237343 -130.625687
v 8.268675 82.205009 -130.625702
v 24.477962 -80.400993 -122.706230
v 23.006180 80.368660 -122.289391
v 24.300421 -80.400993 -124.930443
v 22.781139 80.368660 -125.108551
v 24.987560 -80.400993 -127.053268
v 23.652088 80.368660 -127.799232
v 26.434774 -80.400993 -128.751572
v 25.486408 80.368660 -129.951797
v 28.421721 -80.400993 -129.766785
v 28.004852 80.368660 -131.238571
v 30.645931 -80.400993 -129.944305
v 30.824013 80.368660 -131.463608
v 32.768772 -80.400993 -129.257187
v 33.514698 80.368660 -130.592682
v 34.467072 -80.400993 -127.809975
v 35.667271 80.368660 -128.758347
v 35.482265 -80.400993 -125.823029
v 36.954029 80.368660 -126.239891
v 35.659817 -80.400993 -123.598824
v 37.179070 80.368660 -123.420738
v 34.972679 -80.400993 -121.475975
v 36.308128 80.368660 -120.730049
v 33.525467 -80.400993 -119.777679
v 34.473816 80.368660 -118.577469
v 31.538528 -80.400993 -118.762482
v 31.955368 80.368660 -117.290718
v 29.314312 -80.400993 -118.584938
v 29.136196 80.368660 -117.065674
v 27.191465 -80.400993 -119.272064
v 26.445511 80.368660 -117.936615
v 25.493172 -80.400993 -120.719276
v 24.292936 80.368660 -119.770935
v 26.176590 80.368652 -124.710518
v 26.295488 80.368652 -123.221039
v 26.636745 80.368652 -126.132111
v 27.605885 80.368652 -127.269409
v 28.936493 80.368652 -127.949257
v 30.425974 80.368652 -128.068161
v 31.847584 80.368652 -127.608002
v 32.984882 80.368652 -126.638855
v 33.664730 80.368652 -125.308250
v 33.783623 80.368652 -123.818764
v 33.323471 80.368652 -122.397163
v 32.354324 80.368652 -121.259872
v 31.023718 80.368652 -120.580025
v 29.534229 80.368652 -120.461121
v 28.112629 80.368652 -120.921272
v 26.975334 80.368652 -121.890419
v 22.781139 83.373657 -125.108551
v 23.006180 83.373657 -122.289391
v 23.652088 83.373657 -127.799232
v 25.486408 83.373657 -129.951797
v 28.004852 83.373657 -131.238571
v 30.824013 83.373657 -131.463608
v 33.514698 83.373657 -130.592682
v 35.667271 83.373657 -128.758347
v 36.954029 83.373657 -126.239891
v 37.179070 83.373657 -123.420738
v 36.308128 83.373657 -120.730049
v 34.473816 83.373657 -118.577469
v 31.955368 83.373657 -117.290718
v 29.136196 83.373657 -117.065674
v 26.445511 83.373657 -117.936615
v 24.292936 83.373657 -119.770935
v 26.295502 -80.400986 -123.221024
v 26.176601 -80.400986 -124.710503
v 26.636761 -80.400986 -126.132111
v 27.605900 -80.400986 -127.269409
v 28.936506 -80.400986 -127.949242
v 30.425987 -80.400986 -128.068146
v 31.847599 -80.400986 -127.607986
v 32.984894 -80.400986 -126.638840
v 33.664742 -80.400986 -125.308235
v 33.783634 -80.400986 -123.818756
v 33.323486 -80.400986 -122.397163
v 32.354336 -80.400986 -121.259865
v 31.023729 -80.400986 -120.580009
v 29.534241 -80.400986 -120.461113
v 28.112642 -80.400986 -120.921265
v 26.975348 -80.400986 -121.890404
v 24.477962 -83.260590 -122.706230
v 24.300421 -83.260590 -124.930443
v 24.987564 -83.260590 -127.053284
v 26.434774 -83.260590 -128.751572
v 28.421721 -83.260590 -129.766785
v 30.645931 -83.260590 -129.944305
v 32.768772 -83.260590 -129.257187
v 34.467072 -83.260590 -127.809975
v 35.482265 -83.260590 -125.823029
v 35.659817 -83.260590 -123.598824
v 34.972672 -83.260590 -121.475983
v 33.525467 -83.260590 -119.777679
v 31.538528 -83.260590 -118.762482
v 29.314312 -83.260590 -118.584938
v 27.191465 -83.260590 -119.272064
v 25.493172 -83.260590 -120.719276
v 27.211008 -82.237343 -122.688309
v 27.210993 82.205009 -122.688316
v 25.744625 -82.237343 -122.272980
v 25.744612 82.205009 -122.272987
v 26.795677 -82.237343 -124.154694
v 26.795666 82.205009 -124.154709
v 25.329285 -82.237343 -123.739372
v 25.329269 82.205009 -123.739380
v 29.960695 -82.237343 -121.078346
v 29.960682 82.205009 -121.078362
v 29.587196 -82.237343 -119.600754
v 29.587181 82.205009 -119.600754
v 28.483103 -82.237343 -121.451851
v 28.483089 82.205009 -121.451866
v 28.109596 -82.237343 -119.974258
v 28.109581 82.205009 -119.974274
v 32.729809 -82.237343 -122.654671
v 32.729797 82.205009 -122.654686
v 33.822693 -82.237343 -121.592400
v 33.822681 82.205009 -121.592415
v 31.667545 -82.237343 -121.561790
v 31.667530 82.205009 -121.561806
v 32.760429 -82.237343 -120.499519
v 32.760418 82.205009 -120.499527
v 32.749229 -82.237343 -125.840950
v 32.749218 82.205009 -125.840965
v 34.215630 -82.237343 -126.256287
v 34.215611 82.205009 -126.256287
v 33.164558 -82.237343 -124.374557
v 33.164543 82.205009 -124.374573
v 34.630947 -82.237343 -124.789894
v 34.630951 82.205009 -124.789909
v 29.999538 -82.237343 -127.450897
v 29.999527 82.205009 -127.450912
v 30.373051 -82.237343 -128.928513
v 30.373035 82.205009 -128.928528
v 31.477139 -82.237343 -127.077393
v 31.477125 82.205009 -127.077408
v 31.850643 -82.237343 -128.555008
v 31.850630 82.205009 -128.555023
v 27.230438 -82.237343 -125.874588
v 27.230421 82.205009 -125.874588
v 26.137548 -82.237343 -126.936852
v 26.137535 82.205009 -126.936867
v 28.292702 -82.237343 -126.967476
v 28.292686 82.205009 -126.967491
v 27.199823 -82.237343 -128.029739
v 27.199808 82.205009 -128.029739
v 42.083309 -80.400993 -117.834579
v 40.566517 80.368660 -117.636475
v 42.231506 -80.400993 -120.060936
v 40.754349 80.368660 -120.458351
v 43.220413 -80.400993 -122.061096
v 42.007782 80.368660 -122.993546
v 44.899475 -80.400993 -123.530571
v 44.135971 80.368660 -124.856110
v 47.013065 -80.400993 -124.245674
v 46.814934 80.368660 -125.762466
v 49.239422 -80.400993 -124.097466
v 49.636818 80.368660 -125.574638
v 51.239594 -80.400993 -123.108559
v 52.172016 80.368660 -124.321205
v 52.709084 -80.400993 -121.429512
v 54.034576 80.368660 -122.193016
v 53.424156 -80.400993 -119.315918
v 54.940926 80.368660 -119.514053
v 53.275963 -80.400993 -117.089561
v 54.753098 80.368660 -116.692169
v 52.287064 -80.400993 -115.089394
v 53.499668 80.368660 -114.156960
v 50.607998 -80.400993 -113.619904
v 51.371483 80.368660 -112.294411
v 48.494415 -80.400993 -112.904831
v 48.692520 80.368660 -111.388054
v 46.268051 -80.400993 -113.053024
v 45.870628 80.368660 -111.575882
v 44.267876 -80.400993 -114.041916
v 43.335426 80.368660 -112.829308
v 42.798397 -80.400993 -115.720985
v 41.472870 80.368660 -114.957504
v 44.055664 80.368652 -119.570183
v 43.956421 80.368652 -118.079262
v 44.717899 80.368652 -120.909630
v 45.842304 80.368652 -121.893700
v 47.257717 80.368652 -122.372559
v 48.748634 80.368652 -122.273331
v 50.088100 80.368652 -121.611084
v 51.072166 80.368652 -120.486664
v 51.551033 80.368652 -119.071266
v 51.451790 80.368652 -117.580338
v 50.789555 80.368652 -116.240891
v 49.665142 80.368652 -115.256821
v 48.249725 80.368652 -114.777962
v 46.758804 80.368652 -114.877205
v 45.419350 80.368652 -115.539436
v 44.435284 80.368652 -116.663841
v 40.754349 83.373657 -120.458351
v 40.566517 83.373657 -117.636475
v 42.007782 83.373657 -122.993546
v 44.135971 83.373657 -124.856110
v 46.814934 83.373657 -125.762466
v 49.636818 83.373657 -125.574638
v 52.172016 83.373657 -124.321205
v 54.034576 83.373657 -122.193016
v 54.940926 83.373657 -119.514053
v 54.753098 83.373657 -116.692169
v 53.499668 83.373657 -114.156960
v 51.371483 83.373657 -112.294411
v 48.692520 83.373657 -111.388054
v 45.870628 83.373657 -111.575882
v 43.335426 83.373657 -112.829308
v 41.472870 83.373657 -114.957504
v 43.956432 -80.400986 -118.079247
v 44.055672 -80.400986 -119.570160
v 44.717911 -80.400986 -120.909615
v 45.842316 -80.400986 -121.893684
v 47.257729 -80.400986 -122.372543
v 48.748650 -80.400986 -122.273315
v 50.088112 -80.400986 -121.611069
v 51.072178 -80.400986 -120.486649
v 51.551048 -80.400986 -119.071251
v 51.451797 -80.400986 -117.580322
v 50.789566 -80.400986 -116.240875
v 49.665154 -80.400986 -115.256813
v 48.249741 -80.400986 -114.777939
v 46.758812 -80.400986 -114.877182
v 45.419361 -80.400986 -115.539421
v 44.435295 -80.400986 -116.663826
v 42.083309 -83.260590 -117.834579
v 42.231506 -83.260590 -120.060936
v 43.220413 -83.260590 -122.061104
v 44.899475 -83.260590 -123.530571
v 47.013065 -83.260590 -124.245674
v 49.239422 -83.260590 -124.097466
v 51.239594 -83.260590 -123.108559
v 52.709084 -83.260590 -121.429512
v 53.424156 -83.260590 -119.315918
v 53.275963 -83.260590 -117.089561
v 52.287056 -83.260590 -115.089394
v 50.607998 -83.260590 -113.619904
v 48.494415 -83.260590 -112.904831
v 46.268051 -83.260590 -113.053024
v 44.267876 -83.260590 -114.041916
v 42.798397 -83.260590 -115.720985
v 44.784618 -82.237343 -117.418907
v 44.784607 82.205009 -117.418922
v 43.273392 -82.237343 -117.221512
v 43.273376 82.205009 -117.221527
v 44.587223 -82.237343 -118.930153
v 44.587212 82.205009 -118.930168
v 43.075981 -82.237343 -118.732750
v 43.075970 82.205009 -118.732758
v 47.270592 -82.237343 -115.425751
v 47.270580 82.205009 -115.425766
v 46.685928 -82.237343 -114.018272
v 46.685921 82.205009 -114.018288
v 45.863129 -82.237343 -116.010422
v 45.863117 82.205009 -116.010437
v 45.278461 -82.237343 -114.602951
v 45.278450 82.205009 -114.602966
v 50.239708 -82.237343 -116.582085
v 50.239700 82.205009 -116.582100
v 51.166283 -82.237343 -115.372009
v 51.166271 82.205009 -115.372032
v 49.029640 -82.237343 -115.655518
v 49.029629 82.205009 -115.655533
v 49.956215 -82.237343 -114.445442
v 49.956200 82.205009 -114.445457
v 50.722851 -82.237343 -119.731583
v 50.722839 82.205009 -119.731606
v 52.234093 -82.237343 -119.928970
v 52.234081 82.205009 -119.928986
v 50.920242 -82.237343 -118.220345
v 50.920235 82.205009 -118.220367
v 52.431480 -82.237343 -118.417747
v 52.431480 82.205009 -118.417755
v 48.236877 -82.237343 -121.724739
v 48.236866 82.205009 -121.724762
v 48.821548 -82.237343 -123.132210
v 48.821533 82.205009 -123.132225
v 49.644348 -82.237343 -121.140076
v 49.644337 82.205009 -121.140091
v 50.229008 -82.237343 -122.547539
v 50.228996 82.205009 -122.547569
v 45.267769 -82.237343 -120.568413
v 45.267754 82.205009 -120.568420
v 44.341194 -82.237343 -121.778481
v 44.341179 82.205009 -121.778488
v 46.477837 -82.237343 -121.494972
v 46.477825 82.205009 -121.494987
v 45.551273 -82.237343 -122.705048
v 45.551262 82.205009 -122.705063
v 58.791695 -80.400993 -110.451477
v 57.262215 80.368660 -110.476334
v 59.262466 -80.400993 -112.632530
v 57.858910 80.368660 -113.240799
v 60.532066 -80.400993 -114.467400
v 59.468117 80.368660 -115.566483
v 62.407192 -80.400993 -115.676743
v 61.844822 80.368660 -117.099319
v 64.602379 -80.400993 -116.076477
v 64.627197 80.368660 -117.605957
v 66.783432 -80.400993 -115.605690
v 67.391663 80.368660 -117.009262
v 68.618301 -80.400993 -114.336105
v 69.717339 80.368660 -115.400063
v 69.827652 -80.400993 -112.460983
v 71.250183 80.368660 -113.023354
v 70.227364 -80.400993 -110.265793
v 71.756821 80.368660 -110.240974
v 69.756592 -80.400993 -108.084740
v 71.160126 80.368660 -107.476517
v 68.487007 -80.400993 -106.249870
v 69.550919 80.368660 -105.150833
v 66.611877 -80.400993 -105.040520
v 67.174225 80.368660 -103.617981
v 64.416702 -80.400993 -104.640808
v 64.391846 80.368660 -103.111351
v 62.235641 -80.400993 -105.111580
v 61.627373 80.368660 -103.708054
v 60.400768 -80.400993 -106.381165
v 59.301689 80.368660 -105.317245
v 59.191414 -80.400993 -108.256294
v 57.768848 80.368660 -107.693947
v 60.995728 80.368652 -111.881416
v 60.680466 80.368652 -110.420830
v 61.845932 80.368652 -113.110168
v 63.101639 80.368652 -113.920036
v 64.571686 80.368652 -114.187714
v 66.032272 80.368652 -113.872452
v 67.261040 80.368652 -113.022247
v 68.070900 80.368652 -111.766525
v 68.338585 80.368652 -110.296478
v 68.023308 80.368652 -108.835892
v 67.173103 80.368652 -107.607140
v 65.917404 80.368652 -106.797272
v 64.447342 80.368652 -106.529594
v 62.986755 80.368652 -106.844856
v 61.758003 80.368652 -107.695061
v 60.948135 80.368652 -108.950775
v 57.858910 83.373657 -113.240799
v 57.262215 83.373657 -110.476334
v 59.468117 83.373657 -115.566483
v 61.844822 83.373657 -117.099319
v 64.627197 83.373657 -117.605957
v 67.391663 83.373657 -117.009262
v 69.717339 83.373657 -115.400063
v 71.250183 83.373657 -113.023354
v 71.756821 83.373657 -110.240974
v 71.160126 83.373657 -107.476517
v 69.550919 83.373657 -105.150833
v 67.174225 83.373657 -103.617981
v 64.391846 83.373657 -103.111351
v 61.627373 83.373657 -103.708054
v 59.301689 83.373657 -105.317245
v 57.768848 83.373657 -107.693947
v 60.680481 -80.400986 -110.420815
v 60.995739 -80.400986 -111.881393
v 61.845947 -80.400986 -113.110146
v 63.101654 -80.400986 -113.920021
v 64.571701 -80.400986 -114.187691
v 66.032288 -80.400986 -113.872429
v 67.261055 -80.400986 -113.022232
v 68.070915 -80.400986 -111.766510
v 68.338593 -80.400986 -110.296463
v 68.023331 -80.400986 -108.835876
v 67.173119 -80.400986 -107.607117
v 65.917412 -80.400986 -106.797256
v 64.447357 -80.400986 -106.529572
v 62.986771 -80.400986 -106.844841
v 61.758018 -80.400986 -107.695053
v 60.948151 -80.400986 -108.950760
v 58.791695 -83.260590 -110.451477
v 59.262466 -83.260590 -112.632530
v 60.532070 -83.260590 -114.467407
v 62.407192 -83.260590 -115.676743
v 64.602379 -83.260590 -116.076477
v 66.783432 -83.260590 -115.605690
v 68.618301 -83.260590 -114.336105
v 69.827652 -83.260590 -112.460976
v 70.227364 -83.260590 -110.265793
v 69.756592 -83.260590 -108.084740
v 68.487000 -83.260590 -106.249870
v 66.611877 -83.260590 -105.040520
v 64.416702 -83.260590 -104.640808
v 62.235641 -83.260590 -105.111580
v 60.400768 -83.260590 -106.381165
v 59.191414 -83.260590 -108.256294
v 61.403694 -82.237343 -109.646935
v 61.403679 82.205009 -109.646950
v 59.879826 -82.237343 -109.671661
v 59.879814 82.205009 -109.671684
v 61.428436 -82.237343 -111.170807
v 61.428429 82.205009 -111.170822
v 59.904564 -82.237343 -111.195549
v 59.904549 82.205009 -111.195564
v 63.572968 -82.237343 -107.313049
v 63.572952 82.205009 -107.313065
v 62.789608 -82.237343 -106.005699
v 62.789597 82.205009 -106.005722
v 62.265633 -82.237343 -108.096413
v 62.265614 82.205009 -108.096428
v 61.482269 -82.237343 -106.789070
v 61.482254 82.205009 -106.789093
v 66.678802 -82.237343 -108.024757
v 66.678787 82.205009 -108.024773
v 67.419319 -82.237343 -106.692665
v 67.419304 82.205009 -106.692688
v 65.346725 -82.237343 -107.284248
v 65.346710 82.205009 -107.284264
v 66.087234 -82.237343 -105.952164
v 66.087219 82.205009 -105.952179
v 67.615372 -82.237343 -111.070351
v 67.615364 82.205009 -111.070358
v 69.139252 -82.237343 -111.045601
v 69.139236 82.205009 -111.045616
v 67.590622 -82.237343 -109.546471
v 67.590607 82.205009 -109.546494
v 69.114494 -82.237343 -109.521729
v 69.114494 82.205009 -109.521744
v 65.446098 -82.237343 -113.404221
v 65.446083 82.205009 -113.404236
v 66.229462 -82.237343 -114.711571
v 66.229446 82.205009 -114.711586
v 66.753433 -82.237343 -112.620850
v 66.753426 82.205009 -112.620872
v 67.536804 -82.237343 -113.928200
v 67.536789 82.205009 -113.928223
v 62.340263 -82.237343 -112.692513
v 62.340248 82.205009 -112.692528
v 61.599751 -82.237343 -114.024597
v 61.599735 82.205009 -114.024612
v 63.672348 -82.237343 -113.433022
v 63.672333 82.205009 -113.433044
v 62.931847 -82.237343 -114.765106
v 62.931831 82.205009 -114.765121
v 74.247009 -80.400993 -100.714317
v 72.737442 80.368660 -100.961601
v 75.030334 -80.400993 -102.803574
v 73.730293 80.368660 -103.609718
v 76.553558 -80.400993 -104.434044
v 75.660973 80.368660 -105.676308
v 78.584778 -80.400993 -105.357475
v 78.235527 80.368660 -106.846771
v 80.814774 -80.400993 -105.433319
v 81.062019 80.368660 -106.942886
v 82.904030 -80.400993 -104.649994
v 83.710144 80.368660 -105.950050
v 84.534500 -80.400993 -103.126778
v 85.776741 80.368660 -104.019379
v 85.457947 -80.400993 -101.095551
v 86.947205 80.368660 -101.444817
v 85.533783 -80.400993 -98.865570
v 87.043320 80.368660 -98.618317
v 84.750458 -80.400993 -96.776299
v 86.050476 80.368660 -95.970192
v 83.227249 -80.400993 -95.145836
v 84.119797 80.368660 -93.903595
v 81.196014 -80.400993 -94.222397
v 81.545250 80.368660 -92.733124
v 78.966034 -80.400993 -94.146561
v 78.718758 80.368660 -92.637024
v 76.876762 -80.400993 -94.929871
v 76.070618 80.368660 -93.629868
v 75.246292 -80.400993 -96.453102
v 74.004021 80.368660 -95.560539
v 74.322853 -80.400993 -98.484322
v 72.833557 80.368660 -98.135094
v 76.635750 80.368652 -101.808105
v 76.111183 80.368652 -100.408981
v 77.655807 80.368652 -102.899963
v 79.016045 80.368652 -103.518372
v 80.509407 80.368652 -103.569153
v 81.908524 80.368652 -103.044594
v 83.000397 80.368652 -102.024536
v 83.618797 80.368652 -100.664284
v 83.669586 80.368652 -99.170929
v 83.145012 80.368652 -97.771812
v 82.124962 80.368652 -96.679939
v 80.764725 80.368652 -96.061539
v 79.271355 80.368652 -96.010757
v 77.872238 80.368652 -96.535324
v 76.780365 80.368652 -97.555374
v 76.161964 80.368652 -98.915619
v 73.730293 83.373657 -103.609718
v 72.737442 83.373657 -100.961601
v 75.660973 83.373657 -105.676315
v 78.235527 83.373657 -106.846771
v 81.062019 83.373657 -106.942886
v 83.710144 83.373657 -105.950050
v 85.776741 83.373657 -104.019379
v 86.947205 83.373657 -101.444817
v 87.043320 83.373657 -98.618317
v 86.050476 83.373657 -95.970192
v 84.119797 83.373657 -93.903595
v 81.545250 83.373657 -92.733131
v 78.718758 83.373657 -92.637024
v 76.070618 83.373657 -93.629868
v 74.004021 83.373657 -95.560539
v 72.833557 83.373657 -98.135094
v 76.111198 -80.400986 -100.408966
v 76.635765 -80.400986 -101.808083
v 77.655823 -80.400986 -102.899948
v 79.016060 -80.400986 -103.518356
v 80.509422 -80.400986 -103.569130
v 81.908539 -80.400986 -103.044579
v 83.000412 -80.400986 -102.024521
v 83.618813 -80.400986 -100.664261
v 83.669594 -80.400986 -99.170914
v 83.145027 -80.400986 -97.771797
v 82.124977 -80.400986 -96.679924
v 80.764732 -80.400986 -96.061523
v 79.271370 -80.400986 -96.010735
v 77.872253 -80.400986 -96.535301
v 76.780380 -80.400986 -97.555359
v 76.161980 -80.400986 -98.915596
v 74.247009 -83.260590 -100.714317
v 75.030334 -83.260590 -102.803574
v 76.553558 -83.260590 -104.434052
v 78.584778 -83.260590 -105.357475
v 80.814774 -83.260590 -105.433319
v 82.904030 -83.260590 -104.649994
v 84.534500 -83.260590 -103.126778
v 85.457947 -83.260590 -101.095551
v 85.533783 -83.260590 -98.865570
v 84.750458 -83.260590 -96.776299
v 83.227234 -83.260590 -95.145836
v 81.196014 -83.260590 -94.222397
v 78.966034 -83.260590 -94.146561
v 76.876762 -83.260590 -94.929871
v 75.246292 -83.260590 -96.453102
v 74.322853 -83.260590 -98.484322
v 76.714027 -82.237343 -99.538025
v 76.714020 82.205009 -99.538048
v 75.210007 -82.237343 -99.784378
v 75.209991 82.205009 -99.784393
v 76.960388 -82.237343 -101.042053
v 76.960373 82.205009 -101.042076
v 75.456360 -82.237343 -101.288422
v 75.456345 82.205009 -101.288437
v 78.520370 -82.237343 -96.913170
v 78.520363 82.205009 -96.913193
v 77.555008 -82.237343 -95.733818
v 77.554993 82.205009 -95.733841
v 77.341026 -82.237343 -97.878532
v 77.341011 82.205009 -97.878555
v 76.375656 -82.237343 -96.699188
v 76.375648 82.205009 -96.699211
v 81.696747 -82.237343 -97.165085
v 81.696732 82.205009 -97.165100
v 82.235405 -82.237343 -95.739365
v 82.235390 82.205009 -95.739388
v 80.271034 -82.237343 -96.626419
v 80.271019 82.205009 -96.626434
v 80.809700 -82.237343 -95.200699
v 80.809685 82.205009 -95.200722
v 83.066765 -82.237343 -100.041855
v 83.066757 82.205009 -100.041870
v 84.570801 -82.237343 -99.795486
v 84.570786 82.205009 -99.795509
v 82.820396 -82.237343 -98.537819
v 82.820389 82.205009 -98.537842
v 84.324425 -82.237343 -98.291458
v 84.324425 82.205009 -98.291473
v 81.260422 -82.237343 -102.666702
v 81.260406 82.205009 -102.666725
v 82.225800 -82.237343 -103.846062
v 82.225784 82.205009 -103.846077
v 82.439774 -82.237343 -101.701332
v 82.439758 82.205009 -101.701355
v 83.405136 -82.237343 -102.880692
v 83.405121 82.205009 -102.880714
v 78.084061 -82.237343 -102.414803
v 78.084045 82.205009 -102.414810
v 77.545395 -82.237343 -103.840500
v 77.545380 82.205009 -103.840515
v 79.509766 -82.237343 -102.953453
v 79.509750 82.205009 -102.953476
v 78.971107 -82.237343 -104.379166
v 78.971092 82.205009 -104.379181
v 88.119926 -80.400986 -88.830574
v 86.662445 80.368668 -89.295006
v 89.199104 -80.400986 -90.783508
v 88.030289 80.368668 -91.770348
v 90.943489 -80.400986 -92.174805
v 90.241287 80.368668 -93.533806
v 93.087524 -80.400986 -92.792664
v 92.958832 80.368668 -94.316933
v 95.304787 -80.400986 -92.543015
v 95.769203 80.368668 -94.000496
v 97.257736 -80.400986 -91.463829
v 98.244545 80.368668 -92.632652
v 98.649048 -80.400986 -89.719444
v 100.008011 80.368668 -90.421654
v 99.266899 -80.400986 -87.575409
v 100.791145 80.368668 -87.704117
v 99.017227 -80.400986 -85.358147
v 100.474686 80.368668 -84.893738
v 97.938065 -80.400986 -83.405197
v 99.106857 80.368668 -82.418404
v 96.193672 -80.400986 -82.013893
v 96.895859 80.368668 -80.654930
v 94.049644 -80.400986 -81.396042
v 94.178314 80.368668 -79.871796
v 91.832382 -80.400986 -81.645691
v 91.367950 80.368668 -80.188263
v 89.879433 -80.400986 -82.724869
v 88.892593 80.368668 -81.556091
v 88.488113 -80.400986 -84.469254
v 87.129128 80.368668 -83.767090
v 87.870262 -80.400986 -86.613289
v 86.346001 80.368668 -86.484627
v 90.642456 80.368660 -89.564888
v 89.919769 80.368660 -88.257057
v 91.810623 80.368660 -90.496605
v 93.246414 80.368660 -90.910370
v 94.731255 80.368660 -90.743172
v 96.039078 80.368660 -90.020477
v 96.970810 80.368660 -88.852318
v 97.384552 80.368660 -87.416519
v 97.217361 80.368660 -85.931679
v 96.494675 80.368660 -84.623863
v 95.326515 80.368660 -83.692146
v 93.890724 80.368660 -83.278381
v 92.405884 80.368660 -83.445572
v 91.098045 80.368660 -84.168274
v 90.166336 80.368660 -85.336426
v 89.752579 80.368660 -86.772217
v 88.030289 83.373665 -91.770348
v 86.662445 83.373665 -89.295006
v 90.241287 83.373665 -93.533806
v 92.958832 83.373665 -94.316933
v 95.769203 83.373665 -94.000496
v 98.244545 83.373665 -92.632652
v 100.008011 83.373665 -90.421654
v 100.791145 83.373665 -87.704117
v 100.474686 83.373665 -84.893738
v 99.106857 83.373665 -82.418404
v 96.895859 83.373665 -80.654938
v 94.178314 83.373665 -79.871803
v 91.367950 83.373665 -80.188263
v 88.892593 83.373665 -81.556091
v 87.129128 83.373665 -83.767090
v 86.346001 83.373665 -86.484634
v 89.919785 -80.400978 -88.257034
v 90.642471 -80.400978 -89.564857
v 91.810638 -80.400978 -90.496582
v 93.246429 -80.400978 -90.910347
v 94.731270 -80.400978 -90.743149
v 96.039093 -80.400978 -90.020454
v 96.970818 -80.400978 -88.852295
v 97.384567 -80.400978 -87.416496
v 97.217377 -80.400978 -85.931656
v 96.494690 -80.400978 -84.623840
v 95.326530 -80.400978 -83.692123
v 93.890739 -80.400978 -83.278366
v 92.405899 -80.400978 -83.445549
v 91.098061 -80.400978 -84.168251
v 90.166344 -80.400978 -85.336411
v 89.752594 -80.400978 -86.772194
v 88.119926 -83.260582 -88.830566
v 89.199104 -83.260582 -90.783508
v 90.943489 -83.260582 -92.174812
v 93.087524 -83.260582 -92.792664
v 95.304787 -83.260582 -92.543007
v 97.257736 -83.260582 -91.463829
v 98.649048 -83.260582 -89.719444
v 99.266899 -83.260582 -87.575409
v 99.017227 -83.260582 -85.358139
v 97.938065 -83.260582 -83.405197
v 96.193665 -83.260582 -82.013893
v 94.049644 -83.260582 -81.396042
v 91.832382 -83.260582 -81.645691
v 89.879433 -83.260582 -82.724869
v 88.488113 -83.260582 -84.469254
v 87.870262 -83.260582 -86.613289
v 90.389381 -82.237335 -87.307610
v 90.389366 82.205017 -87.307632
v 88.937256 -82.237335 -87.770325
v 88.937241 82.205017 -87.770348
v 90.852112 -82.237335 -88.759743
v 90.852097 82.205017 -88.759766
v 89.399971 -82.237335 -89.222466
v 89.399956 82.205017 -89.222488
v 91.794296 -82.237335 -84.447723
v 91.794281 82.205017 -84.447739
v 90.667503 -82.237335 -83.421486
v 90.667488 82.205017 -83.421509
v 90.768074 -82.237335 -85.574509
v 90.768066 82.205017 -85.574524
v 89.641281 -82.237335 -84.548286
v 89.641273 82.205017 -84.548309
v 94.973495 -82.237335 -84.234467
v 94.973480 82.205017 -84.234482
v 95.298836 -82.237335 -82.745514
v 95.298820 82.205017 -82.745537
v 93.484550 -82.237335 -83.909119
v 93.484535 82.205017 -83.909134
v 93.809891 -82.237335 -82.420174
v 93.809875 82.205017 -82.420189
v 96.747772 -82.237335 -86.881088
v 96.747772 82.205017 -86.881111
v 98.199921 -82.237335 -86.418365
v 98.199905 82.205017 -86.418388
v 96.285049 -82.237335 -85.428955
v 96.285042 82.205017 -85.428978
v 97.737183 -82.237335 -84.966240
v 97.737183 82.205017 -84.966255
v 95.342865 -82.237335 -89.740982
v 95.342857 82.205017 -89.741005
v 96.469666 -82.237335 -90.767212
v 96.469650 82.205017 -90.767235
v 96.369087 -82.237335 -88.614182
v 96.369080 82.205017 -88.614212
v 97.495880 -82.237335 -89.640419
v 97.495880 82.205017 -89.640442
v 92.163673 -82.237335 -89.954239
v 92.163658 82.205017 -89.954254
v 91.838333 -82.237335 -91.443192
v 91.838318 82.205017 -91.443214
v 93.652618 -82.237335 -90.279579
v 93.652611 82.205017 -90.279602
v 93.327293 -82.237335 -91.768517
v 93.327271 82.205017 -91.768539
v 100.114700 -80.400986 -75.053566
v 98.740379 80.368668 -75.725266
v 101.466713 -80.400986 -76.828575
v 100.454048 80.368668 -77.975075
v 103.395096 -80.400986 -77.951065
v 102.898254 80.368668 -79.397820
v 105.606239 -80.400986 -78.250153
v 105.700859 80.368668 -79.776924
v 107.763535 -80.400986 -77.680328
v 108.435204 80.368668 -79.054657
v 109.538536 -80.400986 -76.328285
v 110.685005 80.368668 -77.340981
v 110.661034 -80.400986 -74.399933
v 112.107750 80.368668 -74.896790
v 110.960129 -80.400986 -72.188774
v 112.486862 80.368668 -72.094185
v 110.390282 -80.400986 -70.031487
v 111.764587 80.368668 -69.359833
v 109.038261 -80.400986 -68.256477
v 110.050919 80.368668 -67.110031
v 107.109901 -80.400986 -67.133987
v 107.606712 80.368668 -65.687271
v 104.898743 -80.400986 -66.834900
v 104.804115 80.368668 -65.308167
v 102.741463 -80.400986 -67.404724
v 102.069771 80.368668 -66.030441
v 100.966454 -80.400986 -68.756760
v 99.819954 80.368668 -67.744118
v 99.843956 -80.400986 -70.685135
v 98.397202 80.368668 -70.188316
v 99.544868 -80.400986 -72.896271
v 98.018112 80.368668 -72.990921
v 102.717270 80.368660 -75.412788
v 101.811859 80.368660 -74.224113
v 104.008644 80.368660 -76.164482
v 105.489365 80.368660 -76.364784
v 106.934052 80.368660 -75.983170
v 108.122711 80.368660 -75.077766
v 108.874420 80.368660 -73.786385
v 109.074707 80.368660 -72.305649
v 108.693108 80.368660 -70.860985
v 107.787697 80.368660 -69.672318
v 106.496323 80.368660 -68.920616
v 105.015594 80.368660 -68.720322
v 103.570915 80.368660 -69.101929
v 102.382248 80.368660 -70.007339
v 101.630554 80.368660 -71.298714
v 101.430252 80.368660 -72.779434
v 100.454048 83.373665 -77.975075
v 98.740379 83.373665 -75.725266
v 102.898254 83.373665 -79.397820
v 105.700859 83.373665 -79.776924
v 108.435204 83.373665 -79.054657
v 110.685005 83.373665 -77.340988
v 112.107750 83.373665 -74.896790
v 112.486862 83.373665 -72.094185
v 111.764587 83.373665 -69.359833
v 110.050919 83.373665 -67.110031
v 107.606712 83.373665 -65.687271
v 104.804115 83.373665 -65.308167
v 102.069771 83.373665 -66.030441
v 99.819954 83.373665 -67.744118
v 98.397202 83.373665 -70.188316
v 98.018112 83.373665 -72.990921
v 101.811874 -80.400978 -74.224091
v 102.717278 -80.400978 -75.412758
v 104.008659 -80.400978 -76.164459
v 105.489380 -80.400978 -76.364761
v 106.934052 -80.400978 -75.983147
v 108.122719 -80.400978 -75.077751
v 108.874428 -80.400978 -73.786362
v 109.074722 -80.400978 -72.305626
v 108.693115 -80.400978 -70.860954
v 107.787712 -80.400978 -69.672295
v 106.496338 -80.400978 -68.920593
v 105.015610 -80.400978 -68.720299
v 103.570923 -80.400978 -69.101906
v 102.382263 -80.400978 -70.007317
v 101.630554 -80.400978 -71.298683
v 101.430267 -80.400978 -72.779411
v 100.114700 -83.260582 -75.053566
v 101.466713 -83.260582 -76.828575
v 103.395103 -83.260582 -77.951057
v 105.606239 -83.260582 -78.250153
v 107.763535 -83.260582 -77.680328
v 109.538536 -83.260582 -76.328285
v 110.661034 -83.260582 -74.399933
v 110.960129 -83.260582 -72.188774
v 110.390282 -83.260582 -70.031487
v 109.038261 -83.260582 -68.256477
v 107.109894 -83.260582 -67.133987
v 104.898743 -83.260582 -66.834892
v 102.741463 -83.260582 -67.404724
v 100.966454 -83.260582 -68.756760
v 99.843956 -83.260582 -70.685135
v 99.544868 -83.260582 -72.896271
v 102.138229 -82.237335 -73.216408
v 102.138214 82.205017 -73.216431
v 100.768936 -82.237335 -73.885620
v 100.768936 82.205017 -73.885643
v 102.807457 -82.237335 -74.585693
v 102.807442 82.205017 -74.585709
v 101.438171 -82.237335 -75.254913
v 101.438156 82.205017 -75.254936
v 103.111755 -82.237335 -70.182434
v 103.111755 82.205017 -70.182457
v 101.847565 -82.237335 -69.331200
v 101.847549 82.205017 -69.331223
v 102.260544 -82.237335 -71.446640
v 102.260529 82.205017 -71.446663
v 100.996338 -82.237335 -70.595413
v 100.996323 82.205017 -70.595436
v 106.226028 -82.237335 -69.508553
v 106.226013 82.205017 -69.508575
v 106.331116 -82.237335 -67.988106
v 106.331100 82.205017 -67.988136
v 104.705582 -82.237335 -69.403473
v 104.705574 82.205017 -69.403496
v 104.810661 -82.237335 -67.883018
v 104.810646 82.205017 -67.883041
v 108.366760 -82.237335 -71.868652
v 108.366753 82.205017 -71.868675
v 109.736046 -82.237335 -71.199417
v 109.736031 82.205017 -71.199440
v 107.697533 -82.237335 -70.499359
v 107.697525 82.205017 -70.499390
v 109.066811 -82.237335 -69.830147
v 109.066811 82.205017 -69.830154
v 107.393219 -82.237335 -74.902618
v 107.393211 82.205017 -74.902641
v 108.657433 -82.237335 -75.753853
v 108.657425 82.205017 -75.753876
v 108.244446 -82.237335 -73.638405
v 108.244431 82.205017 -73.638435
v 109.508652 -82.237335 -74.489639
v 109.508636 82.205017 -74.489670
v 104.278961 -82.237335 -75.576500
v 104.278946 82.205017 -75.576515
v 104.173882 -82.237335 -77.096939
v 104.173866 82.205017 -77.096962
v 105.799408 -82.237335 -75.681564
v 105.799400 82.205017 -75.681595
v 105.694328 -82.237335 -77.202019
v 105.694321 82.205017 -77.202042
v 109.975716 -80.400986 -59.676926
v 108.713837 80.368668 -60.541565
v 111.571770 -80.400986 -61.236160
v 110.736816 80.368668 -62.517883
v 113.643028 -80.400986 -62.065903
v 113.362129 80.368668 -63.569588
v 115.874161 -80.400986 -62.039864
v 116.190063 80.368668 -63.536583
v 117.925499 -80.400986 -61.162006
v 118.790115 80.368668 -62.423889
v 119.484726 -80.400986 -59.565937
v 120.766426 80.368668 -60.400913
v 120.314484 -80.400986 -57.494686
v 121.818138 80.368668 -57.775604
v 120.288452 -80.400986 -55.263542
v 121.785133 80.368668 -54.947670
v 119.410583 -80.400986 -53.212219
v 120.672440 80.368668 -52.347622
v 117.814522 -80.400986 -51.652985
v 118.649452 80.368668 -50.371307
v 115.743256 -80.400986 -50.823223
v 116.024147 80.368668 -49.319592
v 113.512131 -80.400986 -50.849266
v 113.196213 80.368668 -49.352585
v 111.460808 -80.400986 -51.727127
v 110.596169 80.368668 -50.465286
v 109.901558 -80.400986 -53.323189
v 108.619843 80.368668 -52.488281
v 109.071808 -80.400986 -55.394459
v 107.568138 80.368668 -55.113586
v 109.097847 -80.400986 -57.625584
v 107.601143 80.368668 -57.941517
v 112.602852 80.368660 -59.653374
v 111.534019 80.368660 -58.609196
v 113.989906 80.368660 -60.209030
v 115.484024 80.368660 -60.191597
v 116.857735 80.368660 -59.603714
v 117.901917 80.368660 -58.534889
v 118.457581 80.368660 -57.147820
v 118.440140 80.368660 -55.653702
v 117.852264 80.368660 -54.279991
v 116.783424 80.368660 -53.235825
v 115.396370 80.368660 -52.680153
v 113.902245 80.368660 -52.697586
v 112.528534 80.368660 -53.285473
v 111.484352 80.368660 -54.354309
v 110.928688 80.368660 -55.741360
v 110.946129 80.368660 -57.235481
v 110.736816 83.373665 -62.517883
v 108.713837 83.373665 -60.541565
v 113.362129 83.373665 -63.569588
v 116.190063 83.373665 -63.536583
v 118.790115 83.373665 -62.423889
v 120.766426 83.373665 -60.400913
v 121.818138 83.373665 -57.775604
v 121.785133 83.373665 -54.947670
v 120.672440 83.373665 -52.347622
v 118.649452 83.373665 -50.371307
v 116.024147 83.373665 -49.319592
v 113.196213 83.373665 -49.352585
v 110.596169 83.373665 -50.465286
v 108.619843 83.373665 -52.488281
v 107.568138 83.373665 -55.113586
v 107.601143 83.373665 -57.941517
v 111.534027 -80.400978 -58.609177
v 112.602859 -80.400978 -59.653343
v 113.989922 -80.400978 -60.209007
v 115.484024 -80.400978 -60.191578
v 116.857742 -80.400978 -59.603683
v 117.901917 -80.400978 -58.534863
v 118.457588 -80.400978 -57.147789
v 118.440147 -80.400978 -55.653679
v 117.852264 -80.400978 -54.279961
v 116.783432 -80.400978 -53.235802
v 115.396378 -80.400978 -52.680126
v 113.902260 -80.400978 -52.697567
v 112.528534 -80.400978 -53.285446
v 111.484360 -80.400978 -54.354286
v 110.928703 -80.400978 -55.741341
v 110.946144 -80.400978 -57.235458
v 109.975716 -83.260582 -59.676926
v 111.571770 -83.260582 -61.236160
v 113.643036 -83.260582 -62.065910
v 115.874161 -83.260582 -62.039864
v 117.925499 -83.260582 -61.162006
v 119.484726 -83.260582 -59.565937
v 120.314484 -83.260582 -57.494686
v 120.288452 -83.260582 -55.263542
v 119.410583 -83.260582 -53.212219
v 117.814522 -83.260582 -51.652985
v 115.743256 -83.260582 -50.823235
v 113.512131 -83.260582 -50.849266
v 111.460808 -83.260582 -51.727127
v 109.901558 -83.260582 -53.323189
v 109.071808 -83.260582 -55.394459
v 109.097847 -83.260582 -57.625584
v 111.710182 -82.237335 -57.564713
v 111.710175 82.205017 -57.564739
v 110.452934 -82.237335 -58.426163
v 110.452919 82.205017 -58.426193
v 112.571648 -82.237335 -58.821960
v 112.571632 82.205017 -58.821983
v 111.314392 -82.237335 -59.683430
v 111.314384 82.205017 -59.683449
v 112.231598 -82.237335 -54.421326
v 112.231583 82.205017 -54.421349
v 110.856926 -82.237335 -53.763237
v 110.856918 82.205017 -53.763260
v 111.573517 -82.237335 -55.795990
v 111.573502 82.205017 -55.796013
v 110.198845 -82.237335 -55.137913
v 110.198837 82.205017 -55.137939
v 115.214554 -82.237335 -53.301178
v 115.214546 82.205017 -53.301201
v 115.097145 -82.237335 -51.781631
v 115.097130 82.205017 -51.781654
v 113.695015 -82.237335 -53.418602
v 113.695007 82.205017 -53.418625
v 113.577591 -82.237335 -51.899055
v 113.577583 82.205017 -51.899078
v 117.676102 -82.237335 -55.324432
v 117.676094 82.205017 -55.324455
v 118.933365 -82.237335 -54.462967
v 118.933357 82.205017 -54.462990
v 116.814636 -82.237335 -54.067184
v 116.814636 82.205017 -54.067204
v 118.071899 -82.237335 -53.205723
v 118.071899 82.205017 -53.205734
v 117.154694 -82.237335 -58.467819
v 117.154686 82.205017 -58.467846
v 118.529373 -82.237335 -59.125904
v 118.529358 82.205017 -59.125927
v 117.812775 -82.237335 -57.093147
v 117.812767 82.205017 -57.093163
v 119.187447 -82.237335 -57.751232
v 119.187439 82.205017 -57.751259
v 114.171738 -82.237335 -59.587959
v 114.171722 82.205017 -59.587978
v 114.289146 -82.237335 -61.107498
v 114.289139 82.205017 -61.107517
v 115.691269 -82.237335 -59.470528
v 115.691269 82.205017 -59.470554
v 115.808701 -82.237335 -60.990082
v 115.808685 82.205017 -60.990101
v 117.492752 -80.400986 -43.028381
v 116.370216 80.368668 -44.067535
v 119.298836 -80.400986 -44.338600
v 118.659401 80.368668 -45.728241
v 121.468834 -80.400986 -44.857933
v 121.409866 80.368668 -46.386490
v 123.672401 -80.400986 -44.507309
v 124.202866 80.368668 -45.942089
v 125.574059 -80.400986 -43.340134
v 126.613182 80.368668 -44.462692
v 126.884277 -80.400986 -41.534050
v 128.273895 80.368668 -42.173508
v 127.403625 -80.400986 -39.364052
v 128.932144 80.368668 -39.423050
v 127.053009 -80.400986 -37.160484
v 128.487747 80.368668 -36.630051
v 125.885811 -80.400986 -35.258835
v 127.008347 80.368668 -34.219719
v 124.079742 -80.400986 -33.948601
v 124.719154 80.368668 -32.559017
v 121.909744 -80.400986 -33.429268
v 121.968697 80.368668 -31.900759
v 119.706177 -80.400986 -33.779888
v 119.175705 80.368668 -32.345154
v 117.804527 -80.400986 -34.947067
v 116.765381 80.368668 -33.824562
v 116.494293 -80.400986 -36.753151
v 115.104668 80.368668 -36.113754
v 115.974953 -80.400986 -38.923157
v 114.446411 80.368668 -38.864212
v 116.325569 -80.400986 -41.126717
v 114.890808 80.368668 -41.657207
v 120.088470 80.368660 -42.622559
v 118.878998 80.368660 -41.745136
v 121.541656 80.368660 -42.970337
v 123.017303 80.368660 -42.735550
v 124.290787 80.368660 -41.953911
v 125.168205 80.368660 -40.744446
v 125.516006 80.368660 -39.291245
v 125.281197 80.368660 -37.815590
v 124.499573 80.368660 -36.542118
v 123.290100 80.368660 -35.664696
v 121.836914 80.368660 -35.316910
v 120.361252 80.368660 -35.551704
v 119.087776 80.368660 -36.333344
v 118.210342 80.368660 -37.542824
v 117.862564 80.368660 -38.996002
v 118.097359 80.368660 -40.471653
v 118.659401 83.373665 -45.728241
v 116.370216 83.373665 -44.067535
v 121.409866 83.373665 -46.386490
v 124.202866 83.373665 -45.942089
v 126.613182 83.373665 -44.462692
v 128.273895 83.373665 -42.173508
v 128.932144 83.373665 -39.423050
v 128.487747 83.373665 -36.630051
v 127.008347 83.373665 -34.219719
v 124.719154 83.373665 -32.559017
v 121.968697 83.373665 -31.900759
v 119.175705 83.373665 -32.345154
v 116.765381 83.373665 -33.824562
v 115.104668 83.373665 -36.113754
v 114.446411 83.373665 -38.864212
v 114.890808 83.373665 -41.657207
v 118.879005 -80.400978 -41.745110
v 120.088478 -80.400978 -42.622536
v 121.541656 -80.400978 -42.970314
v 123.017319 -80.400978 -42.735527
v 124.290787 -80.400978 -41.953888
v 125.168213 -80.400978 -40.744415
v 125.516006 -80.400978 -39.291229
v 125.281204 -80.400978 -37.815571
v 124.499573 -80.400978 -36.542091
v 123.290100 -80.400978 -35.664673
v 121.836914 -80.400978 -35.316887
v 120.361267 -80.400978 -35.551682
v 119.087784 -80.400978 -36.333321
v 118.210350 -80.400978 -37.542793
v 117.862572 -80.400978 -38.995972
v 118.097366 -80.400978 -40.471630
v 117.492752 -83.260582 -43.028381
v 119.298836 -83.260582 -44.338600
v 121.468842 -83.260582 -44.857933
v 123.672401 -83.260582 -44.507309
v 125.574059 -83.260582 -43.340134
v 126.884277 -83.260582 -41.534050
v 127.403625 -83.260582 -39.364052
v 127.053009 -83.260582 -37.160484
v 125.885811 -83.260582 -35.258835
v 124.079742 -83.260582 -33.948601
v 121.909737 -83.260582 -33.429276
v 119.706177 -83.260582 -33.779888
v 117.804527 -83.260582 -34.947067
v 116.494293 -83.260582 -36.753151
v 115.974953 -83.260582 -38.923157
v 116.325569 -83.260582 -41.126717
v 118.901215 -82.237335 -40.686131
v 118.901207 82.205017 -40.686157
v 117.782784 -82.237335 -41.721458
v 117.782776 82.205017 -41.721481
v 119.936546 -82.237335 -41.804554
v 119.936539 82.205017 -41.804581
v 118.818123 -82.237335 -42.839890
v 118.818108 82.205017 -42.839920
v 118.959389 -82.237335 -37.500320
v 118.959373 82.205017 -37.500347
v 117.503540 -82.237335 -37.049397
v 117.503532 82.205017 -37.049423
v 118.508469 -82.237335 -38.956158
v 118.508469 82.205017 -38.956181
v 117.052628 -82.237335 -38.505241
v 117.052620 82.205017 -38.505268
v 121.747467 -82.237335 -35.957798
v 121.747459 82.205017 -35.957825
v 121.410042 -82.237335 -34.471535
v 121.410042 82.205017 -34.471565
v 120.261208 -82.237335 -36.295212
v 120.261200 82.205017 -36.295235
v 119.923798 -82.237335 -34.808952
v 119.923782 82.205017 -34.808975
v 124.477356 -82.237335 -37.601074
v 124.477356 82.205017 -37.601105
v 125.595802 -82.237335 -36.565735
v 125.595787 82.205017 -36.565762
v 123.442024 -82.237335 -36.482651
v 123.442024 82.205017 -36.482677
v 124.560448 -82.237335 -35.447319
v 124.560448 82.205017 -35.447330
v 124.419189 -82.237335 -40.786884
v 124.419182 82.205017 -40.786911
v 125.875046 -82.237335 -41.237804
v 125.875038 82.205017 -41.237827
v 124.870102 -82.237335 -39.331039
v 124.870102 82.205017 -39.331070
v 126.325951 -82.237335 -39.781967
v 126.325943 82.205017 -39.781990
v 121.631119 -82.237335 -42.329407
v 121.631104 82.205017 -42.329430
v 121.968521 -82.237335 -43.815662
v 121.968521 82.205017 -43.815689
v 123.117371 -82.237335 -41.991989
v 123.117363 82.205017 -41.992016
v 123.454796 -82.237335 -43.478241
v 123.454781 82.205017 -43.478264
v 122.505669 -80.400978 -25.462820
v 121.546387 80.368675 -26.654350
v 124.483261 -80.400978 -26.496120
v 124.052979 80.368675 -27.964052
v 126.705757 -80.400978 -26.693968
v 126.869972 80.368675 -28.214823
v 128.834778 -80.400978 -26.026239
v 129.568497 80.368675 -27.368494
v 130.546234 -80.400978 -24.594620
v 131.737732 80.368675 -25.553909
v 131.579529 -80.400978 -22.617006
v 133.047440 80.368675 -23.047323
v 131.777390 -80.400978 -20.394522
v 133.298203 80.368675 -20.230330
v 131.109680 -80.400978 -18.265488
v 132.451889 80.368675 -17.531805
v 129.678040 -80.400978 -16.554050
v 130.637299 80.368675 -15.362564
v 127.700432 -80.400978 -15.520742
v 128.130707 80.368675 -14.052862
v 125.477943 -80.400978 -15.322887
v 125.313705 80.368675 -13.802086
v 123.348907 -80.400978 -15.990618
v 122.615189 80.368675 -14.648405
v 121.637466 -80.400978 -17.422239
v 120.445953 80.368675 -16.462996
v 120.604164 -80.400978 -19.399847
v 119.136246 80.368675 -18.969593
v 120.406311 -80.400978 -21.622341
v 118.885468 80.368675 -21.786583
v 121.074028 -80.400978 -23.751373
v 119.731796 80.368675 -24.485113
v 125.014626 80.368668 -24.683392
v 123.690285 80.368668 -23.991417
v 126.502960 80.368668 -24.815884
v 127.928703 80.368668 -24.368740
v 129.074799 80.368668 -23.410015
v 129.766769 80.368668 -22.085680
v 129.899277 80.368668 -20.597332
v 129.452118 80.368668 -19.171591
v 128.493393 80.368668 -18.025490
v 127.169067 80.368668 -17.333523
v 125.680725 80.368668 -17.201027
v 124.254974 80.368668 -17.648176
v 123.108879 80.368668 -18.606901
v 122.416908 80.368668 -19.931244
v 122.284409 80.368668 -21.419573
v 122.731560 80.368668 -22.845318
v 124.052979 83.373672 -27.964052
v 121.546387 83.373672 -26.654350
v 126.869972 83.373672 -28.214823
v 129.568497 83.373672 -27.368494
v 131.737732 83.373672 -25.553909
v 133.047440 83.373672 -23.047323
v 133.298203 83.373672 -20.230330
v 132.451889 83.373672 -17.531805
v 130.637299 83.373672 -15.362564
v 128.130707 83.373672 -14.052862
v 125.313705 83.373672 -13.802086
v 122.615189 83.373672 -14.648405
v 120.445953 83.373672 -16.462996
v 119.136246 83.373672 -18.969593
v 118.885468 83.373672 -21.786583
v 119.731796 83.373672 -24.485113
v 123.690292 -80.400970 -23.991394
v 125.014626 -80.400970 -24.683363
v 126.502968 -80.400970 -24.815855
v 127.928711 -80.400970 -24.368715
v 129.074799 -80.400970 -23.409986
v 129.766785 -80.400970 -22.085651
v 129.899292 -80.400970 -20.597307
v 129.452118 -80.400970 -19.171562
v 128.493408 -80.400970 -18.025461
v 127.169067 -80.400970 -17.333500
v 125.680733 -80.400970 -17.201002
v 124.254990 -80.400970 -17.648148
v 123.108887 -80.400970 -18.606873
v 122.416916 -80.400970 -19.931215
v 122.284416 -80.400970 -21.419548
v 122.731567 -80.400970 -22.845289
v 122.505669 -83.260574 -25.462820
v 124.483261 -83.260574 -26.496120
v 126.705765 -83.260574 -26.693966
v 128.834778 -83.260574 -26.026239
v 130.546234 -83.260574 -24.594620
v 131.579529 -83.260574 -22.617006
v 131.777390 -83.260574 -20.394522
v 131.109680 -83.260574 -18.265488
v 129.678040 -83.260574 -16.554050
v 127.700432 -83.260574 -15.520742
v 125.477936 -83.260574 -15.322897
v 123.348907 -83.260574 -15.990618
v 121.637466 -83.260574 -17.422239
v 120.604164 -83.260574 -19.399847
v 120.406311 -83.260574 -21.622341
v 121.074028 -83.260574 -23.751373
v 123.558075 -82.237328 -22.940468
v 123.558067 82.205025 -22.940493
v 122.602310 -82.237328 -24.127605
v 122.602303 82.205025 -24.127630
v 124.745224 -82.237328 -23.896223
v 124.745209 82.205025 -23.896250
v 123.789459 -82.237328 -25.083378
v 123.789452 82.205025 -25.083403
v 123.151764 -82.237328 -19.780136
v 123.151772 82.205025 -19.780163
v 121.645798 -82.237328 -19.545990
v 121.645790 82.205025 -19.546017
v 122.917633 -82.237328 -21.286112
v 122.917625 82.205025 -21.286140
v 121.411652 -82.237328 -21.051973
v 121.411644 82.205025 -21.052002
v 125.685547 -82.237328 -17.848103
v 125.685547 82.205025 -17.848129
v 125.135330 -82.237328 -16.426811
v 125.135323 82.205025 -16.426838
v 124.264259 -82.237328 -18.398317
v 124.264252 82.205025 -18.398348
v 123.714043 -82.237328 -16.977032
v 123.714035 82.205025 -16.977057
v 128.625626 -82.237328 -19.076397
v 128.625626 82.205025 -19.076426
v 129.581390 -82.237328 -17.889246
v 129.581375 82.205025 -17.889273
v 127.438477 -82.237328 -18.120638
v 127.438469 82.205025 -18.120663
v 128.394226 -82.237328 -16.933495
v 128.394226 82.205025 -16.933506
v 129.031921 -82.237328 -22.236725
v 129.031921 82.205025 -22.236752
v 130.537903 -82.237328 -22.470865
v 130.537903 82.205025 -22.470890
v 129.266068 -82.237328 -20.730740
v 129.266052 82.205025 -20.730766
v 130.772049 -82.237328 -20.964890
v 130.772034 82.205025 -20.964914
v 126.498146 -82.237328 -24.168753
v 126.498146 82.205025 -24.168777
v 127.048370 -82.237328 -25.590044
v 127.048363 82.205025 -25.590069
v 127.919434 -82.237328 -23.618538
v 127.919434 82.205025 -23.618561
v 128.469666 -82.237328 -25.039818
v 128.469666 82.205025 -25.039846
v 124.907593 -80.400978 -7.354445
v 124.132034 80.368675 -8.672947
v 127.014572 -80.400978 -8.088789
v 126.802597 80.368675 -9.603729
v 129.242188 -80.400978 -7.960928
v 129.626083 80.368675 -9.441664
v 131.251297 -80.400978 -6.990328
v 132.172623 80.368675 -8.211447
v 132.736069 -80.400978 -5.324772
v 134.054550 80.368675 -6.100359
v 133.470398 -80.400978 -3.217789
v 134.985321 80.368675 -3.429787
v 133.342560 -80.400978 -0.990175
v 134.823257 80.368675 -0.606300
v 132.371964 -80.400978 1.018950
v 133.593048 80.368675 1.940239
v 130.706390 -80.400978 2.503698
v 131.481949 80.368675 3.822157
v 128.599411 -80.400978 3.238052
v 128.811386 80.368675 4.752939
v 126.371811 -80.400978 3.110197
v 125.987900 80.368675 4.590881
v 124.362686 -80.400978 2.139597
v 123.441360 80.368675 3.360672
v 122.877930 -80.400978 0.474043
v 121.559448 80.368675 1.249577
v 122.143578 -80.400978 -1.632938
v 120.628662 80.368675 -1.421003
v 122.271431 -80.400978 -3.860561
v 120.790718 80.368675 -4.244488
v 123.242027 -80.400978 -5.869677
v 122.020935 80.368675 -6.791031
v 127.276329 80.368668 -6.218010
v 125.865356 80.368668 -5.726238
v 128.768097 80.368668 -6.132387
v 130.113541 80.368668 -5.482420
v 131.107834 80.368668 -4.367037
v 131.599609 80.368668 -2.956060
v 131.513977 80.368668 -1.464285
v 130.863998 80.368668 -0.118839
v 129.748642 80.368668 0.875456
v 128.337646 80.368668 1.367220
v 126.845894 80.368668 1.281603
v 125.500443 80.368668 0.631628
v 124.506149 80.368668 -0.483755
v 124.014366 80.368668 -1.894737
v 124.099991 80.368668 -3.386497
v 124.749969 80.368668 -4.731943
v 126.802597 83.373672 -9.603729
v 124.132034 83.373672 -8.672947
v 129.626083 83.373672 -9.441664
v 132.172623 83.373672 -8.211447
v 134.054550 83.373672 -6.100359
v 134.985321 83.373672 -3.429787
v 134.823257 83.373672 -0.606300
v 133.593048 83.373672 1.940239
v 131.481949 83.373672 3.822157
v 128.811386 83.373672 4.752939
v 125.987900 83.373672 4.590881
v 123.441360 83.373672 3.360672
v 121.559448 83.373672 1.249577
v 120.628662 83.373672 -1.421003
v 120.790718 83.373672 -4.244488
v 122.020935 83.373672 -6.791031
v 125.865364 -80.400970 -5.726212
v 127.276329 -80.400970 -6.217983
v 128.768097 -80.400970 -6.132359
v 130.113541 -80.400970 -5.482393
v 131.107849 -80.400970 -4.367008
v 131.599609 -80.400970 -2.956034
v 131.513992 -80.400970 -1.464256
v 130.864014 -80.400970 -0.118811
v 129.748627 -80.400970 0.875483
v 128.337646 -80.400970 1.367247
v 126.845886 -80.400970 1.281630
v 125.500458 -80.400970 0.631655
v 124.506149 -80.400970 -0.483728
v 124.014374 -80.400970 -1.894709
v 124.099998 -80.400970 -3.386471
v 124.749969 -80.400970 -4.731916
v 124.907593 -83.260574 -7.354445
v 127.014572 -83.260574 -8.088789
v 129.242188 -83.260574 -7.960928
v 131.251297 -83.260574 -6.990328
v 132.736069 -83.260574 -5.324772
v 133.470398 -83.260574 -3.217789
v 133.342560 -83.260574 -0.990175
v 132.371964 -83.260574 1.018950
v 130.706390 -83.260574 2.503698
v 128.599411 -83.260574 3.238052
v 126.371803 -83.260574 3.110191
v 124.362686 -83.260574 2.139597
v 122.877930 -83.260574 0.474043
v 122.143578 -83.260574 -1.632938
v 122.271431 -83.260574 -3.860561
v 123.242027 -83.260574 -5.869677
v 125.581528 -82.237328 -4.705736
v 125.581528 82.205025 -4.705761
v 124.808807 -82.237328 -6.019382
v 124.808800 82.205025 -6.019407
v 126.895187 -82.237328 -5.478458
v 126.895180 82.205025 -5.478483
v 126.122467 -82.237328 -6.792120
v 126.122459 82.205025 -6.792145
v 124.719406 -82.237328 -1.638243
v 124.719406 82.205025 -1.638269
v 123.195389 -82.237328 -1.625864
v 123.195381 82.205025 -1.625891
v 124.707039 -82.237328 -3.162262
v 124.707031 82.205025 -3.162287
v 123.183006 -82.237328 -3.149893
v 123.183014 82.205025 -3.149920
v 126.944878 -82.237328 0.642124
v 126.944870 82.205025 0.642097
v 126.193573 -82.237328 1.968155
v 126.193573 82.205025 1.968128
v 125.618843 -82.237328 -0.109175
v 125.618843 82.205025 -0.109200
v 124.867538 -82.237328 1.216858
v 124.867546 82.205025 1.216833
v 130.032455 -82.237328 -0.145002
v 130.032455 82.205025 -0.145029
v 130.805191 -82.237328 1.168663
v 130.805176 82.205025 1.168633
v 128.718796 -82.237328 0.627720
v 128.718796 82.205025 0.627693
v 129.491531 -82.237328 1.941376
v 129.491531 82.205025 1.941364
v 130.894577 -82.237328 -3.212494
v 130.894577 82.205025 -3.212519
v 132.418610 -82.237328 -3.224865
v 132.418610 82.205025 -3.224892
v 130.906952 -82.237328 -1.688467
v 130.906952 82.205025 -1.688494
v 132.430984 -82.237328 -1.700844
v 132.430969 82.205025 -1.700874
v 128.669113 -82.237328 -5.492853
v 128.669113 82.205025 -5.492880
v 129.420410 -82.237328 -6.818886
v 129.420410 82.205025 -6.818913
v 129.995148 -82.237328 -4.741556
v 129.995148 82.205025 -4.741583
v 130.746445 -82.237328 -6.067581
v 130.746429 82.205025 -6.067610
v 124.647316 -80.400978 10.910620
v 124.071991 80.368675 9.493244
v 126.838753 -80.400978 10.490877
v 126.849617 80.368675 8.961219
v 129.024017 -80.400978 10.941719
v 129.619431 80.368675 9.532660
v 130.870392 -80.400978 12.194508
v 131.959702 80.368675 11.120547
v 132.096848 -80.400978 14.058499
v 133.514191 80.368675 13.483150
v 132.516571 -80.400978 16.249949
v 134.046219 80.368675 16.260784
v 132.065750 -80.400978 18.435205
v 133.474792 80.368675 19.030584
v 130.812973 -80.400978 20.281603
v 131.886887 80.368675 21.370867
v 128.948975 -80.400978 21.508022
v 129.524292 80.368675 22.925350
v 126.757515 -80.400978 21.927771
v 126.746651 80.368675 23.457375
v 124.572258 -80.400978 21.476934
v 123.976852 80.368675 22.885941
v 122.725868 -80.400978 20.224148
v 121.636566 80.368675 21.298063
v 121.499443 -80.400978 18.360159
v 120.082092 80.368675 18.935455
v 121.079697 -80.400978 16.168707
v 119.550056 80.368675 16.157810
v 121.530533 -80.400978 13.983443
v 120.121490 80.368675 13.388012
v 122.783310 -80.400978 12.137054
v 121.709381 80.368675 11.047729
v 126.825340 80.368668 12.379833
v 125.357803 80.368668 12.660924
v 128.288727 80.368668 12.681746
v 129.525223 80.368668 13.520687
v 130.346512 80.368668 14.768954
v 130.627594 80.368668 16.236496
v 130.325684 80.368668 17.699909
v 129.486740 80.368668 18.936378
v 128.238464 80.368668 19.757677
v 126.770927 80.368668 20.038759
v 125.307533 80.368668 19.736855
v 124.071053 80.368668 18.897907
v 123.249763 80.368668 17.649639
v 122.968674 80.368668 16.182091
v 123.270584 80.368668 14.718694
v 124.109528 80.368668 13.482223
v 126.849617 83.373672 8.961219
v 124.071991 83.373672 9.493244
v 129.619431 83.373672 9.532660
v 131.959702 83.373672 11.120547
v 133.514191 83.373672 13.483150
v 134.046219 83.373672 16.260784
v 133.474792 83.373672 19.030584
v 131.886887 83.373672 21.370867
v 129.524292 83.373672 22.925350
v 126.746651 83.373672 23.457375
v 123.976852 83.373672 22.885941
v 121.636566 83.373672 21.298063
v 120.082092 83.373672 18.935455
v 119.550056 83.373672 16.157810
v 120.121490 83.373672 13.388012
v 121.709381 83.373672 11.047729
v 125.357796 -80.400970 12.660952
v 126.825340 -80.400970 12.379859
v 128.288742 -80.400970 12.681777
v 129.525223 -80.400970 13.520714
v 130.346512 -80.400970 14.768981
v 130.627594 -80.400970 16.236523
v 130.325684 -80.400970 17.699936
v 129.486740 -80.400970 18.936407
v 128.238464 -80.400970 19.757704
v 126.770943 -80.400970 20.038790
v 125.307541 -80.400970 19.736879
v 124.071068 -80.400970 18.897936
v 123.249763 -80.400970 17.649666
v 122.968674 -80.400970 16.182117
v 123.270584 -80.400970 14.718719
v 124.109528 -80.400970 13.482249
v 124.647316 -83.260574 10.910620
v 126.838753 -83.260574 10.490877
v 129.024017 -83.260574 10.941719
v 130.870392 -83.260574 12.194508
v 132.096848 -83.260574 14.058499
v 132.516571 -83.260574 16.249949
v 132.065750 -83.260574 18.435205
v 130.812973 -83.260574 20.281603
v 128.948975 -83.260574 21.508022
v 126.757515 -83.260574 21.927771
v 124.572258 -83.260574 21.476927
v 122.725868 -83.260574 20.224148
v 121.499443 -83.260574 18.360159
v 121.079697 -83.260574 16.168707
v 121.530533 -83.260574 13.983443
v 122.783310 -83.260574 12.137054
v 124.928413 -82.237328 13.629229
v 124.928413 82.205025 13.629201
v 124.355186 -82.237328 12.217069
v 124.355186 82.205025 12.217042
v 126.340584 -82.237328 13.056011
v 126.340576 82.205025 13.055983
v 125.767357 -82.237328 11.643837
v 125.767357 82.205025 11.643812
v 123.628853 -82.237328 16.538506
v 123.628845 82.205025 16.538479
v 122.119263 -82.237328 16.328850
v 122.119263 82.205025 16.328823
v 123.838501 -82.237328 15.028927
v 123.838501 82.205025 15.028898
v 122.328918 -82.237328 14.819264
v 122.328918 82.205025 14.819239
v 125.498573 -82.237328 19.118603
v 125.498573 82.205025 19.118576
v 124.562210 -82.237328 20.321112
v 124.562210 82.205025 20.321085
v 124.296066 -82.237328 18.182240
v 124.296066 82.205025 18.182211
v 123.359703 -82.237328 19.384752
v 123.359703 82.205025 19.384724
v 128.667862 -82.237328 18.789421
v 128.667862 82.205025 18.789394
v 129.241089 -82.237328 20.201591
v 129.241089 82.205025 20.201565
v 127.255684 -82.237328 19.362637
v 127.255684 82.205025 19.362610
v 127.828903 -82.237328 20.774801
v 127.828903 82.205025 20.774790
v 129.967422 -82.237328 15.880141
v 129.967422 82.205025 15.880115
v 131.477020 -82.237328 16.089806
v 131.477005 82.205025 16.089777
v 129.757751 -82.237328 17.389729
v 129.757751 82.205025 17.389702
v 131.267349 -82.237328 17.599384
v 131.267349 82.205025 17.599358
v 128.097702 -82.237328 13.300055
v 128.097702 82.205025 13.300026
v 129.034058 -82.237328 12.097542
v 129.034058 82.205025 12.097515
v 129.300201 -82.237328 14.236416
v 129.300217 82.205025 14.236389
v 130.236557 -82.237328 13.033914
v 130.236572 82.205025 13.033887
v 121.730400 -80.400978 28.943121
v 121.367569 80.368675 27.457081
v 123.959602 -80.400978 28.846928
v 124.193069 80.368675 27.335152
v 126.055931 -80.400978 29.611141
v 126.850136 80.368675 28.303789
v 127.700233 -80.400978 31.119411
v 128.934296 80.368675 30.215502
v 128.642197 -80.400978 33.142113
v 130.128220 80.368675 32.779259
v 128.738373 -80.400978 35.371319
v 130.250137 80.368675 35.604759
v 127.974190 -80.400978 37.467651
v 129.281509 80.368675 38.261841
v 126.465912 -80.400978 39.111961
v 127.369812 80.368675 40.345989
v 124.443214 -80.400978 40.053909
v 124.806038 80.368675 41.539902
v 122.213997 -80.400978 40.150112
v 121.980537 80.368675 41.661835
v 120.117676 -80.400978 39.385902
v 119.323456 80.368675 40.693207
v 118.473366 -80.400978 37.877632
v 117.239311 80.368675 38.781502
v 117.531418 -80.400978 35.854939
v 116.045403 80.368675 36.217735
v 117.435211 -80.400978 33.625725
v 115.923462 80.368675 33.392227
v 118.199425 -80.400978 31.529388
v 116.892090 80.368675 30.735146
v 119.707687 -80.400978 29.885086
v 118.803802 80.368675 28.650999
v 123.671288 80.368668 30.713799
v 122.178459 80.368668 30.778221
v 125.075142 80.368668 31.225571
v 126.176285 80.368668 32.235600
v 126.807068 80.368668 33.590145
v 126.871483 80.368668 35.082977
v 126.359726 80.368668 36.486835
v 125.349678 80.368668 37.587975
v 123.995148 80.368668 38.218773
v 122.502312 80.368668 38.283188
v 121.098473 80.368668 37.771423
v 119.997322 80.368668 36.761387
v 119.366531 80.368668 35.406841
v 119.302101 80.368668 33.914001
v 119.813881 80.368668 32.510159
v 120.823906 80.368668 31.409014
v 124.193069 83.373672 27.335152
v 121.367569 83.373672 27.457081
v 126.850136 83.373672 28.303789
v 128.934296 83.373672 30.215502
v 130.128220 83.373672 32.779259
v 130.250137 83.373672 35.604759
v 129.281509 83.373672 38.261841
v 127.369812 83.373672 40.345989
v 124.806038 83.373672 41.539902
v 121.980537 83.373672 41.661835
v 119.323456 83.373672 40.693207
v 117.239311 83.373672 38.781502
v 116.045403 83.373672 36.217735
v 115.923462 83.373672 33.392227
v 116.892090 83.373672 30.735146
v 118.803802 83.373672 28.650999
v 122.178459 -80.400970 30.778246
v 123.671288 -80.400970 30.713825
v 125.075134 -80.400970 31.225597
v 126.176285 -80.400970 32.235626
v 126.807068 -80.400970 33.590172
v 126.871498 -80.400970 35.083004
v 126.359718 -80.400970 36.486862
v 125.349693 -80.400970 37.588005
v 123.995140 -80.400970 38.218803
v 122.502319 -80.400970 38.283215
v 121.098465 -80.400970 37.771454
v 119.997330 -80.400970 36.761414
v 119.366524 -80.400970 35.406864
v 119.302101 -80.400970 33.914028
v 119.813873 -80.400970 32.510185
v 120.823906 -80.400970 31.409042
v 121.730400 -83.260574 28.943121
v 123.959602 -83.260574 28.846928
v 126.055931 -83.260574 29.611143
v 127.700233 -83.260574 31.119411
v 128.642197 -83.260574 33.142113
v 128.738373 -83.260574 35.371319
v 127.974190 -83.260574 37.467651
v 126.465912 -83.260574 39.111961
v 124.443214 -83.260574 40.053909
v 122.213997 -83.260574 40.150112
v 120.117676 -83.260574 39.385895
v 118.473366 -83.260574 37.877632
v 117.531418 -83.260574 35.854939
v 117.435211 -83.260574 33.625725
v 118.199425 -83.260574 31.529388
v 119.707687 -83.260574 29.885086
v 121.612663 -82.237328 31.673685
v 121.612671 82.205025 31.673656
v 121.251167 -82.237328 30.193113
v 121.251160 82.205025 30.193089
v 123.093246 -82.237328 31.312191
v 123.093254 82.205025 31.312162
v 122.731750 -82.237328 29.831606
v 122.731750 82.205025 29.831577
v 119.903351 -82.237328 34.362740
v 119.903358 82.205025 34.362713
v 118.440384 -82.237328 33.935524
v 118.440392 82.205025 33.935497
v 120.330582 -82.237328 32.899776
v 120.330574 82.205025 32.899750
v 118.867615 -82.237328 32.472553
v 118.867615 82.205025 32.472527
v 121.377495 -82.237328 37.187576
v 121.377495 82.205025 37.187550
v 120.276024 -82.237328 38.240936
v 120.276024 82.205025 38.240913
v 120.324135 -82.237328 36.086105
v 120.324142 82.205025 36.086082
v 119.222664 -82.237328 37.139465
v 119.222664 82.205025 37.139442
v 124.560944 -82.237328 37.323357
v 124.560944 82.205025 37.323330
v 124.922432 -82.237328 38.803940
v 124.922440 82.205025 38.803913
v 123.080353 -82.237328 37.684853
v 123.080360 82.205025 37.684822
v 123.441849 -82.237328 39.165428
v 123.441849 82.205025 39.165421
v 126.270248 -82.237328 34.634300
v 126.270248 82.205025 34.634274
v 127.733215 -82.237328 35.061523
v 127.733223 82.205025 35.061497
v 125.843025 -82.237328 36.097271
v 125.843025 82.205025 36.097244
v 127.306000 -82.237328 36.524490
v 127.306000 82.205025 36.524464
v 124.796104 -82.237328 31.809471
v 124.796104 82.205025 31.809444
v 125.897583 -82.237328 30.756111
v 125.897583 82.205025 30.756084
v 125.849464 -82.237328 32.910942
v 125.849472 82.205025 32.910915
v 126.950943 -82.237328 31.857590
v 126.950928 82.205025 31.857559
v 116.219025 -80.400978 46.358776
v 116.076424 80.368675 44.835739
v 118.438477 -80.400978 46.588181
v 118.889565 80.368675 45.126511
v 120.401192 -80.400978 47.649483
v 121.377296 80.368675 46.471695
v 121.808372 -80.400978 49.381088
v 123.160889 80.368675 48.666489
v 122.445793 -80.400978 51.519386
v 123.968788 80.368675 51.376762
v 122.216370 -80.400978 53.738838
v 123.678024 80.368675 54.189903
v 121.155090 -80.400978 55.701561
v 122.332863 80.368675 56.677639
v 119.423477 -80.400978 57.108749
v 120.138062 80.368675 58.461231
v 117.285179 -80.400978 57.746155
v 117.427773 80.368675 59.269135
v 115.065720 -80.400978 57.516750
v 114.614647 80.368675 58.978374
v 113.102997 -80.400978 56.455460
v 112.126900 80.368675 57.633186
v 111.695824 -80.400978 54.723846
v 110.343307 80.368675 55.438400
v 111.058411 -80.400978 52.585560
v 109.535408 80.368675 52.728127
v 111.287819 -80.400978 50.366093
v 109.826172 80.368675 49.914970
v 112.349106 -80.400978 48.403366
v 111.171349 80.368675 47.427238
v 114.080719 -80.400978 46.996193
v 113.366150 80.368675 45.643650
v 117.881424 80.368668 48.393181
v 116.395119 80.368668 48.239555
v 119.195786 80.368668 49.103897
v 120.138138 80.368668 50.263489
v 120.564987 80.368668 51.695450
v 120.411362 80.368668 53.181747
v 119.700638 80.368668 54.496136
v 118.541046 80.368668 55.438477
v 117.109085 80.368668 55.865334
v 115.622787 80.368668 55.711700
v 114.308411 80.368668 55.000992
v 113.366066 80.368668 53.841385
v 112.939217 80.368668 52.409431
v 113.092834 80.368668 50.923122
v 113.803558 80.368668 49.608749
v 114.963150 80.368668 48.666405
v 118.889565 83.373672 45.126511
v 116.076424 83.373672 44.835739
v 121.377296 83.373672 46.471695
v 123.160889 83.373672 48.666489
v 123.968788 83.373672 51.376762
v 123.678024 83.373672 54.189903
v 122.332863 83.373672 56.677639
v 120.138062 83.373672 58.461231
v 117.427773 83.373672 59.269135
v 114.614647 83.373672 58.978374
v 112.126900 83.373672 57.633186
v 110.343307 83.373672 55.438400
v 109.535408 83.373672 52.728127
v 109.826172 83.373672 49.914970
v 111.171349 83.373672 47.427238
v 113.366150 83.373672 45.643650
v 116.395111 -80.400970 48.239582
v 117.881416 -80.400970 48.393204
v 119.195778 -80.400970 49.103924
v 120.138138 -80.400970 50.263519
v 120.564980 -80.400970 51.695473
v 120.411354 -80.400970 53.181774
v 119.700638 -80.400970 54.496162
v 118.541039 -80.400970 55.438507
v 117.109085 -80.400970 55.865356
v 115.622787 -80.400970 55.711723
v 114.308411 -80.400970 55.001015
v 113.366074 -80.400970 53.841415
v 112.939209 -80.400970 52.409454
v 113.092834 -80.400970 50.923149
v 113.803551 -80.400970 49.608780
v 114.963150 -80.400970 48.666431
v 116.219025 -83.260574 46.358776
v 118.438477 -83.260574 46.588181
v 120.401199 -83.260574 47.649483
v 121.808372 -83.260574 49.381088
v 122.445793 -83.260574 51.519386
v 122.216370 -83.260574 53.738838
v 121.155090 -83.260574 55.701561
v 119.423477 -83.260574 57.108749
v 117.285179 -83.260574 57.746155
v 115.065720 -83.260574 57.516750
v 113.103004 -83.260574 56.455452
v 111.695824 -83.260574 54.723846
v 111.058411 -83.260574 52.585560
v 111.287819 -83.260574 50.366093
v 112.349106 -83.260574 48.403366
v 114.080719 -83.260574 46.996193
v 115.704979 -82.237328 49.043098
v 115.704979 82.205025 49.043072
v 115.562897 -82.237328 47.525669
v 115.562897 82.205025 47.525642
v 117.222412 -82.237328 48.901031
v 117.222412 82.205025 48.901005
v 117.080345 -82.237328 47.383591
v 117.080345 82.205025 47.383560
v 113.622345 -82.237328 51.454620
v 113.622345 82.205025 51.454590
v 112.237175 -82.237328 50.818947
v 112.237175 82.205025 50.818920
v 114.258026 -82.237328 50.069450
v 114.258034 82.205025 50.069424
v 112.872849 -82.237328 49.433769
v 112.872849 82.205025 49.433743
v 114.669479 -82.237328 54.463989
v 114.669479 82.205025 54.463966
v 113.426369 -82.237328 55.345749
v 113.426369 82.205025 55.345726
v 113.787720 -82.237328 53.220890
v 113.787720 82.205025 53.220863
v 112.544609 -82.237328 54.102646
v 112.544617 82.205025 54.102619
v 117.799225 -82.237328 55.061832
v 117.799225 82.205025 55.061806
v 117.941299 -82.237328 56.579277
v 117.941307 82.205025 56.579247
v 116.281776 -82.237328 55.203899
v 116.281792 82.205025 55.203873
v 116.423866 -82.237328 56.721340
v 116.423866 82.205025 56.721329
v 119.881851 -82.237328 52.650314
v 119.881851 82.205025 52.650284
v 121.267036 -82.237328 53.285995
v 121.267036 82.205025 53.285973
v 119.246162 -82.237328 54.035488
v 119.246170 82.205025 54.035461
v 120.631348 -82.237328 54.671165
v 120.631355 82.205025 54.671139
v 118.834717 -82.237328 49.640953
v 118.834724 82.205025 49.640923
v 120.077820 -82.237328 48.759186
v 120.077827 82.205025 48.759163
v 119.716469 -82.237328 50.884052
v 119.716476 82.205025 50.884026
v 120.959579 -82.237328 50.002300
v 120.959579 82.205025 50.002274
v 108.230629 -80.400978 62.786369
v 108.311302 80.368675 61.258804
v 110.393028 -80.400978 63.336487
v 111.052139 80.368675 61.956074
v 112.180305 -80.400978 64.672249
v 113.317490 80.368675 63.649139
v 113.320358 -80.400978 66.590294
v 114.762512 80.368675 66.080238
v 113.639656 -80.400978 68.798607
v 115.167191 80.368675 68.879257
v 113.089516 -80.400970 70.961014
v 114.469925 80.368683 71.620087
v 111.753777 -80.400970 72.748299
v 112.776871 80.368683 73.885452
v 109.835724 -80.400970 73.888359
v 110.345764 80.368683 75.330467
v 107.627411 -80.400970 74.207626
v 107.546738 80.368683 75.735146
v 105.465004 -80.400970 73.657516
v 104.805908 80.368683 75.037888
v 103.677727 -80.400970 72.321762
v 102.540543 80.368683 73.344818
v 102.537674 -80.400970 70.403717
v 101.095528 80.368683 70.913727
v 102.218391 -80.400970 68.195404
v 100.690849 80.368683 68.114700
v 102.768501 -80.400978 66.032997
v 101.388115 80.368675 65.373863
v 104.104263 -80.400978 64.245712
v 103.081177 80.368675 63.108505
v 106.022301 -80.400978 63.105656
v 105.512276 80.368675 61.663486
v 109.579094 80.368668 65.041145
v 108.130997 80.368668 64.672745
v 110.775978 80.368668 65.935661
v 111.539444 80.368668 67.220108
v 111.753242 80.368668 68.698952
v 111.384865 80.368675 70.147049
v 110.490341 80.368675 71.343941
v 109.205887 80.368675 72.107407
v 107.727036 80.368675 72.321213
v 106.278946 80.368675 71.952812
v 105.082062 80.368675 71.058304
v 104.318596 80.368675 69.773849
v 104.104790 80.368668 68.295006
v 104.473190 80.368668 66.846901
v 105.367699 80.368668 65.650017
v 106.652145 80.368668 64.886551
v 111.052139 83.373672 61.956074
v 108.311302 83.373672 61.258804
v 113.317490 83.373672 63.649139
v 114.762512 83.373672 66.080238
v 115.167191 83.373672 68.879257
v 114.469925 83.373680 71.620087
v 112.776871 83.373680 73.885452
v 110.345764 83.373680 75.330467
v 107.546738 83.373680 75.735146
v 104.805908 83.373680 75.037888
v 102.540543 83.373680 73.344818
v 101.095528 83.373680 70.913727
v 100.690849 83.373680 68.114700
v 101.388115 83.373672 65.373863
v 103.081177 83.373672 63.108505
v 105.512276 83.373672 61.663486
v 108.130989 -80.400970 64.672775
v 109.579086 -80.400970 65.041168
v 110.775970 -80.400970 65.935684
v 111.539444 -80.400970 67.220131
v 111.753242 -80.400970 68.698975
v 111.384850 -80.400963 70.147072
v 110.490334 -80.400963 71.343971
v 109.205872 -80.400963 72.107430
v 107.727028 -80.400963 72.321236
v 106.278946 -80.400963 71.952835
v 105.082054 -80.400963 71.058327
v 104.318596 -80.400963 69.773880
v 104.104782 -80.400970 68.295029
v 104.473183 -80.400970 66.846931
v 105.367691 -80.400970 65.650047
v 106.652138 -80.400970 64.886581
v 108.230629 -83.260574 62.786369
v 110.393028 -83.260574 63.336487
v 112.180305 -83.260574 64.672256
v 113.320358 -83.260574 66.590294
v 113.639656 -83.260574 68.798607
v 113.089516 -83.260567 70.961014
v 111.753777 -83.260567 72.748299
v 109.835724 -83.260567 73.888359
v 107.627411 -83.260567 74.207626
v 105.465004 -83.260567 73.657516
v 103.677727 -83.260567 72.321754
v 102.537674 -83.260567 70.403717
v 102.218391 -83.260567 68.195404
v 102.768501 -83.260574 66.032997
v 104.104263 -83.260574 64.245712
v 106.022301 -83.260574 63.105656
v 107.331215 -82.237328 65.367241
v 107.331215 82.205025 65.367218
v 107.411591 -82.237328 63.845299
v 107.411598 82.205025 63.845268
v 108.853165 -82.237328 65.447624
v 108.853172 82.205025 65.447601
v 108.933548 -82.237328 63.925674
v 108.933556 82.205025 63.925644
v 104.919662 -82.237328 67.449829
v 104.919670 82.205025 67.449806
v 103.641808 -82.237328 66.619247
v 103.641815 82.205025 66.619225
v 105.750252 -82.237328 66.171982
v 105.750259 82.205025 66.171951
v 104.472389 -82.237328 65.341385
v 104.472404 82.205025 65.341362
v 105.517464 -82.237320 70.579597
v 105.517471 82.205032 70.579575
v 104.159218 -82.237320 71.270966
v 104.159225 82.205032 71.270935
v 104.826103 -82.237320 69.221352
v 104.826111 82.205032 69.221329
v 103.467865 -82.237320 69.912720
v 103.467865 82.205032 69.912697
v 108.526817 -82.237320 71.626762
v 108.526825 82.205032 71.626740
v 108.446442 -82.237320 73.148720
v 108.446442 82.205032 73.148697
v 107.004868 -82.237320 71.546371
v 107.004868 82.205032 71.546349
v 106.924484 -82.237320 73.068329
v 106.924484 82.205032 73.068314
v 110.938370 -82.237320 69.544174
v 110.938370 82.205032 69.544144
v 112.216232 -82.237320 70.374763
v 112.216232 82.205032 70.374741
v 110.107773 -82.237320 70.822029
v 110.107773 82.205032 70.822006
v 111.385643 -82.237320 71.652618
v 111.385643 82.205032 71.652588
v 110.340561 -82.237328 66.414421
v 110.340569 82.205025 66.414391
v 111.698807 -82.237328 65.723053
v 111.698807 82.205025 65.723022
v 111.031921 -82.237328 67.772659
v 111.031929 82.205025 67.772629
v 112.390167 -82.237328 67.081299
v 112.390167 82.205025 67.081268
v 97.935486 -80.400970 77.875763
v 98.237724 80.368683 76.376221
v 99.994743 -80.400970 78.734863
v 100.847816 80.368683 77.465134
v 101.568481 -80.400970 80.316620
v 102.842522 80.368683 79.469994
v 102.417122 -80.400970 82.380219
v 103.918167 80.368683 82.085579
v 102.411469 -80.400970 84.611496
v 103.910995 80.368683 84.913696
v 101.552368 -80.400970 86.670753
v 102.822098 80.368683 87.523796
v 99.970619 -80.400970 88.244499
v 100.817230 80.368683 89.518501
v 97.907021 -80.400970 89.093147
v 98.201645 80.368683 90.594147
v 95.675743 -80.400970 89.087479
v 95.373535 80.368683 90.586975
v 93.616486 -80.400970 88.228378
v 92.763428 80.368683 89.498077
v 92.042740 -80.400970 86.646637
v 90.768723 80.368683 87.493210
v 91.194099 -80.400970 84.583031
v 89.693062 80.368683 84.877632
v 91.199753 -80.400970 82.351768
v 89.700249 80.368683 82.049515
v 92.058861 -80.400970 80.292496
v 90.789146 80.368683 79.439407
v 93.640617 -80.400970 78.718750
v 92.794006 80.368683 77.444695
v 95.704208 -80.400970 77.870110
v 95.409599 80.368683 76.369049
v 98.941284 80.368675 80.302849
v 97.562263 80.368675 79.727531
v 99.995171 80.368675 81.362099
v 100.563484 80.368675 82.744011
v 100.559692 80.368675 84.238235
v 99.984383 80.368675 85.617256
v 98.925125 80.368675 86.671158
v 97.543198 80.368675 87.239456
v 96.048981 80.368675 87.235672
v 94.669968 80.368675 86.660355
v 93.616074 80.368675 85.601112
v 93.047760 80.368675 84.219185
v 93.051552 80.368675 82.724960
v 93.626869 80.368675 81.345932
v 94.686111 80.368675 80.292053
v 96.068039 80.368675 79.723740
v 100.847816 83.373680 77.465134
v 98.237724 83.373680 76.376221
v 102.842522 83.373680 79.469994
v 103.918167 83.373680 82.085579
v 103.910995 83.373680 84.913696
v 102.822098 83.373680 87.523796
v 100.817230 83.373680 89.518501
v 98.201645 83.373680 90.594147
v 95.373535 83.373680 90.586975
v 92.763428 83.373680 89.498077
v 90.768723 83.373680 87.493210
v 89.693062 83.373680 84.877632
v 89.700249 83.373680 82.049515
v 90.789146 83.373680 79.439407
v 92.794006 83.373680 77.444695
v 95.409599 83.373680 76.369049
v 97.562256 -80.400963 79.727554
v 98.941277 -80.400963 80.302872
v 99.995163 -80.400963 81.362122
v 100.563477 -80.400963 82.744034
v 100.559685 -80.400963 84.238266
v 99.984375 -80.400963 85.617279
v 98.925117 -80.400963 86.671188
v 97.543182 -80.400963 87.239487
v 96.048973 -80.400963 87.235695
v 94.669952 -80.400963 86.660378
v 93.616058 -80.400963 85.601135
v 93.047760 -80.400963 84.219208
v 93.051537 -80.400963 82.724991
v 93.626862 -80.400963 81.345963
v 94.686104 -80.400963 80.292068
v 96.068031 -80.400963 79.723763
v 97.935486 -83.260567 77.875763
v 99.994743 -83.260567 78.734863
v 101.568489 -83.260567 80.316628
v 102.417122 -83.260567 82.380219
v 102.411469 -83.260567 84.611496
v 101.552368 -83.260567 86.670753
v 99.970619 -83.260567 88.244499
v 97.907021 -83.260567 89.093147
v 95.675743 -83.260567 89.087479
v 93.616486 -83.260567 88.228378
v 92.042740 -83.260567 86.646629
v 91.194099 -83.260567 84.583031
v 91.199753 -83.260567 82.351768
v 92.058861 -83.260567 80.292496
v 93.640617 -83.260567 78.718750
v 95.704208 -83.260567 77.870110
v 96.669884 -82.237320 80.298180
v 96.669891 82.205032 80.298149
v 96.970993 -82.237320 78.804153
v 96.971008 82.205032 78.804123
v 98.163910 -82.237320 80.599304
v 98.163918 82.205032 80.599274
v 98.465042 -82.237320 79.105270
v 98.465042 82.205032 79.105240
v 93.980797 -82.237320 82.007446
v 93.980812 82.205032 82.007423
v 92.837494 -82.237320 80.999664
v 92.837502 82.205032 80.999634
v 94.988586 -82.237320 80.864151
v 94.988602 82.205032 80.864120
v 93.845291 -82.237320 79.856354
v 93.845306 82.205032 79.856331
v 94.116547 -82.237320 85.190903
v 94.116547 82.205032 85.190872
v 92.672104 -82.237320 85.677132
v 92.672112 82.205032 85.677109
v 93.630302 -82.237320 83.746475
v 93.630310 82.205032 83.746445
v 92.185875 -82.237320 84.232704
v 92.185875 82.205032 84.232681
v 96.941345 -82.237320 86.665070
v 96.941353 82.205032 86.665054
v 96.640228 -82.237320 88.159111
v 96.640228 82.205032 88.159088
v 95.447319 -82.237320 86.363937
v 95.447327 82.205032 86.363922
v 95.146202 -82.237320 87.857971
v 95.146202 82.205032 87.857964
v 99.630432 -82.237320 84.955795
v 99.630440 82.205032 84.955780
v 100.773735 -82.237320 85.963608
v 100.773743 82.205032 85.963577
v 98.622627 -82.237320 86.099106
v 98.622643 82.205032 86.099075
v 99.765938 -82.237320 87.106903
v 99.765945 82.205032 87.106873
v 99.494690 -82.237320 81.772354
v 99.494698 82.205032 81.772331
v 100.939117 -82.237320 81.286125
v 100.939125 82.205032 81.286095
v 99.980919 -82.237320 83.216789
v 99.980934 82.205032 83.216766
v 101.425354 -82.237320 82.730560
v 101.425354 82.205032 82.730530
v 85.553017 -80.400970 91.305389
v 86.070366 80.368683 89.865837
v 87.465248 -80.400970 92.455170
v 88.494102 80.368683 91.323166
v 88.791908 -80.400970 94.249207
v 90.175636 80.368683 93.597099
v 89.331047 -80.400970 96.414383
v 90.858986 80.368683 96.341431
v 89.000580 -80.400970 98.621048
v 90.440125 80.368683 99.138367
v 87.850792 -80.400970 100.533272
v 88.982788 80.368683 101.562103
v 86.056763 -80.400970 101.859947
v 86.708862 80.368683 103.243645
v 83.891602 -80.400970 102.399086
v 83.964539 80.368683 103.926994
v 81.684921 -80.400970 102.068604
v 81.167587 80.368683 103.508118
v 79.772690 -80.400970 100.918831
v 78.743858 80.368683 102.050789
v 78.446030 -80.400970 99.124802
v 77.062317 80.368683 99.776863
v 77.906883 -80.400970 96.959625
v 76.378952 80.368683 97.032532
v 78.237358 -80.400970 94.752960
v 76.797844 80.368683 94.235596
v 79.387138 -80.400970 92.840729
v 78.255165 80.368683 91.811859
v 81.181183 -80.400970 91.514053
v 80.529099 80.368683 90.130310
v 83.346344 -80.400970 90.974922
v 83.273430 80.368683 89.446960
v 86.194710 80.368675 93.853050
v 84.914154 80.368675 93.083076
v 87.083138 80.368675 95.054459
v 87.444183 80.368675 96.504395
v 87.222870 80.368675 97.982147
v 86.452911 80.368675 99.262703
v 85.251488 80.368675 100.151154
v 83.801537 80.368675 100.512192
v 82.323807 80.368675 100.290878
v 81.043243 80.368675 99.520905
v 80.154816 80.368675 98.319496
v 79.793770 80.368675 96.869545
v 80.015076 80.368675 95.391815
v 80.785049 80.368675 94.111244
v 81.986465 80.368675 93.222809
v 83.436401 80.368675 92.861771
v 88.494102 83.373680 91.323166
v 86.070366 83.373680 89.865837
v 90.175636 83.373680 93.597099
v 90.858986 83.373680 96.341431
v 90.440125 83.373680 99.138367
v 88.982788 83.373680 101.562103
v 86.708862 83.373680 103.243645
v 83.964539 83.373680 103.926994
v 81.167587 83.373680 103.508118
v 78.743858 83.373680 102.050789
v 77.062317 83.373680 99.776863
v 76.378952 83.373680 97.032532
v 76.797844 83.373680 94.235596
v 78.255165 83.373680 91.811859
v 80.529099 83.373680 90.130310
v 83.273430 83.373680 89.446960
v 84.914139 -80.400963 93.083099
v 86.194702 -80.400963 93.853073
v 87.083130 -80.400963 95.054489
v 87.444176 -80.400963 96.504425
v 87.222862 -80.400963 97.982162
v 86.452896 -80.400963 99.262726
v 85.251480 -80.400963 100.151176
v 83.801529 -80.400963 100.512215
v 82.323792 -80.400963 100.290894
v 81.043236 -80.400963 99.520935
v 80.154800 -80.400963 98.319511
v 79.793762 -80.400963 96.869576
v 80.015068 -80.400963 95.391830
v 80.785042 -80.400963 94.111259
v 81.986450 -80.400963 93.222832
v 83.436394 -80.400963 92.861786
v 85.553017 -83.260567 91.305389
v 87.465248 -83.260567 92.455170
v 88.791916 -83.260567 94.249207
v 89.331047 -83.260567 96.414383
v 89.000580 -83.260567 98.621048
v 87.850792 -83.260567 100.533272
v 86.056763 -83.260567 101.859947
v 83.891602 -83.260567 102.399086
v 81.684921 -83.260567 102.068604
v 79.772690 -83.260567 100.918831
v 78.446030 -83.260567 99.124794
v 77.906883 -83.260567 96.959625
v 78.237358 -83.260567 94.752960
v 79.387138 -83.260567 92.840729
v 81.181183 -83.260567 91.514053
v 83.346344 -83.260567 90.974922
v 83.948196 -82.237320 93.517715
v 83.948204 82.205032 93.517693
v 84.463638 -82.237320 92.083450
v 84.463646 82.205032 92.083427
v 85.382462 -82.237320 94.033157
v 85.382469 82.205032 94.033142
v 85.897903 -82.237320 92.598892
v 85.897919 82.205032 92.598869
v 81.038902 -82.237320 94.817238
v 81.038910 82.205032 94.817207
v 80.054504 -82.237320 93.653717
v 80.054520 82.205032 93.653694
v 82.202415 -82.237320 93.832863
v 82.202431 82.205032 93.832832
v 81.218033 -82.237320 92.669334
v 81.218048 82.205032 92.669312
v 80.709671 -82.237320 97.986526
v 80.709686 82.205032 97.986496
v 79.209839 -82.237320 98.257263
v 79.209846 82.205032 98.257248
v 80.438934 -82.237320 96.486694
v 80.438942 82.205032 96.486671
v 78.939095 -82.237320 96.757431
v 78.939102 82.205032 96.757408
v 83.289734 -82.237320 99.856277
v 83.289757 82.205032 99.856262
v 82.774292 -82.237320 101.290550
v 82.774307 82.205032 101.290535
v 81.855476 -82.237320 99.340836
v 81.855492 82.205032 99.340813
v 81.340042 -82.237320 100.775101
v 81.340042 82.205032 100.775093
v 86.199036 -82.237320 98.556763
v 86.199043 82.205032 98.556740
v 87.183426 -82.237320 99.720291
v 87.183434 82.205032 99.720261
v 85.035515 -82.237320 99.541145
v 85.035522 82.205032 99.541122
v 86.019905 -82.237320 100.704666
v 86.019913 82.205032 100.704643
v 86.528259 -82.237320 95.387474
v 86.528267 82.205032 95.387451
v 88.028091 -82.237320 95.116730
v 88.028099 82.205032 95.116707
v 86.798996 -82.237320 96.887306
v 86.799004 82.205032 96.887283
v 88.298836 -82.237320 96.616577
v 88.298836 82.205032 96.616547
v 71.347099 -80.400970 102.789024
v 72.068527 80.368683 101.440140
v 73.071548 -80.400970 104.204971
v 74.254250 80.368683 103.234848
v 74.122856 -80.400970 106.173058
v 75.586784 80.368683 105.729378
v 74.340988 -80.400970 108.393654
v 75.863274 80.368683 108.543953
v 73.692757 -80.400970 110.528694
v 75.041634 80.368683 111.250099
v 72.276794 -80.400970 112.253128
v 73.246925 80.368683 113.435814
v 70.308716 -80.400970 113.304451
v 70.752396 80.368683 114.768356
v 68.088120 -80.400970 113.522598
v 67.937813 80.368683 115.044846
v 65.953087 -80.400970 112.874352
v 65.231667 80.368683 114.223183
v 64.228638 -80.400970 111.458405
v 63.045959 80.368683 112.428490
v 63.177322 -80.400970 109.490318
v 61.713413 80.368683 109.933960
v 62.959187 -80.400970 107.269730
v 61.436924 80.368683 107.119385
v 63.607433 -80.400970 105.134689
v 62.258579 80.368683 104.413246
v 65.023384 -80.400970 103.410248
v 64.053276 80.368683 102.227516
v 66.991463 -80.400970 102.358917
v 66.547806 80.368683 100.894981
v 69.212051 -80.400970 102.140785
v 69.362389 80.368683 100.618484
v 71.611008 80.368675 105.402977
v 70.456207 80.368675 104.454758
v 72.315041 80.368675 106.720940
v 72.461128 80.368675 108.207985
v 72.027016 80.368675 109.637764
v 71.078796 80.368675 110.792572
v 69.760826 80.368675 111.496620
v 68.273766 80.368675 111.642700
v 66.843994 80.368675 111.208588
v 65.689194 80.368675 110.260361
v 64.985161 80.368675 108.942398
v 64.839073 80.368675 107.455338
v 65.273193 80.368675 106.025574
v 66.221413 80.368675 104.870758
v 67.539368 80.368675 104.166718
v 69.026436 80.368675 104.020638
v 74.254250 83.373680 103.234848
v 72.068527 83.373680 101.440140
v 75.586784 83.373680 105.729378
v 75.863274 83.373680 108.543953
v 75.041634 83.373680 111.250099
v 73.246925 83.373680 113.435814
v 70.752396 83.373680 114.768349
v 67.937813 83.373680 115.044846
v 65.231667 83.373680 114.223183
v 63.045959 83.373680 112.428490
v 61.713413 83.373680 109.933960
v 61.436924 83.373680 107.119385
v 62.258579 83.373680 104.413246
v 64.053276 83.373680 102.227516
v 66.547806 83.373680 100.894981
v 69.362389 83.373680 100.618484
v 70.456192 -80.400963 104.454781
v 71.611000 -80.400963 105.403000
v 72.315033 -80.400963 106.720963
v 72.461121 -80.400963 108.208015
v 72.027000 -80.400963 109.637787
v 71.078781 -80.400963 110.792603
v 69.760818 -80.400963 111.496643
v 68.273758 -80.400963 111.642715
v 66.843979 -80.400963 111.208611
v 65.689186 -80.400963 110.260391
v 64.985153 -80.400963 108.942421
v 64.839066 -80.400963 107.455368
v 65.273170 -80.400963 106.025589
v 66.221397 -80.400963 104.870773
v 67.539360 -80.400963 104.166740
v 69.026421 -80.400963 104.020660
v 71.347099 -83.260567 102.789024
v 73.071548 -83.260567 104.204979
v 74.122864 -83.260567 106.173065
v 74.340988 -83.260567 108.393654
v 73.692757 -83.260567 110.528702
v 72.276794 -83.260567 112.253128
v 70.308716 -83.260567 113.304451
v 68.088120 -83.260567 113.522606
v 65.953087 -83.260567 112.874352
v 64.228638 -83.260567 111.458405
v 63.177330 -83.260567 109.490311
v 62.959187 -83.260567 107.269730
v 63.607433 -83.260567 105.134689
v 65.023384 -83.260567 103.410248
v 66.991463 -83.260567 102.358917
v 69.212051 -83.260567 102.140785
v 69.437256 -82.237320 104.744110
v 69.437279 82.205032 104.744087
v 70.156029 -82.237320 103.400192
v 70.156052 82.205032 103.400162
v 70.781189 -82.237320 105.462906
v 70.781197 82.205032 105.462875
v 71.499977 -82.237320 104.118965
v 71.499985 82.205032 104.118942
v 66.369759 -82.237320 105.606201
v 66.369766 82.205032 105.606171
v 65.565269 -82.237320 104.311737
v 65.565277 82.205032 104.311722
v 67.664200 -82.237320 104.801704
v 67.664215 82.205032 104.801682
v 66.859726 -82.237320 103.507263
v 66.859734 82.205032 103.507233
v 65.582588 -82.237320 108.693764
v 65.582596 82.205032 108.693741
v 64.059319 -82.237320 108.743248
v 64.059326 82.205032 108.743225
v 65.533104 -82.237320 107.170494
v 65.533112 82.205032 107.170479
v 64.009834 -82.237320 107.219978
v 64.009842 82.205032 107.219955
v 67.862915 -82.237320 110.919266
v 67.862930 82.205032 110.919250
v 67.144127 -82.237320 112.263199
v 67.144135 82.205032 112.263176
v 66.518990 -82.237320 110.200478
v 66.518997 82.205032 110.200462
v 65.800209 -82.237320 111.544411
v 65.800209 82.205032 111.544395
v 70.930428 -82.237320 110.057182
v 70.930435 82.205032 110.057159
v 71.734909 -82.237320 111.351646
v 71.734924 82.205032 111.351624
v 69.635971 -82.237320 110.861671
v 69.635979 82.205032 110.861649
v 70.440453 -82.237320 112.156120
v 70.440475 82.205032 112.156105
v 71.717590 -82.237320 106.969620
v 71.717598 82.205032 106.969597
v 73.240860 -82.237320 106.920135
v 73.240868 82.205032 106.920105
v 71.767067 -82.237320 108.492882
v 71.767082 82.205032 108.492867
v 73.290337 -82.237320 108.443405
v 73.290352 82.205032 108.443382
v 55.620579 -80.400970 112.081879
v 56.530720 80.368683 110.852402
v 57.120476 -80.400970 113.733818
v 58.431831 80.368683 112.946220
v 57.874031 -80.400970 115.834000
v 59.386959 80.368683 115.608185
v 57.766525 -80.400970 118.062683
v 59.250698 80.368683 118.433037
v 56.814323 -80.400970 120.080589
v 58.043789 80.368683 120.990707
v 55.162376 -80.400970 121.580490
v 55.949966 80.368683 122.891815
v 53.062202 -80.400970 122.334053
v 53.288006 80.368683 123.846947
v 50.833511 -80.400970 122.226555
v 50.463158 80.368683 123.710686
v 48.815609 -80.400970 121.274338
v 47.905479 80.368683 122.503777
v 47.315704 -80.400970 119.622398
v 46.004372 80.368683 120.409958
v 46.562138 -80.400970 117.522224
v 45.049240 80.368683 117.747993
v 46.669655 -80.400970 115.293533
v 45.185501 80.368683 114.923141
v 47.621853 -80.400970 113.275627
v 46.392410 80.368683 112.365479
v 49.273796 -80.400970 111.775726
v 48.486233 80.368683 110.464355
v 51.373978 -80.400970 111.022163
v 51.148201 80.368683 109.509232
v 53.602669 -80.400970 111.129677
v 53.973049 80.368683 109.645493
v 55.501076 80.368675 114.706390
v 54.496639 80.368675 113.600136
v 56.005714 80.368675 116.112816
v 55.933723 80.368675 117.605293
v 55.296059 80.368675 118.956619
v 54.189812 80.368675 119.961060
v 52.783367 80.368675 120.465706
v 51.290890 80.368675 120.393707
v 49.939560 80.368675 119.756042
v 48.935131 80.368675 118.649788
v 48.430492 80.368675 117.243370
v 48.502480 80.368675 115.750885
v 49.140152 80.368675 114.399551
v 50.246410 80.368675 113.395111
v 51.652832 80.368675 112.890472
v 53.145309 80.368675 112.962456
v 58.431831 83.373680 112.946220
v 56.530720 83.373680 110.852402
v 59.386959 83.373680 115.608185
v 59.250698 83.373680 118.433037
v 58.043789 83.373680 120.990707
v 55.949966 83.373680 122.891815
v 53.288006 83.373680 123.846947
v 50.463158 83.373680 123.710686
v 47.905479 83.373680 122.503777
v 46.004372 83.373680 120.409950
v 45.049240 83.373680 117.747993
v 45.185501 83.373680 114.923141
v 46.392410 83.373680 112.365479
v 48.486233 83.373680 110.464355
v 51.148201 83.373680 109.509232
v 53.973049 83.373680 109.645493
v 54.496624 -80.400963 113.600151
v 55.501068 -80.400963 114.706406
v 56.005703 -80.400963 116.112839
v 55.933716 -80.400963 117.605324
v 55.296040 -80.400963 118.956635
v 54.189796 -80.400963 119.961082
v 52.783356 -80.400963 120.465729
v 51.290871 -80.400963 120.393730
v 49.939548 -80.400963 119.756058
v 48.935112 -80.400963 118.649818
v 48.430477 -80.400963 117.243378
v 48.502472 -80.400963 115.750908
v 49.140133 -80.400963 114.399567
v 50.246395 -80.400963 113.395126
v 51.652817 -80.400963 112.890495
v 53.145302 -80.400963 112.962486
v 55.620579 -83.260567 112.081879
v 57.120476 -83.260567 113.733818
v 57.874031 -83.260567 115.834000
v 57.766525 -83.260567 118.062683
v 56.814323 -83.260567 120.080597
v 55.162376 -83.260567 121.580490
v 53.062202 -83.260567 122.334053
v 50.833511 -83.260567 122.226555
v 48.815609 -83.260567 121.274338
v 47.315704 -83.260567 119.622398
v 46.562149 -83.260567 117.522217
v 46.669655 -83.260567 115.293533
v 47.621853 -83.260567 113.275635
v 49.273796 -83.260567 111.775726
v 51.373978 -83.260567 111.022163
v 53.602669 -83.260567 111.129677
v 53.446434 -82.237320 113.738045
v 53.446442 82.205032 113.738029
v 54.353218 -82.237320 112.513092
v 54.353226 82.205032 112.513077
v 54.671383 -82.237320 114.644859
v 54.671394 82.205032 114.644829
v 55.578186 -82.237320 113.419899
v 55.578194 82.205032 113.419876
v 50.286095 -82.237320 114.144310
v 50.286102 82.205032 114.144295
v 49.678650 -82.237320 112.746521
v 49.678661 82.205032 112.746498
v 51.683884 -82.237320 113.536865
v 51.683895 82.205032 113.536842
v 51.076439 -82.237320 112.139084
v 51.076454 82.205032 112.139069
v 49.057755 -82.237320 117.084366
v 49.057774 82.205032 117.084351
v 47.543507 -82.237320 116.911530
v 47.543526 82.205032 116.911514
v 49.230591 -82.237320 115.570129
v 49.230602 82.205032 115.570107
v 47.716351 -82.237320 115.397285
v 47.716362 82.205032 115.397263
v 50.989746 -82.237320 119.618172
v 50.989765 82.205032 119.618149
v 50.082947 -82.237320 120.843124
v 50.082962 82.205032 120.843109
v 49.764797 -82.237320 118.711357
v 49.764816 82.205032 118.711342
v 48.858002 -82.237320 119.936310
v 48.858002 82.205032 119.936295
v 54.150089 -82.237320 119.211906
v 54.150097 82.205032 119.211884
v 54.757530 -82.237320 120.609695
v 54.757538 82.205032 120.609680
v 52.752296 -82.237320 119.819344
v 52.752312 82.205032 119.819328
v 53.359741 -82.237320 121.217133
v 53.359753 82.205032 121.217117
v 55.378414 -82.237320 116.271858
v 55.378426 82.205032 116.271828
v 56.892666 -82.237320 116.444687
v 56.892677 82.205032 116.444656
v 55.205582 -82.237320 117.786087
v 55.205597 82.205032 117.786072
v 56.719818 -82.237320 117.958939
v 56.719830 82.205032 117.958916
v 38.708603 -80.400963 118.985870
v 39.788059 80.368690 117.902016
v 39.951996 -80.400963 120.838593
v 41.364048 80.368690 120.250328
v 40.391727 -80.400963 123.026115
v 41.921406 80.368690 123.022995
v 39.960861 -80.400963 125.215393
v 41.375298 80.368690 125.797890
v 38.725006 -80.400963 127.073166
v 39.808853 80.368690 128.152573
v 36.872276 -80.400963 128.316544
v 37.460545 80.368690 129.728577
v 34.684761 -80.400963 128.756287
v 34.687881 80.368690 130.285934
v 32.495472 -80.400963 128.325439
v 31.912979 80.368690 129.739838
v 30.637720 -80.400963 127.089569
v 29.558289 80.368690 128.173370
v 29.394321 -80.400963 125.236847
v 27.982294 80.368690 125.825073
v 28.954582 -80.400963 123.049324
v 27.424929 80.368690 123.052399
v 29.385445 -80.400963 120.860039
v 27.971033 80.368690 120.277504
v 30.621304 -80.400963 119.002289
v 29.537487 80.368690 117.922821
v 32.474030 -80.400963 117.758881
v 31.885801 80.368690 116.346825
v 34.661560 -80.400963 117.319138
v 34.658466 80.368690 115.789452
v 36.850842 -80.400963 117.750008
v 37.433365 80.368690 116.335564
v 38.208248 80.368683 121.565018
v 37.375580 80.368683 120.324310
v 38.502716 80.368683 123.029930
v 38.214199 80.368683 124.496017
v 37.386570 80.368683 125.740112
v 36.145859 80.368683 126.572769
v 34.680939 80.368683 126.867256
v 33.214836 80.368683 126.578720
v 31.970757 80.368683 125.751099
v 31.138100 80.368683 124.510376
v 30.843616 80.368683 123.045471
v 31.132149 80.368683 121.579376
v 31.959772 80.368683 120.335297
v 33.200493 80.368683 119.502625
v 34.665398 80.368683 119.208145
v 36.131500 80.368683 119.496674
v 41.364048 83.373688 120.250328
v 39.788059 83.373688 117.902016
v 41.921406 83.373688 123.022995
v 41.375298 83.373688 125.797890
v 39.808853 83.373688 128.152573
v 37.460545 83.373688 129.728577
v 34.687881 83.373688 130.285934
v 31.912979 83.373688 129.739822
v 29.558289 83.373688 128.173370
v 27.982294 83.373688 125.825073
v 27.424929 83.373688 123.052399
v 27.971033 83.373688 120.277504
v 29.537487 83.373688 117.922821
v 31.885801 83.373688 116.346817
v 34.658466 83.373688 115.789452
v 37.433365 83.373688 116.335564
v 37.375565 -80.400955 120.324326
v 38.208229 -80.400955 121.565033
v 38.502705 -80.400955 123.029945
v 38.214184 -80.400955 124.496048
v 37.386559 -80.400955 125.740120
v 36.145844 -80.400955 126.572784
v 34.680923 -80.400955 126.867271
v 33.214821 -80.400955 126.578735
v 31.970741 -80.400955 125.751114
v 31.138086 -80.400955 124.510406
v 30.843603 -80.400955 123.045486
v 31.132135 -80.400955 121.579399
v 31.959757 -80.400955 120.335304
v 33.200478 -80.400955 119.502640
v 34.665390 -80.400955 119.208160
v 36.131481 -80.400955 119.496689
v 38.708603 -83.260559 118.985870
v 39.951996 -83.260559 120.838593
v 40.391731 -83.260559 123.026123
v 39.960861 -83.260559 125.215401
v 38.725006 -83.260559 127.073166
v 36.872276 -83.260559 128.316544
v 34.684761 -83.260559 128.756287
v 32.495472 -83.260559 128.325439
v 30.637720 -83.260559 127.089569
v 29.394321 -83.260559 125.236847
v 28.954586 -83.260559 123.049324
v 29.385445 -83.260559 120.860039
v 30.621304 -83.260559 119.002289
v 32.474030 -83.260559 117.758888
v 34.661560 -83.260559 117.319138
v 36.850842 -83.260559 117.750008
v 36.316483 -82.237312 120.307831
v 36.316498 82.205040 120.307816
v 37.391968 -82.237312 119.227966
v 37.391983 82.205040 119.227959
v 37.396347 -82.237312 121.383324
v 37.396362 82.205040 121.383316
v 38.471848 -82.237312 120.303467
v 38.471859 82.205040 120.303444
v 33.130672 -82.237312 120.249619
v 33.130684 82.205040 120.249596
v 32.733219 -82.237312 118.778282
v 32.733238 82.205040 118.778267
v 34.602009 -82.237312 119.852173
v 34.602020 82.205040 119.852158
v 34.204563 -82.237312 118.380836
v 34.204582 82.205040 118.380821
v 31.487352 -82.237312 122.979507
v 31.487366 82.205040 122.979477
v 30.014406 -82.237312 122.588028
v 30.014423 82.205040 122.588013
v 31.878820 -82.237312 121.506569
v 31.878836 82.205040 121.506546
v 30.405878 -82.237312 121.115089
v 30.405891 82.205040 121.115074
v 33.029835 -82.237312 125.767593
v 33.029850 82.205040 125.767578
v 31.954334 -82.237312 126.847473
v 31.954350 82.205040 126.847450
v 31.949970 -82.237312 124.692101
v 31.949986 82.205040 124.692085
v 30.874479 -82.237312 125.771973
v 30.874479 82.205040 125.771965
v 36.215645 -82.237312 125.825813
v 36.215652 82.205040 125.825806
v 36.613083 -82.237312 127.297165
v 36.613102 82.205040 127.297142
v 34.744301 -82.237312 126.223251
v 34.744316 82.205040 126.223244
v 35.141750 -82.237312 127.694603
v 35.141766 82.205040 127.694588
v 37.858963 -82.237312 123.095947
v 37.858974 82.205040 123.095917
v 39.331902 -82.237312 123.487404
v 39.331917 82.205040 123.487389
v 37.467484 -82.237312 124.568878
v 37.467503 82.205040 124.568855
v 38.940422 -82.237312 124.960358
v 38.940437 82.205040 124.960335
v 20.971626 -80.400963 123.353905
v 22.197378 80.368690 122.438774
v 21.932007 -80.400963 125.367912
v 23.414661 80.368690 124.991524
v 22.048548 -80.400963 127.596153
v 23.562378 80.368690 127.815788
v 21.303511 -80.400963 129.699371
v 22.618057 80.368690 130.481613
v 19.810333 -80.400963 131.357407
v 20.725462 80.368690 132.583130
v 17.796309 -80.400963 132.317780
v 18.172712 80.368690 133.800400
v 15.568079 -80.400963 132.434326
v 15.348446 80.368690 133.948120
v 13.464848 -80.400963 131.689301
v 12.682627 80.368690 133.003815
v 11.806841 -80.400963 130.196106
v 10.581106 80.368690 131.111206
v 10.846449 -80.400963 128.182083
v 9.363827 80.368690 128.558456
v 10.729900 -80.400963 125.953857
v 9.216103 80.368690 125.734192
v 11.474939 -80.400963 123.850632
v 10.160416 80.368690 123.068375
v 12.968115 -80.400963 122.192627
v 12.053020 80.368690 120.966858
v 14.982140 -80.400963 121.232239
v 14.605776 80.368690 119.749573
v 17.210377 -80.400963 121.115685
v 17.430044 80.368690 119.601845
v 19.313602 -80.400963 121.860718
v 20.095861 80.368690 120.546165
v 20.101067 80.368683 125.832703
v 19.457924 80.368683 124.483978
v 20.179110 80.368683 127.324890
v 19.680199 80.368683 128.733353
v 18.680252 80.368683 129.843674
v 17.331530 80.368683 130.486816
v 15.839338 80.368683 130.564865
v 14.430874 80.368683 130.065933
v 13.320555 80.368683 129.066010
v 12.677420 80.368683 127.717270
v 12.599367 80.368683 126.225098
v 13.098289 80.368683 124.816628
v 14.098230 80.368683 123.706306
v 15.446966 80.368683 123.063164
v 16.939144 80.368683 122.985115
v 18.347603 80.368683 123.484032
v 23.414661 83.373688 124.991524
v 22.197378 83.373688 122.438774
v 23.562378 83.373688 127.815788
v 22.618057 83.373688 130.481613
v 20.725462 83.373688 132.583130
v 18.172712 83.373688 133.800400
v 15.348446 83.373688 133.948120
v 12.682627 83.373688 133.003815
v 10.581106 83.373688 131.111206
v 9.363827 83.373688 128.558456
v 9.216103 83.373688 125.734192
v 10.160416 83.373688 123.068375
v 12.053020 83.373688 120.966858
v 14.605776 83.373688 119.749573
v 17.430044 83.373688 119.601845
v 20.095861 83.373688 120.546165
v 19.457912 -80.400955 124.484001
v 20.101055 -80.400955 125.832726
v 20.179096 -80.400955 127.324905
v 19.680183 -80.400955 128.733368
v 18.680241 -80.400955 129.843674
v 17.331514 -80.400955 130.486832
v 15.839321 -80.400955 130.564880
v 14.430861 -80.400955 130.065948
v 13.320539 -80.400955 129.066010
v 12.677404 -80.400955 127.717293
v 12.599354 -80.400955 126.225113
v 13.098276 -80.400955 124.816658
v 14.098219 -80.400955 123.706322
v 15.446949 -80.400955 123.063179
v 16.939129 -80.400955 122.985138
v 18.347589 -80.400955 123.484055
v 20.971626 -83.260559 123.353905
v 21.932007 -83.260559 125.367912
v 22.048546 -83.260559 127.596161
v 21.303511 -83.260559 129.699371
v 19.810333 -83.260559 131.357407
v 17.796309 -83.260559 132.317780
v 15.568079 -83.260559 132.434326
v 13.464848 -83.260559 131.689301
v 11.806841 -83.260559 130.196106
v 10.846449 -83.260559 128.182083
v 10.729908 -83.260559 125.953857
v 11.474939 -83.260559 123.850632
v 12.968115 -83.260559 122.192627
v 14.982140 -83.260559 121.232239
v 17.210377 -83.260559 121.115685
v 19.313602 -83.260559 121.860718
v 18.412512 -82.237312 124.313484
v 18.412529 82.205040 124.313469
v 19.633766 -82.237312 123.401726
v 19.633778 82.205040 123.401703
v 19.324278 -82.237312 125.534752
v 19.324289 82.205040 125.534737
v 20.545542 -82.237312 124.622986
v 20.545559 82.205040 124.622963
v 15.269133 -82.237312 123.792023
v 15.269148 82.205040 123.792007
v 15.090147 -82.237312 122.278503
v 15.090162 82.205040 122.278481
v 16.782654 -82.237312 123.613052
v 16.782671 82.205040 123.613037
v 16.603676 -82.237312 122.099518
v 16.603691 82.205040 122.099510
v 13.245846 -82.237312 126.253555
v 13.245859 82.205040 126.253540
v 11.845596 -82.237312 125.651787
v 11.845615 82.205040 125.651779
v 13.847610 -82.237312 124.853310
v 13.847622 82.205040 124.853294
v 12.447361 -82.237312 124.251549
v 12.447378 82.205040 124.251526
v 14.365946 -82.237312 129.236526
v 14.365959 82.205040 129.236511
v 13.144678 -82.237312 130.148300
v 13.144693 82.205040 130.148285
v 13.454182 -82.237312 128.015259
v 13.454197 82.205040 128.015244
v 12.232920 -82.237312 128.927032
v 12.232920 82.205040 128.927017
v 17.509323 -82.237312 129.757980
v 17.509340 82.205040 129.757965
v 17.688305 -82.237312 131.271515
v 17.688320 82.205040 131.271500
v 15.995794 -82.237312 129.936966
v 15.995810 82.205040 129.936951
v 16.174784 -82.237312 131.450485
v 16.174795 82.205040 131.450470
v 19.532600 -82.237312 127.296463
v 19.532618 82.205040 127.296440
v 20.932852 -82.237312 127.898224
v 20.932867 82.205040 127.898201
v 18.930840 -82.237312 128.696701
v 18.930855 82.205040 128.696686
v 20.331081 -82.237312 129.298477
v 20.331095 82.205040 129.298447
v 2.787670 -80.400963 125.092857
v 4.133610 80.368690 124.365952
v 3.444572 -80.400963 127.225243
v 4.966236 80.368690 127.068726
v 3.235441 -80.400963 129.446701
v 4.701160 80.368690 129.884415
v 2.192110 -80.400963 131.419037
v 3.378759 80.368690 132.384338
v 0.473438 -80.400963 132.841980
v 1.200348 80.368690 134.187881
v -1.658958 -80.400963 133.498871
v -1.502436 80.368690 135.020508
v -3.880413 -80.400963 133.289749
v -4.318117 80.368690 134.755447
v -5.852750 -80.400963 132.246429
v -6.818033 80.368690 133.433029
v -7.275680 -80.400963 130.527756
v -8.621593 80.368690 131.254623
v -7.932593 -80.400963 128.395355
v -9.454219 80.368690 128.551849
v -7.723466 -80.400963 126.173897
v -9.189152 80.368690 125.736168
v -6.680140 -80.400963 124.201569
v -7.866757 80.368690 123.236244
v -4.961465 -80.400963 122.778633
v -5.688337 80.368690 121.432693
v -2.829071 -80.400963 122.121719
v -2.985546 80.368690 120.600060
v -0.607607 -80.400963 122.330849
v -0.169863 80.368690 120.865128
v 1.364723 -80.400963 123.374176
v 2.330051 80.368690 122.187531
v 1.565475 80.368683 127.418495
v 1.125563 80.368683 125.990501
v 1.425426 80.368683 128.906143
v 0.726755 80.368683 130.226944
v -0.424196 80.368683 131.179840
v -1.852196 80.368683 131.619766
v -3.339848 80.368683 131.479721
v -4.660656 80.368683 130.781021
v -5.613554 80.368683 129.630081
v -6.053457 80.368683 128.202087
v -5.913415 80.368683 126.714439
v -5.214735 80.368683 125.393623
v -4.063782 80.368683 124.440735
v -2.635782 80.368683 124.000809
v -1.148140 80.368683 124.140862
v 0.172668 80.368683 124.839539
v 4.966236 83.373688 127.068726
v 4.133610 83.373688 124.365952
v 4.701160 83.373688 129.884415
v 3.378759 83.373688 132.384338
v 1.200348 83.373688 134.187881
v -1.502436 83.373688 135.020508
v -4.318117 83.373688 134.755447
v -6.818033 83.373688 133.433029
v -8.621593 83.373688 131.254623
v -9.454219 83.373688 128.551849
v -9.189152 83.373688 125.736168
v -7.866757 83.373688 123.236244
v -5.688337 83.373688 121.432693
v -2.985546 83.373688 120.600060
v -0.169863 83.373688 120.865128
v 2.330051 83.373688 122.187531
v 1.125546 -80.400955 125.990517
v 1.565454 -80.400955 127.418510
v 1.425406 -80.400955 128.906158
v 0.726736 -80.400955 130.226959
v -0.424219 -80.400955 131.179855
v -1.852213 -80.400955 131.619766
v -3.339865 -80.400955 131.479736
v -4.660677 -80.400955 130.781052
v -5.613570 -80.400955 129.630096
v -6.053476 -80.400955 128.202103
v -5.913431 -80.400955 126.714447
v -5.214754 -80.400955 125.393646
v -4.063801 -80.400955 124.440742
v -2.635801 -80.400955 124.000832
v -1.148161 -80.400955 124.140877
v 0.172649 -80.400955 124.839561
v 2.787670 -83.260559 125.092857
v 3.444572 -83.260559 127.225243
v 3.235441 -83.260559 129.446716
v 2.192110 -83.260559 131.419037
v 0.473438 -83.260559 132.841980
v -1.658958 -83.260559 133.498871
v -3.880413 -83.260559 133.289749
v -5.852750 -83.260559 132.246429
v -7.275680 -83.260559 130.527756
v -7.932593 -83.260559 128.395355
v -7.723459 -83.260559 126.173897
v -6.680140 -83.260559 124.201569
v -4.961465 -83.260559 122.778633
v -2.829071 -83.260559 122.121719
v -0.607607 -83.260559 122.330849
v 1.364723 -83.260559 123.374176
v 0.116116 -82.237312 125.669609
v 0.116135 82.205040 125.669594
v 1.457106 -82.237312 124.945366
v 1.457127 82.205040 124.945351
v 0.840343 -82.237312 127.010612
v 0.840364 82.205040 127.010597
v 2.181351 -82.237312 126.286377
v 2.181370 82.205040 126.286354
v -2.917843 -82.237312 124.696022
v -2.917826 82.205040 124.696007
v -2.874554 -82.237312 123.172569
v -2.874535 82.205040 123.172554
v -1.394390 -82.237312 124.739319
v -1.394371 82.205040 124.739311
v -1.351093 -82.237312 123.215866
v -1.351072 82.205040 123.215851
v -5.277968 -82.237312 126.836731
v -5.277950 82.205040 126.836708
v -6.575676 -82.237312 126.037498
v -6.575660 82.205040 126.037483
v -4.478743 -82.237312 125.539024
v -4.478728 82.205040 125.539009
v -5.776452 -82.237312 124.739792
v -5.776436 82.205040 124.739777
v -4.604134 -82.237312 129.950989
v -4.604115 82.205040 129.950989
v -5.945140 -82.237312 130.675232
v -5.945125 82.205040 130.675232
v -5.328362 -82.237312 128.609985
v -5.328345 82.205040 128.609985
v -6.669360 -82.237312 129.334229
v -6.669358 82.205040 129.334213
v -1.570175 -82.237312 130.924576
v -1.570156 82.205040 130.924576
v -1.613474 -82.237312 132.448044
v -1.613453 82.205040 132.448013
v -3.093636 -82.237312 130.881271
v -3.093616 82.205040 130.881271
v -3.136925 -82.237312 132.404724
v -3.136908 82.205040 132.404724
v 0.789940 -82.237312 128.783875
v 0.789961 82.205040 128.783859
v 2.087650 -82.237312 129.583115
v 2.087669 82.205040 129.583099
v -0.009283 -82.237312 130.081573
v -0.009264 82.205040 130.081558
v 1.288418 -82.237312 130.880814
v 1.288437 82.205040 130.880798
vn 0.9884 -0.0000 -0.1521
vn 0.9713 -0.0000 0.2377
vn 0.8064 -0.0000 0.5913
vn 0.5188 -0.0000 0.8549
vn 0.1521 -0.0000 0.9884
vn -0.2377 -0.0000 0.9713
vn -0.5913 -0.0000 0.8064
vn -0.8549 -0.0000 0.5188
vn -0.9884 -0.0000 0.1521
vn -0.9713 -0.0000 -0.2377
vn -0.8064 -0.0000 -0.5913
vn -0.5188 -0.0000 -0.8549
vn -0.1521 -0.0000 -0.9884
vn 0.2377 -0.0000 -0.9713
vn 0.5913 -0.0000 -0.8064
vn 0.8549 -0.0000 -0.5188
vn -0.0000 -1.0000 -0.0000
vn -0.0000 1.0000 -0.0000
vn -0.3420 -0.0000 -0.9397
vn 0.9397 -0.0000 -0.3420
vn 0.3420 -0.0000 0.9397
vn -0.9397 -0.0000 0.3420
vn -0.9848 -0.0000 -0.1736
vn 0.1737 -0.0000 -0.9848
vn 0.9848 -0.0000 0.1736
vn -0.1737 -0.0000 0.9848
vn -0.6428 -0.0000 0.7660
vn -0.7660 -0.0000 -0.6428
vn 0.6428 -0.0000 -0.7660
vn 0.7660 -0.0000 0.6428
vn 1.0000 -0.0000 -0.0066
vn 0.9264 -0.0000 0.3766
vn 0.7118 -0.0000 0.7024
vn 0.3888 -0.0000 0.9213
vn 0.0066 -0.0000 1.0000
vn -0.3766 -0.0000 0.9264
vn -0.7024 -0.0000 0.7118
vn -0.9213 -0.0000 0.3888
vn -1.0000 -0.0000 0.0066
vn -0.9264 -0.0000 -0.3766
vn -0.7118 -0.0000 -0.7024
vn -0.3888 -0.0000 -0.9213
vn -0.0066 -0.0000 -1.0000
vn 0.3766 -0.0000 -0.9264
vn 0.7024 -0.0000 -0.7118
vn 0.9213 -0.0000 -0.3888
vn -0.2016 -0.0000 -0.9795
vn 0.9795 -0.0000 -0.2016
vn 0.2016 -0.0000 0.9795
vn -0.9795 -0.0000 0.2015
vn -0.9490 -0.0000 -0.3152
vn 0.3152 -0.0000 -0.9490
vn 0.9490 -0.0000 0.3152
vn -0.3152 -0.0000 0.9490
vn -0.7475 -0.0000 0.6643
vn -0.6643 -0.0000 -0.7475
vn 0.7475 -0.0000 -0.6643
vn 0.6643 -0.0000 0.7475
vn 0.9795 -0.0000 -0.2015
vn 0.9903 -0.0000 0.1391
vn 0.8617 -0.0000 0.5075
vn 0.6019 -0.0000 0.7986
vn 0.2505 -0.0000 0.9681
vn -0.1391 -0.0000 0.9903
vn -0.5075 -0.0000 0.8617
vn -0.7986 -0.0000 0.6019
vn -0.9681 -0.0000 0.2505
vn -0.9903 -0.0000 -0.1391
vn -0.8617 -0.0000 -0.5074
vn -0.6019 -0.0000 -0.7986
vn -0.2505 -0.0000 -0.9681
vn 0.1391 -0.0000 -0.9903
vn 0.5074 -0.0000 -0.8617
vn 0.7986 -0.0000 -0.6019
vn 0.9681 -0.0000 -0.2505
vn 0.5075 -0.0000 -0.8617
vn -0.8617 -0.0000 -0.5075
vn -0.5074 -0.0000 0.8617
vn -0.0568 -0.0000 -0.9984
vn 0.9984 -0.0000 -0.0568
vn 0.0568 -0.0000 0.9984
vn -0.9984 -0.0000 0.0568
vn -0.8930 -0.0000 -0.4500
vn 0.4500 -0.0000 -0.8930
vn 0.8930 -0.0000 0.4500
vn -0.4500 -0.0000 0.8930
vn -0.8362 -0.0000 0.5484
vn -0.5484 -0.0000 -0.8362
vn 0.8362 -0.0000 -0.5484
vn 0.5484 -0.0000 0.8362
vn 0.9595 -0.0000 0.2818
vn 0.7786 -0.0000 0.6275
vn 0.4792 -0.0000 0.8777
vn 0.1069 -0.0000 0.9943
vn -0.2818 -0.0000 0.9595
vn -0.6275 -0.0000 0.7786
vn -0.8777 -0.0000 0.4792
vn -0.9943 -0.0000 0.1069
vn -0.9595 -0.0000 -0.2818
vn -0.7786 -0.0000 -0.6275
vn -0.4792 -0.0000 -0.8777
vn -0.1069 -0.0000 -0.9943
vn 0.2818 -0.0000 -0.9595
vn 0.6275 -0.0000 -0.7786
vn 0.8777 -0.0000 -0.4792
vn 0.9943 -0.0000 -0.1068
vn -0.9943 -0.0000 0.1068
vn 0.1068 -0.0000 0.9943
vn -0.1068 -0.0000 -0.9943
vn 0.9943 -0.0000 -0.1069
vn 0.0892 -0.0000 -0.9960
vn 0.9960 -0.0000 0.0892
vn -0.0892 -0.0000 0.9960
vn -0.9960 -0.0000 -0.0892
vn -0.8180 -0.0000 -0.5752
vn 0.5752 -0.0000 -0.8180
vn 0.8180 -0.0000 0.5752
vn -0.5752 -0.0000 0.8180
vn -0.9072 -0.0000 0.4208
vn -0.4208 -0.0000 -0.9072
vn 0.9072 -0.0000 -0.4208
vn 0.4208 -0.0000 0.9072
vn 0.9082 -0.0000 0.4185
vn 0.6789 -0.0000 0.7342
vn 0.3463 -0.0000 0.9381
vn -0.0391 -0.0000 0.9992
vn -0.4185 -0.0000 0.9082
vn -0.7342 -0.0000 0.6789
vn -0.9381 -0.0000 0.3463
vn -0.9992 -0.0000 -0.0391
vn -0.9082 -0.0000 -0.4185
vn -0.6790 -0.0000 -0.7342
vn -0.3463 -0.0000 -0.9381
vn 0.0391 -0.0000 -0.9992
vn 0.4185 -0.0000 -0.9082
vn 0.7342 -0.0000 -0.6790
vn 0.9381 -0.0000 -0.3463
vn 0.9992 -0.0000 0.0391
vn -0.6789 -0.0000 -0.7342
vn -0.7342 -0.0000 0.6790
vn 0.2332 -0.0000 -0.9724
vn 0.9724 -0.0000 0.2332
vn -0.2332 -0.0000 0.9724
vn -0.9724 -0.0000 -0.2333
vn -0.7255 -0.0000 -0.6882
vn 0.6882 -0.0000 -0.7255
vn 0.7255 -0.0000 0.6882
vn -0.6882 -0.0000 0.7255
vn -0.9588 -0.0000 0.2842
vn -0.2842 -0.0000 -0.9588
vn 0.9588 -0.0000 -0.2842
vn 0.2842 -0.0000 0.9588
vn -0.9724 -0.0000 -0.2332
vn 0.9724 -0.0000 0.2333
vn 0.8376 -0.0000 0.5463
vn 0.5648 -0.0000 0.8252
vn 0.2060 -0.0000 0.9785
vn -0.1841 -0.0000 0.9829
vn -0.5463 -0.0000 0.8376
vn -0.8252 -0.0000 0.5648
vn -0.9785 -0.0000 0.2060
vn -0.9829 -0.0000 -0.1841
vn -0.8376 -0.0000 -0.5463
vn -0.5648 -0.0000 -0.8252
vn -0.2060 -0.0000 -0.9785
vn 0.1841 -0.0000 -0.9829
vn 0.5463 -0.0000 -0.8376
vn 0.8252 -0.0000 -0.5648
vn 0.9785 -0.0000 -0.2060
vn 0.9829 -0.0000 0.1841
vn 0.3723 -0.0000 -0.9281
vn 0.9281 -0.0000 0.3723
vn -0.3724 -0.0000 0.9281
vn -0.9281 -0.0000 -0.3723
vn -0.6176 -0.0000 -0.7865
vn 0.7865 -0.0000 -0.6176
vn 0.6176 -0.0000 0.7865
vn -0.7865 -0.0000 0.6176
vn -0.9899 -0.0000 0.1416
vn -0.1416 -0.0000 -0.9899
vn 0.9899 -0.0000 -0.1416
vn 0.1416 -0.0000 0.9899
vn -0.3723 -0.0000 0.9281
vn -0.9281 -0.0000 -0.3724
vn 0.7492 -0.0000 0.6624
vn 0.4386 -0.0000 0.8987
vn 0.0614 -0.0000 0.9981
vn -0.3253 -0.0000 0.9456
vn -0.6624 -0.0000 0.7492
vn -0.8987 -0.0000 0.4386
vn -0.9981 -0.0000 0.0614
vn -0.9456 -0.0000 -0.3253
vn -0.7492 -0.0000 -0.6624
vn -0.4386 -0.0000 -0.8987
vn -0.0614 -0.0000 -0.9981
vn 0.3253 -0.0000 -0.9456
vn 0.6624 -0.0000 -0.7492
vn 0.8987 -0.0000 -0.4386
vn 0.9981 -0.0000 -0.0614
vn 0.9456 -0.0000 0.3253
vn 0.0613 -0.0000 0.9981
vn 0.5035 -0.0000 -0.8640
vn 0.8640 -0.0000 0.5035
vn -0.5035 -0.0000 0.8640
vn -0.8640 -0.0000 -0.5035
vn -0.4965 -0.0000 -0.8680
vn 0.8680 -0.0000 -0.4965
vn 0.4965 -0.0000 0.8680
vn -0.8680 -0.0000 0.4965
vn -1.0000 -0.0000 -0.0041
vn 0.0041 -0.0000 -1.0000
vn 1.0000 -0.0000 0.0041
vn -0.0041 -0.0000 1.0000
vn 0.6447 -0.0000 0.7644
vn 0.3031 -0.0000 0.9530
vn -0.0846 -0.0000 0.9964
vn -0.4595 -0.0000 0.8882
vn -0.7644 -0.0000 0.6447
vn -0.9529 -0.0000 0.3031
vn -0.9964 -0.0000 -0.0846
vn -0.8882 -0.0000 -0.4595
vn -0.6447 -0.0000 -0.7644
vn -0.3031 -0.0000 -0.9530
vn 0.0846 -0.0000 -0.9964
vn 0.4595 -0.0000 -0.8882
vn 0.7644 -0.0000 -0.6447
vn 0.9530 -0.0000 -0.3031
vn 0.9964 -0.0000 0.0846
vn 0.8882 -0.0000 0.4595
vn -0.9530 -0.0000 0.3031
vn 0.6239 -0.0000 -0.7815
vn 0.7815 -0.0000 0.6239
vn -0.6239 -0.0000 0.7815
vn -0.7815 -0.0000 -0.6239
vn -0.3648 -0.0000 -0.9311
vn 0.9311 -0.0000 -0.3648
vn 0.3648 -0.0000 0.9311
vn -0.9311 -0.0000 0.3648
vn -0.9887 -0.0000 -0.1496
vn 0.1496 -0.0000 -0.9887
vn 0.9887 -0.0000 0.1496
vn -0.1496 -0.0000 0.9887
vn 0.5266 -0.0000 0.8501
vn 0.1611 -0.0000 0.9869
vn -0.2288 -0.0000 0.9735
vn -0.5839 -0.0000 0.8118
vn -0.8501 -0.0000 0.5266
vn -0.9869 -0.0000 0.1611
vn -0.9735 -0.0000 -0.2288
vn -0.8118 -0.0000 -0.5839
vn -0.5266 -0.0000 -0.8501
vn -0.1611 -0.0000 -0.9869
vn 0.2288 -0.0000 -0.9735
vn 0.5839 -0.0000 -0.8118
vn 0.8501 -0.0000 -0.5266
vn 0.9869 -0.0000 -0.1611
vn 0.9735 -0.0000 0.2288
vn 0.8118 -0.0000 0.5839
vn 0.7311 -0.0000 -0.6823
vn 0.6823 -0.0000 0.7311
vn -0.7311 -0.0000 0.6823
vn -0.6823 -0.0000 -0.7311
vn -0.2254 -0.0000 -0.9743
vn 0.9743 -0.0000 -0.2253
vn 0.2253 -0.0000 0.9743
vn -0.9743 -0.0000 0.2253
vn -0.9564 -0.0000 -0.2920
vn 0.2920 -0.0000 -0.9564
vn 0.9564 -0.0000 0.2920
vn -0.2920 -0.0000 0.9564
vn 0.3972 -0.0000 0.9177
vn 0.0157 -0.0000 0.9999
vn -0.3681 -0.0000 0.9298
vn -0.6959 -0.0000 0.7181
vn -0.9177 -0.0000 0.3972
vn -0.9999 -0.0000 0.0157
vn -0.9298 -0.0000 -0.3681
vn -0.7181 -0.0000 -0.6959
vn -0.3972 -0.0000 -0.9177
vn -0.0157 -0.0000 -0.9999
vn 0.3681 -0.0000 -0.9298
vn 0.6959 -0.0000 -0.7181
vn 0.9177 -0.0000 -0.3972
vn 0.9999 -0.0000 -0.0157
vn 0.9298 -0.0000 0.3681
vn 0.7181 -0.0000 0.6959
vn 0.8226 -0.0000 -0.5686
vn 0.5686 -0.0000 0.8226
vn -0.8226 -0.0000 0.5686
vn -0.5686 -0.0000 -0.8226
vn -0.0811 -0.0000 -0.9967
vn 0.9967 -0.0000 -0.0811
vn 0.0811 -0.0000 0.9967
vn -0.9967 -0.0000 0.0811
vn -0.9037 -0.0000 -0.4281
vn 0.4281 -0.0000 -0.9037
vn 0.9037 -0.0000 0.4281
vn -0.4281 -0.0000 0.9037
vn 0.2593 -0.0000 0.9658
vn -0.1300 -0.0000 0.9915
vn -0.4996 -0.0000 0.8663
vn -0.7930 -0.0000 0.6092
vn -0.9658 -0.0000 0.2593
vn -0.9915 -0.0000 -0.1300
vn -0.8663 -0.0000 -0.4996
vn -0.6092 -0.0000 -0.7930
vn -0.2593 -0.0000 -0.9658
vn 0.1300 -0.0000 -0.9915
vn 0.4996 -0.0000 -0.8663
vn 0.7930 -0.0000 -0.6092
vn 0.9658 -0.0000 -0.2593
vn 0.9915 -0.0000 0.1300
vn 0.8663 -0.0000 0.4996
vn 0.6092 -0.0000 0.7930
vn 0.8966 -0.0000 -0.4427
vn 0.4427 -0.0000 0.8966
vn -0.8966 -0.0000 0.4427
vn -0.4427 -0.0000 -0.8967
vn 0.0649 -0.0000 -0.9979
vn 0.9979 -0.0000 0.0649
vn -0.0649 -0.0000 0.9979
vn -0.9979 -0.0000 -0.0649
vn -0.8318 -0.0000 -0.5551
vn 0.5551 -0.0000 -0.8318
vn 0.8317 -0.0000 0.5552
vn -0.5551 -0.0000 0.8318
vn -0.4427 -0.0000 -0.8966
vn 0.4427 -0.0000 0.8967
vn 0.8318 -0.0000 0.5551
vn -0.5552 -0.0000 0.8317
vn -0.8317 -0.0000 -0.5552
vn 0.1159 -0.0000 0.9933
vn -0.2730 -0.0000 0.9620
vn -0.6204 -0.0000 0.7843
vn -0.8733 -0.0000 0.4872
vn -0.9933 -0.0000 0.1159
vn -0.9620 -0.0000 -0.2730
vn -0.7843 -0.0000 -0.6204
vn -0.4872 -0.0000 -0.8733
vn -0.1159 -0.0000 -0.9933
vn 0.2730 -0.0000 -0.9620
vn 0.6204 -0.0000 -0.7843
vn 0.8733 -0.0000 -0.4872
vn 0.9933 -0.0000 -0.1159
vn 0.9620 -0.0000 0.2730
vn 0.7843 -0.0000 0.6204
vn 0.4872 -0.0000 0.8733
vn 0.9516 -0.0000 -0.3075
vn 0.3075 -0.0000 0.9516
vn -0.9516 -0.0000 0.3075
vn -0.3075 -0.0000 -0.9516
vn 0.2095 -0.0000 -0.9778
vn 0.9778 -0.0000 0.2095
vn -0.2095 -0.0000 0.9778
vn -0.9778 -0.0000 -0.2095
vn -0.7421 -0.0000 -0.6703
vn 0.6703 -0.0000 -0.7421
vn 0.7421 -0.0000 0.6703
vn -0.6703 -0.0000 0.7421
vn -0.0299 -0.0000 0.9996
vn -0.4102 -0.0000 0.9120
vn -0.7279 -0.0000 0.6856
vn -0.9349 -0.0000 0.3549
vn -0.9996 -0.0000 -0.0299
vn -0.9120 -0.0000 -0.4102
vn -0.6856 -0.0000 -0.7280
vn -0.3549 -0.0000 -0.9349
vn 0.0299 -0.0000 -0.9996
vn 0.4102 -0.0000 -0.9120
vn 0.7280 -0.0000 -0.6856
vn 0.9349 -0.0000 -0.3549
vn 0.9996 -0.0000 0.0299
vn 0.9120 -0.0000 0.4102
vn 0.6856 -0.0000 0.7280
vn 0.3549 -0.0000 0.9349
vn -0.7280 -0.0000 0.6856
vn 0.9862 -0.0000 -0.1657
vn 0.1657 -0.0000 0.9862
vn -0.9862 -0.0000 0.1656
vn -0.1656 -0.0000 -0.9862
vn 0.3496 -0.0000 -0.9369
vn 0.9369 -0.0000 0.3496
vn -0.3496 -0.0000 0.9369
vn -0.9369 -0.0000 -0.3496
vn -0.6365 -0.0000 -0.7712
vn 0.7712 -0.0000 -0.6365
vn 0.6365 -0.0000 0.7712
vn -0.7712 -0.0000 0.6365
vn 0.9862 -0.0000 -0.1656
vn 0.1656 -0.0000 0.9862
vn 0.6366 -0.0000 0.7712
vn -0.1751 -0.0000 0.9845
vn -0.5386 -0.0000 0.8426
vn -0.8200 -0.0000 0.5723
vn -0.9766 -0.0000 0.2150
vn -0.9845 -0.0000 -0.1751
vn -0.8426 -0.0000 -0.5386
vn -0.5723 -0.0000 -0.8200
vn -0.2150 -0.0000 -0.9766
vn 0.1752 -0.0000 -0.9845
vn 0.5386 -0.0000 -0.8426
vn 0.8200 -0.0000 -0.5723
vn 0.9766 -0.0000 -0.2150
vn 0.9845 -0.0000 0.1751
vn 0.8426 -0.0000 0.5386
vn 0.5723 -0.0000 0.8200
vn 0.2149 -0.0000 0.9766
vn 0.9766 -0.0000 -0.2149
vn -0.9845 -0.0000 -0.1752
vn 0.2150 -0.0000 0.9766
vn 0.1751 -0.0000 -0.9845
vn 0.9998 -0.0000 -0.0203
vn 0.0203 -0.0000 0.9998
vn -0.9998 -0.0000 0.0203
vn -0.0203 -0.0000 -0.9998
vn 0.4823 -0.0000 -0.8760
vn 0.8760 -0.0000 0.4823
vn -0.4823 -0.0000 0.8760
vn -0.8760 -0.0000 -0.4823
vn -0.5175 -0.0000 -0.8557
vn 0.8557 -0.0000 -0.5175
vn 0.5175 -0.0000 0.8557
vn -0.8557 -0.0000 0.5175
vn -0.3166 -0.0000 0.9485
vn -0.6555 -0.0000 0.7552
vn -0.8946 -0.0000 0.4468
vn -0.9975 -0.0000 0.0705
vn -0.9485 -0.0000 -0.3166
vn -0.7552 -0.0000 -0.6555
vn -0.4468 -0.0000 -0.8946
vn -0.0705 -0.0000 -0.9975
vn 0.3166 -0.0000 -0.9485
vn 0.6555 -0.0000 -0.7552
vn 0.8946 -0.0000 -0.4468
vn 0.9975 -0.0000 -0.0705
vn 0.9485 -0.0000 0.3166
vn 0.7552 -0.0000 0.6555
vn 0.4468 -0.0000 0.8946
vn 0.0705 -0.0000 0.9975
vn 0.9486 -0.0000 0.3166
vn 0.9921 -0.0000 0.1255
vn -0.1255 -0.0000 0.9921
vn -0.9921 -0.0000 -0.1255
vn 0.1255 -0.0000 -0.9921
vn 0.6047 -0.0000 -0.7964
vn 0.7964 -0.0000 0.6047
vn -0.6047 -0.0000 0.7964
vn -0.7964 -0.0000 -0.6047
vn -0.3874 -0.0000 -0.9219
vn 0.9219 -0.0000 -0.3874
vn 0.3874 -0.0000 0.9219
vn -0.9219 -0.0000 0.3874
vn -0.4514 -0.0000 0.8923
vn -0.7585 -0.0000 0.6517
vn -0.9501 -0.0000 0.3118
vn -0.9971 -0.0000 -0.0755
vn -0.8923 -0.0000 -0.4514
vn -0.6517 -0.0000 -0.7585
vn -0.3118 -0.0000 -0.9501
vn 0.0755 -0.0000 -0.9971
vn 0.4514 -0.0000 -0.8923
vn 0.7585 -0.0000 -0.6517
vn 0.9501 -0.0000 -0.3118
vn 0.9971 -0.0000 0.0755
vn 0.8923 -0.0000 0.4514
vn 0.6517 -0.0000 0.7585
vn 0.3118 -0.0000 0.9501
vn -0.0755 -0.0000 0.9971
vn 0.9633 -0.0000 0.2686
vn -0.2686 -0.0000 0.9633
vn -0.9632 -0.0000 -0.2686
vn 0.2686 -0.0000 -0.9632
vn 0.7142 -0.0000 -0.6999
vn 0.6999 -0.0000 0.7142
vn -0.7142 -0.0000 0.6999
vn -0.6999 -0.0000 -0.7142
vn -0.2490 -0.0000 -0.9685
vn 0.9685 -0.0000 -0.2490
vn 0.2490 -0.0000 0.9685
vn -0.9685 -0.0000 0.2490
vn -0.9633 -0.0000 -0.2686
vn -0.2686 -0.0000 0.9632
vn -0.5765 -0.0000 0.8171
vn -0.8453 -0.0000 0.5343
vn -0.9854 -0.0000 0.1702
vn -0.9755 -0.0000 -0.2199
vn -0.8171 -0.0000 -0.5765
vn -0.5343 -0.0000 -0.8453
vn -0.1701 -0.0000 -0.9854
vn 0.2199 -0.0000 -0.9755
vn 0.5765 -0.0000 -0.8171
vn 0.8453 -0.0000 -0.5343
vn 0.9854 -0.0000 -0.1702
vn 0.9755 -0.0000 0.2199
vn 0.8171 -0.0000 0.5765
vn 0.5343 -0.0000 0.8453
vn 0.1701 -0.0000 0.9854
vn -0.2199 -0.0000 0.9755
vn -0.1702 -0.0000 -0.9854
vn -0.9854 -0.0000 0.1701
vn 0.9854 -0.0000 -0.1701
vn 0.9139 -0.0000 0.4060
vn -0.4060 -0.0000 0.9139
vn -0.9139 -0.0000 -0.4060
vn 0.4060 -0.0000 -0.9139
vn 0.8085 -0.0000 -0.5884
vn 0.5884 -0.0000 0.8085
vn -0.8085 -0.0000 0.5884
vn -0.5884 -0.0000 -0.8085
vn -0.1053 -0.0000 -0.9944
vn 0.9944 -0.0000 -0.1053
vn 0.1053 -0.0000 0.9944
vn -0.9944 -0.0000 0.1053
vn -0.6893 -0.0000 0.7245
vn -0.9141 -0.0000 0.4055
vn -0.9997 -0.0000 0.0249
vn -0.9331 -0.0000 -0.3596
vn -0.7245 -0.0000 -0.6893
vn -0.4055 -0.0000 -0.9141
vn -0.0249 -0.0000 -0.9997
vn 0.3596 -0.0000 -0.9331
vn 0.6893 -0.0000 -0.7245
vn 0.9141 -0.0000 -0.4055
vn 0.9997 -0.0000 -0.0249
vn 0.9331 -0.0000 0.3596
vn 0.7245 -0.0000 0.6893
vn 0.4055 -0.0000 0.9141
vn 0.0249 -0.0000 0.9997
vn -0.3596 -0.0000 0.9331
vn 0.8450 -0.0000 0.5347
vn -0.5347 -0.0000 0.8450
vn -0.8450 -0.0000 -0.5347
vn 0.5347 -0.0000 -0.8450
vn 0.8856 -0.0000 -0.4645
vn 0.4644 -0.0000 0.8856
vn -0.8856 -0.0000 0.4644
vn -0.4644 -0.0000 -0.8856
vn 0.0406 -0.0000 -0.9992
vn 0.9992 -0.0000 0.0406
vn -0.0406 -0.0000 0.9992
vn -0.9992 -0.0000 -0.0406
vn 0.8856 -0.0000 -0.4644
vn -0.7874 -0.0000 0.6164
vn -0.9634 -0.0000 0.2681
vn -0.9927 -0.0000 -0.1210
vn -0.8708 -0.0000 -0.4916
vn -0.6164 -0.0000 -0.7875
vn -0.2681 -0.0000 -0.9634
vn 0.1210 -0.0000 -0.9927
vn 0.4916 -0.0000 -0.8708
vn 0.7875 -0.0000 -0.6164
vn 0.9634 -0.0000 -0.2681
vn 0.9927 -0.0000 0.1210
vn 0.8708 -0.0000 0.4916
vn 0.6164 -0.0000 0.7875
vn 0.2681 -0.0000 0.9634
vn -0.1210 -0.0000 0.9927
vn -0.4916 -0.0000 0.8708
vn -0.6164 -0.0000 -0.7874
vn 0.6164 -0.0000 0.7874
vn 0.7874 -0.0000 -0.6164
vn -0.7875 -0.0000 0.6164
vn 0.7582 -0.0000 0.6521
vn -0.6521 -0.0000 0.7582
vn -0.7582 -0.0000 -0.6521
vn 0.6521 -0.0000 -0.7582
vn 0.9438 -0.0000 -0.3306
vn 0.3306 -0.0000 0.9438
vn -0.9438 -0.0000 0.3305
vn -0.3306 -0.0000 -0.9438
vn 0.1856 -0.0000 -0.9826
vn 0.9826 -0.0000 0.1856
vn -0.1856 -0.0000 0.9826
vn -0.9826 -0.0000 -0.1856
vn -0.9438 -0.0000 0.3306
vn -0.8688 -0.0000 0.4952
vn -0.9922 -0.0000 0.1250
vn -0.9645 -0.0000 -0.2642
vn -0.7899 -0.0000 -0.6132
vn -0.4952 -0.0000 -0.8688
vn -0.1250 -0.0000 -0.9922
vn 0.2642 -0.0000 -0.9645
vn 0.6132 -0.0000 -0.7899
vn 0.8688 -0.0000 -0.4952
vn 0.9922 -0.0000 -0.1250
vn 0.9645 -0.0000 0.2642
vn 0.7899 -0.0000 0.6132
vn 0.4952 -0.0000 0.8688
vn 0.1250 -0.0000 0.9922
vn -0.2642 -0.0000 0.9645
vn -0.6132 -0.0000 0.7899
vn 0.6551 -0.0000 0.7555
vn -0.7555 -0.0000 0.6551
vn -0.6551 -0.0000 -0.7555
vn 0.7555 -0.0000 -0.6551
vn 0.9819 -0.0000 -0.1896
vn 0.1896 -0.0000 0.9819
vn -0.9819 -0.0000 0.1896
vn -0.1896 -0.0000 -0.9819
vn 0.3267 -0.0000 -0.9451
vn 0.9451 -0.0000 0.3267
vn -0.3267 -0.0000 0.9451
vn -0.9451 -0.0000 -0.3267
vn -0.9316 -0.0000 0.3634
vn -0.9998 -0.0000 -0.0208
vn -0.9157 -0.0000 -0.4018
vn -0.6922 -0.0000 -0.7217
vn -0.3634 -0.0000 -0.9316
vn 0.0208 -0.0000 -0.9998
vn 0.4018 -0.0000 -0.9157
vn 0.7217 -0.0000 -0.6923
vn 0.9316 -0.0000 -0.3634
vn 0.9998 -0.0000 0.0208
vn 0.9157 -0.0000 0.4018
vn 0.6922 -0.0000 0.7217
vn 0.3634 -0.0000 0.9316
vn -0.0208 -0.0000 0.9998
vn -0.4018 -0.0000 0.9157
vn -0.7217 -0.0000 0.6922
vn 0.7217 -0.0000 -0.6922
vn -0.6923 -0.0000 -0.7217
vn 0.5382 -0.0000 0.8428
vn -0.8428 -0.0000 0.5382
vn -0.5382 -0.0000 -0.8428
vn 0.8428 -0.0000 -0.5381
vn 0.9990 -0.0000 -0.0446
vn 0.0446 -0.0000 0.9990
vn -0.9990 -0.0000 0.0446
vn -0.0446 -0.0000 -0.9990
vn 0.4608 -0.0000 -0.8875
vn 0.8875 -0.0000 0.4608
vn -0.4608 -0.0000 0.8875
vn -0.8875 -0.0000 -0.4608
vn 0.8428 -0.0000 -0.5382
vn 0.4609 -0.0000 -0.8875
vn 0.8875 -0.0000 0.4609
vn -0.9746 -0.0000 0.2239
vn -0.9861 -0.0000 -0.1662
vn -0.8475 -0.0000 -0.5309
vn -0.5798 -0.0000 -0.8148
vn -0.2239 -0.0000 -0.9746
vn 0.1661 -0.0000 -0.9861
vn 0.5309 -0.0000 -0.8475
vn 0.8148 -0.0000 -0.5798
vn 0.9746 -0.0000 -0.2239
vn 0.9861 -0.0000 0.1661
vn 0.8475 -0.0000 0.5309
vn 0.5798 -0.0000 0.8148
vn 0.2239 -0.0000 0.9746
vn -0.1661 -0.0000 0.9861
vn -0.5309 -0.0000 0.8475
vn -0.8148 -0.0000 0.5798
vn -0.1662 -0.0000 0.9861
vn 0.9861 -0.0000 0.1662
vn 0.4097 -0.0000 0.9122
vn -0.9122 -0.0000 0.4097
vn -0.4097 -0.0000 -0.9122
vn 0.9122 -0.0000 -0.4097
vn 0.9949 -0.0000 0.1013
vn -0.1013 -0.0000 0.9949
vn -0.9949 -0.0000 -0.1013
vn 0.1013 -0.0000 -0.9949
vn 0.5852 -0.0000 -0.8109
vn 0.8109 -0.0000 0.5852
vn -0.5852 -0.0000 0.8109
vn -0.8109 -0.0000 -0.5852
vn -0.5851 -0.0000 0.8109
vn -0.9968 -0.0000 0.0796
vn -0.9514 -0.0000 -0.3080
vn -0.7611 -0.0000 -0.6486
vn -0.4550 -0.0000 -0.8905
vn -0.0796 -0.0000 -0.9968
vn 0.3080 -0.0000 -0.9514
vn 0.6486 -0.0000 -0.7611
vn 0.8905 -0.0000 -0.4550
vn 0.9968 -0.0000 -0.0796
vn 0.9514 -0.0000 0.3080
vn 0.7611 -0.0000 0.6486
vn 0.4550 -0.0000 0.8905
vn 0.0796 -0.0000 0.9968
vn -0.3080 -0.0000 0.9514
vn -0.6486 -0.0000 0.7611
vn -0.8905 -0.0000 0.4550
vn 0.2725 -0.0000 0.9621
vn -0.9622 -0.0000 0.2725
vn -0.2725 -0.0000 -0.9622
vn 0.9622 -0.0000 -0.2725
vn 0.9695 -0.0000 0.2451
vn -0.2451 -0.0000 0.9695
vn -0.9695 -0.0000 -0.2451
vn 0.2451 -0.0000 -0.9695
vn 0.6970 -0.0000 -0.7171
vn 0.7171 -0.0000 0.6970
vn -0.6970 -0.0000 0.7171
vn -0.7171 -0.0000 -0.6970
vn 0.2725 -0.0000 0.9622
vn -0.9978 -0.0000 -0.0664
vn -0.8964 -0.0000 -0.4432
vn -0.6586 -0.0000 -0.7525
vn -0.3205 -0.0000 -0.9473
vn 0.0664 -0.0000 -0.9978
vn 0.4432 -0.0000 -0.8964
vn 0.7525 -0.0000 -0.6586
vn 0.9473 -0.0000 -0.3205
vn 0.9978 -0.0000 0.0664
vn 0.8964 -0.0000 0.4432
vn 0.6586 -0.0000 0.7525
vn 0.3205 -0.0000 0.9473
vn -0.0664 -0.0000 0.9978
vn -0.4432 -0.0000 0.8964
vn -0.7525 -0.0000 0.6586
vn -0.9473 -0.0000 0.3205
vn 0.1295 -0.0000 0.9916
vn -0.9916 -0.0000 0.1295
vn -0.1295 -0.0000 -0.9916
vn 0.9916 -0.0000 -0.1295
vn 0.9235 -0.0000 0.3836
vn -0.3836 -0.0000 0.9235
vn -0.9235 -0.0000 -0.3836
vn 0.3836 -0.0000 -0.9235
vn 0.7940 -0.0000 -0.6080
vn 0.6080 -0.0000 0.7940
vn -0.7940 -0.0000 0.6080
vn -0.6080 -0.0000 -0.7940
vn -0.9775 -0.0000 -0.2110
vn -0.8223 -0.0000 -0.5690
vn -0.5420 -0.0000 -0.8404
vn -0.1791 -0.0000 -0.9838
vn 0.2110 -0.0000 -0.9775
vn 0.5690 -0.0000 -0.8223
vn 0.8404 -0.0000 -0.5420
vn 0.9838 -0.0000 -0.1791
vn 0.9775 -0.0000 0.2110
vn 0.8223 -0.0000 0.5690
vn 0.5420 -0.0000 0.8404
vn 0.1791 -0.0000 0.9838
vn -0.2110 -0.0000 0.9775
vn -0.5690 -0.0000 0.8223
vn -0.8404 -0.0000 0.5420
vn -0.9838 -0.0000 0.1791
vn -0.0162 -0.0000 0.9999
vn -0.9999 -0.0000 -0.0162
vn 0.0162 -0.0000 -0.9999
vn 0.9999 -0.0000 0.0162
vn 0.8578 -0.0000 0.5140
vn -0.5140 -0.0000 0.8578
vn -0.8578 -0.0000 -0.5140
vn 0.5140 -0.0000 -0.8578
vn 0.8740 -0.0000 -0.4859
vn 0.4859 -0.0000 0.8740
vn -0.8740 -0.0000 0.4859
vn -0.4859 -0.0000 -0.8740
vn -0.9364 -0.0000 -0.3511
vn -0.7307 -0.0000 -0.6827
vn -0.4139 -0.0000 -0.9103
vn -0.0340 -0.0000 -0.9994
vn 0.3511 -0.0000 -0.9364
vn 0.6827 -0.0000 -0.7307
vn 0.9103 -0.0000 -0.4139
vn 0.9994 -0.0000 -0.0340
vn 0.9364 -0.0000 0.3511
vn 0.7307 -0.0000 0.6827
vn 0.4139 -0.0000 0.9103
vn 0.0340 -0.0000 0.9994
vn -0.3511 -0.0000 0.9364
vn -0.6827 -0.0000 0.7307
vn -0.9103 -0.0000 0.4139
vn -0.9994 -0.0000 0.0340
vn 0.3511 -0.0000 -0.9363
vn -0.1616 -0.0000 0.9868
vn -0.9868 -0.0000 -0.1616
vn 0.1617 -0.0000 -0.9868
vn 0.9868 -0.0000 0.1616
vn 0.7738 -0.0000 0.6334
vn -0.6334 -0.0000 0.7738
vn -0.7738 -0.0000 -0.6334
vn 0.6334 -0.0000 -0.7738
vn 0.9355 -0.0000 -0.3534
vn 0.3534 -0.0000 0.9355
vn -0.9355 -0.0000 0.3534
vn -0.3534 -0.0000 -0.9355
vn -0.8753 -0.0000 -0.4837
vn -0.6235 -0.0000 -0.7818
vn -0.2769 -0.0000 -0.9609
vn 0.1119 -0.0000 -0.9937
vn 0.4837 -0.0000 -0.8753
vn 0.7818 -0.0000 -0.6236
vn 0.9609 -0.0000 -0.2769
vn 0.9937 -0.0000 0.1119
vn 0.8753 -0.0000 0.4837
vn 0.6236 -0.0000 0.7818
vn 0.2769 -0.0000 0.9609
vn -0.1119 -0.0000 0.9937
vn -0.4837 -0.0000 0.8753
vn -0.7818 -0.0000 0.6236
vn -0.9609 -0.0000 0.2769
vn -0.9937 -0.0000 -0.1119
vn 0.7818 -0.0000 -0.6235
vn -0.7818 -0.0000 0.6235
vn 0.6235 -0.0000 0.7818
vn -0.3036 -0.0000 0.9528
vn -0.9528 -0.0000 -0.3036
vn 0.3036 -0.0000 -0.9528
vn 0.9528 -0.0000 0.3036
vn 0.6733 -0.0000 0.7393
vn -0.7393 -0.0000 0.6733
vn -0.6733 -0.0000 -0.7393
vn 0.7393 -0.0000 -0.6733
vn 0.9769 -0.0000 -0.2135
vn 0.2135 -0.0000 0.9769
vn -0.9769 -0.0000 0.2135
vn -0.2135 -0.0000 -0.9769
vn -0.2135 -0.0000 -0.9770
vn 0.9770 -0.0000 -0.2135
vn -0.7955 -0.0000 -0.6059
vn -0.5031 -0.0000 -0.8642
vn -0.1341 -0.0000 -0.9910
vn 0.2554 -0.0000 -0.9668
vn 0.6059 -0.0000 -0.7955
vn 0.8642 -0.0000 -0.5031
vn 0.9910 -0.0000 -0.1340
vn 0.9668 -0.0000 0.2554
vn 0.7955 -0.0000 0.6059
vn 0.5031 -0.0000 0.8642
vn 0.1340 -0.0000 0.9910
vn -0.2554 -0.0000 0.9668
vn -0.6059 -0.0000 0.7955
vn -0.8642 -0.0000 0.5031
vn 0.1341 -0.0000 0.9910
vn -0.9910 -0.0000 0.1340
vn -0.9668 -0.0000 -0.2554
vn -0.1340 -0.0000 -0.9910
vn -0.4391 -0.0000 0.8984
vn -0.8984 -0.0000 -0.4391
vn 0.4391 -0.0000 -0.8984
vn 0.8984 -0.0000 0.4391
vn 0.5585 -0.0000 0.8295
vn -0.8295 -0.0000 0.5585
vn -0.5585 -0.0000 -0.8295
vn 0.8295 -0.0000 -0.5585
vn 0.9976 -0.0000 -0.0689
vn 0.0689 -0.0000 0.9976
vn -0.9976 -0.0000 0.0689
vn -0.0689 -0.0000 -0.9976
vn -0.6988 -0.0000 -0.7153
vn -0.3719 -0.0000 -0.9283
vn 0.0117 -0.0000 -0.9999
vn 0.3934 -0.0000 -0.9194
vn 0.7153 -0.0000 -0.6988
vn 0.9283 -0.0000 -0.3719
vn 0.9999 -0.0000 0.0117
vn 0.9194 -0.0000 0.3934
vn 0.6988 -0.0000 0.7153
vn 0.3719 -0.0000 0.9283
vn -0.0117 -0.0000 0.9999
vn -0.3934 -0.0000 0.9194
vn -0.7153 -0.0000 0.6988
vn -0.9283 -0.0000 0.3719
vn -0.9999 -0.0000 -0.0117
vn -0.9193 -0.0000 -0.3934
vn -0.3934 -0.0000 0.9193
vn -0.9194 -0.0000 -0.3934
vn -0.5652 -0.0000 0.8249
vn -0.8249 -0.0000 -0.5652
vn 0.5652 -0.0000 -0.8249
vn 0.8249 -0.0000 0.5652
vn 0.4318 -0.0000 0.9020
vn -0.9020 -0.0000 0.4318
vn -0.4318 -0.0000 -0.9020
vn 0.9020 -0.0000 -0.4318
vn 0.9970 -0.0000 0.0770
vn -0.0770 -0.0000 0.9970
vn -0.9970 -0.0000 -0.0770
vn 0.0770 -0.0000 -0.9970
vn 0.0771 -0.0000 -0.9970
vn -0.5872 -0.0000 -0.8094
vn -0.2327 -0.0000 -0.9725
vn 0.1571 -0.0000 -0.9876
vn 0.5231 -0.0000 -0.8523
vn 0.8094 -0.0000 -0.5872
vn 0.9725 -0.0000 -0.2328
vn 0.9876 -0.0000 0.1571
vn 0.8523 -0.0000 0.5231
vn 0.5872 -0.0000 0.8094
vn 0.2328 -0.0000 0.9725
vn -0.1571 -0.0000 0.9876
vn -0.5231 -0.0000 0.8523
vn -0.8094 -0.0000 0.5872
vn -0.9725 -0.0000 0.2328
vn -0.9876 -0.0000 -0.1571
vn -0.8523 -0.0000 -0.5231
vn -0.6793 -0.0000 0.7338
vn -0.7338 -0.0000 -0.6793
vn 0.6793 -0.0000 -0.7338
vn 0.7338 -0.0000 0.6793
vn 0.2959 -0.0000 0.9552
vn -0.9552 -0.0000 0.2959
vn -0.2959 -0.0000 -0.9552
vn 0.9552 -0.0000 -0.2959
vn 0.9752 -0.0000 0.2214
vn -0.2214 -0.0000 0.9752
vn -0.9752 -0.0000 -0.2214
vn 0.2214 -0.0000 -0.9752
vn -0.4631 -0.0000 -0.8863
vn -0.0887 -0.0000 -0.9961
vn 0.2992 -0.0000 -0.9542
vn 0.6416 -0.0000 -0.7670
vn 0.8863 -0.0000 -0.4631
vn 0.9961 -0.0000 -0.0887
vn 0.9542 -0.0000 0.2993
vn 0.7670 -0.0000 0.6416
vn 0.4631 -0.0000 0.8863
vn 0.0887 -0.0000 0.9961
vn -0.2993 -0.0000 0.9542
vn -0.6416 -0.0000 0.7670
vn -0.8863 -0.0000 0.4631
vn -0.9961 -0.0000 0.0887
vn -0.9542 -0.0000 -0.2993
vn -0.7670 -0.0000 -0.6416
vn 0.2993 -0.0000 -0.9542
vn -0.7789 -0.0000 0.6271
vn -0.6271 -0.0000 -0.7789
vn 0.7789 -0.0000 -0.6271
vn 0.6271 -0.0000 0.7789
vn 0.1536 -0.0000 0.9881
vn -0.9881 -0.0000 0.1536
vn -0.1536 -0.0000 -0.9881
vn 0.9881 -0.0000 -0.1536
vn 0.9326 -0.0000 0.3610
vn -0.3610 -0.0000 0.9326
vn -0.9326 -0.0000 -0.3610
vn 0.3610 -0.0000 -0.9326
vn -0.3291 -0.0000 -0.9443
vn 0.0573 -0.0000 -0.9984
vn 0.4350 -0.0000 -0.9004
vn 0.7465 -0.0000 -0.6654
vn 0.9443 -0.0000 -0.3291
vn 0.9984 -0.0000 0.0573
vn 0.9004 -0.0000 0.4350
vn 0.6654 -0.0000 0.7465
vn 0.3291 -0.0000 0.9443
vn -0.0573 -0.0000 0.9984
vn -0.4350 -0.0000 0.9004
vn -0.7465 -0.0000 0.6654
vn -0.9443 -0.0000 0.3291
vn -0.9984 -0.0000 -0.0573
vn -0.9004 -0.0000 -0.4350
vn -0.6654 -0.0000 -0.7465
vn -0.8619 -0.0000 0.5070
vn -0.5070 -0.0000 -0.8619
vn 0.8619 -0.0000 -0.5070
vn 0.5070 -0.0000 0.8619
vn 0.0081 -0.0000 1.0000
vn -1.0000 -0.0000 0.0081
vn -0.0081 -0.0000 -1.0000
vn 1.0000 -0.0000 -0.0081
vn 0.8701 -0.0000 0.4930
vn -0.4930 -0.0000 0.8701
vn -0.8701 -0.0000 -0.4930
vn 0.4930 -0.0000 -0.8701
vn -0.1881 -0.0000 -0.9821
vn 0.2021 -0.0000 -0.9794
vn 0.5615 -0.0000 -0.8275
vn 0.8354 -0.0000 -0.5496
vn 0.9821 -0.0000 -0.1881
vn 0.9794 -0.0000 0.2021
vn 0.8275 -0.0000 0.5615
vn 0.5496 -0.0000 0.8354
vn 0.1881 -0.0000 0.9821
vn -0.2021 -0.0000 0.9794
vn -0.5615 -0.0000 0.8275
vn -0.8354 -0.0000 0.5497
vn -0.9821 -0.0000 0.1881
vn -0.9794 -0.0000 -0.2021
vn -0.8275 -0.0000 -0.5615
vn -0.5496 -0.0000 -0.8354
vn 0.8354 -0.0000 -0.5497
vn -0.8354 -0.0000 0.5496
vn 0.9794 -0.0000 0.2020
vn 0.5497 -0.0000 0.8354
vn -0.5497 -0.0000 -0.8354
vn -0.9266 -0.0000 0.3761
vn -0.3761 -0.0000 -0.9266
vn 0.9266 -0.0000 -0.3761
vn 0.3761 -0.0000 0.9266
vn -0.1376 -0.0000 0.9905
vn -0.9905 -0.0000 -0.1376
vn 0.1376 -0.0000 -0.9905
vn 0.9905 -0.0000 0.1376
vn 0.7890 -0.0000 0.6144
vn -0.6144 -0.0000 0.7890
vn -0.7890 -0.0000 -0.6144
vn 0.6144 -0.0000 -0.7890
vn -0.0431 -0.0000 -0.9991
vn 0.3425 -0.0000 -0.9395
vn 0.6760 -0.0000 -0.7369
vn 0.9065 -0.0000 -0.4222
vn 0.9991 -0.0000 -0.0431
vn 0.9395 -0.0000 0.3425
vn 0.7369 -0.0000 0.6760
vn 0.4222 -0.0000 0.9065
vn 0.0431 -0.0000 0.9991
vn -0.3425 -0.0000 0.9395
vn -0.6760 -0.0000 0.7369
vn -0.9065 -0.0000 0.4222
vn -0.9991 -0.0000 0.0431
vn -0.9395 -0.0000 -0.3425
vn -0.7369 -0.0000 -0.6760
vn -0.4222 -0.0000 -0.9065
vn -0.9715 -0.0000 0.2372
vn -0.2372 -0.0000 -0.9715
vn 0.9715 -0.0000 -0.2372
vn 0.2372 -0.0000 0.9715
vn -0.2803 -0.0000 0.9599
vn -0.9599 -0.0000 -0.2803
vn 0.2803 -0.0000 -0.9599
vn 0.9599 -0.0000 0.2803
vn 0.6911 -0.0000 0.7227
vn -0.7227 -0.0000 0.6911
vn -0.6911 -0.0000 -0.7227
vn 0.7227 -0.0000 -0.6911
vn 0.1028 -0.0000 -0.9947
vn 0.4756 -0.0000 -0.8796
vn 0.7761 -0.0000 -0.6307
vn 0.9583 -0.0000 -0.2857
vn 0.9947 -0.0000 0.1028
vn 0.8796 -0.0000 0.4756
vn 0.6307 -0.0000 0.7761
vn 0.2857 -0.0000 0.9583
vn -0.1028 -0.0000 0.9947
vn -0.4756 -0.0000 0.8796
vn -0.7761 -0.0000 0.6307
vn -0.9583 -0.0000 0.2857
vn -0.9947 -0.0000 -0.1028
vn -0.8796 -0.0000 -0.4756
vn -0.6307 -0.0000 -0.7761
vn -0.2857 -0.0000 -0.9583
vn -0.9956 -0.0000 0.0932
vn -0.0932 -0.0000 -0.9956
vn 0.9956 -0.0000 -0.0932
vn 0.0932 -0.0000 0.9956
vn -0.4171 -0.0000 0.9089
vn -0.9089 -0.0000 -0.4171
vn 0.4171 -0.0000 -0.9089
vn 0.9089 -0.0000 0.4171
vn 0.5786 -0.0000 0.8156
vn -0.8156 -0.0000 0.5786
vn -0.5786 -0.0000 -0.8156
vn 0.8156 -0.0000 -0.5786
vn 0.2465 -0.0000 -0.9691
vn 0.5987 -0.0000 -0.8010
vn 0.8596 -0.0000 -0.5110
vn 0.9897 -0.0000 -0.1431
vn 0.9691 -0.0000 0.2465
vn 0.8010 -0.0000 0.5986
vn 0.5109 -0.0000 0.8596
vn 0.1431 -0.0000 0.9897
vn -0.2466 -0.0000 0.9691
vn -0.5986 -0.0000 0.8010
vn -0.8596 -0.0000 0.5109
vn -0.9897 -0.0000 0.1431
vn -0.9691 -0.0000 -0.2465
vn -0.8010 -0.0000 -0.5987
vn -0.5109 -0.0000 -0.8596
vn -0.1431 -0.0000 -0.9897
vn 0.8010 -0.0000 0.5987
vn -0.8010 -0.0000 -0.5986
vn -0.2465 -0.0000 0.9691
vn -0.5987 -0.0000 0.8010
vn 0.8596 -0.0000 -0.5109
vn 0.9691 -0.0000 0.2466
vn -0.9986 -0.0000 -0.0527
vn 0.0527 -0.0000 -0.9986
vn 0.9986 -0.0000 0.0527
vn -0.0527 -0.0000 0.9986
vn -0.5450 -0.0000 0.8385
vn -0.8384 -0.0000 -0.5450
vn 0.5450 -0.0000 -0.8385
vn 0.8384 -0.0000 0.5450
vn 0.4536 -0.0000 0.8912
vn -0.8912 -0.0000 0.4536
vn -0.4536 -0.0000 -0.8912
vn 0.8912 -0.0000 -0.4536
vn 0.5450 -0.0000 -0.8384
vn 0.3850 -0.0000 -0.9229
vn 0.7089 -0.0000 -0.7053
vn 0.9248 -0.0000 -0.3803
vn 1.0000 -0.0000 0.0025
vn 0.9229 -0.0000 0.3850
vn 0.7053 -0.0000 0.7089
vn 0.3803 -0.0000 0.9248
vn -0.0025 -0.0000 1.0000
vn -0.3850 -0.0000 0.9229
vn -0.7089 -0.0000 0.7053
vn -0.9248 -0.0000 0.3803
vn -1.0000 -0.0000 -0.0025
vn -0.9229 -0.0000 -0.3850
vn -0.7053 -0.0000 -0.7089
vn -0.3803 -0.0000 -0.9248
vn 0.0025 -0.0000 -1.0000
vn -0.9803 -0.0000 -0.1976
vn 0.1976 -0.0000 -0.9803
vn 0.9803 -0.0000 0.1976
vn -0.1976 -0.0000 0.9803
vn -0.6612 -0.0000 0.7502
vn -0.7502 -0.0000 -0.6613
vn 0.6613 -0.0000 -0.7502
vn 0.7502 -0.0000 0.6613
vn 0.3190 -0.0000 0.9477
vn -0.9477 -0.0000 0.3190
vn -0.3190 -0.0000 -0.9477
vn 0.9477 -0.0000 -0.3190
vn -0.6613 -0.0000 0.7502
vn 0.5153 -0.0000 -0.8570
vn 0.8040 -0.0000 -0.5946
vn 0.9704 -0.0000 -0.2416
vn 0.9890 -0.0000 0.1481
vn 0.8570 -0.0000 0.5153
vn 0.5946 -0.0000 0.8040
vn 0.2416 -0.0000 0.9704
vn -0.1481 -0.0000 0.9890
vn -0.5153 -0.0000 0.8570
vn -0.8040 -0.0000 0.5946
vn -0.9704 -0.0000 0.2416
vn -0.9890 -0.0000 -0.1481
vn -0.8570 -0.0000 -0.5153
vn -0.5946 -0.0000 -0.8040
vn -0.2416 -0.0000 -0.9704
vn 0.1481 -0.0000 -0.9890
vn -0.9411 -0.0000 -0.3382
vn 0.3382 -0.0000 -0.9411
vn 0.9411 -0.0000 0.3382
vn -0.3382 -0.0000 0.9411
vn -0.7634 -0.0000 0.6459
vn -0.6459 -0.0000 -0.7634
vn 0.7634 -0.0000 -0.6459
vn 0.6459 -0.0000 0.7634
vn 0.1776 -0.0000 0.9841
vn -0.9841 -0.0000 0.1776
vn -0.1776 -0.0000 -0.9841
vn 0.9841 -0.0000 -0.1776
vn 0.6346 -0.0000 -0.7728
vn 0.8820 -0.0000 -0.4712
vn 0.9952 -0.0000 -0.0978
vn 0.9569 -0.0000 0.2905
vn 0.7728 -0.0000 0.6346
vn 0.4712 -0.0000 0.8820
vn 0.0978 -0.0000 0.9952
vn -0.2905 -0.0000 0.9569
vn -0.6346 -0.0000 0.7728
vn -0.8820 -0.0000 0.4712
vn -0.9952 -0.0000 0.0978
vn -0.9569 -0.0000 -0.2905
vn -0.7728 -0.0000 -0.6346
vn -0.4712 -0.0000 -0.8820
vn -0.0978 -0.0000 -0.9952
vn 0.2905 -0.0000 -0.9569
vn -0.7729 -0.0000 -0.6346
vn -0.6346 -0.0000 0.7729
vn -0.8818 -0.0000 -0.4716
vn 0.4716 -0.0000 -0.8818
vn 0.8818 -0.0000 0.4716
vn -0.4716 -0.0000 0.8818
vn -0.8493 -0.0000 0.5279
vn -0.5279 -0.0000 -0.8493
vn 0.8493 -0.0000 -0.5279
vn 0.5279 -0.0000 0.8493
vn 0.0325 -0.0000 0.9995
vn -0.9995 -0.0000 0.0325
vn -0.0325 -0.0000 -0.9995
vn 0.9995 -0.0000 -0.0325
vn 0.8493 -0.0000 -0.5278
vn 0.5278 -0.0000 0.8493
vn 0.7404 -0.0000 -0.6722
vn 0.9412 -0.0000 -0.3377
vn 0.9988 -0.0000 0.0482
vn 0.9044 -0.0000 0.4268
vn 0.6722 -0.0000 0.7404
vn 0.3377 -0.0000 0.9412
vn -0.0482 -0.0000 0.9988
vn -0.4268 -0.0000 0.9044
vn -0.7404 -0.0000 0.6722
vn -0.9412 -0.0000 0.3377
vn -0.9988 -0.0000 -0.0482
vn -0.9044 -0.0000 -0.4268
vn -0.6722 -0.0000 -0.7404
vn -0.3377 -0.0000 -0.9412
vn 0.0482 -0.0000 -0.9988
vn 0.4268 -0.0000 -0.9044
vn 0.9044 -0.0000 0.4267
vn -0.8037 -0.0000 -0.5950
vn 0.5950 -0.0000 -0.8037
vn 0.8037 -0.0000 0.5950
vn -0.5950 -0.0000 0.8037
vn -0.9171 -0.0000 0.3986
vn -0.3986 -0.0000 -0.9171
vn 0.9171 -0.0000 -0.3986
vn 0.3986 -0.0000 0.9171
vn -0.1134 -0.0000 0.9935
vn -0.9935 -0.0000 -0.1134
vn 0.1134 -0.0000 -0.9935
vn 0.9935 -0.0000 0.1134
vn 0.8303 -0.0000 -0.5573
vn 0.9804 -0.0000 -0.1971
vn 0.9812 -0.0000 0.1931
vn 0.8326 -0.0000 0.5539
vn 0.5573 -0.0000 0.8303
vn 0.1971 -0.0000 0.9804
vn -0.1931 -0.0000 0.9812
vn -0.5539 -0.0000 0.8326
vn -0.8303 -0.0000 0.5573
vn -0.9804 -0.0000 0.1971
vn -0.9812 -0.0000 -0.1931
vn -0.8326 -0.0000 -0.5539
vn -0.5573 -0.0000 -0.8303
vn -0.1971 -0.0000 -0.9804
vn 0.1931 -0.0000 -0.9812
vn 0.5539 -0.0000 -0.8326
vn 0.5572 -0.0000 0.8303
vn -0.7085 -0.0000 -0.7057
vn 0.7057 -0.0000 -0.7085
vn 0.7085 -0.0000 0.7057
vn -0.7057 -0.0000 0.7085
vn -0.9654 -0.0000 0.2608
vn -0.2608 -0.0000 -0.9654
vn 0.9654 -0.0000 -0.2608
vn 0.2608 -0.0000 0.9654
vn -0.2569 -0.0000 0.9664
vn -0.9664 -0.0000 -0.2569
vn 0.2569 -0.0000 -0.9664
vn 0.9664 -0.0000 0.2569
vn 0.9026 -0.0000 -0.4304
vn 0.9986 -0.0000 -0.0522
vn 0.9426 -0.0000 0.3339
vn 0.7431 -0.0000 0.6692
vn 0.4304 -0.0000 0.9026
vn 0.0522 -0.0000 0.9986
vn -0.3339 -0.0000 0.9426
vn -0.6692 -0.0000 0.7431
vn -0.9026 -0.0000 0.4304
vn -0.9986 -0.0000 0.0522
vn -0.9426 -0.0000 -0.3339
vn -0.7431 -0.0000 -0.6692
vn -0.4304 -0.0000 -0.9026
vn -0.0522 -0.0000 -0.9986
vn 0.3339 -0.0000 -0.9426
vn 0.6692 -0.0000 -0.7431
vn -0.5982 -0.0000 -0.8013
vn 0.8013 -0.0000 -0.5983
vn 0.5982 -0.0000 0.8013
vn -0.8013 -0.0000 0.5982
vn -0.9931 -0.0000 0.1174
vn -0.1174 -0.0000 -0.9931
vn 0.9931 -0.0000 -0.1174
vn 0.1174 -0.0000 0.9931
vn -0.3948 -0.0000 0.9188
vn -0.9188 -0.0000 -0.3948
vn 0.3948 -0.0000 -0.9188
vn 0.9188 -0.0000 0.3948
vn 0.8013 -0.0000 -0.5982
vn -0.3948 -0.0000 0.9187
vn 0.9557 -0.0000 -0.2944
vn 0.9956 -0.0000 0.0937
vn 0.8839 -0.0000 0.4676
vn 0.6377 -0.0000 0.7703
vn 0.2944 -0.0000 0.9557
vn -0.0937 -0.0000 0.9956
vn -0.4676 -0.0000 0.8839
vn -0.7703 -0.0000 0.6377
vn -0.9557 -0.0000 0.2944
vn -0.9956 -0.0000 -0.0937
vn -0.8839 -0.0000 -0.4676
vn -0.6377 -0.0000 -0.7703
vn -0.2944 -0.0000 -0.9557
vn 0.0937 -0.0000 -0.9956
vn 0.4676 -0.0000 -0.8839
vn 0.7703 -0.0000 -0.6377
vn -0.4752 -0.0000 -0.8799
vn 0.8799 -0.0000 -0.4752
vn 0.4752 -0.0000 0.8799
vn -0.8799 -0.0000 0.4752
vn -0.9996 -0.0000 -0.0284
vn 0.0284 -0.0000 -0.9996
vn 0.9996 -0.0000 0.0284
vn -0.0284 -0.0000 0.9996
vn -0.5244 -0.0000 0.8515
vn -0.8515 -0.0000 -0.5244
vn 0.5244 -0.0000 -0.8515
vn 0.8515 -0.0000 0.5244
vt 1.000000 0.500000
vt 1.000000 1.000000
vt 0.937500 1.000000
vt 0.937500 0.500000
vt 0.875000 1.000000
vt 0.875000 0.500000
vt 0.812500 1.000000
vt 0.812500 0.500000
vt 0.750000 1.000000
vt 0.750000 0.500000
vt 0.687500 1.000000
vt 0.687500 0.500000
vt 0.625000 1.000000
vt 0.625000 0.500000
vt 0.562500 1.000000
vt 0.562500 0.500000
vt 0.500000 1.000000
vt 0.500000 0.500000
vt 0.437500 1.000000
vt 0.437500 0.500000
vt 0.375000 1.000000
vt 0.375000 0.500000
vt 0.312500 1.000000
vt 0.312500 0.500000
vt 0.250000 1.000000
vt 0.250000 0.500000
vt 0.187500 1.000000
vt 0.187500 0.500000
vt 0.125000 1.000000
vt 0.125000 0.500000
vt 0.028269 0.158156
vt 0.080294 0.080294
vt 0.062500 1.000000
vt 0.062500 0.500000
vt 0.000000 1.000000
vt 0.000000 0.500000
vt 0.841028 0.030239
vt 0.750000 0.012132
vt 0.250000 0.490000
vt 0.341844 0.471731
vt 0.419706 0.419706
vt 0.471731 0.341844
vt 0.490000 0.250000
vt 0.471731 0.158156
vt 0.419706 0.080294
vt 0.341844 0.028269
vt 0.250000 0.010000
vt 0.158156 0.028269
vt 0.010000 0.250000
vt 0.028269 0.341844
vt 0.080294 0.419706
vt 0.158156 0.471731
vt 0.841028 0.469761
vt 0.750000 0.487868
vt 0.750000 0.490000
vt 0.841844 0.471731
vt 0.918198 0.418198
vt 0.919706 0.419706
vt 0.969761 0.341028
vt 0.971731 0.341844
vt 0.987867 0.250000
vt 0.990000 0.250000
vt 0.969761 0.158972
vt 0.971731 0.158156
vt 0.918198 0.081802
vt 0.919706 0.080294
vt 0.841844 0.028269
vt 0.750000 0.010000
vt 0.658972 0.030239
vt 0.658156 0.028269
vt 0.581802 0.081802
vt 0.580294 0.080294
vt 0.530239 0.158972
vt 0.528269 0.158156
vt 0.512132 0.250000
vt 0.510000 0.250000
vt 0.530239 0.341028
vt 0.528269 0.341844
vt 0.581802 0.418198
vt 0.580294 0.419706
vt 0.658972 0.469761
vt 0.658156 0.471731
vt 0.375000 0.000000
vt 0.625000 0.000000
vt 0.625000 0.250000
vt 0.375000 0.250000
vt 0.625000 0.750000
vt 0.375000 0.750000
vt 0.125000 0.750000
vt 0.875000 0.750000
s 1
usemtl マテリアル.002
f 65/1/1 34/2/1 33/3/1 66/4/1
f 66/4/2 33/3/2 35/5/2 67/6/2
f 67/6/3 35/5/3 36/7/3 68/8/3
f 68/8/4 36/7/4 37/9/4 69/10/4
f 69/10/5 37/9/5 38/11/5 70/12/5
f 70/12/6 38/11/6 39/13/6 71/14/6
f 71/14/7 39/13/7 40/15/7 72/16/7
f 72/16/8 40/15/8 41/17/8 73/18/8
f 73/18/9 41/17/9 42/19/9 74/20/9
f 74/20/10 42/19/10 43/21/10 75/22/10
f 75/22/11 43/21/11 44/23/11 76/24/11
f 76/24/12 44/23/12 45/25/12 77/26/12
f 77/26/13 45/25/13 46/27/13 78/28/13
f 78/28/14 46/27/14 47/29/14 79/30/14
f 24/31/11 22/32/11 59/32/11 60/31/11
f 79/30/15 47/29/15 48/33/15 80/34/15
f 80/34/16 48/33/16 34/35/16 65/36/16
f 15/37/8 17/38/8 89/38/8 88/37/8
f 2/39/17 4/40/17 33/40/17 34/39/17
f 4/40/17 6/41/17 35/41/17 33/40/17
f 6/41/17 8/42/17 36/42/17 35/41/17
f 8/42/17 10/43/17 37/43/17 36/42/17
f 10/43/17 12/44/17 38/44/17 37/43/17
f 12/44/17 14/45/17 39/45/17 38/44/17
f 14/45/17 16/46/17 40/46/17 39/45/17
f 16/46/17 18/47/17 41/47/17 40/46/17
f 18/47/17 20/48/17 42/48/17 41/47/17
f 20/48/17 22/32/17 43/32/17 42/48/17
f 22/32/17 24/31/17 44/31/17 43/32/17
f 24/31/17 26/49/17 45/49/17 44/31/17
f 26/49/17 28/50/17 46/50/17 45/49/17
f 28/50/17 30/51/17 47/51/17 46/50/17
f 30/51/17 32/52/17 48/52/17 47/51/17
f 32/52/17 2/39/17 34/39/17 48/52/17
f 49/40/18 50/39/18 64/52/18 63/51/18 62/50/18 61/49/18 60/31/18 59/32/18 58/48/18 57/47/18 56/46/18 55/45/18 54/44/18 53/43/18 52/42/18 51/41/18
f 10/43/4 8/42/4 52/42/4 53/43/4
f 26/49/12 24/31/12 60/31/12 61/49/12
f 12/44/5 10/43/5 53/43/5 54/44/5
f 28/50/13 26/49/13 61/49/13 62/50/13
f 14/45/6 12/44/6 54/44/6 55/45/6
f 30/51/14 28/50/14 62/50/14 63/51/14
f 16/46/7 14/45/7 55/45/7 56/46/7
f 32/52/15 30/51/15 63/51/15 64/52/15
f 18/47/8 16/46/8 56/46/8 57/47/8
f 4/40/1 2/39/1 50/39/1 49/40/1
f 2/39/16 32/52/16 64/52/16 50/39/16
f 20/48/9 18/47/9 57/47/9 58/48/9
f 6/41/2 4/40/2 49/40/2 51/41/2
f 22/32/10 20/48/10 58/48/10 59/32/10
f 8/42/3 6/41/3 51/41/3 52/42/3
f 3/53/18 1/54/18 65/55/18 66/56/18
f 5/57/18 3/53/18 66/56/18 67/58/18
f 7/59/18 5/57/18 67/58/18 68/60/18
f 9/61/18 7/59/18 68/60/18 69/62/18
f 11/63/18 9/61/18 69/62/18 70/64/18
f 13/65/18 11/63/18 70/64/18 71/66/18
f 15/37/18 13/65/18 71/66/18 72/67/18
f 17/38/18 15/37/18 72/67/18 73/68/18
f 19/69/18 17/38/18 73/68/18 74/70/18
f 21/71/18 19/69/18 74/70/18 75/72/18
f 23/73/18 21/71/18 75/72/18 76/74/18
f 25/75/18 23/73/18 76/74/18 77/76/18
f 27/77/18 25/75/18 77/76/18 78/78/18
f 29/79/18 27/77/18 78/78/18 79/80/18
f 31/81/18 29/79/18 79/80/18 80/82/18
f 1/54/18 31/81/18 80/82/18 65/55/18
f 81/54/17 82/53/17 83/57/17 84/59/17 85/61/17 86/63/17 87/65/17 88/37/17 89/38/17 90/69/17 91/71/17 92/73/17 93/75/17 94/77/17 95/79/17 96/81/17
f 1/54/1 3/53/1 82/53/1 81/54/1
f 31/81/16 1/54/16 81/54/16 96/81/16
f 17/38/9 19/69/9 90/69/9 89/38/9
f 3/53/2 5/57/2 83/57/2 82/53/2
f 19/69/10 21/71/10 91/71/10 90/69/10
f 5/57/3 7/59/3 84/59/3 83/57/3
f 21/71/11 23/73/11 92/73/11 91/71/11
f 7/59/4 9/61/4 85/61/4 84/59/4
f 23/73/12 25/75/12 93/75/12 92/73/12
f 9/61/5 11/63/5 86/63/5 85/61/5
f 25/75/13 27/77/13 94/77/13 93/75/13
f 11/63/6 13/65/6 87/65/6 86/63/6
f 27/77/14 29/79/14 95/79/14 94/77/14
f 13/65/7 15/37/7 88/37/7 87/65/7
f 29/79/15 31/81/15 96/81/15 95/79/15
f 209/1/31 178/2/31 177/3/31 210/4/31
f 210/4/32 177/3/32 179/5/32 211/6/32
f 211/6/33 179/5/33 180/7/33 212/8/33
f 212/8/34 180/7/34 181/9/34 213/10/34
f 213/10/35 181/9/35 182/11/35 214/12/35
f 214/12/36 182/11/36 183/13/36 215/14/36
f 215/14/37 183/13/37 184/15/37 216/16/37
f 216/16/38 184/15/38 185/17/38 217/18/38
f 217/18/39 185/17/39 186/19/39 218/20/39
f 218/20/40 186/19/40 187/21/40 219/22/40
f 219/22/41 187/21/41 188/23/41 220/24/41
f 220/24/42 188/23/42 189/25/42 221/26/42
f 221/26/43 189/25/43 190/27/43 222/28/43
f 222/28/44 190/27/44 191/29/44 223/30/44
f 168/31/41 166/32/41 203/32/41 204/31/41
f 223/30/45 191/29/45 192/33/45 224/34/45
f 224/34/46 192/33/46 178/35/46 209/36/46
f 159/37/38 161/38/38 233/38/38 232/37/38
f 146/39/17 148/40/17 177/40/17 178/39/17
f 148/40/17 150/41/17 179/41/17 177/40/17
f 150/41/17 152/42/17 180/42/17 179/41/17
f 152/42/17 154/43/17 181/43/17 180/42/17
f 154/43/17 156/44/17 182/44/17 181/43/17
f 156/44/17 158/45/17 183/45/17 182/44/17
f 158/45/17 160/46/17 184/46/17 183/45/17
f 160/46/17 162/47/17 185/47/17 184/46/17
f 162/47/17 164/48/17 186/48/17 185/47/17
f 164/48/17 166/32/17 187/32/17 186/48/17
f 166/32/17 168/31/17 188/31/17 187/32/17
f 168/31/17 170/49/17 189/49/17 188/31/17
f 170/49/17 172/50/17 190/50/17 189/49/17
f 172/50/17 174/51/17 191/51/17 190/50/17
f 174/51/17 176/52/17 192/52/17 191/51/17
f 176/52/17 146/39/17 178/39/17 192/52/17
f 193/40/18 194/39/18 208/52/18 207/51/18 206/50/18 205/49/18 204/31/18 203/32/18 202/48/18 201/47/18 200/46/18 199/45/18 198/44/18 197/43/18 196/42/18 195/41/18
f 154/43/34 152/42/34 196/42/34 197/43/34
f 170/49/42 168/31/42 204/31/42 205/49/42
f 156/44/35 154/43/35 197/43/35 198/44/35
f 172/50/43 170/49/43 205/49/43 206/50/43
f 158/45/36 156/44/36 198/44/36 199/45/36
f 174/51/44 172/50/44 206/50/44 207/51/44
f 160/46/37 158/45/37 199/45/37 200/46/37
f 176/52/45 174/51/45 207/51/45 208/52/45
f 162/47/38 160/46/38 200/46/38 201/47/38
f 148/40/31 146/39/31 194/39/31 193/40/31
f 146/39/46 176/52/46 208/52/46 194/39/46
f 164/48/39 162/47/39 201/47/39 202/48/39
f 150/41/32 148/40/32 193/40/32 195/41/32
f 166/32/40 164/48/40 202/48/40 203/32/40
f 152/42/33 150/41/33 195/41/33 196/42/33
f 147/53/18 145/54/18 209/55/18 210/56/18
f 149/57/18 147/53/18 210/56/18 211/58/18
f 151/59/18 149/57/18 211/58/18 212/60/18
f 153/61/18 151/59/18 212/60/18 213/62/18
f 155/63/18 153/61/18 213/62/18 214/64/18
f 157/65/18 155/63/18 214/64/18 215/66/18
f 159/37/18 157/65/18 215/66/18 216/67/18
f 161/38/18 159/37/18 216/67/18 217/68/18
f 163/69/18 161/38/18 217/68/18 218/70/18
f 165/71/18 163/69/18 218/70/18 219/72/18
f 167/73/18 165/71/18 219/72/18 220/74/18
f 169/75/18 167/73/18 220/74/18 221/76/18
f 171/77/18 169/75/18 221/76/18 222/78/18
f 173/79/18 171/77/18 222/78/18 223/80/18
f 175/81/18 173/79/18 223/80/18 224/82/18
f 145/54/18 175/81/18 224/82/18 209/55/18
f 225/54/17 226/53/17 227/57/17 228/59/17 229/61/17 230/63/17 231/65/17 232/37/17 233/38/17 234/69/17 235/71/17 236/73/17 237/75/17 238/77/17 239/79/17 240/81/17
f 145/54/31 147/53/31 226/53/31 225/54/31
f 175/81/46 145/54/46 225/54/46 240/81/46
f 161/38/39 163/69/39 234/69/39 233/38/39
f 147/53/32 149/57/32 227/57/32 226/53/32
f 163/69/40 165/71/40 235/71/40 234/69/40
f 149/57/33 151/59/33 228/59/33 227/57/33
f 165/71/41 167/73/41 236/73/41 235/71/41
f 151/59/34 153/61/34 229/61/34 228/59/34
f 167/73/42 169/75/42 237/75/42 236/73/42
f 153/61/35 155/63/35 230/63/35 229/61/35
f 169/75/43 171/77/43 238/77/43 237/75/43
f 155/63/36 157/65/36 231/65/36 230/63/36
f 171/77/44 173/79/44 239/79/44 238/77/44
f 157/65/37 159/37/37 232/37/37 231/65/37
f 173/79/45 175/81/45 240/81/45 239/79/45
f 353/1/60 322/2/60 321/3/60 354/4/60
f 354/4/61 321/3/61 323/5/61 355/6/61
f 355/6/62 323/5/62 324/7/62 356/8/62
f 356/8/63 324/7/63 325/9/63 357/10/63
f 357/10/64 325/9/64 326/11/64 358/12/64
f 358/12/65 326/11/65 327/13/65 359/14/65
f 359/14/66 327/13/66 328/15/66 360/16/66
f 360/16/67 328/15/67 329/17/67 361/18/67
f 361/18/68 329/17/68 330/19/68 362/20/68
f 362/20/69 330/19/69 331/21/69 363/22/69
f 363/22/70 331/21/70 332/23/70 364/24/70
f 364/24/71 332/23/71 333/25/71 365/26/71
f 365/26/72 333/25/72 334/27/72 366/28/72
f 366/28/73 334/27/73 335/29/73 367/30/73
f 312/31/70 310/32/70 347/32/70 348/31/70
f 367/30/74 335/29/74 336/33/74 368/34/74
f 368/34/75 336/33/75 322/35/75 353/36/75
f 303/37/67 305/38/67 377/38/67 376/37/67
f 290/39/17 292/40/17 321/40/17 322/39/17
f 292/40/17 294/41/17 323/41/17 321/40/17
f 294/41/17 296/42/17 324/42/17 323/41/17
f 296/42/17 298/43/17 325/43/17 324/42/17
f 298/43/17 300/44/17 326/44/17 325/43/17
f 300/44/17 302/45/17 327/45/17 326/44/17
f 302/45/17 304/46/17 328/46/17 327/45/17
f 304/46/17 306/47/17 329/47/17 328/46/17
f 306/47/17 308/48/17 330/48/17 329/47/17
f 308/48/17 310/32/17 331/32/17 330/48/17
f 310/32/17 312/31/17 332/31/17 331/32/17
f 312/31/17 314/49/17 333/49/17 332/31/17
f 314/49/17 316/50/17 334/50/17 333/49/17
f 316/50/17 318/51/17 335/51/17 334/50/17
f 318/51/17 320/52/17 336/52/17 335/51/17
f 320/52/17 290/39/17 322/39/17 336/52/17
f 337/40/18 338/39/18 352/52/18 351/51/18 350/50/18 349/49/18 348/31/18 347/32/18 346/48/18 345/47/18 344/46/18 343/45/18 342/44/18 341/43/18 340/42/18 339/41/18
f 298/43/63 296/42/63 340/42/63 341/43/63
f 314/49/71 312/31/71 348/31/71 349/49/71
f 300/44/64 298/43/64 341/43/64 342/44/64
f 316/50/72 314/49/72 349/49/72 350/50/72
f 302/45/65 300/44/65 342/44/65 343/45/65
f 318/51/76 316/50/76 350/50/76 351/51/76
f 304/46/66 302/45/66 343/45/66 344/46/66
f 320/52/74 318/51/74 351/51/74 352/52/74
f 306/47/67 304/46/67 344/46/67 345/47/67
f 292/40/60 290/39/60 338/39/60 337/40/60
f 290/39/75 320/52/75 352/52/75 338/39/75
f 308/48/68 306/47/68 345/47/68 346/48/68
f 294/41/61 292/40/61 337/40/61 339/41/61
f 310/32/77 308/48/77 346/48/77 347/32/77
f 296/42/62 294/41/62 339/41/62 340/42/62
f 291/53/18 289/54/18 353/55/18 354/56/18
f 293/57/18 291/53/18 354/56/18 355/58/18
f 295/59/18 293/57/18 355/58/18 356/60/18
f 297/61/18 295/59/18 356/60/18 357/62/18
f 299/63/18 297/61/18 357/62/18 358/64/18
f 301/65/18 299/63/18 358/64/18 359/66/18
f 303/37/18 301/65/18 359/66/18 360/67/18
f 305/38/18 303/37/18 360/67/18 361/68/18
f 307/69/18 305/38/18 361/68/18 362/70/18
f 309/71/18 307/69/18 362/70/18 363/72/18
f 311/73/18 309/71/18 363/72/18 364/74/18
f 313/75/18 311/73/18 364/74/18 365/76/18
f 315/77/18 313/75/18 365/76/18 366/78/18
f 317/79/18 315/77/18 366/78/18 367/80/18
f 319/81/18 317/79/18 367/80/18 368/82/18
f 289/54/18 319/81/18 368/82/18 353/55/18
f 369/54/17 370/53/17 371/57/17 372/59/17 373/61/17 374/63/17 375/65/17 376/37/17 377/38/17 378/69/17 379/71/17 380/73/17 381/75/17 382/77/17 383/79/17 384/81/17
f 289/54/60 291/53/60 370/53/60 369/54/60
f 319/81/75 289/54/75 369/54/75 384/81/75
f 305/38/68 307/69/68 378/69/68 377/38/68
f 291/53/61 293/57/61 371/57/61 370/53/61
f 307/69/77 309/71/77 379/71/77 378/69/77
f 293/57/62 295/59/62 372/59/62 371/57/62
f 309/71/70 311/73/70 380/73/70 379/71/70
f 295/59/63 297/61/63 373/61/63 372/59/63
f 311/73/71 313/75/71 381/75/71 380/73/71
f 297/61/64 299/63/64 374/63/64 373/61/64
f 313/75/72 315/77/72 382/77/72 381/75/72
f 299/63/78 301/65/78 375/65/78 374/63/78
f 315/77/76 317/79/76 383/79/76 382/77/76
f 301/65/66 303/37/66 376/37/66 375/65/66
f 317/79/74 319/81/74 384/81/74 383/79/74
f 497/1/91 466/2/91 465/3/91 498/4/91
f 498/4/92 465/3/92 467/5/92 499/6/92
f 499/6/93 467/5/93 468/7/93 500/8/93
f 500/8/94 468/7/94 469/9/94 501/10/94
f 501/10/95 469/9/95 470/11/95 502/12/95
f 502/12/96 470/11/96 471/13/96 503/14/96
f 503/14/97 471/13/97 472/15/97 504/16/97
f 504/16/98 472/15/98 473/17/98 505/18/98
f 505/18/99 473/17/99 474/19/99 506/20/99
f 506/20/100 474/19/100 475/21/100 507/22/100
f 507/22/101 475/21/101 476/23/101 508/24/101
f 508/24/102 476/23/102 477/25/102 509/26/102
f 509/26/103 477/25/103 478/27/103 510/28/103
f 510/28/104 478/27/104 479/29/104 511/30/104
f 456/31/101 454/32/101 491/32/101 492/31/101
f 511/30/105 479/29/105 480/33/105 512/34/105
f 512/34/106 480/33/106 466/35/106 497/36/106
f 447/37/107 449/38/107 521/38/107 520/37/107
f 434/39/17 436/40/17 465/40/17 466/39/17
f 436/40/17 438/41/17 467/41/17 465/40/17
f 438/41/17 440/42/17 468/42/17 467/41/17
f 440/42/17 442/43/17 469/43/17 468/42/17
f 442/43/17 444/44/17 470/44/17 469/43/17
f 444/44/17 446/45/17 471/45/17 470/44/17
f 446/45/17 448/46/17 472/46/17 471/45/17
f 448/46/17 450/47/17 473/47/17 472/46/17
f 450/47/17 452/48/17 474/48/17 473/47/17
f 452/48/17 454/32/17 475/32/17 474/48/17
f 454/32/17 456/31/17 476/31/17 475/32/17
f 456/31/17 458/49/17 477/49/17 476/31/17
f 458/49/17 460/50/17 478/50/17 477/49/17
f 460/50/17 462/51/17 479/51/17 478/50/17
f 462/51/17 464/52/17 480/52/17 479/51/17
f 464/52/17 434/39/17 466/39/17 480/52/17
f 481/40/18 482/39/18 496/52/18 495/51/18 494/50/18 493/49/18 492/31/18 491/32/18 490/48/18 489/47/18 488/46/18 487/45/18 486/44/18 485/43/18 484/42/18 483/41/18
f 442/43/108 440/42/108 484/42/108 485/43/108
f 458/49/109 456/31/109 492/31/109 493/49/109
f 444/44/95 442/43/95 485/43/95 486/44/95
f 460/50/103 458/49/103 493/49/103 494/50/103
f 446/45/96 444/44/96 486/44/96 487/45/96
f 462/51/104 460/50/104 494/50/104 495/51/104
f 448/46/97 446/45/97 487/45/97 488/46/97
f 464/52/105 462/51/105 495/51/105 496/52/105
f 450/47/107 448/46/107 488/46/107 489/47/107
f 436/40/91 434/39/91 482/39/91 481/40/91
f 434/39/106 464/52/106 496/52/106 482/39/106
f 452/48/99 450/47/99 489/47/99 490/48/99
f 438/41/92 436/40/92 481/40/92 483/41/92
f 454/32/100 452/48/100 490/48/100 491/32/100
f 440/42/93 438/41/93 483/41/93 484/42/93
f 435/53/18 433/54/18 497/55/18 498/56/18
f 437/57/18 435/53/18 498/56/18 499/58/18
f 439/59/18 437/57/18 499/58/18 500/60/18
f 441/61/18 439/59/18 500/60/18 501/62/18
f 443/63/18 441/61/18 501/62/18 502/64/18
f 445/65/18 443/63/18 502/64/18 503/66/18
f 447/37/18 445/65/18 503/66/18 504/67/18
f 449/38/18 447/37/18 504/67/18 505/68/18
f 451/69/18 449/38/18 505/68/18 506/70/18
f 453/71/18 451/69/18 506/70/18 507/72/18
f 455/73/18 453/71/18 507/72/18 508/74/18
f 457/75/18 455/73/18 508/74/18 509/76/18
f 459/77/18 457/75/18 509/76/18 510/78/18
f 461/79/18 459/77/18 510/78/18 511/80/18
f 463/81/18 461/79/18 511/80/18 512/82/18
f 433/54/18 463/81/18 512/82/18 497/55/18
f 513/54/17 514/53/17 515/57/17 516/59/17 517/61/17 518/63/17 519/65/17 520/37/17 521/38/17 522/69/17 523/71/17 524/73/17 525/75/17 526/77/17 527/79/17 528/81/17
f 433/54/91 435/53/91 514/53/91 513/54/91
f 463/81/110 433/54/110 513/54/110 528/81/110
f 449/38/99 451/69/99 522/69/99 521/38/99
f 435/53/92 437/57/92 515/57/92 514/53/92
f 451/69/100 453/71/100 523/71/100 522/69/100
f 437/57/93 439/59/93 516/59/93 515/57/93
f 453/71/101 455/73/101 524/73/101 523/71/101
f 439/59/94 441/61/94 517/61/94 516/59/94
f 455/73/102 457/75/102 525/75/102 524/73/102
f 441/61/95 443/63/95 518/63/95 517/61/95
f 457/75/103 459/77/103 526/77/103 525/75/103
f 443/63/96 445/65/96 519/65/96 518/63/96
f 459/77/104 461/79/104 527/79/104 526/77/104
f 445/65/97 447/37/97 520/37/97 519/65/97
f 461/79/105 463/81/105 528/81/105 527/79/105
f 641/1/123 610/2/123 609/3/123 642/4/123
f 642/4/124 609/3/124 611/5/124 643/6/124
f 643/6/125 611/5/125 612/7/125 644/8/125
f 644/8/126 612/7/126 613/9/126 645/10/126
f 645/10/127 613/9/127 614/11/127 646/12/127
f 646/12/128 614/11/128 615/13/128 647/14/128
f 647/14/129 615/13/129 616/15/129 648/16/129
f 648/16/130 616/15/130 617/17/130 649/18/130
f 649/18/131 617/17/131 618/19/131 650/20/131
f 650/20/132 618/19/132 619/21/132 651/22/132
f 651/22/133 619/21/133 620/23/133 652/24/133
f 652/24/134 620/23/134 621/25/134 653/26/134
f 653/26/135 621/25/135 622/27/135 654/28/135
f 654/28/136 622/27/136 623/29/136 655/30/136
f 600/31/133 598/32/133 635/32/133 636/31/133
f 655/30/137 623/29/137 624/33/137 656/34/137
f 656/34/138 624/33/138 610/35/138 641/36/138
f 591/37/130 593/38/130 665/38/130 664/37/130
f 578/39/17 580/40/17 609/40/17 610/39/17
f 580/40/17 582/41/17 611/41/17 609/40/17
f 582/41/17 584/42/17 612/42/17 611/41/17
f 584/42/17 586/43/17 613/43/17 612/42/17
f 586/43/17 588/44/17 614/44/17 613/43/17
f 588/44/17 590/45/17 615/45/17 614/44/17
f 590/45/17 592/46/17 616/46/17 615/45/17
f 592/46/17 594/47/17 617/47/17 616/46/17
f 594/47/17 596/48/17 618/48/17 617/47/17
f 596/48/17 598/32/17 619/32/17 618/48/17
f 598/32/17 600/31/17 620/31/17 619/32/17
f 600/31/17 602/49/17 621/49/17 620/31/17
f 602/49/17 604/50/17 622/50/17 621/49/17
f 604/50/17 606/51/17 623/51/17 622/50/17
f 606/51/17 608/52/17 624/52/17 623/51/17
f 608/52/17 578/39/17 610/39/17 624/52/17
f 625/40/18 626/39/18 640/52/18 639/51/18 638/50/18 637/49/18 636/31/18 635/32/18 634/48/18 633/47/18 632/46/18 631/45/18 630/44/18 629/43/18 628/42/18 627/41/18
f 586/43/126 584/42/126 628/42/126 629/43/126
f 602/49/134 600/31/134 636/31/134 637/49/134
f 588/44/127 586/43/127 629/43/127 630/44/127
f 604/50/135 602/49/135 637/49/135 638/50/135
f 590/45/128 588/44/128 630/44/128 631/45/128
f 606/51/136 604/50/136 638/50/136 639/51/136
f 592/46/129 590/45/129 631/45/129 632/46/129
f 608/52/137 606/51/137 639/51/137 640/52/137
f 594/47/130 592/46/130 632/46/130 633/47/130
f 580/40/123 578/39/123 626/39/123 625/40/123
f 578/39/138 608/52/138 640/52/138 626/39/138
f 596/48/131 594/47/131 633/47/131 634/48/131
f 582/41/124 580/40/124 625/40/124 627/41/124
f 598/32/139 596/48/139 634/48/139 635/32/139
f 584/42/125 582/41/125 627/41/125 628/42/125
f 579/53/18 577/54/18 641/55/18 642/56/18
f 581/57/18 579/53/18 642/56/18 643/58/18
f 583/59/18 581/57/18 643/58/18 644/60/18
f 585/61/18 583/59/18 644/60/18 645/62/18
f 587/63/18 585/61/18 645/62/18 646/64/18
f 589/65/18 587/63/18 646/64/18 647/66/18
f 591/37/18 589/65/18 647/66/18 648/67/18
f 593/38/18 591/37/18 648/67/18 649/68/18
f 595/69/18 593/38/18 649/68/18 650/70/18
f 597/71/18 595/69/18 650/70/18 651/72/18
f 599/73/18 597/71/18 651/72/18 652/74/18
f 601/75/18 599/73/18 652/74/18 653/76/18
f 603/77/18 601/75/18 653/76/18 654/78/18
f 605/79/18 603/77/18 654/78/18 655/80/18
f 607/81/18 605/79/18 655/80/18 656/82/18
f 577/54/18 607/81/18 656/82/18 641/55/18
f 657/54/17 658/53/17 659/57/17 660/59/17 661/61/17 662/63/17 663/65/17 664/37/17 665/38/17 666/69/17 667/71/17 668/73/17 669/75/17 670/77/17 671/79/17 672/81/17
f 577/54/123 579/53/123 658/53/123 657/54/123
f 607/81/138 577/54/138 657/54/138 672/81/138
f 593/38/131 595/69/131 666/69/131 665/38/131
f 579/53/124 581/57/124 659/57/124 658/53/124
f 595/69/139 597/71/139 667/71/139 666/69/139
f 581/57/125 583/59/125 660/59/125 659/57/125
f 597/71/133 599/73/133 668/73/133 667/71/133
f 583/59/126 585/61/126 661/61/126 660/59/126
f 599/73/134 601/75/134 669/75/134 668/73/134
f 585/61/127 587/63/127 662/63/127 661/61/127
f 601/75/135 603/77/135 670/77/135 669/75/135
f 587/63/140 589/65/140 663/65/140 662/63/140
f 603/77/136 605/79/136 671/79/136 670/77/136
f 589/65/129 591/37/129 664/37/129 663/65/129
f 605/79/137 607/81/137 672/81/137 671/79/137
f 785/1/155 754/2/155 753/3/155 786/4/155
f 786/4/156 753/3/156 755/5/156 787/6/156
f 787/6/157 755/5/157 756/7/157 788/8/157
f 788/8/158 756/7/158 757/9/158 789/10/158
f 789/10/159 757/9/159 758/11/159 790/12/159
f 790/12/160 758/11/160 759/13/160 791/14/160
f 791/14/161 759/13/161 760/15/161 792/16/161
f 792/16/162 760/15/162 761/17/162 793/18/162
f 793/18/163 761/17/163 762/19/163 794/20/163
f 794/20/164 762/19/164 763/21/164 795/22/164
f 795/22/165 763/21/165 764/23/165 796/24/165
f 796/24/166 764/23/166 765/25/166 797/26/166
f 797/26/167 765/25/167 766/27/167 798/28/167
f 798/28/168 766/27/168 767/29/168 799/30/168
f 744/31/165 742/32/165 779/32/165 780/31/165
f 799/30/169 767/29/169 768/33/169 800/34/169
f 800/34/170 768/33/170 754/35/170 785/36/170
f 735/37/162 737/38/162 809/38/162 808/37/162
f 722/39/17 724/40/17 753/40/17 754/39/17
f 724/40/17 726/41/17 755/41/17 753/40/17
f 726/41/17 728/42/17 756/42/17 755/41/17
f 728/42/17 730/43/17 757/43/17 756/42/17
f 730/43/17 732/44/17 758/44/17 757/43/17
f 732/44/17 734/45/17 759/45/17 758/44/17
f 734/45/17 736/46/17 760/46/17 759/45/17
f 736/46/17 738/47/17 761/47/17 760/46/17
f 738/47/17 740/48/17 762/48/17 761/47/17
f 740/48/17 742/32/17 763/32/17 762/48/17
f 742/32/17 744/31/17 764/31/17 763/32/17
f 744/31/17 746/49/17 765/49/17 764/31/17
f 746/49/17 748/50/17 766/50/17 765/49/17
f 748/50/17 750/51/17 767/51/17 766/50/17
f 750/51/17 752/52/17 768/52/17 767/51/17
f 752/52/17 722/39/17 754/39/17 768/52/17
f 769/40/18 770/39/18 784/52/18 783/51/18 782/50/18 781/49/18 780/31/18 779/32/18 778/48/18 777/47/18 776/46/18 775/45/18 774/44/18 773/43/18 772/42/18 771/41/18
f 730/43/158 728/42/158 772/42/158 773/43/158
f 746/49/166 744/31/166 780/31/166 781/49/166
f 732/44/159 730/43/159 773/43/159 774/44/159
f 748/50/167 746/49/167 781/49/167 782/50/167
f 734/45/160 732/44/160 774/44/160 775/45/160
f 750/51/168 748/50/168 782/50/168 783/51/168
f 736/46/161 734/45/161 775/45/161 776/46/161
f 752/52/169 750/51/169 783/51/169 784/52/169
f 738/47/162 736/46/162 776/46/162 777/47/162
f 724/40/155 722/39/155 770/39/155 769/40/155
f 722/39/170 752/52/170 784/52/170 770/39/170
f 740/48/163 738/47/163 777/47/163 778/48/163
f 726/41/156 724/40/156 769/40/156 771/41/156
f 742/32/164 740/48/164 778/48/164 779/32/164
f 728/42/157 726/41/157 771/41/157 772/42/157
f 723/53/18 721/54/18 785/55/18 786/56/18
f 725/57/18 723/53/18 786/56/18 787/58/18
f 727/59/18 725/57/18 787/58/18 788/60/18
f 729/61/18 727/59/18 788/60/18 789/62/18
f 731/63/18 729/61/18 789/62/18 790/64/18
f 733/65/18 731/63/18 790/64/18 791/66/18
f 735/37/18 733/65/18 791/66/18 792/67/18
f 737/38/18 735/37/18 792/67/18 793/68/18
f 739/69/18 737/38/18 793/68/18 794/70/18
f 741/71/18 739/69/18 794/70/18 795/72/18
f 743/73/18 741/71/18 795/72/18 796/74/18
f 745/75/18 743/73/18 796/74/18 797/76/18
f 747/77/18 745/75/18 797/76/18 798/78/18
f 749/79/18 747/77/18 798/78/18 799/80/18
f 751/81/18 749/79/18 799/80/18 800/82/18
f 721/54/18 751/81/18 800/82/18 785/55/18
f 801/54/17 802/53/17 803/57/17 804/59/17 805/61/17 806/63/17 807/65/17 808/37/17 809/38/17 810/69/17 811/71/17 812/73/17 813/75/17 814/77/17 815/79/17 816/81/17
f 721/54/155 723/53/155 802/53/155 801/54/155
f 751/81/170 721/54/170 801/54/170 816/81/170
f 737/38/163 739/69/163 810/69/163 809/38/163
f 723/53/156 725/57/156 803/57/156 802/53/156
f 739/69/164 741/71/164 811/71/164 810/69/164
f 725/57/157 727/59/157 804/59/157 803/57/157
f 741/71/165 743/73/165 812/73/165 811/71/165
f 727/59/158 729/61/158 805/61/158 804/59/158
f 743/73/166 745/75/166 813/75/166 812/73/166
f 729/61/159 731/63/159 806/63/159 805/61/159
f 745/75/167 747/77/167 814/77/167 813/75/167
f 731/63/160 733/65/160 807/65/160 806/63/160
f 747/77/168 749/79/168 815/79/168 814/77/168
f 733/65/161 735/37/161 808/37/161 807/65/161
f 749/79/169 751/81/169 816/81/169 815/79/169
f 929/1/185 898/2/185 897/3/185 930/4/185
f 930/4/186 897/3/186 899/5/186 931/6/186
f 931/6/187 899/5/187 900/7/187 932/8/187
f 932/8/188 900/7/188 901/9/188 933/10/188
f 933/10/189 901/9/189 902/11/189 934/12/189
f 934/12/190 902/11/190 903/13/190 935/14/190
f 935/14/191 903/13/191 904/15/191 936/16/191
f 936/16/192 904/15/192 905/17/192 937/18/192
f 937/18/193 905/17/193 906/19/193 938/20/193
f 938/20/194 906/19/194 907/21/194 939/22/194
f 939/22/195 907/21/195 908/23/195 940/24/195
f 940/24/196 908/23/196 909/25/196 941/26/196
f 941/26/197 909/25/197 910/27/197 942/28/197
f 942/28/198 910/27/198 911/29/198 943/30/198
f 888/31/195 886/32/195 923/32/195 924/31/195
f 943/30/199 911/29/199 912/33/199 944/34/199
f 944/34/200 912/33/200 898/35/200 929/36/200
f 879/37/192 881/38/192 953/38/192 952/37/192
f 866/39/17 868/40/17 897/40/17 898/39/17
f 868/40/17 870/41/17 899/41/17 897/40/17
f 870/41/17 872/42/17 900/42/17 899/41/17
f 872/42/17 874/43/17 901/43/17 900/42/17
f 874/43/17 876/44/17 902/44/17 901/43/17
f 876/44/17 878/45/17 903/45/17 902/44/17
f 878/45/17 880/46/17 904/46/17 903/45/17
f 880/46/17 882/47/17 905/47/17 904/46/17
f 882/47/17 884/48/17 906/48/17 905/47/17
f 884/48/17 886/32/17 907/32/17 906/48/17
f 886/32/17 888/31/17 908/31/17 907/32/17
f 888/31/17 890/49/17 909/49/17 908/31/17
f 890/49/17 892/50/17 910/50/17 909/49/17
f 892/50/17 894/51/17 911/51/17 910/50/17
f 894/51/17 896/52/17 912/52/17 911/51/17
f 896/52/17 866/39/17 898/39/17 912/52/17
f 913/40/18 914/39/18 928/52/18 927/51/18 926/50/18 925/49/18 924/31/18 923/32/18 922/48/18 921/47/18 920/46/18 919/45/18 918/44/18 917/43/18 916/42/18 915/41/18
f 874/43/188 872/42/188 916/42/188 917/43/188
f 890/49/196 888/31/196 924/31/196 925/49/196
f 876/44/189 874/43/189 917/43/189 918/44/189
f 892/50/197 890/49/197 925/49/197 926/50/197
f 878/45/190 876/44/190 918/44/190 919/45/190
f 894/51/198 892/50/198 926/50/198 927/51/198
f 880/46/191 878/45/191 919/45/191 920/46/191
f 896/52/199 894/51/199 927/51/199 928/52/199
f 882/47/192 880/46/192 920/46/192 921/47/192
f 868/40/185 866/39/185 914/39/185 913/40/185
f 866/39/200 896/52/200 928/52/200 914/39/200
f 884/48/193 882/47/193 921/47/193 922/48/193
f 870/41/186 868/40/186 913/40/186 915/41/186
f 886/32/194 884/48/194 922/48/194 923/32/194
f 872/42/187 870/41/187 915/41/187 916/42/187
f 867/53/18 865/54/18 929/55/18 930/56/18
f 869/57/18 867/53/18 930/56/18 931/58/18
f 871/59/18 869/57/18 931/58/18 932/60/18
f 873/61/18 871/59/18 932/60/18 933/62/18
f 875/63/18 873/61/18 933/62/18 934/64/18
f 877/65/18 875/63/18 934/64/18 935/66/18
f 879/37/18 877/65/18 935/66/18 936/67/18
f 881/38/18 879/37/18 936/67/18 937/68/18
f 883/69/18 881/38/18 937/68/18 938/70/18
f 885/71/18 883/69/18 938/70/18 939/72/18
f 887/73/18 885/71/18 939/72/18 940/74/18
f 889/75/18 887/73/18 940/74/18 941/76/18
f 891/77/18 889/75/18 941/76/18 942/78/18
f 893/79/18 891/77/18 942/78/18 943/80/18
f 895/81/18 893/79/18 943/80/18 944/82/18
f 865/54/18 895/81/18 944/82/18 929/55/18
f 945/54/17 946/53/17 947/57/17 948/59/17 949/61/17 950/63/17 951/65/17 952/37/17 953/38/17 954/69/17 955/71/17 956/73/17 957/75/17 958/77/17 959/79/17 960/81/17
f 865/54/185 867/53/185 946/53/185 945/54/185
f 895/81/200 865/54/200 945/54/200 960/81/200
f 881/38/193 883/69/193 954/69/193 953/38/193
f 867/53/186 869/57/186 947/57/186 946/53/186
f 883/69/194 885/71/194 955/71/194 954/69/194
f 869/57/201 871/59/201 948/59/201 947/57/201
f 885/71/195 887/73/195 956/73/195 955/71/195
f 871/59/188 873/61/188 949/61/188 948/59/188
f 887/73/196 889/75/196 957/75/196 956/73/196
f 873/61/189 875/63/189 950/63/189 949/61/189
f 889/75/197 891/77/197 958/77/197 957/75/197
f 875/63/190 877/65/190 951/65/190 950/63/190
f 891/77/198 893/79/198 959/79/198 958/77/198
f 877/65/191 879/37/191 952/37/191 951/65/191
f 893/79/199 895/81/199 960/81/199 959/79/199
f 1073/1/214 1042/2/214 1041/3/214 1074/4/214
f 1074/4/215 1041/3/215 1043/5/215 1075/6/215
f 1075/6/216 1043/5/216 1044/7/216 1076/8/216
f 1076/8/217 1044/7/217 1045/9/217 1077/10/217
f 1077/10/218 1045/9/218 1046/11/218 1078/12/218
f 1078/12/219 1046/11/219 1047/13/219 1079/14/219
f 1079/14/220 1047/13/220 1048/15/220 1080/16/220
f 1080/16/221 1048/15/221 1049/17/221 1081/18/221
f 1081/18/222 1049/17/222 1050/19/222 1082/20/222
f 1082/20/223 1050/19/223 1051/21/223 1083/22/223
f 1083/22/224 1051/21/224 1052/23/224 1084/24/224
f 1084/24/225 1052/23/225 1053/25/225 1085/26/225
f 1085/26/226 1053/25/226 1054/27/226 1086/28/226
f 1086/28/227 1054/27/227 1055/29/227 1087/30/227
f 1032/31/224 1030/32/224 1067/32/224 1068/31/224
f 1087/30/228 1055/29/228 1056/33/228 1088/34/228
f 1088/34/229 1056/33/229 1042/35/229 1073/36/229
f 1023/37/221 1025/38/221 1097/38/221 1096/37/221
f 1010/39/17 1012/40/17 1041/40/17 1042/39/17
f 1012/40/17 1014/41/17 1043/41/17 1041/40/17
f 1014/41/17 1016/42/17 1044/42/17 1043/41/17
f 1016/42/17 1018/43/17 1045/43/17 1044/42/17
f 1018/43/17 1020/44/17 1046/44/17 1045/43/17
f 1020/44/17 1022/45/17 1047/45/17 1046/44/17
f 1022/45/17 1024/46/17 1048/46/17 1047/45/17
f 1024/46/17 1026/47/17 1049/47/17 1048/46/17
f 1026/47/17 1028/48/17 1050/48/17 1049/47/17
f 1028/48/17 1030/32/17 1051/32/17 1050/48/17
f 1030/32/17 1032/31/17 1052/31/17 1051/32/17
f 1032/31/17 1034/49/17 1053/49/17 1052/31/17
f 1034/49/17 1036/50/17 1054/50/17 1053/49/17
f 1036/50/17 1038/51/17 1055/51/17 1054/50/17
f 1038/51/17 1040/52/17 1056/52/17 1055/51/17
f 1040/52/17 1010/39/17 1042/39/17 1056/52/17
f 1057/40/18 1058/39/18 1072/52/18 1071/51/18 1070/50/18 1069/49/18 1068/31/18 1067/32/18 1066/48/18 1065/47/18 1064/46/18 1063/45/18 1062/44/18 1061/43/18 1060/42/18 1059/41/18
f 1018/43/217 1016/42/217 1060/42/217 1061/43/217
f 1034/49/225 1032/31/225 1068/31/225 1069/49/225
f 1020/44/218 1018/43/218 1061/43/218 1062/44/218
f 1036/50/226 1034/49/226 1069/49/226 1070/50/226
f 1022/45/230 1020/44/230 1062/44/230 1063/45/230
f 1038/51/227 1036/50/227 1070/50/227 1071/51/227
f 1024/46/220 1022/45/220 1063/45/220 1064/46/220
f 1040/52/228 1038/51/228 1071/51/228 1072/52/228
f 1026/47/221 1024/46/221 1064/46/221 1065/47/221
f 1012/40/214 1010/39/214 1058/39/214 1057/40/214
f 1010/39/229 1040/52/229 1072/52/229 1058/39/229
f 1028/48/222 1026/47/222 1065/47/222 1066/48/222
f 1014/41/215 1012/40/215 1057/40/215 1059/41/215
f 1030/32/223 1028/48/223 1066/48/223 1067/32/223
f 1016/42/216 1014/41/216 1059/41/216 1060/42/216
f 1011/53/18 1009/54/18 1073/55/18 1074/56/18
f 1013/57/18 1011/53/18 1074/56/18 1075/58/18
f 1015/59/18 1013/57/18 1075/58/18 1076/60/18
f 1017/61/18 1015/59/18 1076/60/18 1077/62/18
f 1019/63/18 1017/61/18 1077/62/18 1078/64/18
f 1021/65/18 1019/63/18 1078/64/18 1079/66/18
f 1023/37/18 1021/65/18 1079/66/18 1080/67/18
f 1025/38/18 1023/37/18 1080/67/18 1081/68/18
f 1027/69/18 1025/38/18 1081/68/18 1082/70/18
f 1029/71/18 1027/69/18 1082/70/18 1083/72/18
f 1031/73/18 1029/71/18 1083/72/18 1084/74/18
f 1033/75/18 1031/73/18 1084/74/18 1085/76/18
f 1035/77/18 1033/75/18 1085/76/18 1086/78/18
f 1037/79/18 1035/77/18 1086/78/18 1087/80/18
f 1039/81/18 1037/79/18 1087/80/18 1088/82/18
f 1009/54/18 1039/81/18 1088/82/18 1073/55/18
f 1089/54/17 1090/53/17 1091/57/17 1092/59/17 1093/61/17 1094/63/17 1095/65/17 1096/37/17 1097/38/17 1098/69/17 1099/71/17 1100/73/17 1101/75/17 1102/77/17 1103/79/17 1104/81/17
f 1009/54/214 1011/53/214 1090/53/214 1089/54/214
f 1039/81/229 1009/54/229 1089/54/229 1104/81/229
f 1025/38/222 1027/69/222 1098/69/222 1097/38/222
f 1011/53/215 1013/57/215 1091/57/215 1090/53/215
f 1027/69/223 1029/71/223 1099/71/223 1098/69/223
f 1013/57/216 1015/59/216 1092/59/216 1091/57/216
f 1029/71/224 1031/73/224 1100/73/224 1099/71/224
f 1015/59/217 1017/61/217 1093/61/217 1092/59/217
f 1031/73/225 1033/75/225 1101/75/225 1100/73/225
f 1017/61/218 1019/63/218 1094/63/218 1093/61/218
f 1033/75/226 1035/77/226 1102/77/226 1101/75/226
f 1019/63/219 1021/65/219 1095/65/219 1094/63/219
f 1035/77/227 1037/79/227 1103/79/227 1102/77/227
f 1021/65/220 1023/37/220 1096/37/220 1095/65/220
f 1037/79/228 1039/81/228 1104/81/228 1103/79/228
f 1217/1/243 1186/2/243 1185/3/243 1218/4/243
f 1218/4/244 1185/3/244 1187/5/244 1219/6/244
f 1219/6/245 1187/5/245 1188/7/245 1220/8/245
f 1220/8/246 1188/7/246 1189/9/246 1221/10/246
f 1221/10/247 1189/9/247 1190/11/247 1222/12/247
f 1222/12/248 1190/11/248 1191/13/248 1223/14/248
f 1223/14/249 1191/13/249 1192/15/249 1224/16/249
f 1224/16/250 1192/15/250 1193/17/250 1225/18/250
f 1225/18/251 1193/17/251 1194/19/251 1226/20/251
f 1226/20/252 1194/19/252 1195/21/252 1227/22/252
f 1227/22/253 1195/21/253 1196/23/253 1228/24/253
f 1228/24/254 1196/23/254 1197/25/254 1229/26/254
f 1229/26/255 1197/25/255 1198/27/255 1230/28/255
f 1230/28/256 1198/27/256 1199/29/256 1231/30/256
f 1176/31/253 1174/32/253 1211/32/253 1212/31/253
f 1231/30/257 1199/29/257 1200/33/257 1232/34/257
f 1232/34/258 1200/33/258 1186/35/258 1217/36/258
f 1167/37/250 1169/38/250 1241/38/250 1240/37/250
f 1154/39/17 1156/40/17 1185/40/17 1186/39/17
f 1156/40/17 1158/41/17 1187/41/17 1185/40/17
f 1158/41/17 1160/42/17 1188/42/17 1187/41/17
f 1160/42/17 1162/43/17 1189/43/17 1188/42/17
f 1162/43/17 1164/44/17 1190/44/17 1189/43/17
f 1164/44/17 1166/45/17 1191/45/17 1190/44/17
f 1166/45/17 1168/46/17 1192/46/17 1191/45/17
f 1168/46/17 1170/47/17 1193/47/17 1192/46/17
f 1170/47/17 1172/48/17 1194/48/17 1193/47/17
f 1172/48/17 1174/32/17 1195/32/17 1194/48/17
f 1174/32/17 1176/31/17 1196/31/17 1195/32/17
f 1176/31/17 1178/49/17 1197/49/17 1196/31/17
f 1178/49/17 1180/50/17 1198/50/17 1197/49/17
f 1180/50/17 1182/51/17 1199/51/17 1198/50/17
f 1182/51/17 1184/52/17 1200/52/17 1199/51/17
f 1184/52/17 1154/39/17 1186/39/17 1200/52/17
f 1201/40/18 1202/39/18 1216/52/18 1215/51/18 1214/50/18 1213/49/18 1212/31/18 1211/32/18 1210/48/18 1209/47/18 1208/46/18 1207/45/18 1206/44/18 1205/43/18 1204/42/18 1203/41/18
f 1162/43/246 1160/42/246 1204/42/246 1205/43/246
f 1178/49/254 1176/31/254 1212/31/254 1213/49/254
f 1164/44/247 1162/43/247 1205/43/247 1206/44/247
f 1180/50/255 1178/49/255 1213/49/255 1214/50/255
f 1166/45/248 1164/44/248 1206/44/248 1207/45/248
f 1182/51/256 1180/50/256 1214/50/256 1215/51/256
f 1168/46/249 1166/45/249 1207/45/249 1208/46/249
f 1184/52/257 1182/51/257 1215/51/257 1216/52/257
f 1170/47/250 1168/46/250 1208/46/250 1209/47/250
f 1156/40/243 1154/39/243 1202/39/243 1201/40/243
f 1154/39/258 1184/52/258 1216/52/258 1202/39/258
f 1172/48/251 1170/47/251 1209/47/251 1210/48/251
f 1158/41/244 1156/40/244 1201/40/244 1203/41/244
f 1174/32/252 1172/48/252 1210/48/252 1211/32/252
f 1160/42/245 1158/41/245 1203/41/245 1204/42/245
f 1155/53/18 1153/54/18 1217/55/18 1218/56/18
f 1157/57/18 1155/53/18 1218/56/18 1219/58/18
f 1159/59/18 1157/57/18 1219/58/18 1220/60/18
f 1161/61/18 1159/59/18 1220/60/18 1221/62/18
f 1163/63/18 1161/61/18 1221/62/18 1222/64/18
f 1165/65/18 1163/63/18 1222/64/18 1223/66/18
f 1167/37/18 1165/65/18 1223/66/18 1224/67/18
f 1169/38/18 1167/37/18 1224/67/18 1225/68/18
f 1171/69/18 1169/38/18 1225/68/18 1226/70/18
f 1173/71/18 1171/69/18 1226/70/18 1227/72/18
f 1175/73/18 1173/71/18 1227/72/18 1228/74/18
f 1177/75/18 1175/73/18 1228/74/18 1229/76/18
f 1179/77/18 1177/75/18 1229/76/18 1230/78/18
f 1181/79/18 1179/77/18 1230/78/18 1231/80/18
f 1183/81/18 1181/79/18 1231/80/18 1232/82/18
f 1153/54/18 1183/81/18 1232/82/18 1217/55/18
f 1233/54/17 1234/53/17 1235/57/17 1236/59/17 1237/61/17 1238/63/17 1239/65/17 1240/37/17 1241/38/17 1242/69/17 1243/71/17 1244/73/17 1245/75/17 1246/77/17 1247/79/17 1248/81/17
f 1153/54/243 1155/53/243 1234/53/243 1233/54/243
f 1183/81/258 1153/54/258 1233/54/258 1248/81/258
f 1169/38/251 1171/69/251 1242/69/251 1241/38/251
f 1155/53/244 1157/57/244 1235/57/244 1234/53/244
f 1171/69/252 1173/71/252 1243/71/252 1242/69/252
f 1157/57/245 1159/59/245 1236/59/245 1235/57/245
f 1173/71/253 1175/73/253 1244/73/253 1243/71/253
f 1159/59/246 1161/61/246 1237/61/246 1236/59/246
f 1175/73/254 1177/75/254 1245/75/254 1244/73/254
f 1161/61/247 1163/63/247 1238/63/247 1237/61/247
f 1177/75/255 1179/77/255 1246/77/255 1245/75/255
f 1163/63/248 1165/65/248 1239/65/248 1238/63/248
f 1179/77/256 1181/79/256 1247/79/256 1246/77/256
f 1165/65/249 1167/37/249 1240/37/249 1239/65/249
f 1181/79/257 1183/81/257 1248/81/257 1247/79/257
f 1361/1/271 1330/2/271 1329/3/271 1362/4/271
f 1362/4/272 1329/3/272 1331/5/272 1363/6/272
f 1363/6/273 1331/5/273 1332/7/273 1364/8/273
f 1364/8/274 1332/7/274 1333/9/274 1365/10/274
f 1365/10/275 1333/9/275 1334/11/275 1366/12/275
f 1366/12/276 1334/11/276 1335/13/276 1367/14/276
f 1367/14/277 1335/13/277 1336/15/277 1368/16/277
f 1368/16/278 1336/15/278 1337/17/278 1369/18/278
f 1369/18/279 1337/17/279 1338/19/279 1370/20/279
f 1370/20/280 1338/19/280 1339/21/280 1371/22/280
f 1371/22/281 1339/21/281 1340/23/281 1372/24/281
f 1372/24/282 1340/23/282 1341/25/282 1373/26/282
f 1373/26/283 1341/25/283 1342/27/283 1374/28/283
f 1374/28/284 1342/27/284 1343/29/284 1375/30/284
f 1320/31/281 1318/32/281 1355/32/281 1356/31/281
f 1375/30/285 1343/29/285 1344/33/285 1376/34/285
f 1376/34/286 1344/33/286 1330/35/286 1361/36/286
f 1311/37/278 1313/38/278 1385/38/278 1384/37/278
f 1298/39/17 1300/40/17 1329/40/17 1330/39/17
f 1300/40/17 1302/41/17 1331/41/17 1329/40/17
f 1302/41/17 1304/42/17 1332/42/17 1331/41/17
f 1304/42/17 1306/43/17 1333/43/17 1332/42/17
f 1306/43/17 1308/44/17 1334/44/17 1333/43/17
f 1308/44/17 1310/45/17 1335/45/17 1334/44/17
f 1310/45/17 1312/46/17 1336/46/17 1335/45/17
f 1312/46/17 1314/47/17 1337/47/17 1336/46/17
f 1314/47/17 1316/48/17 1338/48/17 1337/47/17
f 1316/48/17 1318/32/17 1339/32/17 1338/48/17
f 1318/32/17 1320/31/17 1340/31/17 1339/32/17
f 1320/31/17 1322/49/17 1341/49/17 1340/31/17
f 1322/49/17 1324/50/17 1342/50/17 1341/49/17
f 1324/50/17 1326/51/17 1343/51/17 1342/50/17
f 1326/51/17 1328/52/17 1344/52/17 1343/51/17
f 1328/52/17 1298/39/17 1330/39/17 1344/52/17
f 1345/40/18 1346/39/18 1360/52/18 1359/51/18 1358/50/18 1357/49/18 1356/31/18 1355/32/18 1354/48/18 1353/47/18 1352/46/18 1351/45/18 1350/44/18 1349/43/18 1348/42/18 1347/41/18
f 1306/43/274 1304/42/274 1348/42/274 1349/43/274
f 1322/49/282 1320/31/282 1356/31/282 1357/49/282
f 1308/44/275 1306/43/275 1349/43/275 1350/44/275
f 1324/50/283 1322/49/283 1357/49/283 1358/50/283
f 1310/45/276 1308/44/276 1350/44/276 1351/45/276
f 1326/51/284 1324/50/284 1358/50/284 1359/51/284
f 1312/46/277 1310/45/277 1351/45/277 1352/46/277
f 1328/52/285 1326/51/285 1359/51/285 1360/52/285
f 1314/47/278 1312/46/278 1352/46/278 1353/47/278
f 1300/40/271 1298/39/271 1346/39/271 1345/40/271
f 1298/39/286 1328/52/286 1360/52/286 1346/39/286
f 1316/48/279 1314/47/279 1353/47/279 1354/48/279
f 1302/41/272 1300/40/272 1345/40/272 1347/41/272
f 1318/32/280 1316/48/280 1354/48/280 1355/32/280
f 1304/42/273 1302/41/273 1347/41/273 1348/42/273
f 1299/53/18 1297/54/18 1361/55/18 1362/56/18
f 1301/57/18 1299/53/18 1362/56/18 1363/58/18
f 1303/59/18 1301/57/18 1363/58/18 1364/60/18
f 1305/61/18 1303/59/18 1364/60/18 1365/62/18
f 1307/63/18 1305/61/18 1365/62/18 1366/64/18
f 1309/65/18 1307/63/18 1366/64/18 1367/66/18
f 1311/37/18 1309/65/18 1367/66/18 1368/67/18
f 1313/38/18 1311/37/18 1368/67/18 1369/68/18
f 1315/69/18 1313/38/18 1369/68/18 1370/70/18
f 1317/71/18 1315/69/18 1370/70/18 1371/72/18
f 1319/73/18 1317/71/18 1371/72/18 1372/74/18
f 1321/75/18 1319/73/18 1372/74/18 1373/76/18
f 1323/77/18 1321/75/18 1373/76/18 1374/78/18
f 1325/79/18 1323/77/18 1374/78/18 1375/80/18
f 1327/81/18 1325/79/18 1375/80/18 1376/82/18
f 1297/54/18 1327/81/18 1376/82/18 1361/55/18
f 1377/54/17 1378/53/17 1379/57/17 1380/59/17 1381/61/17 1382/63/17 1383/65/17 1384/37/17 1385/38/17 1386/69/17 1387/71/17 1388/73/17 1389/75/17 1390/77/17 1391/79/17 1392/81/17
f 1297/54/271 1299/53/271 1378/53/271 1377/54/271
f 1327/81/286 1297/54/286 1377/54/286 1392/81/286
f 1313/38/279 1315/69/279 1386/69/279 1385/38/279
f 1299/53/272 1301/57/272 1379/57/272 1378/53/272
f 1315/69/280 1317/71/280 1387/71/280 1386/69/280
f 1301/57/273 1303/59/273 1380/59/273 1379/57/273
f 1317/71/281 1319/73/281 1388/73/281 1387/71/281
f 1303/59/274 1305/61/274 1381/61/274 1380/59/274
f 1319/73/282 1321/75/282 1389/75/282 1388/73/282
f 1305/61/275 1307/63/275 1382/63/275 1381/61/275
f 1321/75/283 1323/77/283 1390/77/283 1389/75/283
f 1307/63/276 1309/65/276 1383/65/276 1382/63/276
f 1323/77/284 1325/79/284 1391/79/284 1390/77/284
f 1309/65/277 1311/37/277 1384/37/277 1383/65/277
f 1325/79/285 1327/81/285 1392/81/285 1391/79/285
f 1505/1/299 1474/2/299 1473/3/299 1506/4/299
f 1506/4/300 1473/3/300 1475/5/300 1507/6/300
f 1507/6/301 1475/5/301 1476/7/301 1508/8/301
f 1508/8/302 1476/7/302 1477/9/302 1509/10/302
f 1509/10/303 1477/9/303 1478/11/303 1510/12/303
f 1510/12/304 1478/11/304 1479/13/304 1511/14/304
f 1511/14/305 1479/13/305 1480/15/305 1512/16/305
f 1512/16/306 1480/15/306 1481/17/306 1513/18/306
f 1513/18/307 1481/17/307 1482/19/307 1514/20/307
f 1514/20/308 1482/19/308 1483/21/308 1515/22/308
f 1515/22/309 1483/21/309 1484/23/309 1516/24/309
f 1516/24/310 1484/23/310 1485/25/310 1517/26/310
f 1517/26/311 1485/25/311 1486/27/311 1518/28/311
f 1518/28/312 1486/27/312 1487/29/312 1519/30/312
f 1464/31/309 1462/32/309 1499/32/309 1500/31/309
f 1519/30/313 1487/29/313 1488/33/313 1520/34/313
f 1520/34/314 1488/33/314 1474/35/314 1505/36/314
f 1455/37/306 1457/38/306 1529/38/306 1528/37/306
f 1442/39/17 1444/40/17 1473/40/17 1474/39/17
f 1444/40/17 1446/41/17 1475/41/17 1473/40/17
f 1446/41/17 1448/42/17 1476/42/17 1475/41/17
f 1448/42/17 1450/43/17 1477/43/17 1476/42/17
f 1450/43/17 1452/44/17 1478/44/17 1477/43/17
f 1452/44/17 1454/45/17 1479/45/17 1478/44/17
f 1454/45/17 1456/46/17 1480/46/17 1479/45/17
f 1456/46/17 1458/47/17 1481/47/17 1480/46/17
f 1458/47/17 1460/48/17 1482/48/17 1481/47/17
f 1460/48/17 1462/32/17 1483/32/17 1482/48/17
f 1462/32/17 1464/31/17 1484/31/17 1483/32/17
f 1464/31/17 1466/49/17 1485/49/17 1484/31/17
f 1466/49/17 1468/50/17 1486/50/17 1485/49/17
f 1468/50/17 1470/51/17 1487/51/17 1486/50/17
f 1470/51/17 1472/52/17 1488/52/17 1487/51/17
f 1472/52/17 1442/39/17 1474/39/17 1488/52/17
f 1489/40/18 1490/39/18 1504/52/18 1503/51/18 1502/50/18 1501/49/18 1500/31/18 1499/32/18 1498/48/18 1497/47/18 1496/46/18 1495/45/18 1494/44/18 1493/43/18 1492/42/18 1491/41/18
f 1450/43/302 1448/42/302 1492/42/302 1493/43/302
f 1466/49/310 1464/31/310 1500/31/310 1501/49/310
f 1452/44/303 1450/43/303 1493/43/303 1494/44/303
f 1468/50/311 1466/49/311 1501/49/311 1502/50/311
f 1454/45/304 1452/44/304 1494/44/304 1495/45/304
f 1470/51/312 1468/50/312 1502/50/312 1503/51/312
f 1456/46/305 1454/45/305 1495/45/305 1496/46/305
f 1472/52/313 1470/51/313 1503/51/313 1504/52/313
f 1458/47/306 1456/46/306 1496/46/306 1497/47/306
f 1444/40/299 1442/39/299 1490/39/299 1489/40/299
f 1442/39/314 1472/52/314 1504/52/314 1490/39/314
f 1460/48/307 1458/47/307 1497/47/307 1498/48/307
f 1446/41/300 1444/40/300 1489/40/300 1491/41/300
f 1462/32/308 1460/48/308 1498/48/308 1499/32/308
f 1448/42/301 1446/41/301 1491/41/301 1492/42/301
f 1443/53/18 1441/54/18 1505/55/18 1506/56/18
f 1445/57/18 1443/53/18 1506/56/18 1507/58/18
f 1447/59/18 1445/57/18 1507/58/18 1508/60/18
f 1449/61/18 1447/59/18 1508/60/18 1509/62/18
f 1451/63/18 1449/61/18 1509/62/18 1510/64/18
f 1453/65/18 1451/63/18 1510/64/18 1511/66/18
f 1455/37/18 1453/65/18 1511/66/18 1512/67/18
f 1457/38/18 1455/37/18 1512/67/18 1513/68/18
f 1459/69/18 1457/38/18 1513/68/18 1514/70/18
f 1461/71/18 1459/69/18 1514/70/18 1515/72/18
f 1463/73/18 1461/71/18 1515/72/18 1516/74/18
f 1465/75/18 1463/73/18 1516/74/18 1517/76/18
f 1467/77/18 1465/75/18 1517/76/18 1518/78/18
f 1469/79/18 1467/77/18 1518/78/18 1519/80/18
f 1471/81/18 1469/79/18 1519/80/18 1520/82/18
f 1441/54/18 1471/81/18 1520/82/18 1505/55/18
f 1521/54/17 1522/53/17 1523/57/17 1524/59/17 1525/61/17 1526/63/17 1527/65/17 1528/37/17 1529/38/17 1530/69/17 1531/71/17 1532/73/17 1533/75/17 1534/77/17 1535/79/17 1536/81/17
f 1441/54/299 1443/53/299 1522/53/299 1521/54/299
f 1471/81/314 1441/54/314 1521/54/314 1536/81/314
f 1457/38/307 1459/69/307 1530/69/307 1529/38/307
f 1443/53/300 1445/57/300 1523/57/300 1522/53/300
f 1459/69/308 1461/71/308 1531/71/308 1530/69/308
f 1445/57/301 1447/59/301 1524/59/301 1523/57/301
f 1461/71/309 1463/73/309 1532/73/309 1531/71/309
f 1447/59/302 1449/61/302 1525/61/302 1524/59/302
f 1463/73/310 1465/75/310 1533/75/310 1532/73/310
f 1449/61/303 1451/63/303 1526/63/303 1525/61/303
f 1465/75/311 1467/77/311 1534/77/311 1533/75/311
f 1451/63/304 1453/65/304 1527/65/304 1526/63/304
f 1467/77/312 1469/79/312 1535/79/312 1534/77/312
f 1453/65/305 1455/37/305 1528/37/305 1527/65/305
f 1469/79/313 1471/81/313 1536/81/313 1535/79/313
f 1649/1/332 1618/2/332 1617/3/332 1650/4/332
f 1650/4/333 1617/3/333 1619/5/333 1651/6/333
f 1651/6/334 1619/5/334 1620/7/334 1652/8/334
f 1652/8/335 1620/7/335 1621/9/335 1653/10/335
f 1653/10/336 1621/9/336 1622/11/336 1654/12/336
f 1654/12/337 1622/11/337 1623/13/337 1655/14/337
f 1655/14/338 1623/13/338 1624/15/338 1656/16/338
f 1656/16/339 1624/15/339 1625/17/339 1657/18/339
f 1657/18/340 1625/17/340 1626/19/340 1658/20/340
f 1658/20/341 1626/19/341 1627/21/341 1659/22/341
f 1659/22/342 1627/21/342 1628/23/342 1660/24/342
f 1660/24/343 1628/23/343 1629/25/343 1661/26/343
f 1661/26/344 1629/25/344 1630/27/344 1662/28/344
f 1662/28/345 1630/27/345 1631/29/345 1663/30/345
f 1608/31/342 1606/32/342 1643/32/342 1644/31/342
f 1663/30/346 1631/29/346 1632/33/346 1664/34/346
f 1664/34/347 1632/33/347 1618/35/347 1649/36/347
f 1599/37/339 1601/38/339 1673/38/339 1672/37/339
f 1586/39/17 1588/40/17 1617/40/17 1618/39/17
f 1588/40/17 1590/41/17 1619/41/17 1617/40/17
f 1590/41/17 1592/42/17 1620/42/17 1619/41/17
f 1592/42/17 1594/43/17 1621/43/17 1620/42/17
f 1594/43/17 1596/44/17 1622/44/17 1621/43/17
f 1596/44/17 1598/45/17 1623/45/17 1622/44/17
f 1598/45/17 1600/46/17 1624/46/17 1623/45/17
f 1600/46/17 1602/47/17 1625/47/17 1624/46/17
f 1602/47/17 1604/48/17 1626/48/17 1625/47/17
f 1604/48/17 1606/32/17 1627/32/17 1626/48/17
f 1606/32/17 1608/31/17 1628/31/17 1627/32/17
f 1608/31/17 1610/49/17 1629/49/17 1628/31/17
f 1610/49/17 1612/50/17 1630/50/17 1629/49/17
f 1612/50/17 1614/51/17 1631/51/17 1630/50/17
f 1614/51/17 1616/52/17 1632/52/17 1631/51/17
f 1616/52/17 1586/39/17 1618/39/17 1632/52/17
f 1633/40/18 1634/39/18 1648/52/18 1647/51/18 1646/50/18 1645/49/18 1644/31/18 1643/32/18 1642/48/18 1641/47/18 1640/46/18 1639/45/18 1638/44/18 1637/43/18 1636/42/18 1635/41/18
f 1594/43/335 1592/42/335 1636/42/335 1637/43/335
f 1610/49/343 1608/31/343 1644/31/343 1645/49/343
f 1596/44/336 1594/43/336 1637/43/336 1638/44/336
f 1612/50/344 1610/49/344 1645/49/344 1646/50/344
f 1598/45/337 1596/44/337 1638/44/337 1639/45/337
f 1614/51/345 1612/50/345 1646/50/345 1647/51/345
f 1600/46/338 1598/45/338 1639/45/338 1640/46/338
f 1616/52/346 1614/51/346 1647/51/346 1648/52/346
f 1602/47/339 1600/46/339 1640/46/339 1641/47/339
f 1588/40/332 1586/39/332 1634/39/332 1633/40/332
f 1586/39/347 1616/52/347 1648/52/347 1634/39/347
f 1604/48/340 1602/47/340 1641/47/340 1642/48/340
f 1590/41/333 1588/40/333 1633/40/333 1635/41/333
f 1606/32/341 1604/48/341 1642/48/341 1643/32/341
f 1592/42/334 1590/41/334 1635/41/334 1636/42/334
f 1587/53/18 1585/54/18 1649/55/18 1650/56/18
f 1589/57/18 1587/53/18 1650/56/18 1651/58/18
f 1591/59/18 1589/57/18 1651/58/18 1652/60/18
f 1593/61/18 1591/59/18 1652/60/18 1653/62/18
f 1595/63/18 1593/61/18 1653/62/18 1654/64/18
f 1597/65/18 1595/63/18 1654/64/18 1655/66/18
f 1599/37/18 1597/65/18 1655/66/18 1656/67/18
f 1601/38/18 1599/37/18 1656/67/18 1657/68/18
f 1603/69/18 1601/38/18 1657/68/18 1658/70/18
f 1605/71/18 1603/69/18 1658/70/18 1659/72/18
f 1607/73/18 1605/71/18 1659/72/18 1660/74/18
f 1609/75/18 1607/73/18 1660/74/18 1661/76/18
f 1611/77/18 1609/75/18 1661/76/18 1662/78/18
f 1613/79/18 1611/77/18 1662/78/18 1663/80/18
f 1615/81/18 1613/79/18 1663/80/18 1664/82/18
f 1585/54/18 1615/81/18 1664/82/18 1649/55/18
f 1665/54/17 1666/53/17 1667/57/17 1668/59/17 1669/61/17 1670/63/17 1671/65/17 1672/37/17 1673/38/17 1674/69/17 1675/71/17 1676/73/17 1677/75/17 1678/77/17 1679/79/17 1680/81/17
f 1585/54/332 1587/53/332 1666/53/332 1665/54/332
f 1615/81/347 1585/54/347 1665/54/347 1680/81/347
f 1601/38/340 1603/69/340 1674/69/340 1673/38/340
f 1587/53/333 1589/57/333 1667/57/333 1666/53/333
f 1603/69/341 1605/71/341 1675/71/341 1674/69/341
f 1589/57/334 1591/59/334 1668/59/334 1667/57/334
f 1605/71/342 1607/73/342 1676/73/342 1675/71/342
f 1591/59/335 1593/61/335 1669/61/335 1668/59/335
f 1607/73/343 1609/75/343 1677/75/343 1676/73/343
f 1593/61/336 1595/63/336 1670/63/336 1669/61/336
f 1609/75/344 1611/77/344 1678/77/344 1677/75/344
f 1595/63/337 1597/65/337 1671/65/337 1670/63/337
f 1611/77/345 1613/79/345 1679/79/345 1678/77/345
f 1597/65/338 1599/37/338 1672/37/338 1671/65/338
f 1613/79/346 1615/81/346 1680/81/346 1679/79/346
f 1793/1/360 1762/2/360 1761/3/360 1794/4/360
f 1794/4/361 1761/3/361 1763/5/361 1795/6/361
f 1795/6/362 1763/5/362 1764/7/362 1796/8/362
f 1796/8/363 1764/7/363 1765/9/363 1797/10/363
f 1797/10/364 1765/9/364 1766/11/364 1798/12/364
f 1798/12/365 1766/11/365 1767/13/365 1799/14/365
f 1799/14/366 1767/13/366 1768/15/366 1800/16/366
f 1800/16/367 1768/15/367 1769/17/367 1801/18/367
f 1801/18/368 1769/17/368 1770/19/368 1802/20/368
f 1802/20/369 1770/19/369 1771/21/369 1803/22/369
f 1803/22/370 1771/21/370 1772/23/370 1804/24/370
f 1804/24/371 1772/23/371 1773/25/371 1805/26/371
f 1805/26/372 1773/25/372 1774/27/372 1806/28/372
f 1806/28/373 1774/27/373 1775/29/373 1807/30/373
f 1752/31/370 1750/32/370 1787/32/370 1788/31/370
f 1807/30/374 1775/29/374 1776/33/374 1808/34/374
f 1808/34/375 1776/33/375 1762/35/375 1793/36/375
f 1743/37/367 1745/38/367 1817/38/367 1816/37/367
f 1730/39/17 1732/40/17 1761/40/17 1762/39/17
f 1732/40/17 1734/41/17 1763/41/17 1761/40/17
f 1734/41/17 1736/42/17 1764/42/17 1763/41/17
f 1736/42/17 1738/43/17 1765/43/17 1764/42/17
f 1738/43/17 1740/44/17 1766/44/17 1765/43/17
f 1740/44/17 1742/45/17 1767/45/17 1766/44/17
f 1742/45/17 1744/46/17 1768/46/17 1767/45/17
f 1744/46/17 1746/47/17 1769/47/17 1768/46/17
f 1746/47/17 1748/48/17 1770/48/17 1769/47/17
f 1748/48/17 1750/32/17 1771/32/17 1770/48/17
f 1750/32/17 1752/31/17 1772/31/17 1771/32/17
f 1752/31/17 1754/49/17 1773/49/17 1772/31/17
f 1754/49/17 1756/50/17 1774/50/17 1773/49/17
f 1756/50/17 1758/51/17 1775/51/17 1774/50/17
f 1758/51/17 1760/52/17 1776/52/17 1775/51/17
f 1760/52/17 1730/39/17 1762/39/17 1776/52/17
f 1777/40/18 1778/39/18 1792/52/18 1791/51/18 1790/50/18 1789/49/18 1788/31/18 1787/32/18 1786/48/18 1785/47/18 1784/46/18 1783/45/18 1782/44/18 1781/43/18 1780/42/18 1779/41/18
f 1738/43/363 1736/42/363 1780/42/363 1781/43/363
f 1754/49/371 1752/31/371 1788/31/371 1789/49/371
f 1740/44/364 1738/43/364 1781/43/364 1782/44/364
f 1756/50/372 1754/49/372 1789/49/372 1790/50/372
f 1742/45/365 1740/44/365 1782/44/365 1783/45/365
f 1758/51/373 1756/50/373 1790/50/373 1791/51/373
f 1744/46/366 1742/45/366 1783/45/366 1784/46/366
f 1760/52/374 1758/51/374 1791/51/374 1792/52/374
f 1746/47/367 1744/46/367 1784/46/367 1785/47/367
f 1732/40/360 1730/39/360 1778/39/360 1777/40/360
f 1730/39/375 1760/52/375 1792/52/375 1778/39/375
f 1748/48/368 1746/47/368 1785/47/368 1786/48/368
f 1734/41/361 1732/40/361 1777/40/361 1779/41/361
f 1750/32/369 1748/48/369 1786/48/369 1787/32/369
f 1736/42/376 1734/41/376 1779/41/376 1780/42/376
f 1731/53/18 1729/54/18 1793/55/18 1794/56/18
f 1733/57/18 1731/53/18 1794/56/18 1795/58/18
f 1735/59/18 1733/57/18 1795/58/18 1796/60/18
f 1737/61/18 1735/59/18 1796/60/18 1797/62/18
f 1739/63/18 1737/61/18 1797/62/18 1798/64/18
f 1741/65/18 1739/63/18 1798/64/18 1799/66/18
f 1743/37/18 1741/65/18 1799/66/18 1800/67/18
f 1745/38/18 1743/37/18 1800/67/18 1801/68/18
f 1747/69/18 1745/38/18 1801/68/18 1802/70/18
f 1749/71/18 1747/69/18 1802/70/18 1803/72/18
f 1751/73/18 1749/71/18 1803/72/18 1804/74/18
f 1753/75/18 1751/73/18 1804/74/18 1805/76/18
f 1755/77/18 1753/75/18 1805/76/18 1806/78/18
f 1757/79/18 1755/77/18 1806/78/18 1807/80/18
f 1759/81/18 1757/79/18 1807/80/18 1808/82/18
f 1729/54/18 1759/81/18 1808/82/18 1793/55/18
f 1809/54/17 1810/53/17 1811/57/17 1812/59/17 1813/61/17 1814/63/17 1815/65/17 1816/37/17 1817/38/17 1818/69/17 1819/71/17 1820/73/17 1821/75/17 1822/77/17 1823/79/17 1824/81/17
f 1729/54/360 1731/53/360 1810/53/360 1809/54/360
f 1759/81/375 1729/54/375 1809/54/375 1824/81/375
f 1745/38/368 1747/69/368 1818/69/368 1817/38/368
f 1731/53/361 1733/57/361 1811/57/361 1810/53/361
f 1747/69/369 1749/71/369 1819/71/369 1818/69/369
f 1733/57/376 1735/59/376 1812/59/376 1811/57/376
f 1749/71/370 1751/73/370 1820/73/370 1819/71/370
f 1735/59/363 1737/61/363 1813/61/363 1812/59/363
f 1751/73/371 1753/75/371 1821/75/371 1820/73/371
f 1737/61/364 1739/63/364 1814/63/364 1813/61/364
f 1753/75/372 1755/77/372 1822/77/372 1821/75/372
f 1739/63/365 1741/65/365 1815/65/365 1814/63/365
f 1755/77/373 1757/79/373 1823/79/373 1822/77/373
f 1741/65/366 1743/37/366 1816/37/366 1815/65/366
f 1757/79/374 1759/81/374 1824/81/374 1823/79/374
f 1937/1/392 1906/2/392 1905/3/392 1938/4/392
f 1938/4/393 1905/3/393 1907/5/393 1939/6/393
f 1939/6/394 1907/5/394 1908/7/394 1940/8/394
f 1940/8/395 1908/7/395 1909/9/395 1941/10/395
f 1941/10/396 1909/9/396 1910/11/396 1942/12/396
f 1942/12/397 1910/11/397 1911/13/397 1943/14/397
f 1943/14/398 1911/13/398 1912/15/398 1944/16/398
f 1944/16/399 1912/15/399 1913/17/399 1945/18/399
f 1945/18/400 1913/17/400 1914/19/400 1946/20/400
f 1946/20/401 1914/19/401 1915/21/401 1947/22/401
f 1947/22/402 1915/21/402 1916/23/402 1948/24/402
f 1948/24/403 1916/23/403 1917/25/403 1949/26/403
f 1949/26/404 1917/25/404 1918/27/404 1950/28/404
f 1950/28/405 1918/27/405 1919/29/405 1951/30/405
f 1896/31/402 1894/32/402 1931/32/402 1932/31/402
f 1951/30/406 1919/29/406 1920/33/406 1952/34/406
f 1952/34/407 1920/33/407 1906/35/407 1937/36/407
f 1887/37/399 1889/38/399 1961/38/399 1960/37/399
f 1874/39/17 1876/40/17 1905/40/17 1906/39/17
f 1876/40/17 1878/41/17 1907/41/17 1905/40/17
f 1878/41/17 1880/42/17 1908/42/17 1907/41/17
f 1880/42/17 1882/43/17 1909/43/17 1908/42/17
f 1882/43/17 1884/44/17 1910/44/17 1909/43/17
f 1884/44/17 1886/45/17 1911/45/17 1910/44/17
f 1886/45/17 1888/46/17 1912/46/17 1911/45/17
f 1888/46/17 1890/47/17 1913/47/17 1912/46/17
f 1890/47/17 1892/48/17 1914/48/17 1913/47/17
f 1892/48/17 1894/32/17 1915/32/17 1914/48/17
f 1894/32/17 1896/31/17 1916/31/17 1915/32/17
f 1896/31/17 1898/49/17 1917/49/17 1916/31/17
f 1898/49/17 1900/50/17 1918/50/17 1917/49/17
f 1900/50/17 1902/51/17 1919/51/17 1918/50/17
f 1902/51/17 1904/52/17 1920/52/17 1919/51/17
f 1904/52/17 1874/39/17 1906/39/17 1920/52/17
f 1921/40/18 1922/39/18 1936/52/18 1935/51/18 1934/50/18 1933/49/18 1932/31/18 1931/32/18 1930/48/18 1929/47/18 1928/46/18 1927/45/18 1926/44/18 1925/43/18 1924/42/18 1923/41/18
f 1882/43/395 1880/42/395 1924/42/395 1925/43/395
f 1898/49/408 1896/31/408 1932/31/408 1933/49/408
f 1884/44/409 1882/43/409 1925/43/409 1926/44/409
f 1900/50/404 1898/49/404 1933/49/404 1934/50/404
f 1886/45/397 1884/44/397 1926/44/397 1927/45/397
f 1902/51/405 1900/50/405 1934/50/405 1935/51/405
f 1888/46/398 1886/45/398 1927/45/398 1928/46/398
f 1904/52/406 1902/51/406 1935/51/406 1936/52/406
f 1890/47/399 1888/46/399 1928/46/399 1929/47/399
f 1876/40/392 1874/39/392 1922/39/392 1921/40/392
f 1874/39/410 1904/52/410 1936/52/410 1922/39/410
f 1892/48/411 1890/47/411 1929/47/411 1930/48/411
f 1878/41/393 1876/40/393 1921/40/393 1923/41/393
f 1894/32/401 1892/48/401 1930/48/401 1931/32/401
f 1880/42/394 1878/41/394 1923/41/394 1924/42/394
f 1875/53/18 1873/54/18 1937/55/18 1938/56/18
f 1877/57/18 1875/53/18 1938/56/18 1939/58/18
f 1879/59/18 1877/57/18 1939/58/18 1940/60/18
f 1881/61/18 1879/59/18 1940/60/18 1941/62/18
f 1883/63/18 1881/61/18 1941/62/18 1942/64/18
f 1885/65/18 1883/63/18 1942/64/18 1943/66/18
f 1887/37/18 1885/65/18 1943/66/18 1944/67/18
f 1889/38/18 1887/37/18 1944/67/18 1945/68/18
f 1891/69/18 1889/38/18 1945/68/18 1946/70/18
f 1893/71/18 1891/69/18 1946/70/18 1947/72/18
f 1895/73/18 1893/71/18 1947/72/18 1948/74/18
f 1897/75/18 1895/73/18 1948/74/18 1949/76/18
f 1899/77/18 1897/75/18 1949/76/18 1950/78/18
f 1901/79/18 1899/77/18 1950/78/18 1951/80/18
f 1903/81/18 1901/79/18 1951/80/18 1952/82/18
f 1873/54/18 1903/81/18 1952/82/18 1937/55/18
f 1953/54/17 1954/53/17 1955/57/17 1956/59/17 1957/61/17 1958/63/17 1959/65/17 1960/37/17 1961/38/17 1962/69/17 1963/71/17 1964/73/17 1965/75/17 1966/77/17 1967/79/17 1968/81/17
f 1873/54/392 1875/53/392 1954/53/392 1953/54/392
f 1903/81/410 1873/54/410 1953/54/410 1968/81/410
f 1889/38/411 1891/69/411 1962/69/411 1961/38/411
f 1875/53/393 1877/57/393 1955/57/393 1954/53/393
f 1891/69/401 1893/71/401 1963/71/401 1962/69/401
f 1877/57/394 1879/59/394 1956/59/394 1955/57/394
f 1893/71/402 1895/73/402 1964/73/402 1963/71/402
f 1879/59/395 1881/61/395 1957/61/395 1956/59/395
f 1895/73/403 1897/75/403 1965/75/403 1964/73/403
f 1881/61/409 1883/63/409 1958/63/409 1957/61/409
f 1897/75/404 1899/77/404 1966/77/404 1965/75/404
f 1883/63/397 1885/65/397 1959/65/397 1958/63/397
f 1899/77/405 1901/79/405 1967/79/405 1966/77/405
f 1885/65/398 1887/37/398 1960/37/398 1959/65/398
f 1901/79/406 1903/81/406 1968/81/406 1967/79/406
f 2081/1/424 2050/2/424 2049/3/424 2082/4/424
f 2082/4/425 2049/3/425 2051/5/425 2083/6/425
f 2083/6/426 2051/5/426 2052/7/426 2084/8/426
f 2084/8/427 2052/7/427 2053/9/427 2085/10/427
f 2085/10/428 2053/9/428 2054/11/428 2086/12/428
f 2086/12/429 2054/11/429 2055/13/429 2087/14/429
f 2087/14/430 2055/13/430 2056/15/430 2088/16/430
f 2088/16/431 2056/15/431 2057/17/431 2089/18/431
f 2089/18/432 2057/17/432 2058/19/432 2090/20/432
f 2090/20/433 2058/19/433 2059/21/433 2091/22/433
f 2091/22/434 2059/21/434 2060/23/434 2092/24/434
f 2092/24/435 2060/23/435 2061/25/435 2093/26/435
f 2093/26/436 2061/25/436 2062/27/436 2094/28/436
f 2094/28/437 2062/27/437 2063/29/437 2095/30/437
f 2040/31/434 2038/32/434 2075/32/434 2076/31/434
f 2095/30/438 2063/29/438 2064/33/438 2096/34/438
f 2096/34/439 2064/33/439 2050/35/439 2081/36/439
f 2031/37/431 2033/38/431 2105/38/431 2104/37/431
f 2018/39/17 2020/40/17 2049/40/17 2050/39/17
f 2020/40/17 2022/41/17 2051/41/17 2049/40/17
f 2022/41/17 2024/42/17 2052/42/17 2051/41/17
f 2024/42/17 2026/43/17 2053/43/17 2052/42/17
f 2026/43/17 2028/44/17 2054/44/17 2053/43/17
f 2028/44/17 2030/45/17 2055/45/17 2054/44/17
f 2030/45/17 2032/46/17 2056/46/17 2055/45/17
f 2032/46/17 2034/47/17 2057/47/17 2056/46/17
f 2034/47/17 2036/48/17 2058/48/17 2057/47/17
f 2036/48/17 2038/32/17 2059/32/17 2058/48/17
f 2038/32/17 2040/31/17 2060/31/17 2059/32/17
f 2040/31/17 2042/49/17 2061/49/17 2060/31/17
f 2042/49/17 2044/50/17 2062/50/17 2061/49/17
f 2044/50/17 2046/51/17 2063/51/17 2062/50/17
f 2046/51/17 2048/52/17 2064/52/17 2063/51/17
f 2048/52/17 2018/39/17 2050/39/17 2064/52/17
f 2065/40/18 2066/39/18 2080/52/18 2079/51/18 2078/50/18 2077/49/18 2076/31/18 2075/32/18 2074/48/18 2073/47/18 2072/46/18 2071/45/18 2070/44/18 2069/43/18 2068/42/18 2067/41/18
f 2026/43/427 2024/42/427 2068/42/427 2069/43/427
f 2042/49/435 2040/31/435 2076/31/435 2077/49/435
f 2028/44/428 2026/43/428 2069/43/428 2070/44/428
f 2044/50/440 2042/49/440 2077/49/440 2078/50/440
f 2030/45/429 2028/44/429 2070/44/429 2071/45/429
f 2046/51/437 2044/50/437 2078/50/437 2079/51/437
f 2032/46/430 2030/45/430 2071/45/430 2072/46/430
f 2048/52/438 2046/51/438 2079/51/438 2080/52/438
f 2034/47/431 2032/46/431 2072/46/431 2073/47/431
f 2020/40/424 2018/39/424 2066/39/424 2065/40/424
f 2018/39/439 2048/52/439 2080/52/439 2066/39/439
f 2036/48/432 2034/47/432 2073/47/432 2074/48/432
f 2022/41/425 2020/40/425 2065/40/425 2067/41/425
f 2038/32/433 2036/48/433 2074/48/433 2075/32/433
f 2024/42/426 2022/41/426 2067/41/426 2068/42/426
f 2019/53/18 2017/54/18 2081/55/18 2082/56/18
f 2021/57/18 2019/53/18 2082/56/18 2083/58/18
f 2023/59/18 2021/57/18 2083/58/18 2084/60/18
f 2025/61/18 2023/59/18 2084/60/18 2085/62/18
f 2027/63/18 2025/61/18 2085/62/18 2086/64/18
f 2029/65/18 2027/63/18 2086/64/18 2087/66/18
f 2031/37/18 2029/65/18 2087/66/18 2088/67/18
f 2033/38/18 2031/37/18 2088/67/18 2089/68/18
f 2035/69/18 2033/38/18 2089/68/18 2090/70/18
f 2037/71/18 2035/69/18 2090/70/18 2091/72/18
f 2039/73/18 2037/71/18 2091/72/18 2092/74/18
f 2041/75/18 2039/73/18 2092/74/18 2093/76/18
f 2043/77/18 2041/75/18 2093/76/18 2094/78/18
f 2045/79/18 2043/77/18 2094/78/18 2095/80/18
f 2047/81/18 2045/79/18 2095/80/18 2096/82/18
f 2017/54/18 2047/81/18 2096/82/18 2081/55/18
f 2097/54/17 2098/53/17 2099/57/17 2100/59/17 2101/61/17 2102/63/17 2103/65/17 2104/37/17 2105/38/17 2106/69/17 2107/71/17 2108/73/17 2109/75/17 2110/77/17 2111/79/17 2112/81/17
f 2017/54/424 2019/53/424 2098/53/424 2097/54/424
f 2047/81/439 2017/54/439 2097/54/439 2112/81/439
f 2033/38/432 2035/69/432 2106/69/432 2105/38/432
f 2019/53/425 2021/57/425 2099/57/425 2098/53/425
f 2035/69/433 2037/71/433 2107/71/433 2106/69/433
f 2021/57/426 2023/59/426 2100/59/426 2099/57/426
f 2037/71/434 2039/73/434 2108/73/434 2107/71/434
f 2023/59/427 2025/61/427 2101/61/427 2100/59/427
f 2039/73/435 2041/75/435 2109/75/435 2108/73/435
f 2025/61/428 2027/63/428 2102/63/428 2101/61/428
f 2041/75/436 2043/77/436 2110/77/436 2109/75/436
f 2027/63/429 2029/65/429 2103/65/429 2102/63/429
f 2043/77/437 2045/79/437 2111/79/437 2110/77/437
f 2029/65/430 2031/37/430 2104/37/430 2103/65/430
f 2045/79/438 2047/81/438 2112/81/438 2111/79/438
f 2225/1/453 2194/2/453 2193/3/453 2226/4/453
f 2226/4/454 2193/3/454 2195/5/454 2227/6/454
f 2227/6/455 2195/5/455 2196/7/455 2228/8/455
f 2228/8/456 2196/7/456 2197/9/456 2229/10/456
f 2229/10/457 2197/9/457 2198/11/457 2230/12/457
f 2230/12/458 2198/11/458 2199/13/458 2231/14/458
f 2231/14/459 2199/13/459 2200/15/459 2232/16/459
f 2232/16/460 2200/15/460 2201/17/460 2233/18/460
f 2233/18/461 2201/17/461 2202/19/461 2234/20/461
f 2234/20/462 2202/19/462 2203/21/462 2235/22/462
f 2235/22/463 2203/21/463 2204/23/463 2236/24/463
f 2236/24/464 2204/23/464 2205/25/464 2237/26/464
f 2237/26/465 2205/25/465 2206/27/465 2238/28/465
f 2238/28/466 2206/27/466 2207/29/466 2239/30/466
f 2184/31/463 2182/32/463 2219/32/463 2220/31/463
f 2239/30/467 2207/29/467 2208/33/467 2240/34/467
f 2240/34/468 2208/33/468 2194/35/468 2225/36/468
f 2175/37/460 2177/38/460 2249/38/460 2248/37/460
f 2162/39/17 2164/40/17 2193/40/17 2194/39/17
f 2164/40/17 2166/41/17 2195/41/17 2193/40/17
f 2166/41/17 2168/42/17 2196/42/17 2195/41/17
f 2168/42/17 2170/43/17 2197/43/17 2196/42/17
f 2170/43/17 2172/44/17 2198/44/17 2197/43/17
f 2172/44/17 2174/45/17 2199/45/17 2198/44/17
f 2174/45/17 2176/46/17 2200/46/17 2199/45/17
f 2176/46/17 2178/47/17 2201/47/17 2200/46/17
f 2178/47/17 2180/48/17 2202/48/17 2201/47/17
f 2180/48/17 2182/32/17 2203/32/17 2202/48/17
f 2182/32/17 2184/31/17 2204/31/17 2203/32/17
f 2184/31/17 2186/49/17 2205/49/17 2204/31/17
f 2186/49/17 2188/50/17 2206/50/17 2205/49/17
f 2188/50/17 2190/51/17 2207/51/17 2206/50/17
f 2190/51/17 2192/52/17 2208/52/17 2207/51/17
f 2192/52/17 2162/39/17 2194/39/17 2208/52/17
f 2209/40/18 2210/39/18 2224/52/18 2223/51/18 2222/50/18 2221/49/18 2220/31/18 2219/32/18 2218/48/18 2217/47/18 2216/46/18 2215/45/18 2214/44/18 2213/43/18 2212/42/18 2211/41/18
f 2170/43/456 2168/42/456 2212/42/456 2213/43/456
f 2186/49/464 2184/31/464 2220/31/464 2221/49/464
f 2172/44/457 2170/43/457 2213/43/457 2214/44/457
f 2188/50/465 2186/49/465 2221/49/465 2222/50/465
f 2174/45/458 2172/44/458 2214/44/458 2215/45/458
f 2190/51/466 2188/50/466 2222/50/466 2223/51/466
f 2176/46/459 2174/45/459 2215/45/459 2216/46/459
f 2192/52/467 2190/51/467 2223/51/467 2224/52/467
f 2178/47/460 2176/46/460 2216/46/460 2217/47/460
f 2164/40/453 2162/39/453 2210/39/453 2209/40/453
f 2162/39/468 2192/52/468 2224/52/468 2210/39/468
f 2180/48/461 2178/47/461 2217/47/461 2218/48/461
f 2166/41/454 2164/40/454 2209/40/454 2211/41/454
f 2182/32/462 2180/48/462 2218/48/462 2219/32/462
f 2168/42/455 2166/41/455 2211/41/455 2212/42/455
f 2163/53/18 2161/54/18 2225/55/18 2226/56/18
f 2165/57/18 2163/53/18 2226/56/18 2227/58/18
f 2167/59/18 2165/57/18 2227/58/18 2228/60/18
f 2169/61/18 2167/59/18 2228/60/18 2229/62/18
f 2171/63/18 2169/61/18 2229/62/18 2230/64/18
f 2173/65/18 2171/63/18 2230/64/18 2231/66/18
f 2175/37/18 2173/65/18 2231/66/18 2232/67/18
f 2177/38/18 2175/37/18 2232/67/18 2233/68/18
f 2179/69/18 2177/38/18 2233/68/18 2234/70/18
f 2181/71/18 2179/69/18 2234/70/18 2235/72/18
f 2183/73/18 2181/71/18 2235/72/18 2236/74/18
f 2185/75/18 2183/73/18 2236/74/18 2237/76/18
f 2187/77/18 2185/75/18 2237/76/18 2238/78/18
f 2189/79/18 2187/77/18 2238/78/18 2239/80/18
f 2191/81/18 2189/79/18 2239/80/18 2240/82/18
f 2161/54/18 2191/81/18 2240/82/18 2225/55/18
f 2241/54/17 2242/53/17 2243/57/17 2244/59/17 2245/61/17 2246/63/17 2247/65/17 2248/37/17 2249/38/17 2250/69/17 2251/71/17 2252/73/17 2253/75/17 2254/77/17 2255/79/17 2256/81/17
f 2161/54/453 2163/53/453 2242/53/453 2241/54/453
f 2191/81/468 2161/54/468 2241/54/468 2256/81/468
f 2177/38/461 2179/69/461 2250/69/461 2249/38/461
f 2163/53/454 2165/57/454 2243/57/454 2242/53/454
f 2179/69/462 2181/71/462 2251/71/462 2250/69/462
f 2165/57/455 2167/59/455 2244/59/455 2243/57/455
f 2181/71/463 2183/73/463 2252/73/463 2251/71/463
f 2167/59/456 2169/61/456 2245/61/456 2244/59/456
f 2183/73/464 2185/75/464 2253/75/464 2252/73/464
f 2169/61/457 2171/63/457 2246/63/457 2245/61/457
f 2185/75/465 2187/77/465 2254/77/465 2253/75/465
f 2171/63/458 2173/65/458 2247/65/458 2246/63/458
f 2187/77/466 2189/79/466 2255/79/466 2254/77/466
f 2173/65/459 2175/37/459 2248/37/459 2247/65/459
f 2189/79/467 2191/81/467 2256/81/467 2255/79/467
f 2369/1/483 2338/2/483 2337/3/483 2370/4/483
f 2370/4/484 2337/3/484 2339/5/484 2371/6/484
f 2371/6/485 2339/5/485 2340/7/485 2372/8/485
f 2372/8/486 2340/7/486 2341/9/486 2373/10/486
f 2373/10/487 2341/9/487 2342/11/487 2374/12/487
f 2374/12/488 2342/11/488 2343/13/488 2375/14/488
f 2375/14/489 2343/13/489 2344/15/489 2376/16/489
f 2376/16/490 2344/15/490 2345/17/490 2377/18/490
f 2377/18/491 2345/17/491 2346/19/491 2378/20/491
f 2378/20/492 2346/19/492 2347/21/492 2379/22/492
f 2379/22/493 2347/21/493 2348/23/493 2380/24/493
f 2380/24/494 2348/23/494 2349/25/494 2381/26/494
f 2381/26/495 2349/25/495 2350/27/495 2382/28/495
f 2382/28/496 2350/27/496 2351/29/496 2383/30/496
f 2328/31/493 2326/32/493 2363/32/493 2364/31/493
f 2383/30/497 2351/29/497 2352/33/497 2384/34/497
f 2384/34/498 2352/33/498 2338/35/498 2369/36/498
f 2319/37/490 2321/38/490 2393/38/490 2392/37/490
f 2306/39/17 2308/40/17 2337/40/17 2338/39/17
f 2308/40/17 2310/41/17 2339/41/17 2337/40/17
f 2310/41/17 2312/42/17 2340/42/17 2339/41/17
f 2312/42/17 2314/43/17 2341/43/17 2340/42/17
f 2314/43/17 2316/44/17 2342/44/17 2341/43/17
f 2316/44/17 2318/45/17 2343/45/17 2342/44/17
f 2318/45/17 2320/46/17 2344/46/17 2343/45/17
f 2320/46/17 2322/47/17 2345/47/17 2344/46/17
f 2322/47/17 2324/48/17 2346/48/17 2345/47/17
f 2324/48/17 2326/32/17 2347/32/17 2346/48/17
f 2326/32/17 2328/31/17 2348/31/17 2347/32/17
f 2328/31/17 2330/49/17 2349/49/17 2348/31/17
f 2330/49/17 2332/50/17 2350/50/17 2349/49/17
f 2332/50/17 2334/51/17 2351/51/17 2350/50/17
f 2334/51/17 2336/52/17 2352/52/17 2351/51/17
f 2336/52/17 2306/39/17 2338/39/17 2352/52/17
f 2353/40/18 2354/39/18 2368/52/18 2367/51/18 2366/50/18 2365/49/18 2364/31/18 2363/32/18 2362/48/18 2361/47/18 2360/46/18 2359/45/18 2358/44/18 2357/43/18 2356/42/18 2355/41/18
f 2314/43/486 2312/42/486 2356/42/486 2357/43/486
f 2330/49/494 2328/31/494 2364/31/494 2365/49/494
f 2316/44/487 2314/43/487 2357/43/487 2358/44/487
f 2332/50/495 2330/49/495 2365/49/495 2366/50/495
f 2318/45/488 2316/44/488 2358/44/488 2359/45/488
f 2334/51/496 2332/50/496 2366/50/496 2367/51/496
f 2320/46/499 2318/45/499 2359/45/499 2360/46/499
f 2336/52/497 2334/51/497 2367/51/497 2368/52/497
f 2322/47/490 2320/46/490 2360/46/490 2361/47/490
f 2308/40/483 2306/39/483 2354/39/483 2353/40/483
f 2306/39/498 2336/52/498 2368/52/498 2354/39/498
f 2324/48/491 2322/47/491 2361/47/491 2362/48/491
f 2310/41/484 2308/40/484 2353/40/484 2355/41/484
f 2326/32/492 2324/48/492 2362/48/492 2363/32/492
f 2312/42/500 2310/41/500 2355/41/500 2356/42/500
f 2307/53/18 2305/54/18 2369/55/18 2370/56/18
f 2309/57/18 2307/53/18 2370/56/18 2371/58/18
f 2311/59/18 2309/57/18 2371/58/18 2372/60/18
f 2313/61/18 2311/59/18 2372/60/18 2373/62/18
f 2315/63/18 2313/61/18 2373/62/18 2374/64/18
f 2317/65/18 2315/63/18 2374/64/18 2375/66/18
f 2319/37/18 2317/65/18 2375/66/18 2376/67/18
f 2321/38/18 2319/37/18 2376/67/18 2377/68/18
f 2323/69/18 2321/38/18 2377/68/18 2378/70/18
f 2325/71/18 2323/69/18 2378/70/18 2379/72/18
f 2327/73/18 2325/71/18 2379/72/18 2380/74/18
f 2329/75/18 2327/73/18 2380/74/18 2381/76/18
f 2331/77/18 2329/75/18 2381/76/18 2382/78/18
f 2333/79/18 2331/77/18 2382/78/18 2383/80/18
f 2335/81/18 2333/79/18 2383/80/18 2384/82/18
f 2305/54/18 2335/81/18 2384/82/18 2369/55/18
f 2385/54/17 2386/53/17 2387/57/17 2388/59/17 2389/61/17 2390/63/17 2391/65/17 2392/37/17 2393/38/17 2394/69/17 2395/71/17 2396/73/17 2397/75/17 2398/77/17 2399/79/17 2400/81/17
f 2305/54/483 2307/53/483 2386/53/483 2385/54/483
f 2335/81/498 2305/54/498 2385/54/498 2400/81/498
f 2321/38/491 2323/69/491 2394/69/491 2393/38/491
f 2307/53/484 2309/57/484 2387/57/484 2386/53/484
f 2323/69/492 2325/71/492 2395/71/492 2394/69/492
f 2309/57/500 2311/59/500 2388/59/500 2387/57/500
f 2325/71/501 2327/73/501 2396/73/501 2395/71/501
f 2311/59/486 2313/61/486 2389/61/486 2388/59/486
f 2327/73/494 2329/75/494 2397/75/494 2396/73/494
f 2313/61/487 2315/63/487 2390/63/487 2389/61/487
f 2329/75/495 2331/77/495 2398/77/495 2397/75/495
f 2315/63/488 2317/65/488 2391/65/488 2390/63/488
f 2331/77/496 2333/79/496 2399/79/496 2398/77/496
f 2317/65/499 2319/37/499 2392/37/499 2391/65/499
f 2333/79/497 2335/81/497 2400/81/497 2399/79/497
f 2513/1/514 2482/2/514 2481/3/514 2514/4/514
f 2514/4/515 2481/3/515 2483/5/515 2515/6/515
f 2515/6/516 2483/5/516 2484/7/516 2516/8/516
f 2516/8/517 2484/7/517 2485/9/517 2517/10/517
f 2517/10/518 2485/9/518 2486/11/518 2518/12/518
f 2518/12/519 2486/11/519 2487/13/519 2519/14/519
f 2519/14/520 2487/13/520 2488/15/520 2520/16/520
f 2520/16/521 2488/15/521 2489/17/521 2521/18/521
f 2521/18/522 2489/17/522 2490/19/522 2522/20/522
f 2522/20/523 2490/19/523 2491/21/523 2523/22/523
f 2523/22/524 2491/21/524 2492/23/524 2524/24/524
f 2524/24/525 2492/23/525 2493/25/525 2525/26/525
f 2525/26/526 2493/25/526 2494/27/526 2526/28/526
f 2526/28/527 2494/27/527 2495/29/527 2527/30/527
f 2472/31/524 2470/32/524 2507/32/524 2508/31/524
f 2527/30/528 2495/29/528 2496/33/528 2528/34/528
f 2528/34/529 2496/33/529 2482/35/529 2513/36/529
f 2463/37/521 2465/38/521 2537/38/521 2536/37/521
f 2450/39/17 2452/40/17 2481/40/17 2482/39/17
f 2452/40/17 2454/41/17 2483/41/17 2481/40/17
f 2454/41/17 2456/42/17 2484/42/17 2483/41/17
f 2456/42/17 2458/43/17 2485/43/17 2484/42/17
f 2458/43/17 2460/44/17 2486/44/17 2485/43/17
f 2460/44/17 2462/45/17 2487/45/17 2486/44/17
f 2462/45/17 2464/46/17 2488/46/17 2487/45/17
f 2464/46/17 2466/47/17 2489/47/17 2488/46/17
f 2466/47/17 2468/48/17 2490/48/17 2489/47/17
f 2468/48/17 2470/32/17 2491/32/17 2490/48/17
f 2470/32/17 2472/31/17 2492/31/17 2491/32/17
f 2472/31/17 2474/49/17 2493/49/17 2492/31/17
f 2474/49/17 2476/50/17 2494/50/17 2493/49/17
f 2476/50/17 2478/51/17 2495/51/17 2494/50/17
f 2478/51/17 2480/52/17 2496/52/17 2495/51/17
f 2480/52/17 2450/39/17 2482/39/17 2496/52/17
f 2497/40/18 2498/39/18 2512/52/18 2511/51/18 2510/50/18 2509/49/18 2508/31/18 2507/32/18 2506/48/18 2505/47/18 2504/46/18 2503/45/18 2502/44/18 2501/43/18 2500/42/18 2499/41/18
f 2458/43/517 2456/42/517 2500/42/517 2501/43/517
f 2474/49/525 2472/31/525 2508/31/525 2509/49/525
f 2460/44/518 2458/43/518 2501/43/518 2502/44/518
f 2476/50/526 2474/49/526 2509/49/526 2510/50/526
f 2462/45/519 2460/44/519 2502/44/519 2503/45/519
f 2478/51/527 2476/50/527 2510/50/527 2511/51/527
f 2464/46/520 2462/45/520 2503/45/520 2504/46/520
f 2480/52/528 2478/51/528 2511/51/528 2512/52/528
f 2466/47/521 2464/46/521 2504/46/521 2505/47/521
f 2452/40/514 2450/39/514 2498/39/514 2497/40/514
f 2450/39/529 2480/52/529 2512/52/529 2498/39/529
f 2468/48/522 2466/47/522 2505/47/522 2506/48/522
f 2454/41/515 2452/40/515 2497/40/515 2499/41/515
f 2470/32/523 2468/48/523 2506/48/523 2507/32/523
f 2456/42/516 2454/41/516 2499/41/516 2500/42/516
f 2451/53/18 2449/54/18 2513/55/18 2514/56/18
f 2453/57/18 2451/53/18 2514/56/18 2515/58/18
f 2455/59/18 2453/57/18 2515/58/18 2516/60/18
f 2457/61/18 2455/59/18 2516/60/18 2517/62/18
f 2459/63/18 2457/61/18 2517/62/18 2518/64/18
f 2461/65/18 2459/63/18 2518/64/18 2519/66/18
f 2463/37/18 2461/65/18 2519/66/18 2520/67/18
f 2465/38/18 2463/37/18 2520/67/18 2521/68/18
f 2467/69/18 2465/38/18 2521/68/18 2522/70/18
f 2469/71/18 2467/69/18 2522/70/18 2523/72/18
f 2471/73/18 2469/71/18 2523/72/18 2524/74/18
f 2473/75/18 2471/73/18 2524/74/18 2525/76/18
f 2475/77/18 2473/75/18 2525/76/18 2526/78/18
f 2477/79/18 2475/77/18 2526/78/18 2527/80/18
f 2479/81/18 2477/79/18 2527/80/18 2528/82/18
f 2449/54/18 2479/81/18 2528/82/18 2513/55/18
f 2529/54/17 2530/53/17 2531/57/17 2532/59/17 2533/61/17 2534/63/17 2535/65/17 2536/37/17 2537/38/17 2538/69/17 2539/71/17 2540/73/17 2541/75/17 2542/77/17 2543/79/17 2544/81/17
f 2449/54/514 2451/53/514 2530/53/514 2529/54/514
f 2479/81/529 2449/54/529 2529/54/529 2544/81/529
f 2465/38/522 2467/69/522 2538/69/522 2537/38/522
f 2451/53/515 2453/57/515 2531/57/515 2530/53/515
f 2467/69/523 2469/71/523 2539/71/523 2538/69/523
f 2453/57/516 2455/59/516 2532/59/516 2531/57/516
f 2469/71/524 2471/73/524 2540/73/524 2539/71/524
f 2455/59/517 2457/61/517 2533/61/517 2532/59/517
f 2471/73/525 2473/75/525 2541/75/525 2540/73/525
f 2457/61/518 2459/63/518 2534/63/518 2533/61/518
f 2473/75/526 2475/77/526 2542/77/526 2541/75/526
f 2459/63/519 2461/65/519 2535/65/519 2534/63/519
f 2475/77/527 2477/79/527 2543/79/527 2542/77/527
f 2461/65/520 2463/37/520 2536/37/520 2535/65/520
f 2477/79/528 2479/81/528 2544/81/528 2543/79/528
f 2657/1/543 2626/2/543 2625/3/543 2658/4/543
f 2658/4/544 2625/3/544 2627/5/544 2659/6/544
f 2659/6/545 2627/5/545 2628/7/545 2660/8/545
f 2660/8/546 2628/7/546 2629/9/546 2661/10/546
f 2661/10/547 2629/9/547 2630/11/547 2662/12/547
f 2662/12/548 2630/11/548 2631/13/548 2663/14/548
f 2663/14/549 2631/13/549 2632/15/549 2664/16/549
f 2664/16/550 2632/15/550 2633/17/550 2665/18/550
f 2665/18/551 2633/17/551 2634/19/551 2666/20/551
f 2666/20/552 2634/19/552 2635/21/552 2667/22/552
f 2667/22/553 2635/21/553 2636/23/553 2668/24/553
f 2668/24/554 2636/23/554 2637/25/554 2669/26/554
f 2669/26/555 2637/25/555 2638/27/555 2670/28/555
f 2670/28/556 2638/27/556 2639/29/556 2671/30/556
f 2616/31/553 2614/32/553 2651/32/553 2652/31/553
f 2671/30/557 2639/29/557 2640/33/557 2672/34/557
f 2672/34/558 2640/33/558 2626/35/558 2657/36/558
f 2607/37/550 2609/38/550 2681/38/550 2680/37/550
f 2594/39/17 2596/40/17 2625/40/17 2626/39/17
f 2596/40/17 2598/41/17 2627/41/17 2625/40/17
f 2598/41/17 2600/42/17 2628/42/17 2627/41/17
f 2600/42/17 2602/43/17 2629/43/17 2628/42/17
f 2602/43/17 2604/44/17 2630/44/17 2629/43/17
f 2604/44/17 2606/45/17 2631/45/17 2630/44/17
f 2606/45/17 2608/46/17 2632/46/17 2631/45/17
f 2608/46/17 2610/47/17 2633/47/17 2632/46/17
f 2610/47/17 2612/48/17 2634/48/17 2633/47/17
f 2612/48/17 2614/32/17 2635/32/17 2634/48/17
f 2614/32/17 2616/31/17 2636/31/17 2635/32/17
f 2616/31/17 2618/49/17 2637/49/17 2636/31/17
f 2618/49/17 2620/50/17 2638/50/17 2637/49/17
f 2620/50/17 2622/51/17 2639/51/17 2638/50/17
f 2622/51/17 2624/52/17 2640/52/17 2639/51/17
f 2624/52/17 2594/39/17 2626/39/17 2640/52/17
f 2641/40/18 2642/39/18 2656/52/18 2655/51/18 2654/50/18 2653/49/18 2652/31/18 2651/32/18 2650/48/18 2649/47/18 2648/46/18 2647/45/18 2646/44/18 2645/43/18 2644/42/18 2643/41/18
f 2602/43/546 2600/42/546 2644/42/546 2645/43/546
f 2618/49/554 2616/31/554 2652/31/554 2653/49/554
f 2604/44/559 2602/43/559 2645/43/559 2646/44/559
f 2620/50/560 2618/49/560 2653/49/560 2654/50/560
f 2606/45/548 2604/44/548 2646/44/548 2647/45/548
f 2622/51/556 2620/50/556 2654/50/556 2655/51/556
f 2608/46/549 2606/45/549 2647/45/549 2648/46/549
f 2624/52/557 2622/51/557 2655/51/557 2656/52/557
f 2610/47/550 2608/46/550 2648/46/550 2649/47/550
f 2596/40/543 2594/39/543 2642/39/543 2641/40/543
f 2594/39/558 2624/52/558 2656/52/558 2642/39/558
f 2612/48/561 2610/47/561 2649/47/561 2650/48/561
f 2598/41/544 2596/40/544 2641/40/544 2643/41/544
f 2614/32/552 2612/48/552 2650/48/552 2651/32/552
f 2600/42/545 2598/41/545 2643/41/545 2644/42/545
f 2595/53/18 2593/54/18 2657/55/18 2658/56/18
f 2597/57/18 2595/53/18 2658/56/18 2659/58/18
f 2599/59/18 2597/57/18 2659/58/18 2660/60/18
f 2601/61/18 2599/59/18 2660/60/18 2661/62/18
f 2603/63/18 2601/61/18 2661/62/18 2662/64/18
f 2605/65/18 2603/63/18 2662/64/18 2663/66/18
f 2607/37/18 2605/65/18 2663/66/18 2664/67/18
f 2609/38/18 2607/37/18 2664/67/18 2665/68/18
f 2611/69/18 2609/38/18 2665/68/18 2666/70/18
f 2613/71/18 2611/69/18 2666/70/18 2667/72/18
f 2615/73/18 2613/71/18 2667/72/18 2668/74/18
f 2617/75/18 2615/73/18 2668/74/18 2669/76/18
f 2619/77/18 2617/75/18 2669/76/18 2670/78/18
f 2621/79/18 2619/77/18 2670/78/18 2671/80/18
f 2623/81/18 2621/79/18 2671/80/18 2672/82/18
f 2593/54/18 2623/81/18 2672/82/18 2657/55/18
f 2673/54/17 2674/53/17 2675/57/17 2676/59/17 2677/61/17 2678/63/17 2679/65/17 2680/37/17 2681/38/17 2682/69/17 2683/71/17 2684/73/17 2685/75/17 2686/77/17 2687/79/17 2688/81/17
f 2593/54/562 2595/53/562 2674/53/562 2673/54/562
f 2623/81/558 2593/54/558 2673/54/558 2688/81/558
f 2609/38/561 2611/69/561 2682/69/561 2681/38/561
f 2595/53/544 2597/57/544 2675/57/544 2674/53/544
f 2611/69/552 2613/71/552 2683/71/552 2682/69/552
f 2597/57/545 2599/59/545 2676/59/545 2675/57/545
f 2613/71/553 2615/73/553 2684/73/553 2683/71/553
f 2599/59/546 2601/61/546 2677/61/546 2676/59/546
f 2615/73/554 2617/75/554 2685/75/554 2684/73/554
f 2601/61/547 2603/63/547 2678/63/547 2677/61/547
f 2617/75/560 2619/77/560 2686/77/560 2685/75/560
f 2603/63/548 2605/65/548 2679/65/548 2678/63/548
f 2619/77/556 2621/79/556 2687/79/556 2686/77/556
f 2605/65/549 2607/37/549 2680/37/549 2679/65/549
f 2621/79/557 2623/81/557 2688/81/557 2687/79/557
f 2801/1/576 2770/2/576 2769/3/576 2802/4/576
f 2802/4/577 2769/3/577 2771/5/577 2803/6/577
f 2803/6/578 2771/5/578 2772/7/578 2804/8/578
f 2804/8/579 2772/7/579 2773/9/579 2805/10/579
f 2805/10/580 2773/9/580 2774/11/580 2806/12/580
f 2806/12/581 2774/11/581 2775/13/581 2807/14/581
f 2807/14/582 2775/13/582 2776/15/582 2808/16/582
f 2808/16/583 2776/15/583 2777/17/583 2809/18/583
f 2809/18/584 2777/17/584 2778/19/584 2810/20/584
f 2810/20/585 2778/19/585 2779/21/585 2811/22/585
f 2811/22/586 2779/21/586 2780/23/586 2812/24/586
f 2812/24/587 2780/23/587 2781/25/587 2813/26/587
f 2813/26/588 2781/25/588 2782/27/588 2814/28/588
f 2814/28/589 2782/27/589 2783/29/589 2815/30/589
f 2760/31/586 2758/32/586 2795/32/586 2796/31/586
f 2815/30/590 2783/29/590 2784/33/590 2816/34/590
f 2816/34/591 2784/33/591 2770/35/591 2801/36/591
f 2751/37/583 2753/38/583 2825/38/583 2824/37/583
f 2738/39/17 2740/40/17 2769/40/17 2770/39/17
f 2740/40/17 2742/41/17 2771/41/17 2769/40/17
f 2742/41/17 2744/42/17 2772/42/17 2771/41/17
f 2744/42/17 2746/43/17 2773/43/17 2772/42/17
f 2746/43/17 2748/44/17 2774/44/17 2773/43/17
f 2748/44/17 2750/45/17 2775/45/17 2774/44/17
f 2750/45/17 2752/46/17 2776/46/17 2775/45/17
f 2752/46/17 2754/47/17 2777/47/17 2776/46/17
f 2754/47/17 2756/48/17 2778/48/17 2777/47/17
f 2756/48/17 2758/32/17 2779/32/17 2778/48/17
f 2758/32/17 2760/31/17 2780/31/17 2779/32/17
f 2760/31/17 2762/49/17 2781/49/17 2780/31/17
f 2762/49/17 2764/50/17 2782/50/17 2781/49/17
f 2764/50/17 2766/51/17 2783/51/17 2782/50/17
f 2766/51/17 2768/52/17 2784/52/17 2783/51/17
f 2768/52/17 2738/39/17 2770/39/17 2784/52/17
f 2785/40/18 2786/39/18 2800/52/18 2799/51/18 2798/50/18 2797/49/18 2796/31/18 2795/32/18 2794/48/18 2793/47/18 2792/46/18 2791/45/18 2790/44/18 2789/43/18 2788/42/18 2787/41/18
f 2746/43/579 2744/42/579 2788/42/579 2789/43/579
f 2762/49/587 2760/31/587 2796/31/587 2797/49/587
f 2748/44/580 2746/43/580 2789/43/580 2790/44/580
f 2764/50/588 2762/49/588 2797/49/588 2798/50/588
f 2750/45/581 2748/44/581 2790/44/581 2791/45/581
f 2766/51/589 2764/50/589 2798/50/589 2799/51/589
f 2752/46/582 2750/45/582 2791/45/582 2792/46/582
f 2768/52/590 2766/51/590 2799/51/590 2800/52/590
f 2754/47/583 2752/46/583 2792/46/583 2793/47/583
f 2740/40/576 2738/39/576 2786/39/576 2785/40/576
f 2738/39/591 2768/52/591 2800/52/591 2786/39/591
f 2756/48/584 2754/47/584 2793/47/584 2794/48/584
f 2742/41/577 2740/40/577 2785/40/577 2787/41/577
f 2758/32/585 2756/48/585 2794/48/585 2795/32/585
f 2744/42/578 2742/41/578 2787/41/578 2788/42/578
f 2739/53/18 2737/54/18 2801/55/18 2802/56/18
f 2741/57/18 2739/53/18 2802/56/18 2803/58/18
f 2743/59/18 2741/57/18 2803/58/18 2804/60/18
f 2745/61/18 2743/59/18 2804/60/18 2805/62/18
f 2747/63/18 2745/61/18 2805/62/18 2806/64/18
f 2749/65/18 2747/63/18 2806/64/18 2807/66/18
f 2751/37/18 2749/65/18 2807/66/18 2808/67/18
f 2753/38/18 2751/37/18 2808/67/18 2809/68/18
f 2755/69/18 2753/38/18 2809/68/18 2810/70/18
f 2757/71/18 2755/69/18 2810/70/18 2811/72/18
f 2759/73/18 2757/71/18 2811/72/18 2812/74/18
f 2761/75/18 2759/73/18 2812/74/18 2813/76/18
f 2763/77/18 2761/75/18 2813/76/18 2814/78/18
f 2765/79/18 2763/77/18 2814/78/18 2815/80/18
f 2767/81/18 2765/79/18 2815/80/18 2816/82/18
f 2737/54/18 2767/81/18 2816/82/18 2801/55/18
f 2817/54/17 2818/53/17 2819/57/17 2820/59/17 2821/61/17 2822/63/17 2823/65/17 2824/37/17 2825/38/17 2826/69/17 2827/71/17 2828/73/17 2829/75/17 2830/77/17 2831/79/17 2832/81/17
f 2737/54/576 2739/53/576 2818/53/576 2817/54/576
f 2767/81/591 2737/54/591 2817/54/591 2832/81/591
f 2753/38/584 2755/69/584 2826/69/584 2825/38/584
f 2739/53/577 2741/57/577 2819/57/577 2818/53/577
f 2755/69/585 2757/71/585 2827/71/585 2826/69/585
f 2741/57/578 2743/59/578 2820/59/578 2819/57/578
f 2757/71/586 2759/73/586 2828/73/586 2827/71/586
f 2743/59/579 2745/61/579 2821/61/579 2820/59/579
f 2759/73/587 2761/75/587 2829/75/587 2828/73/587
f 2745/61/580 2747/63/580 2822/63/580 2821/61/580
f 2761/75/588 2763/77/588 2830/77/588 2829/75/588
f 2747/63/581 2749/65/581 2823/65/581 2822/63/581
f 2763/77/589 2765/79/589 2831/79/589 2830/77/589
f 2749/65/582 2751/37/582 2824/37/582 2823/65/582
f 2765/79/590 2767/81/590 2832/81/590 2831/79/590
f 2945/1/604 2914/2/604 2913/3/604 2946/4/604
f 2946/4/605 2913/3/605 2915/5/605 2947/6/605
f 2947/6/606 2915/5/606 2916/7/606 2948/8/606
f 2948/8/607 2916/7/607 2917/9/607 2949/10/607
f 2949/10/608 2917/9/608 2918/11/608 2950/12/608
f 2950/12/609 2918/11/609 2919/13/609 2951/14/609
f 2951/14/610 2919/13/610 2920/15/610 2952/16/610
f 2952/16/611 2920/15/611 2921/17/611 2953/18/611
f 2953/18/612 2921/17/612 2922/19/612 2954/20/612
f 2954/20/613 2922/19/613 2923/21/613 2955/22/613
f 2955/22/614 2923/21/614 2924/23/614 2956/24/614
f 2956/24/615 2924/23/615 2925/25/615 2957/26/615
f 2957/26/616 2925/25/616 2926/27/616 2958/28/616
f 2958/28/617 2926/27/617 2927/29/617 2959/30/617
f 2904/31/614 2902/32/614 2939/32/614 2940/31/614
f 2959/30/618 2927/29/618 2928/33/618 2960/34/618
f 2960/34/619 2928/33/619 2914/35/619 2945/36/619
f 2895/37/620 2897/38/620 2969/38/620 2968/37/620
f 2882/39/17 2884/40/17 2913/40/17 2914/39/17
f 2884/40/17 2886/41/17 2915/41/17 2913/40/17
f 2886/41/17 2888/42/17 2916/42/17 2915/41/17
f 2888/42/17 2890/43/17 2917/43/17 2916/42/17
f 2890/43/17 2892/44/17 2918/44/17 2917/43/17
f 2892/44/17 2894/45/17 2919/45/17 2918/44/17
f 2894/45/17 2896/46/17 2920/46/17 2919/45/17
f 2896/46/17 2898/47/17 2921/47/17 2920/46/17
f 2898/47/17 2900/48/17 2922/48/17 2921/47/17
f 2900/48/17 2902/32/17 2923/32/17 2922/48/17
f 2902/32/17 2904/31/17 2924/31/17 2923/32/17
f 2904/31/17 2906/49/17 2925/49/17 2924/31/17
f 2906/49/17 2908/50/17 2926/50/17 2925/49/17
f 2908/50/17 2910/51/17 2927/51/17 2926/50/17
f 2910/51/17 2912/52/17 2928/52/17 2927/51/17
f 2912/52/17 2882/39/17 2914/39/17 2928/52/17
f 2929/40/18 2930/39/18 2944/52/18 2943/51/18 2942/50/18 2941/49/18 2940/31/18 2939/32/18 2938/48/18 2937/47/18 2936/46/18 2935/45/18 2934/44/18 2933/43/18 2932/42/18 2931/41/18
f 2890/43/607 2888/42/607 2932/42/607 2933/43/607
f 2906/49/615 2904/31/615 2940/31/615 2941/49/615
f 2892/44/608 2890/43/608 2933/43/608 2934/44/608
f 2908/50/616 2906/49/616 2941/49/616 2942/50/616
f 2894/45/609 2892/44/609 2934/44/609 2935/45/609
f 2910/51/617 2908/50/617 2942/50/617 2943/51/617
f 2896/46/610 2894/45/610 2935/45/610 2936/46/610
f 2912/52/618 2910/51/618 2943/51/618 2944/52/618
f 2898/47/620 2896/46/620 2936/46/620 2937/47/620
f 2884/40/604 2882/39/604 2930/39/604 2929/40/604
f 2882/39/619 2912/52/619 2944/52/619 2930/39/619
f 2900/48/612 2898/47/612 2937/47/612 2938/48/612
f 2886/41/605 2884/40/605 2929/40/605 2931/41/605
f 2902/32/613 2900/48/613 2938/48/613 2939/32/613
f 2888/42/606 2886/41/606 2931/41/606 2932/42/606
f 2883/53/18 2881/54/18 2945/55/18 2946/56/18
f 2885/57/18 2883/53/18 2946/56/18 2947/58/18
f 2887/59/18 2885/57/18 2947/58/18 2948/60/18
f 2889/61/18 2887/59/18 2948/60/18 2949/62/18
f 2891/63/18 2889/61/18 2949/62/18 2950/64/18
f 2893/65/18 2891/63/18 2950/64/18 2951/66/18
f 2895/37/18 2893/65/18 2951/66/18 2952/67/18
f 2897/38/18 2895/37/18 2952/67/18 2953/68/18
f 2899/69/18 2897/38/18 2953/68/18 2954/70/18
f 2901/71/18 2899/69/18 2954/70/18 2955/72/18
f 2903/73/18 2901/71/18 2955/72/18 2956/74/18
f 2905/75/18 2903/73/18 2956/74/18 2957/76/18
f 2907/77/18 2905/75/18 2957/76/18 2958/78/18
f 2909/79/18 2907/77/18 2958/78/18 2959/80/18
f 2911/81/18 2909/79/18 2959/80/18 2960/82/18
f 2881/54/18 2911/81/18 2960/82/18 2945/55/18
f 2961/54/17 2962/53/17 2963/57/17 2964/59/17 2965/61/17 2966/63/17 2967/65/17 2968/37/17 2969/38/17 2970/69/17 2971/71/17 2972/73/17 2973/75/17 2974/77/17 2975/79/17 2976/81/17
f 2881/54/604 2883/53/604 2962/53/604 2961/54/604
f 2911/81/619 2881/54/619 2961/54/619 2976/81/619
f 2897/38/612 2899/69/612 2970/69/612 2969/38/612
f 2883/53/605 2885/57/605 2963/57/605 2962/53/605
f 2899/69/613 2901/71/613 2971/71/613 2970/69/613
f 2885/57/606 2887/59/606 2964/59/606 2963/57/606
f 2901/71/614 2903/73/614 2972/73/614 2971/71/614
f 2887/59/621 2889/61/621 2965/61/621 2964/59/621
f 2903/73/615 2905/75/615 2973/75/615 2972/73/615
f 2889/61/608 2891/63/608 2966/63/608 2965/61/608
f 2905/75/616 2907/77/616 2974/77/616 2973/75/616
f 2891/63/609 2893/65/609 2967/65/609 2966/63/609
f 2907/77/617 2909/79/617 2975/79/617 2974/77/617
f 2893/65/610 2895/37/610 2968/37/610 2967/65/610
f 2909/79/618 2911/81/618 2976/81/618 2975/79/618
f 3089/1/637 3058/2/637 3057/3/637 3090/4/637
f 3090/4/638 3057/3/638 3059/5/638 3091/6/638
f 3091/6/639 3059/5/639 3060/7/639 3092/8/639
f 3092/8/640 3060/7/640 3061/9/640 3093/10/640
f 3093/10/641 3061/9/641 3062/11/641 3094/12/641
f 3094/12/642 3062/11/642 3063/13/642 3095/14/642
f 3095/14/643 3063/13/643 3064/15/643 3096/16/643
f 3096/16/644 3064/15/644 3065/17/644 3097/18/644
f 3097/18/645 3065/17/645 3066/19/645 3098/20/645
f 3098/20/646 3066/19/646 3067/21/646 3099/22/646
f 3099/22/647 3067/21/647 3068/23/647 3100/24/647
f 3100/24/648 3068/23/648 3069/25/648 3101/26/648
f 3101/26/649 3069/25/649 3070/27/649 3102/28/649
f 3102/28/650 3070/27/650 3071/29/650 3103/30/650
f 3048/31/647 3046/32/647 3083/32/647 3084/31/647
f 3103/30/651 3071/29/651 3072/33/651 3104/34/651
f 3104/34/652 3072/33/652 3058/35/652 3089/36/652
f 3039/37/644 3041/38/644 3113/38/644 3112/37/644
f 3026/39/17 3028/40/17 3057/40/17 3058/39/17
f 3028/40/17 3030/41/17 3059/41/17 3057/40/17
f 3030/41/17 3032/42/17 3060/42/17 3059/41/17
f 3032/42/17 3034/43/17 3061/43/17 3060/42/17
f 3034/43/17 3036/44/17 3062/44/17 3061/43/17
f 3036/44/17 3038/45/17 3063/45/17 3062/44/17
f 3038/45/17 3040/46/17 3064/46/17 3063/45/17
f 3040/46/17 3042/47/17 3065/47/17 3064/46/17
f 3042/47/17 3044/48/17 3066/48/17 3065/47/17
f 3044/48/17 3046/32/17 3067/32/17 3066/48/17
f 3046/32/17 3048/31/17 3068/31/17 3067/32/17
f 3048/31/17 3050/49/17 3069/49/17 3068/31/17
f 3050/49/17 3052/50/17 3070/50/17 3069/49/17
f 3052/50/17 3054/51/17 3071/51/17 3070/50/17
f 3054/51/17 3056/52/17 3072/52/17 3071/51/17
f 3056/52/17 3026/39/17 3058/39/17 3072/52/17
f 3073/40/18 3074/39/18 3088/52/18 3087/51/18 3086/50/18 3085/49/18 3084/31/18 3083/32/18 3082/48/18 3081/47/18 3080/46/18 3079/45/18 3078/44/18 3077/43/18 3076/42/18 3075/41/18
f 3034/43/640 3032/42/640 3076/42/640 3077/43/640
f 3050/49/648 3048/31/648 3084/31/648 3085/49/648
f 3036/44/641 3034/43/641 3077/43/641 3078/44/641
f 3052/50/649 3050/49/649 3085/49/649 3086/50/649
f 3038/45/642 3036/44/642 3078/44/642 3079/45/642
f 3054/51/653 3052/50/653 3086/50/653 3087/51/653
f 3040/46/643 3038/45/643 3079/45/643 3080/46/643
f 3056/52/651 3054/51/651 3087/51/651 3088/52/651
f 3042/47/644 3040/46/644 3080/46/644 3081/47/644
f 3028/40/637 3026/39/637 3074/39/637 3073/40/637
f 3026/39/652 3056/52/652 3088/52/652 3074/39/652
f 3044/48/645 3042/47/645 3081/47/645 3082/48/645
f 3030/41/638 3028/40/638 3073/40/638 3075/41/638
f 3046/32/646 3044/48/646 3082/48/646 3083/32/646
f 3032/42/639 3030/41/639 3075/41/639 3076/42/639
f 3027/53/18 3025/54/18 3089/55/18 3090/56/18
f 3029/57/18 3027/53/18 3090/56/18 3091/58/18
f 3031/59/18 3029/57/18 3091/58/18 3092/60/18
f 3033/61/18 3031/59/18 3092/60/18 3093/62/18
f 3035/63/18 3033/61/18 3093/62/18 3094/64/18
f 3037/65/18 3035/63/18 3094/64/18 3095/66/18
f 3039/37/18 3037/65/18 3095/66/18 3096/67/18
f 3041/38/18 3039/37/18 3096/67/18 3097/68/18
f 3043/69/18 3041/38/18 3097/68/18 3098/70/18
f 3045/71/18 3043/69/18 3098/70/18 3099/72/18
f 3047/73/18 3045/71/18 3099/72/18 3100/74/18
f 3049/75/18 3047/73/18 3100/74/18 3101/76/18
f 3051/77/18 3049/75/18 3101/76/18 3102/78/18
f 3053/79/18 3051/77/18 3102/78/18 3103/80/18
f 3055/81/18 3053/79/18 3103/80/18 3104/82/18
f 3025/54/18 3055/81/18 3104/82/18 3089/55/18
f 3105/54/17 3106/53/17 3107/57/17 3108/59/17 3109/61/17 3110/63/17 3111/65/17 3112/37/17 3113/38/17 3114/69/17 3115/71/17 3116/73/17 3117/75/17 3118/77/17 3119/79/17 3120/81/17
f 3025/54/637 3027/53/637 3106/53/637 3105/54/637
f 3055/81/652 3025/54/652 3105/54/652 3120/81/652
f 3041/38/645 3043/69/645 3114/69/645 3113/38/645
f 3027/53/638 3029/57/638 3107/57/638 3106/53/638
f 3043/69/654 3045/71/654 3115/71/654 3114/69/654
f 3029/57/639 3031/59/639 3108/59/639 3107/57/639
f 3045/71/647 3047/73/647 3116/73/647 3115/71/647
f 3031/59/640 3033/61/640 3109/61/640 3108/59/640
f 3047/73/648 3049/75/648 3117/75/648 3116/73/648
f 3033/61/641 3035/63/641 3110/63/641 3109/61/641
f 3049/75/649 3051/77/649 3118/77/649 3117/75/649
f 3035/63/642 3037/65/642 3111/65/642 3110/63/642
f 3051/77/650 3053/79/650 3119/79/650 3118/77/650
f 3037/65/643 3039/37/643 3112/37/643 3111/65/643
f 3053/79/651 3055/81/651 3120/81/651 3119/79/651
f 3233/1/668 3202/2/668 3201/3/668 3234/4/668
f 3234/4/669 3201/3/669 3203/5/669 3235/6/669
f 3235/6/670 3203/5/670 3204/7/670 3236/8/670
f 3236/8/671 3204/7/671 3205/9/671 3237/10/671
f 3237/10/672 3205/9/672 3206/11/672 3238/12/672
f 3238/12/673 3206/11/673 3207/13/673 3239/14/673
f 3239/14/674 3207/13/674 3208/15/674 3240/16/674
f 3240/16/675 3208/15/675 3209/17/675 3241/18/675
f 3241/18/676 3209/17/676 3210/19/676 3242/20/676
f 3242/20/677 3210/19/677 3211/21/677 3243/22/677
f 3243/22/678 3211/21/678 3212/23/678 3244/24/678
f 3244/24/679 3212/23/679 3213/25/679 3245/26/679
f 3245/26/680 3213/25/680 3214/27/680 3246/28/680
f 3246/28/681 3214/27/681 3215/29/681 3247/30/681
f 3192/31/678 3190/32/678 3227/32/678 3228/31/678
f 3247/30/682 3215/29/682 3216/33/682 3248/34/682
f 3248/34/683 3216/33/683 3202/35/683 3233/36/683
f 3183/37/675 3185/38/675 3257/38/675 3256/37/675
f 3170/39/17 3172/40/17 3201/40/17 3202/39/17
f 3172/40/17 3174/41/17 3203/41/17 3201/40/17
f 3174/41/17 3176/42/17 3204/42/17 3203/41/17
f 3176/42/17 3178/43/17 3205/43/17 3204/42/17
f 3178/43/17 3180/44/17 3206/44/17 3205/43/17
f 3180/44/17 3182/45/17 3207/45/17 3206/44/17
f 3182/45/17 3184/46/17 3208/46/17 3207/45/17
f 3184/46/17 3186/47/17 3209/47/17 3208/46/17
f 3186/47/17 3188/48/17 3210/48/17 3209/47/17
f 3188/48/17 3190/32/17 3211/32/17 3210/48/17
f 3190/32/17 3192/31/17 3212/31/17 3211/32/17
f 3192/31/17 3194/49/17 3213/49/17 3212/31/17
f 3194/49/17 3196/50/17 3214/50/17 3213/49/17
f 3196/50/17 3198/51/17 3215/51/17 3214/50/17
f 3198/51/17 3200/52/17 3216/52/17 3215/51/17
f 3200/52/17 3170/39/17 3202/39/17 3216/52/17
f 3217/40/18 3218/39/18 3232/52/18 3231/51/18 3230/50/18 3229/49/18 3228/31/18 3227/32/18 3226/48/18 3225/47/18 3224/46/18 3223/45/18 3222/44/18 3221/43/18 3220/42/18 3219/41/18
f 3178/43/671 3176/42/671 3220/42/671 3221/43/671
f 3194/49/679 3192/31/679 3228/31/679 3229/49/679
f 3180/44/672 3178/43/672 3221/43/672 3222/44/672
f 3196/50/680 3194/49/680 3229/49/680 3230/50/680
f 3182/45/673 3180/44/673 3222/44/673 3223/45/673
f 3198/51/681 3196/50/681 3230/50/681 3231/51/681
f 3184/46/674 3182/45/674 3223/45/674 3224/46/674
f 3200/52/682 3198/51/682 3231/51/682 3232/52/682
f 3186/47/675 3184/46/675 3224/46/675 3225/47/675
f 3172/40/668 3170/39/668 3218/39/668 3217/40/668
f 3170/39/683 3200/52/683 3232/52/683 3218/39/683
f 3188/48/676 3186/47/676 3225/47/676 3226/48/676
f 3174/41/669 3172/40/669 3217/40/669 3219/41/669
f 3190/32/677 3188/48/677 3226/48/677 3227/32/677
f 3176/42/670 3174/41/670 3219/41/670 3220/42/670
f 3171/53/18 3169/54/18 3233/55/18 3234/56/18
f 3173/57/18 3171/53/18 3234/56/18 3235/58/18
f 3175/59/18 3173/57/18 3235/58/18 3236/60/18
f 3177/61/18 3175/59/18 3236/60/18 3237/62/18
f 3179/63/18 3177/61/18 3237/62/18 3238/64/18
f 3181/65/18 3179/63/18 3238/64/18 3239/66/18
f 3183/37/18 3181/65/18 3239/66/18 3240/67/18
f 3185/38/18 3183/37/18 3240/67/18 3241/68/18
f 3187/69/18 3185/38/18 3241/68/18 3242/70/18
f 3189/71/18 3187/69/18 3242/70/18 3243/72/18
f 3191/73/18 3189/71/18 3243/72/18 3244/74/18
f 3193/75/18 3191/73/18 3244/74/18 3245/76/18
f 3195/77/18 3193/75/18 3245/76/18 3246/78/18
f 3197/79/18 3195/77/18 3246/78/18 3247/80/18
f 3199/81/18 3197/79/18 3247/80/18 3248/82/18
f 3169/54/18 3199/81/18 3248/82/18 3233/55/18
f 3249/54/17 3250/53/17 3251/57/17 3252/59/17 3253/61/17 3254/63/17 3255/65/17 3256/37/17 3257/38/17 3258/69/17 3259/71/17 3260/73/17 3261/75/17 3262/77/17 3263/79/17 3264/81/17
f 3169/54/668 3171/53/668 3250/53/668 3249/54/668
f 3199/81/683 3169/54/683 3249/54/683 3264/81/683
f 3185/38/676 3187/69/676 3258/69/676 3257/38/676
f 3171/53/669 3173/57/669 3251/57/669 3250/53/669
f 3187/69/677 3189/71/677 3259/71/677 3258/69/677
f 3173/57/670 3175/59/670 3252/59/670 3251/57/670
f 3189/71/678 3191/73/678 3260/73/678 3259/71/678
f 3175/59/671 3177/61/671 3253/61/671 3252/59/671
f 3191/73/679 3193/75/679 3261/75/679 3260/73/679
f 3177/61/672 3179/63/672 3254/63/672 3253/61/672
f 3193/75/680 3195/77/680 3262/77/680 3261/75/680
f 3179/63/673 3181/65/673 3255/65/673 3254/63/673
f 3195/77/681 3197/79/681 3263/79/681 3262/77/681
f 3181/65/674 3183/37/674 3256/37/674 3255/65/674
f 3197/79/682 3199/81/682 3264/81/682 3263/79/682
f 3377/1/697 3346/2/697 3345/3/697 3378/4/697
f 3378/4/698 3345/3/698 3347/5/698 3379/6/698
f 3379/6/699 3347/5/699 3348/7/699 3380/8/699
f 3380/8/700 3348/7/700 3349/9/700 3381/10/700
f 3381/10/701 3349/9/701 3350/11/701 3382/12/701
f 3382/12/702 3350/11/702 3351/13/702 3383/14/702
f 3383/14/703 3351/13/703 3352/15/703 3384/16/703
f 3384/16/704 3352/15/704 3353/17/704 3385/18/704
f 3385/18/705 3353/17/705 3354/19/705 3386/20/705
f 3386/20/706 3354/19/706 3355/21/706 3387/22/706
f 3387/22/707 3355/21/707 3356/23/707 3388/24/707
f 3388/24/708 3356/23/708 3357/25/708 3389/26/708
f 3389/26/709 3357/25/709 3358/27/709 3390/28/709
f 3390/28/710 3358/27/710 3359/29/710 3391/30/710
f 3336/31/707 3334/32/707 3371/32/707 3372/31/707
f 3391/30/711 3359/29/711 3360/33/711 3392/34/711
f 3392/34/712 3360/33/712 3346/35/712 3377/36/712
f 3327/37/704 3329/38/704 3401/38/704 3400/37/704
f 3314/39/17 3316/40/17 3345/40/17 3346/39/17
f 3316/40/17 3318/41/17 3347/41/17 3345/40/17
f 3318/41/17 3320/42/17 3348/42/17 3347/41/17
f 3320/42/17 3322/43/17 3349/43/17 3348/42/17
f 3322/43/17 3324/44/17 3350/44/17 3349/43/17
f 3324/44/17 3326/45/17 3351/45/17 3350/44/17
f 3326/45/17 3328/46/17 3352/46/17 3351/45/17
f 3328/46/17 3330/47/17 3353/47/17 3352/46/17
f 3330/47/17 3332/48/17 3354/48/17 3353/47/17
f 3332/48/17 3334/32/17 3355/32/17 3354/48/17
f 3334/32/17 3336/31/17 3356/31/17 3355/32/17
f 3336/31/17 3338/49/17 3357/49/17 3356/31/17
f 3338/49/17 3340/50/17 3358/50/17 3357/49/17
f 3340/50/17 3342/51/17 3359/51/17 3358/50/17
f 3342/51/17 3344/52/17 3360/52/17 3359/51/17
f 3344/52/17 3314/39/17 3346/39/17 3360/52/17
f 3361/40/18 3362/39/18 3376/52/18 3375/51/18 3374/50/18 3373/49/18 3372/31/18 3371/32/18 3370/48/18 3369/47/18 3368/46/18 3367/45/18 3366/44/18 3365/43/18 3364/42/18 3363/41/18
f 3322/43/700 3320/42/700 3364/42/700 3365/43/700
f 3338/49/708 3336/31/708 3372/31/708 3373/49/708
f 3324/44/701 3322/43/701 3365/43/701 3366/44/701
f 3340/50/709 3338/49/709 3373/49/709 3374/50/709
f 3326/45/702 3324/44/702 3366/44/702 3367/45/702
f 3342/51/710 3340/50/710 3374/50/710 3375/51/710
f 3328/46/703 3326/45/703 3367/45/703 3368/46/703
f 3344/52/711 3342/51/711 3375/51/711 3376/52/711
f 3330/47/704 3328/46/704 3368/46/704 3369/47/704
f 3316/40/697 3314/39/697 3362/39/697 3361/40/697
f 3314/39/712 3344/52/712 3376/52/712 3362/39/712
f 3332/48/705 3330/47/705 3369/47/705 3370/48/705
f 3318/41/698 3316/40/698 3361/40/698 3363/41/698
f 3334/32/706 3332/48/706 3370/48/706 3371/32/706
f 3320/42/699 3318/41/699 3363/41/699 3364/42/699
f 3315/53/18 3313/54/18 3377/55/18 3378/56/18
f 3317/57/18 3315/53/18 3378/56/18 3379/58/18
f 3319/59/18 3317/57/18 3379/58/18 3380/60/18
f 3321/61/18 3319/59/18 3380/60/18 3381/62/18
f 3323/63/18 3321/61/18 3381/62/18 3382/64/18
f 3325/65/18 3323/63/18 3382/64/18 3383/66/18
f 3327/37/18 3325/65/18 3383/66/18 3384/67/18
f 3329/38/18 3327/37/18 3384/67/18 3385/68/18
f 3331/69/18 3329/38/18 3385/68/18 3386/70/18
f 3333/71/18 3331/69/18 3386/70/18 3387/72/18
f 3335/73/18 3333/71/18 3387/72/18 3388/74/18
f 3337/75/18 3335/73/18 3388/74/18 3389/76/18
f 3339/77/18 3337/75/18 3389/76/18 3390/78/18
f 3341/79/18 3339/77/18 3390/78/18 3391/80/18
f 3343/81/18 3341/79/18 3391/80/18 3392/82/18
f 3313/54/18 3343/81/18 3392/82/18 3377/55/18
f 3393/54/17 3394/53/17 3395/57/17 3396/59/17 3397/61/17 3398/63/17 3399/65/17 3400/37/17 3401/38/17 3402/69/17 3403/71/17 3404/73/17 3405/75/17 3406/77/17 3407/79/17 3408/81/17
f 3313/54/697 3315/53/697 3394/53/697 3393/54/697
f 3343/81/712 3313/54/712 3393/54/712 3408/81/712
f 3329/38/705 3331/69/705 3402/69/705 3401/38/705
f 3315/53/698 3317/57/698 3395/57/698 3394/53/698
f 3331/69/706 3333/71/706 3403/71/706 3402/69/706
f 3317/57/699 3319/59/699 3396/59/699 3395/57/699
f 3333/71/707 3335/73/707 3404/73/707 3403/71/707
f 3319/59/700 3321/61/700 3397/61/700 3396/59/700
f 3335/73/708 3337/75/708 3405/75/708 3404/73/708
f 3321/61/701 3323/63/701 3398/63/701 3397/61/701
f 3337/75/709 3339/77/709 3406/77/709 3405/75/709
f 3323/63/702 3325/65/702 3399/65/702 3398/63/702
f 3339/77/710 3341/79/710 3407/79/710 3406/77/710
f 3325/65/703 3327/37/703 3400/37/703 3399/65/703
f 3341/79/711 3343/81/711 3408/81/711 3407/79/711
f 3521/1/725 3490/2/725 3489/3/725 3522/4/725
f 3522/4/726 3489/3/726 3491/5/726 3523/6/726
f 3523/6/727 3491/5/727 3492/7/727 3524/8/727
f 3524/8/728 3492/7/728 3493/9/728 3525/10/728
f 3525/10/729 3493/9/729 3494/11/729 3526/12/729
f 3526/12/730 3494/11/730 3495/13/730 3527/14/730
f 3527/14/731 3495/13/731 3496/15/731 3528/16/731
f 3528/16/732 3496/15/732 3497/17/732 3529/18/732
f 3529/18/733 3497/17/733 3498/19/733 3530/20/733
f 3530/20/734 3498/19/734 3499/21/734 3531/22/734
f 3531/22/735 3499/21/735 3500/23/735 3532/24/735
f 3532/24/736 3500/23/736 3501/25/736 3533/26/736
f 3533/26/737 3501/25/737 3502/27/737 3534/28/737
f 3534/28/738 3502/27/738 3503/29/738 3535/30/738
f 3480/31/735 3478/32/735 3515/32/735 3516/31/735
f 3535/30/739 3503/29/739 3504/33/739 3536/34/739
f 3536/34/740 3504/33/740 3490/35/740 3521/36/740
f 3471/37/732 3473/38/732 3545/38/732 3544/37/732
f 3458/39/17 3460/40/17 3489/40/17 3490/39/17
f 3460/40/17 3462/41/17 3491/41/17 3489/40/17
f 3462/41/17 3464/42/17 3492/42/17 3491/41/17
f 3464/42/17 3466/43/17 3493/43/17 3492/42/17
f 3466/43/17 3468/44/17 3494/44/17 3493/43/17
f 3468/44/17 3470/45/17 3495/45/17 3494/44/17
f 3470/45/17 3472/46/17 3496/46/17 3495/45/17
f 3472/46/17 3474/47/17 3497/47/17 3496/46/17
f 3474/47/17 3476/48/17 3498/48/17 3497/47/17
f 3476/48/17 3478/32/17 3499/32/17 3498/48/17
f 3478/32/17 3480/31/17 3500/31/17 3499/32/17
f 3480/31/17 3482/49/17 3501/49/17 3500/31/17
f 3482/49/17 3484/50/17 3502/50/17 3501/49/17
f 3484/50/17 3486/51/17 3503/51/17 3502/50/17
f 3486/51/17 3488/52/17 3504/52/17 3503/51/17
f 3488/52/17 3458/39/17 3490/39/17 3504/52/17
f 3505/40/18 3506/39/18 3520/52/18 3519/51/18 3518/50/18 3517/49/18 3516/31/18 3515/32/18 3514/48/18 3513/47/18 3512/46/18 3511/45/18 3510/44/18 3509/43/18 3508/42/18 3507/41/18
f 3466/43/728 3464/42/728 3508/42/728 3509/43/728
f 3482/49/736 3480/31/736 3516/31/736 3517/49/736
f 3468/44/729 3466/43/729 3509/43/729 3510/44/729
f 3484/50/737 3482/49/737 3517/49/737 3518/50/737
f 3470/45/730 3468/44/730 3510/44/730 3511/45/730
f 3486/51/738 3484/50/738 3518/50/738 3519/51/738
f 3472/46/731 3470/45/731 3511/45/731 3512/46/731
f 3488/52/739 3486/51/739 3519/51/739 3520/52/739
f 3474/47/732 3472/46/732 3512/46/732 3513/47/732
f 3460/40/725 3458/39/725 3506/39/725 3505/40/725
f 3458/39/740 3488/52/740 3520/52/740 3506/39/740
f 3476/48/733 3474/47/733 3513/47/733 3514/48/733
f 3462/41/726 3460/40/726 3505/40/726 3507/41/726
f 3478/32/734 3476/48/734 3514/48/734 3515/32/734
f 3464/42/727 3462/41/727 3507/41/727 3508/42/727
f 3459/53/18 3457/54/18 3521/55/18 3522/56/18
f 3461/57/18 3459/53/18 3522/56/18 3523/58/18
f 3463/59/18 3461/57/18 3523/58/18 3524/60/18
f 3465/61/18 3463/59/18 3524/60/18 3525/62/18
f 3467/63/18 3465/61/18 3525/62/18 3526/64/18
f 3469/65/18 3467/63/18 3526/64/18 3527/66/18
f 3471/37/18 3469/65/18 3527/66/18 3528/67/18
f 3473/38/18 3471/37/18 3528/67/18 3529/68/18
f 3475/69/18 3473/38/18 3529/68/18 3530/70/18
f 3477/71/18 3475/69/18 3530/70/18 3531/72/18
f 3479/73/18 3477/71/18 3531/72/18 3532/74/18
f 3481/75/18 3479/73/18 3532/74/18 3533/76/18
f 3483/77/18 3481/75/18 3533/76/18 3534/78/18
f 3485/79/18 3483/77/18 3534/78/18 3535/80/18
f 3487/81/18 3485/79/18 3535/80/18 3536/82/18
f 3457/54/18 3487/81/18 3536/82/18 3521/55/18
f 3537/54/17 3538/53/17 3539/57/17 3540/59/17 3541/61/17 3542/63/17 3543/65/17 3544/37/17 3545/38/17 3546/69/17 3547/71/17 3548/73/17 3549/75/17 3550/77/17 3551/79/17 3552/81/17
f 3457/54/725 3459/53/725 3538/53/725 3537/54/725
f 3487/81/740 3457/54/740 3537/54/740 3552/81/740
f 3473/38/733 3475/69/733 3546/69/733 3545/38/733
f 3459/53/726 3461/57/726 3539/57/726 3538/53/726
f 3475/69/734 3477/71/734 3547/71/734 3546/69/734
f 3461/57/727 3463/59/727 3540/59/727 3539/57/727
f 3477/71/735 3479/73/735 3548/73/735 3547/71/735
f 3463/59/728 3465/61/728 3541/61/728 3540/59/728
f 3479/73/736 3481/75/736 3549/75/736 3548/73/736
f 3465/61/729 3467/63/729 3542/63/729 3541/61/729
f 3481/75/737 3483/77/737 3550/77/737 3549/75/737
f 3467/63/730 3469/65/730 3543/65/730 3542/63/730
f 3483/77/738 3485/79/738 3551/79/738 3550/77/738
f 3469/65/731 3471/37/731 3544/37/731 3543/65/731
f 3485/79/739 3487/81/739 3552/81/739 3551/79/739
f 3665/1/753 3634/2/753 3633/3/753 3666/4/753
f 3666/4/754 3633/3/754 3635/5/754 3667/6/754
f 3667/6/755 3635/5/755 3636/7/755 3668/8/755
f 3668/8/756 3636/7/756 3637/9/756 3669/10/756
f 3669/10/757 3637/9/757 3638/11/757 3670/12/757
f 3670/12/758 3638/11/758 3639/13/758 3671/14/758
f 3671/14/759 3639/13/759 3640/15/759 3672/16/759
f 3672/16/760 3640/15/760 3641/17/760 3673/18/760
f 3673/18/761 3641/17/761 3642/19/761 3674/20/761
f 3674/20/762 3642/19/762 3643/21/762 3675/22/762
f 3675/22/763 3643/21/763 3644/23/763 3676/24/763
f 3676/24/764 3644/23/764 3645/25/764 3677/26/764
f 3677/26/765 3645/25/765 3646/27/765 3678/28/765
f 3678/28/766 3646/27/766 3647/29/766 3679/30/766
f 3624/31/763 3622/32/763 3659/32/763 3660/31/763
f 3679/30/767 3647/29/767 3648/33/767 3680/34/767
f 3680/34/768 3648/33/768 3634/35/768 3665/36/768
f 3615/37/760 3617/38/760 3689/38/760 3688/37/760
f 3602/39/17 3604/40/17 3633/40/17 3634/39/17
f 3604/40/17 3606/41/17 3635/41/17 3633/40/17
f 3606/41/17 3608/42/17 3636/42/17 3635/41/17
f 3608/42/17 3610/43/17 3637/43/17 3636/42/17
f 3610/43/17 3612/44/17 3638/44/17 3637/43/17
f 3612/44/17 3614/45/17 3639/45/17 3638/44/17
f 3614/45/17 3616/46/17 3640/46/17 3639/45/17
f 3616/46/17 3618/47/17 3641/47/17 3640/46/17
f 3618/47/17 3620/48/17 3642/48/17 3641/47/17
f 3620/48/17 3622/32/17 3643/32/17 3642/48/17
f 3622/32/17 3624/31/17 3644/31/17 3643/32/17
f 3624/31/17 3626/49/17 3645/49/17 3644/31/17
f 3626/49/17 3628/50/17 3646/50/17 3645/49/17
f 3628/50/17 3630/51/17 3647/51/17 3646/50/17
f 3630/51/17 3632/52/17 3648/52/17 3647/51/17
f 3632/52/17 3602/39/17 3634/39/17 3648/52/17
f 3649/40/18 3650/39/18 3664/52/18 3663/51/18 3662/50/18 3661/49/18 3660/31/18 3659/32/18 3658/48/18 3657/47/18 3656/46/18 3655/45/18 3654/44/18 3653/43/18 3652/42/18 3651/41/18
f 3610/43/756 3608/42/756 3652/42/756 3653/43/756
f 3626/49/764 3624/31/764 3660/31/764 3661/49/764
f 3612/44/757 3610/43/757 3653/43/757 3654/44/757
f 3628/50/765 3626/49/765 3661/49/765 3662/50/765
f 3614/45/758 3612/44/758 3654/44/758 3655/45/758
f 3630/51/766 3628/50/766 3662/50/766 3663/51/766
f 3616/46/759 3614/45/759 3655/45/759 3656/46/759
f 3632/52/767 3630/51/767 3663/51/767 3664/52/767
f 3618/47/760 3616/46/760 3656/46/760 3657/47/760
f 3604/40/753 3602/39/753 3650/39/753 3649/40/753
f 3602/39/768 3632/52/768 3664/52/768 3650/39/768
f 3620/48/761 3618/47/761 3657/47/761 3658/48/761
f 3606/41/754 3604/40/754 3649/40/754 3651/41/754
f 3622/32/762 3620/48/762 3658/48/762 3659/32/762
f 3608/42/755 3606/41/755 3651/41/755 3652/42/755
f 3603/53/18 3601/54/18 3665/55/18 3666/56/18
f 3605/57/18 3603/53/18 3666/56/18 3667/58/18
f 3607/59/18 3605/57/18 3667/58/18 3668/60/18
f 3609/61/18 3607/59/18 3668/60/18 3669/62/18
f 3611/63/18 3609/61/18 3669/62/18 3670/64/18
f 3613/65/18 3611/63/18 3670/64/18 3671/66/18
f 3615/37/18 3613/65/18 3671/66/18 3672/67/18
f 3617/38/18 3615/37/18 3672/67/18 3673/68/18
f 3619/69/18 3617/38/18 3673/68/18 3674/70/18
f 3621/71/18 3619/69/18 3674/70/18 3675/72/18
f 3623/73/18 3621/71/18 3675/72/18 3676/74/18
f 3625/75/18 3623/73/18 3676/74/18 3677/76/18
f 3627/77/18 3625/75/18 3677/76/18 3678/78/18
f 3629/79/18 3627/77/18 3678/78/18 3679/80/18
f 3631/81/18 3629/79/18 3679/80/18 3680/82/18
f 3601/54/18 3631/81/18 3680/82/18 3665/55/18
f 3681/54/17 3682/53/17 3683/57/17 3684/59/17 3685/61/17 3686/63/17 3687/65/17 3688/37/17 3689/38/17 3690/69/17 3691/71/17 3692/73/17 3693/75/17 3694/77/17 3695/79/17 3696/81/17
f 3601/54/753 3603/53/753 3682/53/753 3681/54/753
f 3631/81/768 3601/54/768 3681/54/768 3696/81/768
f 3617/38/761 3619/69/761 3690/69/761 3689/38/761
f 3603/53/754 3605/57/754 3683/57/754 3682/53/754
f 3619/69/762 3621/71/762 3691/71/762 3690/69/762
f 3605/57/755 3607/59/755 3684/59/755 3683/57/755
f 3621/71/763 3623/73/763 3692/73/763 3691/71/763
f 3607/59/756 3609/61/756 3685/61/756 3684/59/756
f 3623/73/764 3625/75/764 3693/75/764 3692/73/764
f 3609/61/769 3611/63/769 3686/63/769 3685/61/769
f 3625/75/765 3627/77/765 3694/77/765 3693/75/765
f 3611/63/758 3613/65/758 3687/65/758 3686/63/758
f 3627/77/766 3629/79/766 3695/79/766 3694/77/766
f 3613/65/759 3615/37/759 3688/37/759 3687/65/759
f 3629/79/767 3631/81/767 3696/81/767 3695/79/767
f 3809/1/782 3778/2/782 3777/3/782 3810/4/782
f 3810/4/783 3777/3/783 3779/5/783 3811/6/783
f 3811/6/784 3779/5/784 3780/7/784 3812/8/784
f 3812/8/785 3780/7/785 3781/9/785 3813/10/785
f 3813/10/786 3781/9/786 3782/11/786 3814/12/786
f 3814/12/787 3782/11/787 3783/13/787 3815/14/787
f 3815/14/788 3783/13/788 3784/15/788 3816/16/788
f 3816/16/789 3784/15/789 3785/17/789 3817/18/789
f 3817/18/790 3785/17/790 3786/19/790 3818/20/790
f 3818/20/791 3786/19/791 3787/21/791 3819/22/791
f 3819/22/792 3787/21/792 3788/23/792 3820/24/792
f 3820/24/793 3788/23/793 3789/25/793 3821/26/793
f 3821/26/794 3789/25/794 3790/27/794 3822/28/794
f 3822/28/795 3790/27/795 3791/29/795 3823/30/795
f 3768/31/792 3766/32/792 3803/32/792 3804/31/792
f 3823/30/796 3791/29/796 3792/33/796 3824/34/796
f 3824/34/797 3792/33/797 3778/35/797 3809/36/797
f 3759/37/789 3761/38/789 3833/38/789 3832/37/789
f 3746/39/17 3748/40/17 3777/40/17 3778/39/17
f 3748/40/17 3750/41/17 3779/41/17 3777/40/17
f 3750/41/17 3752/42/17 3780/42/17 3779/41/17
f 3752/42/17 3754/43/17 3781/43/17 3780/42/17
f 3754/43/17 3756/44/17 3782/44/17 3781/43/17
f 3756/44/17 3758/45/17 3783/45/17 3782/44/17
f 3758/45/17 3760/46/17 3784/46/17 3783/45/17
f 3760/46/17 3762/47/17 3785/47/17 3784/46/17
f 3762/47/17 3764/48/17 3786/48/17 3785/47/17
f 3764/48/17 3766/32/17 3787/32/17 3786/48/17
f 3766/32/17 3768/31/17 3788/31/17 3787/32/17
f 3768/31/17 3770/49/17 3789/49/17 3788/31/17
f 3770/49/17 3772/50/17 3790/50/17 3789/49/17
f 3772/50/17 3774/51/17 3791/51/17 3790/50/17
f 3774/51/17 3776/52/17 3792/52/17 3791/51/17
f 3776/52/17 3746/39/17 3778/39/17 3792/52/17
f 3793/40/18 3794/39/18 3808/52/18 3807/51/18 3806/50/18 3805/49/18 3804/31/18 3803/32/18 3802/48/18 3801/47/18 3800/46/18 3799/45/18 3798/44/18 3797/43/18 3796/42/18 3795/41/18
f 3754/43/785 3752/42/785 3796/42/785 3797/43/785
f 3770/49/793 3768/31/793 3804/31/793 3805/49/793
f 3756/44/786 3754/43/786 3797/43/786 3798/44/786
f 3772/50/794 3770/49/794 3805/49/794 3806/50/794
f 3758/45/798 3756/44/798 3798/44/798 3799/45/798
f 3774/51/799 3772/50/799 3806/50/799 3807/51/799
f 3760/46/788 3758/45/788 3799/45/788 3800/46/788
f 3776/52/796 3774/51/796 3807/51/796 3808/52/796
f 3762/47/789 3760/46/789 3800/46/789 3801/47/789
f 3748/40/782 3746/39/782 3794/39/782 3793/40/782
f 3746/39/797 3776/52/797 3808/52/797 3794/39/797
f 3764/48/790 3762/47/790 3801/47/790 3802/48/790
f 3750/41/783 3748/40/783 3793/40/783 3795/41/783
f 3766/32/800 3764/48/800 3802/48/800 3803/32/800
f 3752/42/784 3750/41/784 3795/41/784 3796/42/784
f 3747/53/18 3745/54/18 3809/55/18 3810/56/18
f 3749/57/18 3747/53/18 3810/56/18 3811/58/18
f 3751/59/18 3749/57/18 3811/58/18 3812/60/18
f 3753/61/18 3751/59/18 3812/60/18 3813/62/18
f 3755/63/18 3753/61/18 3813/62/18 3814/64/18
f 3757/65/18 3755/63/18 3814/64/18 3815/66/18
f 3759/37/18 3757/65/18 3815/66/18 3816/67/18
f 3761/38/18 3759/37/18 3816/67/18 3817/68/18
f 3763/69/18 3761/38/18 3817/68/18 3818/70/18
f 3765/71/18 3763/69/18 3818/70/18 3819/72/18
f 3767/73/18 3765/71/18 3819/72/18 3820/74/18
f 3769/75/18 3767/73/18 3820/74/18 3821/76/18
f 3771/77/18 3769/75/18 3821/76/18 3822/78/18
f 3773/79/18 3771/77/18 3822/78/18 3823/80/18
f 3775/81/18 3773/79/18 3823/80/18 3824/82/18
f 3745/54/18 3775/81/18 3824/82/18 3809/55/18
f 3825/54/17 3826/53/17 3827/57/17 3828/59/17 3829/61/17 3830/63/17 3831/65/17 3832/37/17 3833/38/17 3834/69/17 3835/71/17 3836/73/17 3837/75/17 3838/77/17 3839/79/17 3840/81/17
f 3745/54/782 3747/53/782 3826/53/782 3825/54/782
f 3775/81/797 3745/54/797 3825/54/797 3840/81/797
f 3761/38/790 3763/69/790 3834/69/790 3833/38/790
f 3747/53/783 3749/57/783 3827/57/783 3826/53/783
f 3763/69/800 3765/71/800 3835/71/800 3834/69/800
f 3749/57/784 3751/59/784 3828/59/784 3827/57/784
f 3765/71/792 3767/73/792 3836/73/792 3835/71/792
f 3751/59/785 3753/61/785 3829/61/785 3828/59/785
f 3767/73/793 3769/75/793 3837/75/793 3836/73/793
f 3753/61/786 3755/63/786 3830/63/786 3829/61/786
f 3769/75/794 3771/77/794 3838/77/794 3837/75/794
f 3755/63/798 3757/65/798 3831/65/798 3830/63/798
f 3771/77/799 3773/79/799 3839/79/799 3838/77/799
f 3757/65/788 3759/37/788 3832/37/788 3831/65/788
f 3773/79/796 3775/81/796 3840/81/796 3839/79/796
f 3953/1/815 3922/2/815 3921/3/815 3954/4/815
f 3954/4/816 3921/3/816 3923/5/816 3955/6/816
f 3955/6/817 3923/5/817 3924/7/817 3956/8/817
f 3956/8/818 3924/7/818 3925/9/818 3957/10/818
f 3957/10/819 3925/9/819 3926/11/819 3958/12/819
f 3958/12/820 3926/11/820 3927/13/820 3959/14/820
f 3959/14/821 3927/13/821 3928/15/821 3960/16/821
f 3960/16/822 3928/15/822 3929/17/822 3961/18/822
f 3961/18/823 3929/17/823 3930/19/823 3962/20/823
f 3962/20/824 3930/19/824 3931/21/824 3963/22/824
f 3963/22/825 3931/21/825 3932/23/825 3964/24/825
f 3964/24/826 3932/23/826 3933/25/826 3965/26/826
f 3965/26/827 3933/25/827 3934/27/827 3966/28/827
f 3966/28/828 3934/27/828 3935/29/828 3967/30/828
f 3912/31/829 3910/32/829 3947/32/829 3948/31/829
f 3967/30/830 3935/29/830 3936/33/830 3968/34/830
f 3968/34/831 3936/33/831 3922/35/831 3953/36/831
f 3903/37/822 3905/38/822 3977/38/822 3976/37/822
f 3890/39/17 3892/40/17 3921/40/17 3922/39/17
f 3892/40/17 3894/41/17 3923/41/17 3921/40/17
f 3894/41/17 3896/42/17 3924/42/17 3923/41/17
f 3896/42/17 3898/43/17 3925/43/17 3924/42/17
f 3898/43/17 3900/44/17 3926/44/17 3925/43/17
f 3900/44/17 3902/45/17 3927/45/17 3926/44/17
f 3902/45/17 3904/46/17 3928/46/17 3927/45/17
f 3904/46/17 3906/47/17 3929/47/17 3928/46/17
f 3906/47/17 3908/48/17 3930/48/17 3929/47/17
f 3908/48/17 3910/32/17 3931/32/17 3930/48/17
f 3910/32/17 3912/31/17 3932/31/17 3931/32/17
f 3912/31/17 3914/49/17 3933/49/17 3932/31/17
f 3914/49/17 3916/50/17 3934/50/17 3933/49/17
f 3916/50/17 3918/51/17 3935/51/17 3934/50/17
f 3918/51/17 3920/52/17 3936/52/17 3935/51/17
f 3920/52/17 3890/39/17 3922/39/17 3936/52/17
f 3937/40/18 3938/39/18 3952/52/18 3951/51/18 3950/50/18 3949/49/18 3948/31/18 3947/32/18 3946/48/18 3945/47/18 3944/46/18 3943/45/18 3942/44/18 3941/43/18 3940/42/18 3939/41/18
f 3898/43/818 3896/42/818 3940/42/818 3941/43/818
f 3914/49/826 3912/31/826 3948/31/826 3949/49/826
f 3900/44/819 3898/43/819 3941/43/819 3942/44/819
f 3916/50/827 3914/49/827 3949/49/827 3950/50/827
f 3902/45/820 3900/44/820 3942/44/820 3943/45/820
f 3918/51/828 3916/50/828 3950/50/828 3951/51/828
f 3904/46/821 3902/45/821 3943/45/821 3944/46/821
f 3920/52/830 3918/51/830 3951/51/830 3952/52/830
f 3906/47/822 3904/46/822 3944/46/822 3945/47/822
f 3892/40/815 3890/39/815 3938/39/815 3937/40/815
f 3890/39/831 3920/52/831 3952/52/831 3938/39/831
f 3908/48/823 3906/47/823 3945/47/823 3946/48/823
f 3894/41/816 3892/40/816 3937/40/816 3939/41/816
f 3910/32/824 3908/48/824 3946/48/824 3947/32/824
f 3896/42/832 3894/41/832 3939/41/832 3940/42/832
f 3891/53/18 3889/54/18 3953/55/18 3954/56/18
f 3893/57/18 3891/53/18 3954/56/18 3955/58/18
f 3895/59/18 3893/57/18 3955/58/18 3956/60/18
f 3897/61/18 3895/59/18 3956/60/18 3957/62/18
f 3899/63/18 3897/61/18 3957/62/18 3958/64/18
f 3901/65/18 3899/63/18 3958/64/18 3959/66/18
f 3903/37/18 3901/65/18 3959/66/18 3960/67/18
f 3905/38/18 3903/37/18 3960/67/18 3961/68/18
f 3907/69/18 3905/38/18 3961/68/18 3962/70/18
f 3909/71/18 3907/69/18 3962/70/18 3963/72/18
f 3911/73/18 3909/71/18 3963/72/18 3964/74/18
f 3913/75/18 3911/73/18 3964/74/18 3965/76/18
f 3915/77/18 3913/75/18 3965/76/18 3966/78/18
f 3917/79/18 3915/77/18 3966/78/18 3967/80/18
f 3919/81/18 3917/79/18 3967/80/18 3968/82/18
f 3889/54/18 3919/81/18 3968/82/18 3953/55/18
f 3969/54/17 3970/53/17 3971/57/17 3972/59/17 3973/61/17 3974/63/17 3975/65/17 3976/37/17 3977/38/17 3978/69/17 3979/71/17 3980/73/17 3981/75/17 3982/77/17 3983/79/17 3984/81/17
f 3889/54/815 3891/53/815 3970/53/815 3969/54/815
f 3919/81/831 3889/54/831 3969/54/831 3984/81/831
f 3905/38/823 3907/69/823 3978/69/823 3977/38/823
f 3891/53/816 3893/57/816 3971/57/816 3970/53/816
f 3907/69/824 3909/71/824 3979/71/824 3978/69/824
f 3893/57/832 3895/59/832 3972/59/832 3971/57/832
f 3909/71/825 3911/73/825 3980/73/825 3979/71/825
f 3895/59/818 3897/61/818 3973/61/818 3972/59/818
f 3911/73/826 3913/75/826 3981/75/826 3980/73/826
f 3897/61/819 3899/63/819 3974/63/819 3973/61/819
f 3913/75/827 3915/77/827 3982/77/827 3981/75/827
f 3899/63/820 3901/65/820 3975/65/820 3974/63/820
f 3915/77/828 3917/79/828 3983/79/828 3982/77/828
f 3901/65/821 3903/37/821 3976/37/821 3975/65/821
f 3917/79/830 3919/81/830 3984/81/830 3983/79/830
f 4097/1/845 4066/2/845 4065/3/845 4098/4/845
f 4098/4/846 4065/3/846 4067/5/846 4099/6/846
f 4099/6/847 4067/5/847 4068/7/847 4100/8/847
f 4100/8/848 4068/7/848 4069/9/848 4101/10/848
f 4101/10/849 4069/9/849 4070/11/849 4102/12/849
f 4102/12/850 4070/11/850 4071/13/850 4103/14/850
f 4103/14/851 4071/13/851 4072/15/851 4104/16/851
f 4104/16/852 4072/15/852 4073/17/852 4105/18/852
f 4105/18/853 4073/17/853 4074/19/853 4106/20/853
f 4106/20/854 4074/19/854 4075/21/854 4107/22/854
f 4107/22/855 4075/21/855 4076/23/855 4108/24/855
f 4108/24/856 4076/23/856 4077/25/856 4109/26/856
f 4109/26/857 4077/25/857 4078/27/857 4110/28/857
f 4110/28/858 4078/27/858 4079/29/858 4111/30/858
f 4056/31/855 4054/32/855 4091/32/855 4092/31/855
f 4111/30/859 4079/29/859 4080/33/859 4112/34/859
f 4112/34/860 4080/33/860 4066/35/860 4097/36/860
f 4047/37/852 4049/38/852 4121/38/852 4120/37/852
f 4034/39/17 4036/40/17 4065/40/17 4066/39/17
f 4036/40/17 4038/41/17 4067/41/17 4065/40/17
f 4038/41/17 4040/42/17 4068/42/17 4067/41/17
f 4040/42/17 4042/43/17 4069/43/17 4068/42/17
f 4042/43/17 4044/44/17 4070/44/17 4069/43/17
f 4044/44/17 4046/45/17 4071/45/17 4070/44/17
f 4046/45/17 4048/46/17 4072/46/17 4071/45/17
f 4048/46/17 4050/47/17 4073/47/17 4072/46/17
f 4050/47/17 4052/48/17 4074/48/17 4073/47/17
f 4052/48/17 4054/32/17 4075/32/17 4074/48/17
f 4054/32/17 4056/31/17 4076/31/17 4075/32/17
f 4056/31/17 4058/49/17 4077/49/17 4076/31/17
f 4058/49/17 4060/50/17 4078/50/17 4077/49/17
f 4060/50/17 4062/51/17 4079/51/17 4078/50/17
f 4062/51/17 4064/52/17 4080/52/17 4079/51/17
f 4064/52/17 4034/39/17 4066/39/17 4080/52/17
f 4081/40/18 4082/39/18 4096/52/18 4095/51/18 4094/50/18 4093/49/18 4092/31/18 4091/32/18 4090/48/18 4089/47/18 4088/46/18 4087/45/18 4086/44/18 4085/43/18 4084/42/18 4083/41/18
f 4042/43/848 4040/42/848 4084/42/848 4085/43/848
f 4058/49/861 4056/31/861 4092/31/861 4093/49/861
f 4044/44/849 4042/43/849 4085/43/849 4086/44/849
f 4060/50/857 4058/49/857 4093/49/857 4094/50/857
f 4046/45/850 4044/44/850 4086/44/850 4087/45/850
f 4062/51/858 4060/50/858 4094/50/858 4095/51/858
f 4048/46/851 4046/45/851 4087/45/851 4088/46/851
f 4064/52/859 4062/51/859 4095/51/859 4096/52/859
f 4050/47/852 4048/46/852 4088/46/852 4089/47/852
f 4036/40/845 4034/39/845 4082/39/845 4081/40/845
f 4034/39/862 4064/52/862 4096/52/862 4082/39/862
f 4052/48/853 4050/47/853 4089/47/853 4090/48/853
f 4038/41/846 4036/40/846 4081/40/846 4083/41/846
f 4054/32/854 4052/48/854 4090/48/854 4091/32/854
f 4040/42/847 4038/41/847 4083/41/847 4084/42/847
f 4035/53/18 4033/54/18 4097/55/18 4098/56/18
f 4037/57/18 4035/53/18 4098/56/18 4099/58/18
f 4039/59/18 4037/57/18 4099/58/18 4100/60/18
f 4041/61/18 4039/59/18 4100/60/18 4101/62/18
f 4043/63/18 4041/61/18 4101/62/18 4102/64/18
f 4045/65/18 4043/63/18 4102/64/18 4103/66/18
f 4047/37/18 4045/65/18 4103/66/18 4104/67/18
f 4049/38/18 4047/37/18 4104/67/18 4105/68/18
f 4051/69/18 4049/38/18 4105/68/18 4106/70/18
f 4053/71/18 4051/69/18 4106/70/18 4107/72/18
f 4055/73/18 4053/71/18 4107/72/18 4108/74/18
f 4057/75/18 4055/73/18 4108/74/18 4109/76/18
f 4059/77/18 4057/75/18 4109/76/18 4110/78/18
f 4061/79/18 4059/77/18 4110/78/18 4111/80/18
f 4063/81/18 4061/79/18 4111/80/18 4112/82/18
f 4033/54/18 4063/81/18 4112/82/18 4097/55/18
f 4113/54/17 4114/53/17 4115/57/17 4116/59/17 4117/61/17 4118/63/17 4119/65/17 4120/37/17 4121/38/17 4122/69/17 4123/71/17 4124/73/17 4125/75/17 4126/77/17 4127/79/17 4128/81/17
f 4033/54/845 4035/53/845 4114/53/845 4113/54/845
f 4063/81/862 4033/54/862 4113/54/862 4128/81/862
f 4049/38/853 4051/69/853 4122/69/853 4121/38/853
f 4035/53/846 4037/57/846 4115/57/846 4114/53/846
f 4051/69/854 4053/71/854 4123/71/854 4122/69/854
f 4037/57/847 4039/59/847 4116/59/847 4115/57/847
f 4053/71/855 4055/73/855 4124/73/855 4123/71/855
f 4039/59/848 4041/61/848 4117/61/848 4116/59/848
f 4055/73/856 4057/75/856 4125/75/856 4124/73/856
f 4041/61/849 4043/63/849 4118/63/849 4117/61/849
f 4057/75/857 4059/77/857 4126/77/857 4125/75/857
f 4043/63/850 4045/65/850 4119/65/850 4118/63/850
f 4059/77/858 4061/79/858 4127/79/858 4126/77/858
f 4045/65/851 4047/37/851 4120/37/851 4119/65/851
f 4061/79/859 4063/81/859 4128/81/859 4127/79/859
f 4241/1/876 4210/2/876 4209/3/876 4242/4/876
f 4242/4/877 4209/3/877 4211/5/877 4243/6/877
f 4243/6/878 4211/5/878 4212/7/878 4244/8/878
f 4244/8/879 4212/7/879 4213/9/879 4245/10/879
f 4245/10/880 4213/9/880 4214/11/880 4246/12/880
f 4246/12/881 4214/11/881 4215/13/881 4247/14/881
f 4247/14/882 4215/13/882 4216/15/882 4248/16/882
f 4248/16/883 4216/15/883 4217/17/883 4249/18/883
f 4249/18/884 4217/17/884 4218/19/884 4250/20/884
f 4250/20/885 4218/19/885 4219/21/885 4251/22/885
f 4251/22/886 4219/21/886 4220/23/886 4252/24/886
f 4252/24/887 4220/23/887 4221/25/887 4253/26/887
f 4253/26/888 4221/25/888 4222/27/888 4254/28/888
f 4254/28/889 4222/27/889 4223/29/889 4255/30/889
f 4200/31/886 4198/32/886 4235/32/886 4236/31/886
f 4255/30/890 4223/29/890 4224/33/890 4256/34/890
f 4256/34/891 4224/33/891 4210/35/891 4241/36/891
f 4191/37/883 4193/38/883 4265/38/883 4264/37/883
f 4178/39/17 4180/40/17 4209/40/17 4210/39/17
f 4180/40/17 4182/41/17 4211/41/17 4209/40/17
f 4182/41/17 4184/42/17 4212/42/17 4211/41/17
f 4184/42/17 4186/43/17 4213/43/17 4212/42/17
f 4186/43/17 4188/44/17 4214/44/17 4213/43/17
f 4188/44/17 4190/45/17 4215/45/17 4214/44/17
f 4190/45/17 4192/46/17 4216/46/17 4215/45/17
f 4192/46/17 4194/47/17 4217/47/17 4216/46/17
f 4194/47/17 4196/48/17 4218/48/17 4217/47/17
f 4196/48/17 4198/32/17 4219/32/17 4218/48/17
f 4198/32/17 4200/31/17 4220/31/17 4219/32/17
f 4200/31/17 4202/49/17 4221/49/17 4220/31/17
f 4202/49/17 4204/50/17 4222/50/17 4221/49/17
f 4204/50/17 4206/51/17 4223/51/17 4222/50/17
f 4206/51/17 4208/52/17 4224/52/17 4223/51/17
f 4208/52/17 4178/39/17 4210/39/17 4224/52/17
f 4225/40/18 4226/39/18 4240/52/18 4239/51/18 4238/50/18 4237/49/18 4236/31/18 4235/32/18 4234/48/18 4233/47/18 4232/46/18 4231/45/18 4230/44/18 4229/43/18 4228/42/18 4227/41/18
f 4186/43/879 4184/42/879 4228/42/879 4229/43/879
f 4202/49/887 4200/31/887 4236/31/887 4237/49/887
f 4188/44/880 4186/43/880 4229/43/880 4230/44/880
f 4204/50/888 4202/49/888 4237/49/888 4238/50/888
f 4190/45/881 4188/44/881 4230/44/881 4231/45/881
f 4206/51/889 4204/50/889 4238/50/889 4239/51/889
f 4192/46/882 4190/45/882 4231/45/882 4232/46/882
f 4208/52/890 4206/51/890 4239/51/890 4240/52/890
f 4194/47/883 4192/46/883 4232/46/883 4233/47/883
f 4180/40/876 4178/39/876 4226/39/876 4225/40/876
f 4178/39/891 4208/52/891 4240/52/891 4226/39/891
f 4196/48/884 4194/47/884 4233/47/884 4234/48/884
f 4182/41/877 4180/40/877 4225/40/877 4227/41/877
f 4198/32/885 4196/48/885 4234/48/885 4235/32/885
f 4184/42/878 4182/41/878 4227/41/878 4228/42/878
f 4179/53/18 4177/54/18 4241/55/18 4242/56/18
f 4181/57/18 4179/53/18 4242/56/18 4243/58/18
f 4183/59/18 4181/57/18 4243/58/18 4244/60/18
f 4185/61/18 4183/59/18 4244/60/18 4245/62/18
f 4187/63/18 4185/61/18 4245/62/18 4246/64/18
f 4189/65/18 4187/63/18 4246/64/18 4247/66/18
f 4191/37/18 4189/65/18 4247/66/18 4248/67/18
f 4193/38/18 4191/37/18 4248/67/18 4249/68/18
f 4195/69/18 4193/38/18 4249/68/18 4250/70/18
f 4197/71/18 4195/69/18 4250/70/18 4251/72/18
f 4199/73/18 4197/71/18 4251/72/18 4252/74/18
f 4201/75/18 4199/73/18 4252/74/18 4253/76/18
f 4203/77/18 4201/75/18 4253/76/18 4254/78/18
f 4205/79/18 4203/77/18 4254/78/18 4255/80/18
f 4207/81/18 4205/79/18 4255/80/18 4256/82/18
f 4177/54/18 4207/81/18 4256/82/18 4241/55/18
f 4257/54/17 4258/53/17 4259/57/17 4260/59/17 4261/61/17 4262/63/17 4263/65/17 4264/37/17 4265/38/17 4266/69/17 4267/71/17 4268/73/17 4269/75/17 4270/77/17 4271/79/17 4272/81/17
f 4177/54/876 4179/53/876 4258/53/876 4257/54/876
f 4207/81/891 4177/54/891 4257/54/891 4272/81/891
f 4193/38/884 4195/69/884 4266/69/884 4265/38/884
f 4179/53/877 4181/57/877 4259/57/877 4258/53/877
f 4195/69/885 4197/71/885 4267/71/885 4266/69/885
f 4181/57/878 4183/59/878 4260/59/878 4259/57/878
f 4197/71/886 4199/73/886 4268/73/886 4267/71/886
f 4183/59/879 4185/61/879 4261/61/879 4260/59/879
f 4199/73/887 4201/75/887 4269/75/887 4268/73/887
f 4185/61/880 4187/63/880 4262/63/880 4261/61/880
f 4201/75/888 4203/77/888 4270/77/888 4269/75/888
f 4187/63/881 4189/65/881 4263/65/881 4262/63/881
f 4203/77/889 4205/79/889 4271/79/889 4270/77/889
f 4189/65/882 4191/37/882 4264/37/882 4263/65/882
f 4205/79/890 4207/81/890 4272/81/890 4271/79/890
f 4385/1/904 4354/2/904 4353/3/904 4386/4/904
f 4386/4/905 4353/3/905 4355/5/905 4387/6/905
f 4387/6/906 4355/5/906 4356/7/906 4388/8/906
f 4388/8/907 4356/7/907 4357/9/907 4389/10/907
f 4389/10/908 4357/9/908 4358/11/908 4390/12/908
f 4390/12/909 4358/11/909 4359/13/909 4391/14/909
f 4391/14/910 4359/13/910 4360/15/910 4392/16/910
f 4392/16/911 4360/15/911 4361/17/911 4393/18/911
f 4393/18/912 4361/17/912 4362/19/912 4394/20/912
f 4394/20/913 4362/19/913 4363/21/913 4395/22/913
f 4395/22/914 4363/21/914 4364/23/914 4396/24/914
f 4396/24/915 4364/23/915 4365/25/915 4397/26/915
f 4397/26/916 4365/25/916 4366/27/916 4398/28/916
f 4398/28/917 4366/27/917 4367/29/917 4399/30/917
f 4344/31/914 4342/32/914 4379/32/914 4380/31/914
f 4399/30/918 4367/29/918 4368/33/918 4400/34/918
f 4400/34/919 4368/33/919 4354/35/919 4385/36/919
f 4335/37/911 4337/38/911 4409/38/911 4408/37/911
f 4322/39/17 4324/40/17 4353/40/17 4354/39/17
f 4324/40/17 4326/41/17 4355/41/17 4353/40/17
f 4326/41/17 4328/42/17 4356/42/17 4355/41/17
f 4328/42/17 4330/43/17 4357/43/17 4356/42/17
f 4330/43/17 4332/44/17 4358/44/17 4357/43/17
f 4332/44/17 4334/45/17 4359/45/17 4358/44/17
f 4334/45/17 4336/46/17 4360/46/17 4359/45/17
f 4336/46/17 4338/47/17 4361/47/17 4360/46/17
f 4338/47/17 4340/48/17 4362/48/17 4361/47/17
f 4340/48/17 4342/32/17 4363/32/17 4362/48/17
f 4342/32/17 4344/31/17 4364/31/17 4363/32/17
f 4344/31/17 4346/49/17 4365/49/17 4364/31/17
f 4346/49/17 4348/50/17 4366/50/17 4365/49/17
f 4348/50/17 4350/51/17 4367/51/17 4366/50/17
f 4350/51/17 4352/52/17 4368/52/17 4367/51/17
f 4352/52/17 4322/39/17 4354/39/17 4368/52/17
f 4369/40/18 4370/39/18 4384/52/18 4383/51/18 4382/50/18 4381/49/18 4380/31/18 4379/32/18 4378/48/18 4377/47/18 4376/46/18 4375/45/18 4374/44/18 4373/43/18 4372/42/18 4371/41/18
f 4330/43/907 4328/42/907 4372/42/907 4373/43/907
f 4346/49/915 4344/31/915 4380/31/915 4381/49/915
f 4332/44/908 4330/43/908 4373/43/908 4374/44/908
f 4348/50/916 4346/49/916 4381/49/916 4382/50/916
f 4334/45/909 4332/44/909 4374/44/909 4375/45/909
f 4350/51/917 4348/50/917 4382/50/917 4383/51/917
f 4336/46/910 4334/45/910 4375/45/910 4376/46/910
f 4352/52/918 4350/51/918 4383/51/918 4384/52/918
f 4338/47/911 4336/46/911 4376/46/911 4377/47/911
f 4324/40/904 4322/39/904 4370/39/904 4369/40/904
f 4322/39/919 4352/52/919 4384/52/919 4370/39/919
f 4340/48/912 4338/47/912 4377/47/912 4378/48/912
f 4326/41/905 4324/40/905 4369/40/905 4371/41/905
f 4342/32/913 4340/48/913 4378/48/913 4379/32/913
f 4328/42/920 4326/41/920 4371/41/920 4372/42/920
f 4323/53/18 4321/54/18 4385/55/18 4386/56/18
f 4325/57/18 4323/53/18 4386/56/18 4387/58/18
f 4327/59/18 4325/57/18 4387/58/18 4388/60/18
f 4329/61/18 4327/59/18 4388/60/18 4389/62/18
f 4331/63/18 4329/61/18 4389/62/18 4390/64/18
f 4333/65/18 4331/63/18 4390/64/18 4391/66/18
f 4335/37/18 4333/65/18 4391/66/18 4392/67/18
f 4337/38/18 4335/37/18 4392/67/18 4393/68/18
f 4339/69/18 4337/38/18 4393/68/18 4394/70/18
f 4341/71/18 4339/69/18 4394/70/18 4395/72/18
f 4343/73/18 4341/71/18 4395/72/18 4396/74/18
f 4345/75/18 4343/73/18 4396/74/18 4397/76/18
f 4347/77/18 4345/75/18 4397/76/18 4398/78/18
f 4349/79/18 4347/77/18 4398/78/18 4399/80/18
f 4351/81/18 4349/79/18 4399/80/18 4400/82/18
f 4321/54/18 4351/81/18 4400/82/18 4385/55/18
f 4401/54/17 4402/53/17 4403/57/17 4404/59/17 4405/61/17 4406/63/17 4407/65/17 4408/37/17 4409/38/17 4410/69/17 4411/71/17 4412/73/17 4413/75/17 4414/77/17 4415/79/17 4416/81/17
f 4321/54/904 4323/53/904 4402/53/904 4401/54/904
f 4351/81/919 4321/54/919 4401/54/919 4416/81/919
f 4337/38/912 4339/69/912 4410/69/912 4409/38/912
f 4323/53/905 4325/57/905 4403/57/905 4402/53/905
f 4339/69/913 4341/71/913 4411/71/913 4410/69/913
f 4325/57/920 4327/59/920 4404/59/920 4403/57/920
f 4341/71/914 4343/73/914 4412/73/914 4411/71/914
f 4327/59/907 4329/61/907 4405/61/907 4404/59/907
f 4343/73/915 4345/75/915 4413/75/915 4412/73/915
f 4329/61/908 4331/63/908 4406/63/908 4405/61/908
f 4345/75/916 4347/77/916 4414/77/916 4413/75/916
f 4331/63/909 4333/65/909 4407/65/909 4406/63/909
f 4347/77/917 4349/79/917 4415/79/917 4414/77/917
f 4333/65/910 4335/37/910 4408/37/910 4407/65/910
f 4349/79/918 4351/81/918 4416/81/918 4415/79/918
f 4529/1/933 4498/2/933 4497/3/933 4530/4/933
f 4530/4/934 4497/3/934 4499/5/934 4531/6/934
f 4531/6/935 4499/5/935 4500/7/935 4532/8/935
f 4532/8/936 4500/7/936 4501/9/936 4533/10/936
f 4533/10/937 4501/9/937 4502/11/937 4534/12/937
f 4534/12/938 4502/11/938 4503/13/938 4535/14/938
f 4535/14/939 4503/13/939 4504/15/939 4536/16/939
f 4536/16/940 4504/15/940 4505/17/940 4537/18/940
f 4537/18/941 4505/17/941 4506/19/941 4538/20/941
f 4538/20/942 4506/19/942 4507/21/942 4539/22/942
f 4539/22/943 4507/21/943 4508/23/943 4540/24/943
f 4540/24/944 4508/23/944 4509/25/944 4541/26/944
f 4541/26/945 4509/25/945 4510/27/945 4542/28/945
f 4542/28/946 4510/27/946 4511/29/946 4543/30/946
f 4488/31/943 4486/32/943 4523/32/943 4524/31/943
f 4543/30/947 4511/29/947 4512/33/947 4544/34/947
f 4544/34/948 4512/33/948 4498/35/948 4529/36/948
f 4479/37/940 4481/38/940 4553/38/940 4552/37/940
f 4466/39/17 4468/40/17 4497/40/17 4498/39/17
f 4468/40/17 4470/41/17 4499/41/17 4497/40/17
f 4470/41/17 4472/42/17 4500/42/17 4499/41/17
f 4472/42/17 4474/43/17 4501/43/17 4500/42/17
f 4474/43/17 4476/44/17 4502/44/17 4501/43/17
f 4476/44/17 4478/45/17 4503/45/17 4502/44/17
f 4478/45/17 4480/46/17 4504/46/17 4503/45/17
f 4480/46/17 4482/47/17 4505/47/17 4504/46/17
f 4482/47/17 4484/48/17 4506/48/17 4505/47/17
f 4484/48/17 4486/32/17 4507/32/17 4506/48/17
f 4486/32/17 4488/31/17 4508/31/17 4507/32/17
f 4488/31/17 4490/49/17 4509/49/17 4508/31/17
f 4490/49/17 4492/50/17 4510/50/17 4509/49/17
f 4492/50/17 4494/51/17 4511/51/17 4510/50/17
f 4494/51/17 4496/52/17 4512/52/17 4511/51/17
f 4496/52/17 4466/39/17 4498/39/17 4512/52/17
f 4513/40/18 4514/39/18 4528/52/18 4527/51/18 4526/50/18 4525/49/18 4524/31/18 4523/32/18 4522/48/18 4521/47/18 4520/46/18 4519/45/18 4518/44/18 4517/43/18 4516/42/18 4515/41/18
f 4474/43/936 4472/42/936 4516/42/936 4517/43/936
f 4490/49/944 4488/31/944 4524/31/944 4525/49/944
f 4476/44/937 4474/43/937 4517/43/937 4518/44/937
f 4492/50/945 4490/49/945 4525/49/945 4526/50/945
f 4478/45/938 4476/44/938 4518/44/938 4519/45/938
f 4494/51/946 4492/50/946 4526/50/946 4527/51/946
f 4480/46/939 4478/45/939 4519/45/939 4520/46/939
f 4496/52/947 4494/51/947 4527/51/947 4528/52/947
f 4482/47/940 4480/46/940 4520/46/940 4521/47/940
f 4468/40/933 4466/39/933 4514/39/933 4513/40/933
f 4466/39/948 4496/52/948 4528/52/948 4514/39/948
f 4484/48/941 4482/47/941 4521/47/941 4522/48/941
f 4470/41/934 4468/40/934 4513/40/934 4515/41/934
f 4486/32/942 4484/48/942 4522/48/942 4523/32/942
f 4472/42/935 4470/41/935 4515/41/935 4516/42/935
f 4467/53/18 4465/54/18 4529/55/18 4530/56/18
f 4469/57/18 4467/53/18 4530/56/18 4531/58/18
f 4471/59/18 4469/57/18 4531/58/18 4532/60/18
f 4473/61/18 4471/59/18 4532/60/18 4533/62/18
f 4475/63/18 4473/61/18 4533/62/18 4534/64/18
f 4477/65/18 4475/63/18 4534/64/18 4535/66/18
f 4479/37/18 4477/65/18 4535/66/18 4536/67/18
f 4481/38/18 4479/37/18 4536/67/18 4537/68/18
f 4483/69/18 4481/38/18 4537/68/18 4538/70/18
f 4485/71/18 4483/69/18 4538/70/18 4539/72/18
f 4487/73/18 4485/71/18 4539/72/18 4540/74/18
f 4489/75/18 4487/73/18 4540/74/18 4541/76/18
f 4491/77/18 4489/75/18 4541/76/18 4542/78/18
f 4493/79/18 4491/77/18 4542/78/18 4543/80/18
f 4495/81/18 4493/79/18 4543/80/18 4544/82/18
f 4465/54/18 4495/81/18 4544/82/18 4529/55/18
f 4545/54/17 4546/53/17 4547/57/17 4548/59/17 4549/61/17 4550/63/17 4551/65/17 4552/37/17 4553/38/17 4554/69/17 4555/71/17 4556/73/17 4557/75/17 4558/77/17 4559/79/17 4560/81/17
f 4465/54/933 4467/53/933 4546/53/933 4545/54/933
f 4495/81/948 4465/54/948 4545/54/948 4560/81/948
f 4481/38/941 4483/69/941 4554/69/941 4553/38/941
f 4467/53/934 4469/57/934 4547/57/934 4546/53/934
f 4483/69/942 4485/71/942 4555/71/942 4554/69/942
f 4469/57/935 4471/59/935 4548/59/935 4547/57/935
f 4485/71/943 4487/73/943 4556/73/943 4555/71/943
f 4471/59/936 4473/61/936 4549/61/936 4548/59/936
f 4487/73/944 4489/75/944 4557/75/944 4556/73/944
f 4473/61/937 4475/63/937 4550/63/937 4549/61/937
f 4489/75/945 4491/77/945 4558/77/945 4557/75/945
f 4475/63/938 4477/65/938 4551/65/938 4550/63/938
f 4491/77/946 4493/79/946 4559/79/946 4558/77/946
f 4477/65/939 4479/37/939 4552/37/939 4551/65/939
f 4493/79/947 4495/81/947 4560/81/947 4559/79/947
f 4673/1/961 4642/2/961 4641/3/961 4674/4/961
f 4674/4/962 4641/3/962 4643/5/962 4675/6/962
f 4675/6/963 4643/5/963 4644/7/963 4676/8/963
f 4676/8/964 4644/7/964 4645/9/964 4677/10/964
f 4677/10/965 4645/9/965 4646/11/965 4678/12/965
f 4678/12/966 4646/11/966 4647/13/966 4679/14/966
f 4679/14/967 4647/13/967 4648/15/967 4680/16/967
f 4680/16/968 4648/15/968 4649/17/968 4681/18/968
f 4681/18/969 4649/17/969 4650/19/969 4682/20/969
f 4682/20/970 4650/19/970 4651/21/970 4683/22/970
f 4683/22/971 4651/21/971 4652/23/971 4684/24/971
f 4684/24/972 4652/23/972 4653/25/972 4685/26/972
f 4685/26/973 4653/25/973 4654/27/973 4686/28/973
f 4686/28/974 4654/27/974 4655/29/974 4687/30/974
f 4632/31/971 4630/32/971 4667/32/971 4668/31/971
f 4687/30/975 4655/29/975 4656/33/975 4688/34/975
f 4688/34/976 4656/33/976 4642/35/976 4673/36/976
f 4623/37/968 4625/38/968 4697/38/968 4696/37/968
f 4610/39/17 4612/40/17 4641/40/17 4642/39/17
f 4612/40/17 4614/41/17 4643/41/17 4641/40/17
f 4614/41/17 4616/42/17 4644/42/17 4643/41/17
f 4616/42/17 4618/43/17 4645/43/17 4644/42/17
f 4618/43/17 4620/44/17 4646/44/17 4645/43/17
f 4620/44/17 4622/45/17 4647/45/17 4646/44/17
f 4622/45/17 4624/46/17 4648/46/17 4647/45/17
f 4624/46/17 4626/47/17 4649/47/17 4648/46/17
f 4626/47/17 4628/48/17 4650/48/17 4649/47/17
f 4628/48/17 4630/32/17 4651/32/17 4650/48/17
f 4630/32/17 4632/31/17 4652/31/17 4651/32/17
f 4632/31/17 4634/49/17 4653/49/17 4652/31/17
f 4634/49/17 4636/50/17 4654/50/17 4653/49/17
f 4636/50/17 4638/51/17 4655/51/17 4654/50/17
f 4638/51/17 4640/52/17 4656/52/17 4655/51/17
f 4640/52/17 4610/39/17 4642/39/17 4656/52/17
f 4657/40/18 4658/39/18 4672/52/18 4671/51/18 4670/50/18 4669/49/18 4668/31/18 4667/32/18 4666/48/18 4665/47/18 4664/46/18 4663/45/18 4662/44/18 4661/43/18 4660/42/18 4659/41/18
f 4618/43/977 4616/42/977 4660/42/977 4661/43/977
f 4634/49/978 4632/31/978 4668/31/978 4669/49/978
f 4620/44/965 4618/43/965 4661/43/965 4662/44/965
f 4636/50/973 4634/49/973 4669/49/973 4670/50/973
f 4622/45/979 4620/44/979 4662/44/979 4663/45/979
f 4638/51/974 4636/50/974 4670/50/974 4671/51/974
f 4624/46/967 4622/45/967 4663/45/967 4664/46/967
f 4640/52/975 4638/51/975 4671/51/975 4672/52/975
f 4626/47/980 4624/46/980 4664/46/980 4665/47/980
f 4612/40/961 4610/39/961 4658/39/961 4657/40/961
f 4610/39/976 4640/52/976 4672/52/976 4658/39/976
f 4628/48/969 4626/47/969 4665/47/969 4666/48/969
f 4614/41/962 4612/40/962 4657/40/962 4659/41/962
f 4630/32/970 4628/48/970 4666/48/970 4667/32/970
f 4616/42/963 4614/41/963 4659/41/963 4660/42/963
f 4611/53/18 4609/54/18 4673/55/18 4674/56/18
f 4613/57/18 4611/53/18 4674/56/18 4675/58/18
f 4615/59/18 4613/57/18 4675/58/18 4676/60/18
f 4617/61/18 4615/59/18 4676/60/18 4677/62/18
f 4619/63/18 4617/61/18 4677/62/18 4678/64/18
f 4621/65/18 4619/63/18 4678/64/18 4679/66/18
f 4623/37/18 4621/65/18 4679/66/18 4680/67/18
f 4625/38/18 4623/37/18 4680/67/18 4681/68/18
f 4627/69/18 4625/38/18 4681/68/18 4682/70/18
f 4629/71/18 4627/69/18 4682/70/18 4683/72/18
f 4631/73/18 4629/71/18 4683/72/18 4684/74/18
f 4633/75/18 4631/73/18 4684/74/18 4685/76/18
f 4635/77/18 4633/75/18 4685/76/18 4686/78/18
f 4637/79/18 4635/77/18 4686/78/18 4687/80/18
f 4639/81/18 4637/79/18 4687/80/18 4688/82/18
f 4609/54/18 4639/81/18 4688/82/18 4673/55/18
f 4689/54/17 4690/53/17 4691/57/17 4692/59/17 4693/61/17 4694/63/17 4695/65/17 4696/37/17 4697/38/17 4698/69/17 4699/71/17 4700/73/17 4701/75/17 4702/77/17 4703/79/17 4704/81/17
f 4609/54/961 4611/53/961 4690/53/961 4689/54/961
f 4639/81/981 4609/54/981 4689/54/981 4704/81/981
f 4625/38/969 4627/69/969 4698/69/969 4697/38/969
f 4611/53/962 4613/57/962 4691/57/962 4690/53/962
f 4627/69/970 4629/71/970 4699/71/970 4698/69/970
f 4613/57/963 4615/59/963 4692/59/963 4691/57/963
f 4629/71/971 4631/73/971 4700/73/971 4699/71/971
f 4615/59/977 4617/61/977 4693/61/977 4692/59/977
f 4631/73/972 4633/75/972 4701/75/972 4700/73/972
f 4617/61/965 4619/63/965 4694/63/965 4693/61/965
f 4633/75/973 4635/77/973 4702/77/973 4701/75/973
f 4619/63/966 4621/65/966 4695/65/966 4694/63/966
f 4635/77/974 4637/79/974 4703/79/974 4702/77/974
f 4621/65/967 4623/37/967 4696/37/967 4695/65/967
f 4637/79/975 4639/81/975 4704/81/975 4703/79/975
f 4817/1/994 4786/2/994 4785/3/994 4818/4/994
f 4818/4/995 4785/3/995 4787/5/995 4819/6/995
f 4819/6/996 4787/5/996 4788/7/996 4820/8/996
f 4820/8/997 4788/7/997 4789/9/997 4821/10/997
f 4821/10/998 4789/9/998 4790/11/998 4822/12/998
f 4822/12/999 4790/11/999 4791/13/999 4823/14/999
f 4823/14/1000 4791/13/1000 4792/15/1000 4824/16/1000
f 4824/16/1001 4792/15/1001 4793/17/1001 4825/18/1001
f 4825/18/1002 4793/17/1002 4794/19/1002 4826/20/1002
f 4826/20/1003 4794/19/1003 4795/21/1003 4827/22/1003
f 4827/22/1004 4795/21/1004 4796/23/1004 4828/24/1004
f 4828/24/1005 4796/23/1005 4797/25/1005 4829/26/1005
f 4829/26/1006 4797/25/1006 4798/27/1006 4830/28/1006
f 4830/28/1007 4798/27/1007 4799/29/1007 4831/30/1007
f 4776/31/1004 4774/32/1004 4811/32/1004 4812/31/1004
f 4831/30/1008 4799/29/1008 4800/33/1008 4832/34/1008
f 4832/34/1009 4800/33/1009 4786/35/1009 4817/36/1009
f 4767/37/1001 4769/38/1001 4841/38/1001 4840/37/1001
f 4754/39/17 4756/40/17 4785/40/17 4786/39/17
f 4756/40/17 4758/41/17 4787/41/17 4785/40/17
f 4758/41/17 4760/42/17 4788/42/17 4787/41/17
f 4760/42/17 4762/43/17 4789/43/17 4788/42/17
f 4762/43/17 4764/44/17 4790/44/17 4789/43/17
f 4764/44/17 4766/45/17 4791/45/17 4790/44/17
f 4766/45/17 4768/46/17 4792/46/17 4791/45/17
f 4768/46/17 4770/47/17 4793/47/17 4792/46/17
f 4770/47/17 4772/48/17 4794/48/17 4793/47/17
f 4772/48/17 4774/32/17 4795/32/17 4794/48/17
f 4774/32/17 4776/31/17 4796/31/17 4795/32/17
f 4776/31/17 4778/49/17 4797/49/17 4796/31/17
f 4778/49/17 4780/50/17 4798/50/17 4797/49/17
f 4780/50/17 4782/51/17 4799/51/17 4798/50/17
f 4782/51/17 4784/52/17 4800/52/17 4799/51/17
f 4784/52/17 4754/39/17 4786/39/17 4800/52/17
f 4801/40/18 4802/39/18 4816/52/18 4815/51/18 4814/50/18 4813/49/18 4812/31/18 4811/32/18 4810/48/18 4809/47/18 4808/46/18 4807/45/18 4806/44/18 4805/43/18 4804/42/18 4803/41/18
f 4762/43/997 4760/42/997 4804/42/997 4805/43/997
f 4778/49/1005 4776/31/1005 4812/31/1005 4813/49/1005
f 4764/44/998 4762/43/998 4805/43/998 4806/44/998
f 4780/50/1006 4778/49/1006 4813/49/1006 4814/50/1006
f 4766/45/999 4764/44/999 4806/44/999 4807/45/999
f 4782/51/1007 4780/50/1007 4814/50/1007 4815/51/1007
f 4768/46/1000 4766/45/1000 4807/45/1000 4808/46/1000
f 4784/52/1008 4782/51/1008 4815/51/1008 4816/52/1008
f 4770/47/1001 4768/46/1001 4808/46/1001 4809/47/1001
f 4756/40/994 4754/39/994 4802/39/994 4801/40/994
f 4754/39/1009 4784/52/1009 4816/52/1009 4802/39/1009
f 4772/48/1002 4770/47/1002 4809/47/1002 4810/48/1002
f 4758/41/995 4756/40/995 4801/40/995 4803/41/995
f 4774/32/1003 4772/48/1003 4810/48/1003 4811/32/1003
f 4760/42/996 4758/41/996 4803/41/996 4804/42/996
f 4755/53/18 4753/54/18 4817/55/18 4818/56/18
f 4757/57/18 4755/53/18 4818/56/18 4819/58/18
f 4759/59/18 4757/57/18 4819/58/18 4820/60/18
f 4761/61/18 4759/59/18 4820/60/18 4821/62/18
f 4763/63/18 4761/61/18 4821/62/18 4822/64/18
f 4765/65/18 4763/63/18 4822/64/18 4823/66/18
f 4767/37/18 4765/65/18 4823/66/18 4824/67/18
f 4769/38/18 4767/37/18 4824/67/18 4825/68/18
f 4771/69/18 4769/38/18 4825/68/18 4826/70/18
f 4773/71/18 4771/69/18 4826/70/18 4827/72/18
f 4775/73/18 4773/71/18 4827/72/18 4828/74/18
f 4777/75/18 4775/73/18 4828/74/18 4829/76/18
f 4779/77/18 4777/75/18 4829/76/18 4830/78/18
f 4781/79/18 4779/77/18 4830/78/18 4831/80/18
f 4783/81/18 4781/79/18 4831/80/18 4832/82/18
f 4753/54/18 4783/81/18 4832/82/18 4817/55/18
f 4833/54/17 4834/53/17 4835/57/17 4836/59/17 4837/61/17 4838/63/17 4839/65/17 4840/37/17 4841/38/17 4842/69/17 4843/71/17 4844/73/17 4845/75/17 4846/77/17 4847/79/17 4848/81/17
f 4753/54/994 4755/53/994 4834/53/994 4833/54/994
f 4783/81/1009 4753/54/1009 4833/54/1009 4848/81/1009
f 4769/38/1002 4771/69/1002 4842/69/1002 4841/38/1002
f 4755/53/995 4757/57/995 4835/57/995 4834/53/995
f 4771/69/1003 4773/71/1003 4843/71/1003 4842/69/1003
f 4757/57/996 4759/59/996 4836/59/996 4835/57/996
f 4773/71/1004 4775/73/1004 4844/73/1004 4843/71/1004
f 4759/59/997 4761/61/997 4837/61/997 4836/59/997
f 4775/73/1005 4777/75/1005 4845/75/1005 4844/73/1005
f 4761/61/998 4763/63/998 4838/63/998 4837/61/998
f 4777/75/1006 4779/77/1006 4846/77/1006 4845/75/1006
f 4763/63/999 4765/65/999 4839/65/999 4838/63/999
f 4779/77/1007 4781/79/1007 4847/79/1007 4846/77/1007
f 4765/65/1000 4767/37/1000 4840/37/1000 4839/65/1000
f 4781/79/1008 4783/81/1008 4848/81/1008 4847/79/1008
f 4961/1/1022 4930/2/1022 4929/3/1022 4962/4/1022
f 4962/4/1023 4929/3/1023 4931/5/1023 4963/6/1023
f 4963/6/1024 4931/5/1024 4932/7/1024 4964/8/1024
f 4964/8/1025 4932/7/1025 4933/9/1025 4965/10/1025
f 4965/10/1026 4933/9/1026 4934/11/1026 4966/12/1026
f 4966/12/1027 4934/11/1027 4935/13/1027 4967/14/1027
f 4967/14/1028 4935/13/1028 4936/15/1028 4968/16/1028
f 4968/16/1029 4936/15/1029 4937/17/1029 4969/18/1029
f 4969/18/1030 4937/17/1030 4938/19/1030 4970/20/1030
f 4970/20/1031 4938/19/1031 4939/21/1031 4971/22/1031
f 4971/22/1032 4939/21/1032 4940/23/1032 4972/24/1032
f 4972/24/1033 4940/23/1033 4941/25/1033 4973/26/1033
f 4973/26/1034 4941/25/1034 4942/27/1034 4974/28/1034
f 4974/28/1035 4942/27/1035 4943/29/1035 4975/30/1035
f 4920/31/1032 4918/32/1032 4955/32/1032 4956/31/1032
f 4975/30/1036 4943/29/1036 4944/33/1036 4976/34/1036
f 4976/34/1037 4944/33/1037 4930/35/1037 4961/36/1037
f 4911/37/1029 4913/38/1029 4985/38/1029 4984/37/1029
f 4898/39/17 4900/40/17 4929/40/17 4930/39/17
f 4900/40/17 4902/41/17 4931/41/17 4929/40/17
f 4902/41/17 4904/42/17 4932/42/17 4931/41/17
f 4904/42/17 4906/43/17 4933/43/17 4932/42/17
f 4906/43/17 4908/44/17 4934/44/17 4933/43/17
f 4908/44/17 4910/45/17 4935/45/17 4934/44/17
f 4910/45/17 4912/46/17 4936/46/17 4935/45/17
f 4912/46/17 4914/47/17 4937/47/17 4936/46/17
f 4914/47/17 4916/48/17 4938/48/17 4937/47/17
f 4916/48/17 4918/32/17 4939/32/17 4938/48/17
f 4918/32/17 4920/31/17 4940/31/17 4939/32/17
f 4920/31/17 4922/49/17 4941/49/17 4940/31/17
f 4922/49/17 4924/50/17 4942/50/17 4941/49/17
f 4924/50/17 4926/51/17 4943/51/17 4942/50/17
f 4926/51/17 4928/52/17 4944/52/17 4943/51/17
f 4928/52/17 4898/39/17 4930/39/17 4944/52/17
f 4945/40/18 4946/39/18 4960/52/18 4959/51/18 4958/50/18 4957/49/18 4956/31/18 4955/32/18 4954/48/18 4953/47/18 4952/46/18 4951/45/18 4950/44/18 4949/43/18 4948/42/18 4947/41/18
f 4906/43/1025 4904/42/1025 4948/42/1025 4949/43/1025
f 4922/49/1033 4920/31/1033 4956/31/1033 4957/49/1033
f 4908/44/1026 4906/43/1026 4949/43/1026 4950/44/1026
f 4924/50/1034 4922/49/1034 4957/49/1034 4958/50/1034
f 4910/45/1027 4908/44/1027 4950/44/1027 4951/45/1027
f 4926/51/1035 4924/50/1035 4958/50/1035 4959/51/1035
f 4912/46/1028 4910/45/1028 4951/45/1028 4952/46/1028
f 4928/52/1036 4926/51/1036 4959/51/1036 4960/52/1036
f 4914/47/1029 4912/46/1029 4952/46/1029 4953/47/1029
f 4900/40/1022 4898/39/1022 4946/39/1022 4945/40/1022
f 4898/39/1037 4928/52/1037 4960/52/1037 4946/39/1037
f 4916/48/1030 4914/47/1030 4953/47/1030 4954/48/1030
f 4902/41/1023 4900/40/1023 4945/40/1023 4947/41/1023
f 4918/32/1031 4916/48/1031 4954/48/1031 4955/32/1031
f 4904/42/1024 4902/41/1024 4947/41/1024 4948/42/1024
f 4899/53/18 4897/54/18 4961/55/18 4962/56/18
f 4901/57/18 4899/53/18 4962/56/18 4963/58/18
f 4903/59/18 4901/57/18 4963/58/18 4964/60/18
f 4905/61/18 4903/59/18 4964/60/18 4965/62/18
f 4907/63/18 4905/61/18 4965/62/18 4966/64/18
f 4909/65/18 4907/63/18 4966/64/18 4967/66/18
f 4911/37/18 4909/65/18 4967/66/18 4968/67/18
f 4913/38/18 4911/37/18 4968/67/18 4969/68/18
f 4915/69/18 4913/38/18 4969/68/18 4970/70/18
f 4917/71/18 4915/69/18 4970/70/18 4971/72/18
f 4919/73/18 4917/71/18 4971/72/18 4972/74/18
f 4921/75/18 4919/73/18 4972/74/18 4973/76/18
f 4923/77/18 4921/75/18 4973/76/18 4974/78/18
f 4925/79/18 4923/77/18 4974/78/18 4975/80/18
f 4927/81/18 4925/79/18 4975/80/18 4976/82/18
f 4897/54/18 4927/81/18 4976/82/18 4961/55/18
f 4977/54/17 4978/53/17 4979/57/17 4980/59/17 4981/61/17 4982/63/17 4983/65/17 4984/37/17 4985/38/17 4986/69/17 4987/71/17 4988/73/17 4989/75/17 4990/77/17 4991/79/17 4992/81/17
f 4897/54/1022 4899/53/1022 4978/53/1022 4977/54/1022
f 4927/81/1037 4897/54/1037 4977/54/1037 4992/81/1037
f 4913/38/1030 4915/69/1030 4986/69/1030 4985/38/1030
f 4899/53/1023 4901/57/1023 4979/57/1023 4978/53/1023
f 4915/69/1031 4917/71/1031 4987/71/1031 4986/69/1031
f 4901/57/1024 4903/59/1024 4980/59/1024 4979/57/1024
f 4917/71/1032 4919/73/1032 4988/73/1032 4987/71/1032
f 4903/59/1025 4905/61/1025 4981/61/1025 4980/59/1025
f 4919/73/1033 4921/75/1033 4989/75/1033 4988/73/1033
f 4905/61/1026 4907/63/1026 4982/63/1026 4981/61/1026
f 4921/75/1034 4923/77/1034 4990/77/1034 4989/75/1034
f 4907/63/1027 4909/65/1027 4983/65/1027 4982/63/1027
f 4923/77/1035 4925/79/1035 4991/79/1035 4990/77/1035
f 4909/65/1028 4911/37/1028 4984/37/1028 4983/65/1028
f 4925/79/1036 4927/81/1036 4992/81/1036 4991/79/1036
f 5105/1/1050 5074/2/1050 5073/3/1050 5106/4/1050
f 5106/4/1051 5073/3/1051 5075/5/1051 5107/6/1051
f 5107/6/1052 5075/5/1052 5076/7/1052 5108/8/1052
f 5108/8/1053 5076/7/1053 5077/9/1053 5109/10/1053
f 5109/10/1054 5077/9/1054 5078/11/1054 5110/12/1054
f 5110/12/1055 5078/11/1055 5079/13/1055 5111/14/1055
f 5111/14/1056 5079/13/1056 5080/15/1056 5112/16/1056
f 5112/16/1057 5080/15/1057 5081/17/1057 5113/18/1057
f 5113/18/1058 5081/17/1058 5082/19/1058 5114/20/1058
f 5114/20/1059 5082/19/1059 5083/21/1059 5115/22/1059
f 5115/22/1060 5083/21/1060 5084/23/1060 5116/24/1060
f 5116/24/1061 5084/23/1061 5085/25/1061 5117/26/1061
f 5117/26/1062 5085/25/1062 5086/27/1062 5118/28/1062
f 5118/28/1063 5086/27/1063 5087/29/1063 5119/30/1063
f 5064/31/1060 5062/32/1060 5099/32/1060 5100/31/1060
f 5119/30/1064 5087/29/1064 5088/33/1064 5120/34/1064
f 5120/34/1065 5088/33/1065 5074/35/1065 5105/36/1065
f 5055/37/1057 5057/38/1057 5129/38/1057 5128/37/1057
f 5042/39/17 5044/40/17 5073/40/17 5074/39/17
f 5044/40/17 5046/41/17 5075/41/17 5073/40/17
f 5046/41/17 5048/42/17 5076/42/17 5075/41/17
f 5048/42/17 5050/43/17 5077/43/17 5076/42/17
f 5050/43/17 5052/44/17 5078/44/17 5077/43/17
f 5052/44/17 5054/45/17 5079/45/17 5078/44/17
f 5054/45/17 5056/46/17 5080/46/17 5079/45/17
f 5056/46/17 5058/47/17 5081/47/17 5080/46/17
f 5058/47/17 5060/48/17 5082/48/17 5081/47/17
f 5060/48/17 5062/32/17 5083/32/17 5082/48/17
f 5062/32/17 5064/31/17 5084/31/17 5083/32/17
f 5064/31/17 5066/49/17 5085/49/17 5084/31/17
f 5066/49/17 5068/50/17 5086/50/17 5085/49/17
f 5068/50/17 5070/51/17 5087/51/17 5086/50/17
f 5070/51/17 5072/52/17 5088/52/17 5087/51/17
f 5072/52/17 5042/39/17 5074/39/17 5088/52/17
f 5089/40/18 5090/39/18 5104/52/18 5103/51/18 5102/50/18 5101/49/18 5100/31/18 5099/32/18 5098/48/18 5097/47/18 5096/46/18 5095/45/18 5094/44/18 5093/43/18 5092/42/18 5091/41/18
f 5050/43/1053 5048/42/1053 5092/42/1053 5093/43/1053
f 5066/49/1061 5064/31/1061 5100/31/1061 5101/49/1061
f 5052/44/1054 5050/43/1054 5093/43/1054 5094/44/1054
f 5068/50/1062 5066/49/1062 5101/49/1062 5102/50/1062
f 5054/45/1066 5052/44/1066 5094/44/1066 5095/45/1066
f 5070/51/1067 5068/50/1067 5102/50/1067 5103/51/1067
f 5056/46/1056 5054/45/1056 5095/45/1056 5096/46/1056
f 5072/52/1064 5070/51/1064 5103/51/1064 5104/52/1064
f 5058/47/1057 5056/46/1057 5096/46/1057 5097/47/1057
f 5044/40/1050 5042/39/1050 5090/39/1050 5089/40/1050
f 5042/39/1065 5072/52/1065 5104/52/1065 5090/39/1065
f 5060/48/1068 5058/47/1068 5097/47/1068 5098/48/1068
f 5046/41/1051 5044/40/1051 5089/40/1051 5091/41/1051
f 5062/32/1069 5060/48/1069 5098/48/1069 5099/32/1069
f 5048/42/1070 5046/41/1070 5091/41/1070 5092/42/1070
f 5043/53/18 5041/54/18 5105/55/18 5106/56/18
f 5045/57/18 5043/53/18 5106/56/18 5107/58/18
f 5047/59/18 5045/57/18 5107/58/18 5108/60/18
f 5049/61/18 5047/59/18 5108/60/18 5109/62/18
f 5051/63/18 5049/61/18 5109/62/18 5110/64/18
f 5053/65/18 5051/63/18 5110/64/18 5111/66/18
f 5055/37/18 5053/65/18 5111/66/18 5112/67/18
f 5057/38/18 5055/37/18 5112/67/18 5113/68/18
f 5059/69/18 5057/38/18 5113/68/18 5114/70/18
f 5061/71/18 5059/69/18 5114/70/18 5115/72/18
f 5063/73/18 5061/71/18 5115/72/18 5116/74/18
f 5065/75/18 5063/73/18 5116/74/18 5117/76/18
f 5067/77/18 5065/75/18 5117/76/18 5118/78/18
f 5069/79/18 5067/77/18 5118/78/18 5119/80/18
f 5071/81/18 5069/79/18 5119/80/18 5120/82/18
f 5041/54/18 5071/81/18 5120/82/18 5105/55/18
f 5121/54/17 5122/53/17 5123/57/17 5124/59/17 5125/61/17 5126/63/17 5127/65/17 5128/37/17 5129/38/17 5130/69/17 5131/71/17 5132/73/17 5133/75/17 5134/77/17 5135/79/17 5136/81/17
f 5041/54/1050 5043/53/1050 5122/53/1050 5121/54/1050
f 5071/81/1065 5041/54/1065 5121/54/1065 5136/81/1065
f 5057/38/1068 5059/69/1068 5130/69/1068 5129/38/1068
f 5043/53/1051 5045/57/1051 5123/57/1051 5122/53/1051
f 5059/69/1059 5061/71/1059 5131/71/1059 5130/69/1059
f 5045/57/1070 5047/59/1070 5124/59/1070 5123/57/1070
f 5061/71/1060 5063/73/1060 5132/73/1060 5131/71/1060
f 5047/59/1053 5049/61/1053 5125/61/1053 5124/59/1053
f 5063/73/1061 5065/75/1061 5133/75/1061 5132/73/1061
f 5049/61/1071 5051/63/1071 5126/63/1071 5125/61/1071
f 5065/75/1062 5067/77/1062 5134/77/1062 5133/75/1062
f 5051/63/1055 5053/65/1055 5127/65/1055 5126/63/1055
f 5067/77/1067 5069/79/1067 5135/79/1067 5134/77/1067
f 5053/65/1056 5055/37/1056 5128/37/1056 5127/65/1056
f 5069/79/1064 5071/81/1064 5136/81/1064 5135/79/1064
f 5249/1/1085 5218/2/1085 5217/3/1085 5250/4/1085
f 5250/4/1086 5217/3/1086 5219/5/1086 5251/6/1086
f 5251/6/1087 5219/5/1087 5220/7/1087 5252/8/1087
f 5252/8/1088 5220/7/1088 5221/9/1088 5253/10/1088
f 5253/10/1089 5221/9/1089 5222/11/1089 5254/12/1089
f 5254/12/1090 5222/11/1090 5223/13/1090 5255/14/1090
f 5255/14/1091 5223/13/1091 5224/15/1091 5256/16/1091
f 5256/16/1092 5224/15/1092 5225/17/1092 5257/18/1092
f 5257/18/1093 5225/17/1093 5226/19/1093 5258/20/1093
f 5258/20/1094 5226/19/1094 5227/21/1094 5259/22/1094
f 5259/22/1095 5227/21/1095 5228/23/1095 5260/24/1095
f 5260/24/1096 5228/23/1096 5229/25/1096 5261/26/1096
f 5261/26/1097 5229/25/1097 5230/27/1097 5262/28/1097
f 5262/28/1098 5230/27/1098 5231/29/1098 5263/30/1098
f 5208/31/1095 5206/32/1095 5243/32/1095 5244/31/1095
f 5263/30/1099 5231/29/1099 5232/33/1099 5264/34/1099
f 5264/34/1100 5232/33/1100 5218/35/1100 5249/36/1100
f 5199/37/1092 5201/38/1092 5273/38/1092 5272/37/1092
f 5186/39/17 5188/40/17 5217/40/17 5218/39/17
f 5188/40/17 5190/41/17 5219/41/17 5217/40/17
f 5190/41/17 5192/42/17 5220/42/17 5219/41/17
f 5192/42/17 5194/43/17 5221/43/17 5220/42/17
f 5194/43/17 5196/44/17 5222/44/17 5221/43/17
f 5196/44/17 5198/45/17 5223/45/17 5222/44/17
f 5198/45/17 5200/46/17 5224/46/17 5223/45/17
f 5200/46/17 5202/47/17 5225/47/17 5224/46/17
f 5202/47/17 5204/48/17 5226/48/17 5225/47/17
f 5204/48/17 5206/32/17 5227/32/17 5226/48/17
f 5206/32/17 5208/31/17 5228/31/17 5227/32/17
f 5208/31/17 5210/49/17 5229/49/17 5228/31/17
f 5210/49/17 5212/50/17 5230/50/17 5229/49/17
f 5212/50/17 5214/51/17 5231/51/17 5230/50/17
f 5214/51/17 5216/52/17 5232/52/17 5231/51/17
f 5216/52/17 5186/39/17 5218/39/17 5232/52/17
f 5233/40/18 5234/39/18 5248/52/18 5247/51/18 5246/50/18 5245/49/18 5244/31/18 5243/32/18 5242/48/18 5241/47/18 5240/46/18 5239/45/18 5238/44/18 5237/43/18 5236/42/18 5235/41/18
f 5194/43/1088 5192/42/1088 5236/42/1088 5237/43/1088
f 5210/49/1096 5208/31/1096 5244/31/1096 5245/49/1096
f 5196/44/1089 5194/43/1089 5237/43/1089 5238/44/1089
f 5212/50/1097 5210/49/1097 5245/49/1097 5246/50/1097
f 5198/45/1090 5196/44/1090 5238/44/1090 5239/45/1090
f 5214/51/1098 5212/50/1098 5246/50/1098 5247/51/1098
f 5200/46/1091 5198/45/1091 5239/45/1091 5240/46/1091
f 5216/52/1099 5214/51/1099 5247/51/1099 5248/52/1099
f 5202/47/1092 5200/46/1092 5240/46/1092 5241/47/1092
f 5188/40/1085 5186/39/1085 5234/39/1085 5233/40/1085
f 5186/39/1100 5216/52/1100 5248/52/1100 5234/39/1100
f 5204/48/1093 5202/47/1093 5241/47/1093 5242/48/1093
f 5190/41/1086 5188/40/1086 5233/40/1086 5235/41/1086
f 5206/32/1094 5204/48/1094 5242/48/1094 5243/32/1094
f 5192/42/1087 5190/41/1087 5235/41/1087 5236/42/1087
f 5187/53/18 5185/54/18 5249/55/18 5250/56/18
f 5189/57/18 5187/53/18 5250/56/18 5251/58/18
f 5191/59/18 5189/57/18 5251/58/18 5252/60/18
f 5193/61/18 5191/59/18 5252/60/18 5253/62/18
f 5195/63/18 5193/61/18 5253/62/18 5254/64/18
f 5197/65/18 5195/63/18 5254/64/18 5255/66/18
f 5199/37/18 5197/65/18 5255/66/18 5256/67/18
f 5201/38/18 5199/37/18 5256/67/18 5257/68/18
f 5203/69/18 5201/38/18 5257/68/18 5258/70/18
f 5205/71/18 5203/69/18 5258/70/18 5259/72/18
f 5207/73/18 5205/71/18 5259/72/18 5260/74/18
f 5209/75/18 5207/73/18 5260/74/18 5261/76/18
f 5211/77/18 5209/75/18 5261/76/18 5262/78/18
f 5213/79/18 5211/77/18 5262/78/18 5263/80/18
f 5215/81/18 5213/79/18 5263/80/18 5264/82/18
f 5185/54/18 5215/81/18 5264/82/18 5249/55/18
f 5265/54/17 5266/53/17 5267/57/17 5268/59/17 5269/61/17 5270/63/17 5271/65/17 5272/37/17 5273/38/17 5274/69/17 5275/71/17 5276/73/17 5277/75/17 5278/77/17 5279/79/17 5280/81/17
f 5185/54/1085 5187/53/1085 5266/53/1085 5265/54/1085
f 5215/81/1100 5185/54/1100 5265/54/1100 5280/81/1100
f 5201/38/1093 5203/69/1093 5274/69/1093 5273/38/1093
f 5187/53/1086 5189/57/1086 5267/57/1086 5266/53/1086
f 5203/69/1094 5205/71/1094 5275/71/1094 5274/69/1094
f 5189/57/1087 5191/59/1087 5268/59/1087 5267/57/1087
f 5205/71/1095 5207/73/1095 5276/73/1095 5275/71/1095
f 5191/59/1088 5193/61/1088 5269/61/1088 5268/59/1088
f 5207/73/1096 5209/75/1096 5277/75/1096 5276/73/1096
f 5193/61/1089 5195/63/1089 5270/63/1089 5269/61/1089
f 5209/75/1097 5211/77/1097 5278/77/1097 5277/75/1097
f 5195/63/1090 5197/65/1090 5271/65/1090 5270/63/1090
f 5211/77/1098 5213/79/1098 5279/79/1098 5278/77/1098
f 5197/65/1091 5199/37/1091 5272/37/1091 5271/65/1091
f 5213/79/1099 5215/81/1099 5280/81/1099 5279/79/1099
f 5393/1/1114 5362/2/1114 5361/3/1114 5394/4/1114
f 5394/4/1115 5361/3/1115 5363/5/1115 5395/6/1115
f 5395/6/1116 5363/5/1116 5364/7/1116 5396/8/1116
f 5396/8/1117 5364/7/1117 5365/9/1117 5397/10/1117
f 5397/10/1118 5365/9/1118 5366/11/1118 5398/12/1118
f 5398/12/1119 5366/11/1119 5367/13/1119 5399/14/1119
f 5399/14/1120 5367/13/1120 5368/15/1120 5400/16/1120
f 5400/16/1121 5368/15/1121 5369/17/1121 5401/18/1121
f 5401/18/1122 5369/17/1122 5370/19/1122 5402/20/1122
f 5402/20/1123 5370/19/1123 5371/21/1123 5403/22/1123
f 5403/22/1124 5371/21/1124 5372/23/1124 5404/24/1124
f 5404/24/1125 5372/23/1125 5373/25/1125 5405/26/1125
f 5405/26/1126 5373/25/1126 5374/27/1126 5406/28/1126
f 5406/28/1127 5374/27/1127 5375/29/1127 5407/30/1127
f 5352/31/1124 5350/32/1124 5387/32/1124 5388/31/1124
f 5407/30/1128 5375/29/1128 5376/33/1128 5408/34/1128
f 5408/34/1129 5376/33/1129 5362/35/1129 5393/36/1129
f 5343/37/1121 5345/38/1121 5417/38/1121 5416/37/1121
f 5330/39/17 5332/40/17 5361/40/17 5362/39/17
f 5332/40/17 5334/41/17 5363/41/17 5361/40/17
f 5334/41/17 5336/42/17 5364/42/17 5363/41/17
f 5336/42/17 5338/43/17 5365/43/17 5364/42/17
f 5338/43/17 5340/44/17 5366/44/17 5365/43/17
f 5340/44/17 5342/45/17 5367/45/17 5366/44/17
f 5342/45/17 5344/46/17 5368/46/17 5367/45/17
f 5344/46/17 5346/47/17 5369/47/17 5368/46/17
f 5346/47/17 5348/48/17 5370/48/17 5369/47/17
f 5348/48/17 5350/32/17 5371/32/17 5370/48/17
f 5350/32/17 5352/31/17 5372/31/17 5371/32/17
f 5352/31/17 5354/49/17 5373/49/17 5372/31/17
f 5354/49/17 5356/50/17 5374/50/17 5373/49/17
f 5356/50/17 5358/51/17 5375/51/17 5374/50/17
f 5358/51/17 5360/52/17 5376/52/17 5375/51/17
f 5360/52/17 5330/39/17 5362/39/17 5376/52/17
f 5377/40/18 5378/39/18 5392/52/18 5391/51/18 5390/50/18 5389/49/18 5388/31/18 5387/32/18 5386/48/18 5385/47/18 5384/46/18 5383/45/18 5382/44/18 5381/43/18 5380/42/18 5379/41/18
f 5338/43/1117 5336/42/1117 5380/42/1117 5381/43/1117
f 5354/49/1125 5352/31/1125 5388/31/1125 5389/49/1125
f 5340/44/1118 5338/43/1118 5381/43/1118 5382/44/1118
f 5356/50/1126 5354/49/1126 5389/49/1126 5390/50/1126
f 5342/45/1119 5340/44/1119 5382/44/1119 5383/45/1119
f 5358/51/1127 5356/50/1127 5390/50/1127 5391/51/1127
f 5344/46/1120 5342/45/1120 5383/45/1120 5384/46/1120
f 5360/52/1128 5358/51/1128 5391/51/1128 5392/52/1128
f 5346/47/1121 5344/46/1121 5384/46/1121 5385/47/1121
f 5332/40/1114 5330/39/1114 5378/39/1114 5377/40/1114
f 5330/39/1129 5360/52/1129 5392/52/1129 5378/39/1129
f 5348/48/1122 5346/47/1122 5385/47/1122 5386/48/1122
f 5334/41/1115 5332/40/1115 5377/40/1115 5379/41/1115
f 5350/32/1123 5348/48/1123 5386/48/1123 5387/32/1123
f 5336/42/1116 5334/41/1116 5379/41/1116 5380/42/1116
f 5331/53/18 5329/54/18 5393/55/18 5394/56/18
f 5333/57/18 5331/53/18 5394/56/18 5395/58/18
f 5335/59/18 5333/57/18 5395/58/18 5396/60/18
f 5337/61/18 5335/59/18 5396/60/18 5397/62/18
f 5339/63/18 5337/61/18 5397/62/18 5398/64/18
f 5341/65/18 5339/63/18 5398/64/18 5399/66/18
f 5343/37/18 5341/65/18 5399/66/18 5400/67/18
f 5345/38/18 5343/37/18 5400/67/18 5401/68/18
f 5347/69/18 5345/38/18 5401/68/18 5402/70/18
f 5349/71/18 5347/69/18 5402/70/18 5403/72/18
f 5351/73/18 5349/71/18 5403/72/18 5404/74/18
f 5353/75/18 5351/73/18 5404/74/18 5405/76/18
f 5355/77/18 5353/75/18 5405/76/18 5406/78/18
f 5357/79/18 5355/77/18 5406/78/18 5407/80/18
f 5359/81/18 5357/79/18 5407/80/18 5408/82/18
f 5329/54/18 5359/81/18 5408/82/18 5393/55/18
f 5409/54/17 5410/53/17 5411/57/17 5412/59/17 5413/61/17 5414/63/17 5415/65/17 5416/37/17 5417/38/17 5418/69/17 5419/71/17 5420/73/17 5421/75/17 5422/77/17 5423/79/17 5424/81/17
f 5329/54/1114 5331/53/1114 5410/53/1114 5409/54/1114
f 5359/81/1129 5329/54/1129 5409/54/1129 5424/81/1129
f 5345/38/1122 5347/69/1122 5418/69/1122 5417/38/1122
f 5331/53/1115 5333/57/1115 5411/57/1115 5410/53/1115
f 5347/69/1123 5349/71/1123 5419/71/1123 5418/69/1123
f 5333/57/1116 5335/59/1116 5412/59/1116 5411/57/1116
f 5349/71/1124 5351/73/1124 5420/73/1124 5419/71/1124
f 5335/59/1117 5337/61/1117 5413/61/1117 5412/59/1117
f 5351/73/1125 5353/75/1125 5421/75/1125 5420/73/1125
f 5337/61/1118 5339/63/1118 5414/63/1118 5413/61/1118
f 5353/75/1126 5355/77/1126 5422/77/1126 5421/75/1126
f 5339/63/1119 5341/65/1119 5415/65/1119 5414/63/1119
f 5355/77/1127 5357/79/1127 5423/79/1127 5422/77/1127
f 5341/65/1120 5343/37/1120 5416/37/1120 5415/65/1120
f 5357/79/1128 5359/81/1128 5424/81/1128 5423/79/1128
f 5537/1/1142 5506/2/1142 5505/3/1142 5538/4/1142
f 5538/4/1143 5505/3/1143 5507/5/1143 5539/6/1143
f 5539/6/1144 5507/5/1144 5508/7/1144 5540/8/1144
f 5540/8/1145 5508/7/1145 5509/9/1145 5541/10/1145
f 5541/10/1146 5509/9/1146 5510/11/1146 5542/12/1146
f 5542/12/1147 5510/11/1147 5511/13/1147 5543/14/1147
f 5543/14/1148 5511/13/1148 5512/15/1148 5544/16/1148
f 5544/16/1149 5512/15/1149 5513/17/1149 5545/18/1149
f 5545/18/1150 5513/17/1150 5514/19/1150 5546/20/1150
f 5546/20/1151 5514/19/1151 5515/21/1151 5547/22/1151
f 5547/22/1152 5515/21/1152 5516/23/1152 5548/24/1152
f 5548/24/1153 5516/23/1153 5517/25/1153 5549/26/1153
f 5549/26/1154 5517/25/1154 5518/27/1154 5550/28/1154
f 5550/28/1155 5518/27/1155 5519/29/1155 5551/30/1155
f 5496/31/1152 5494/32/1152 5531/32/1152 5532/31/1152
f 5551/30/1156 5519/29/1156 5520/33/1156 5552/34/1156
f 5552/34/1157 5520/33/1157 5506/35/1157 5537/36/1157
f 5487/37/1149 5489/38/1149 5561/38/1149 5560/37/1149
f 5474/39/17 5476/40/17 5505/40/17 5506/39/17
f 5476/40/17 5478/41/17 5507/41/17 5505/40/17
f 5478/41/17 5480/42/17 5508/42/17 5507/41/17
f 5480/42/17 5482/43/17 5509/43/17 5508/42/17
f 5482/43/17 5484/44/17 5510/44/17 5509/43/17
f 5484/44/17 5486/45/17 5511/45/17 5510/44/17
f 5486/45/17 5488/46/17 5512/46/17 5511/45/17
f 5488/46/17 5490/47/17 5513/47/17 5512/46/17
f 5490/47/17 5492/48/17 5514/48/17 5513/47/17
f 5492/48/17 5494/32/17 5515/32/17 5514/48/17
f 5494/32/17 5496/31/17 5516/31/17 5515/32/17
f 5496/31/17 5498/49/17 5517/49/17 5516/31/17
f 5498/49/17 5500/50/17 5518/50/17 5517/49/17
f 5500/50/17 5502/51/17 5519/51/17 5518/50/17
f 5502/51/17 5504/52/17 5520/52/17 5519/51/17
f 5504/52/17 5474/39/17 5506/39/17 5520/52/17
f 5521/40/18 5522/39/18 5536/52/18 5535/51/18 5534/50/18 5533/49/18 5532/31/18 5531/32/18 5530/48/18 5529/47/18 5528/46/18 5527/45/18 5526/44/18 5525/43/18 5524/42/18 5523/41/18
f 5482/43/1145 5480/42/1145 5524/42/1145 5525/43/1145
f 5498/49/1153 5496/31/1153 5532/31/1153 5533/49/1153
f 5484/44/1146 5482/43/1146 5525/43/1146 5526/44/1146
f 5500/50/1158 5498/49/1158 5533/49/1158 5534/50/1158
f 5486/45/1147 5484/44/1147 5526/44/1147 5527/45/1147
f 5502/51/1155 5500/50/1155 5534/50/1155 5535/51/1155
f 5488/46/1148 5486/45/1148 5527/45/1148 5528/46/1148
f 5504/52/1156 5502/51/1156 5535/51/1156 5536/52/1156
f 5490/47/1149 5488/46/1149 5528/46/1149 5529/47/1149
f 5476/40/1142 5474/39/1142 5522/39/1142 5521/40/1142
f 5474/39/1157 5504/52/1157 5536/52/1157 5522/39/1157
f 5492/48/1150 5490/47/1150 5529/47/1150 5530/48/1150
f 5478/41/1143 5476/40/1143 5521/40/1143 5523/41/1143
f 5494/32/1151 5492/48/1151 5530/48/1151 5531/32/1151
f 5480/42/1144 5478/41/1144 5523/41/1144 5524/42/1144
f 5475/53/18 5473/54/18 5537/55/18 5538/56/18
f 5477/57/18 5475/53/18 5538/56/18 5539/58/18
f 5479/59/18 5477/57/18 5539/58/18 5540/60/18
f 5481/61/18 5479/59/18 5540/60/18 5541/62/18
f 5483/63/18 5481/61/18 5541/62/18 5542/64/18
f 5485/65/18 5483/63/18 5542/64/18 5543/66/18
f 5487/37/18 5485/65/18 5543/66/18 5544/67/18
f 5489/38/18 5487/37/18 5544/67/18 5545/68/18
f 5491/69/18 5489/38/18 5545/68/18 5546/70/18
f 5493/71/18 5491/69/18 5546/70/18 5547/72/18
f 5495/73/18 5493/71/18 5547/72/18 5548/74/18
f 5497/75/18 5495/73/18 5548/74/18 5549/76/18
f 5499/77/18 5497/75/18 5549/76/18 5550/78/18
f 5501/79/18 5499/77/18 5550/78/18 5551/80/18
f 5503/81/18 5501/79/18 5551/80/18 5552/82/18
f 5473/54/18 5503/81/18 5552/82/18 5537/55/18
f 5553/54/17 5554/53/17 5555/57/17 5556/59/17 5557/61/17 5558/63/17 5559/65/17 5560/37/17 5561/38/17 5562/69/17 5563/71/17 5564/73/17 5565/75/17 5566/77/17 5567/79/17 5568/81/17
f 5473/54/1142 5475/53/1142 5554/53/1142 5553/54/1142
f 5503/81/1157 5473/54/1157 5553/54/1157 5568/81/1157
f 5489/38/1159 5491/69/1159 5562/69/1159 5561/38/1159
f 5475/53/1143 5477/57/1143 5555/57/1143 5554/53/1143
f 5491/69/1151 5493/71/1151 5563/71/1151 5562/69/1151
f 5477/57/1144 5479/59/1144 5556/59/1144 5555/57/1144
f 5493/71/1152 5495/73/1152 5564/73/1152 5563/71/1152
f 5479/59/1145 5481/61/1145 5557/61/1145 5556/59/1145
f 5495/73/1153 5497/75/1153 5565/75/1153 5564/73/1153
f 5481/61/1146 5483/63/1146 5558/63/1146 5557/61/1146
f 5497/75/1154 5499/77/1154 5566/77/1154 5565/75/1154
f 5483/63/1147 5485/65/1147 5559/65/1147 5558/63/1147
f 5499/77/1155 5501/79/1155 5567/79/1155 5566/77/1155
f 5485/65/1148 5487/37/1148 5560/37/1148 5559/65/1148
f 5501/79/1156 5503/81/1156 5568/81/1156 5567/79/1156
f 5681/1/1174 5650/2/1174 5649/3/1174 5682/4/1174
f 5682/4/1175 5649/3/1175 5651/5/1175 5683/6/1175
f 5683/6/1176 5651/5/1176 5652/7/1176 5684/8/1176
f 5684/8/1177 5652/7/1177 5653/9/1177 5685/10/1177
f 5685/10/1178 5653/9/1178 5654/11/1178 5686/12/1178
f 5686/12/1179 5654/11/1179 5655/13/1179 5687/14/1179
f 5687/14/1180 5655/13/1180 5656/15/1180 5688/16/1180
f 5688/16/1181 5656/15/1181 5657/17/1181 5689/18/1181
f 5689/18/1182 5657/17/1182 5658/19/1182 5690/20/1182
f 5690/20/1183 5658/19/1183 5659/21/1183 5691/22/1183
f 5691/22/1184 5659/21/1184 5660/23/1184 5692/24/1184
f 5692/24/1185 5660/23/1185 5661/25/1185 5693/26/1185
f 5693/26/1186 5661/25/1186 5662/27/1186 5694/28/1186
f 5694/28/1187 5662/27/1187 5663/29/1187 5695/30/1187
f 5640/31/1184 5638/32/1184 5675/32/1184 5676/31/1184
f 5695/30/1188 5663/29/1188 5664/33/1188 5696/34/1188
f 5696/34/1189 5664/33/1189 5650/35/1189 5681/36/1189
f 5631/37/1181 5633/38/1181 5705/38/1181 5704/37/1181
f 5618/39/17 5620/40/17 5649/40/17 5650/39/17
f 5620/40/17 5622/41/17 5651/41/17 5649/40/17
f 5622/41/17 5624/42/17 5652/42/17 5651/41/17
f 5624/42/17 5626/43/17 5653/43/17 5652/42/17
f 5626/43/17 5628/44/17 5654/44/17 5653/43/17
f 5628/44/17 5630/45/17 5655/45/17 5654/44/17
f 5630/45/17 5632/46/17 5656/46/17 5655/45/17
f 5632/46/17 5634/47/17 5657/47/17 5656/46/17
f 5634/47/17 5636/48/17 5658/48/17 5657/47/17
f 5636/48/17 5638/32/17 5659/32/17 5658/48/17
f 5638/32/17 5640/31/17 5660/31/17 5659/32/17
f 5640/31/17 5642/49/17 5661/49/17 5660/31/17
f 5642/49/17 5644/50/17 5662/50/17 5661/49/17
f 5644/50/17 5646/51/17 5663/51/17 5662/50/17
f 5646/51/17 5648/52/17 5664/52/17 5663/51/17
f 5648/52/17 5618/39/17 5650/39/17 5664/52/17
f 5665/40/18 5666/39/18 5680/52/18 5679/51/18 5678/50/18 5677/49/18 5676/31/18 5675/32/18 5674/48/18 5673/47/18 5672/46/18 5671/45/18 5670/44/18 5669/43/18 5668/42/18 5667/41/18
f 5626/43/1177 5624/42/1177 5668/42/1177 5669/43/1177
f 5642/49/1185 5640/31/1185 5676/31/1185 5677/49/1185
f 5628/44/1178 5626/43/1178 5669/43/1178 5670/44/1178
f 5644/50/1186 5642/49/1186 5677/49/1186 5678/50/1186
f 5630/45/1179 5628/44/1179 5670/44/1179 5671/45/1179
f 5646/51/1187 5644/50/1187 5678/50/1187 5679/51/1187
f 5632/46/1180 5630/45/1180 5671/45/1180 5672/46/1180
f 5648/52/1188 5646/51/1188 5679/51/1188 5680/52/1188
f 5634/47/1181 5632/46/1181 5672/46/1181 5673/47/1181
f 5620/40/1174 5618/39/1174 5666/39/1174 5665/40/1174
f 5618/39/1189 5648/52/1189 5680/52/1189 5666/39/1189
f 5636/48/1182 5634/47/1182 5673/47/1182 5674/48/1182
f 5622/41/1175 5620/40/1175 5665/40/1175 5667/41/1175
f 5638/32/1183 5636/48/1183 5674/48/1183 5675/32/1183
f 5624/42/1176 5622/41/1176 5667/41/1176 5668/42/1176
f 5619/53/18 5617/54/18 5681/55/18 5682/56/18
f 5621/57/18 5619/53/18 5682/56/18 5683/58/18
f 5623/59/18 5621/57/18 5683/58/18 5684/60/18
f 5625/61/18 5623/59/18 5684/60/18 5685/62/18
f 5627/63/18 5625/61/18 5685/62/18 5686/64/18
f 5629/65/18 5627/63/18 5686/64/18 5687/66/18
f 5631/37/18 5629/65/18 5687/66/18 5688/67/18
f 5633/38/18 5631/37/18 5688/67/18 5689/68/18
f 5635/69/18 5633/38/18 5689/68/18 5690/70/18
f 5637/71/18 5635/69/18 5690/70/18 5691/72/18
f 5639/73/18 5637/71/18 5691/72/18 5692/74/18
f 5641/75/18 5639/73/18 5692/74/18 5693/76/18
f 5643/77/18 5641/75/18 5693/76/18 5694/78/18
f 5645/79/18 5643/77/18 5694/78/18 5695/80/18
f 5647/81/18 5645/79/18 5695/80/18 5696/82/18
f 5617/54/18 5647/81/18 5696/82/18 5681/55/18
f 5697/54/17 5698/53/17 5699/57/17 5700/59/17 5701/61/17 5702/63/17 5703/65/17 5704/37/17 5705/38/17 5706/69/17 5707/71/17 5708/73/17 5709/75/17 5710/77/17 5711/79/17 5712/81/17
f 5617/54/1174 5619/53/1174 5698/53/1174 5697/54/1174
f 5647/81/1189 5617/54/1189 5697/54/1189 5712/81/1189
f 5633/38/1182 5635/69/1182 5706/69/1182 5705/38/1182
f 5619/53/1175 5621/57/1175 5699/57/1175 5698/53/1175
f 5635/69/1183 5637/71/1183 5707/71/1183 5706/69/1183
f 5621/57/1176 5623/59/1176 5700/59/1176 5699/57/1176
f 5637/71/1184 5639/73/1184 5708/73/1184 5707/71/1184
f 5623/59/1190 5625/61/1190 5701/61/1190 5700/59/1190
f 5639/73/1185 5641/75/1185 5709/75/1185 5708/73/1185
f 5625/61/1178 5627/63/1178 5702/63/1178 5701/61/1178
f 5641/75/1186 5643/77/1186 5710/77/1186 5709/75/1186
f 5627/63/1179 5629/65/1179 5703/65/1179 5702/63/1179
f 5643/77/1187 5645/79/1187 5711/79/1187 5710/77/1187
f 5629/65/1180 5631/37/1180 5704/37/1180 5703/65/1180
f 5645/79/1188 5647/81/1188 5712/81/1188 5711/79/1188
f 5825/1/1203 5794/2/1203 5793/3/1203 5826/4/1203
f 5826/4/1204 5793/3/1204 5795/5/1204 5827/6/1204
f 5827/6/1205 5795/5/1205 5796/7/1205 5828/8/1205
f 5828/8/1206 5796/7/1206 5797/9/1206 5829/10/1206
f 5829/10/1207 5797/9/1207 5798/11/1207 5830/12/1207
f 5830/12/1208 5798/11/1208 5799/13/1208 5831/14/1208
f 5831/14/1209 5799/13/1209 5800/15/1209 5832/16/1209
f 5832/16/1210 5800/15/1210 5801/17/1210 5833/18/1210
f 5833/18/1211 5801/17/1211 5802/19/1211 5834/20/1211
f 5834/20/1212 5802/19/1212 5803/21/1212 5835/22/1212
f 5835/22/1213 5803/21/1213 5804/23/1213 5836/24/1213
f 5836/24/1214 5804/23/1214 5805/25/1214 5837/26/1214
f 5837/26/1215 5805/25/1215 5806/27/1215 5838/28/1215
f 5838/28/1216 5806/27/1216 5807/29/1216 5839/30/1216
f 5784/31/1213 5782/32/1213 5819/32/1213 5820/31/1213
f 5839/30/1217 5807/29/1217 5808/33/1217 5840/34/1217
f 5840/34/1218 5808/33/1218 5794/35/1218 5825/36/1218
f 5775/37/1210 5777/38/1210 5849/38/1210 5848/37/1210
f 5762/39/17 5764/40/17 5793/40/17 5794/39/17
f 5764/40/17 5766/41/17 5795/41/17 5793/40/17
f 5766/41/17 5768/42/17 5796/42/17 5795/41/17
f 5768/42/17 5770/43/17 5797/43/17 5796/42/17
f 5770/43/17 5772/44/17 5798/44/17 5797/43/17
f 5772/44/17 5774/45/17 5799/45/17 5798/44/17
f 5774/45/17 5776/46/17 5800/46/17 5799/45/17
f 5776/46/17 5778/47/17 5801/47/17 5800/46/17
f 5778/47/17 5780/48/17 5802/48/17 5801/47/17
f 5780/48/17 5782/32/17 5803/32/17 5802/48/17
f 5782/32/17 5784/31/17 5804/31/17 5803/32/17
f 5784/31/17 5786/49/17 5805/49/17 5804/31/17
f 5786/49/17 5788/50/17 5806/50/17 5805/49/17
f 5788/50/17 5790/51/17 5807/51/17 5806/50/17
f 5790/51/17 5792/52/17 5808/52/17 5807/51/17
f 5792/52/17 5762/39/17 5794/39/17 5808/52/17
f 5809/40/18 5810/39/18 5824/52/18 5823/51/18 5822/50/18 5821/49/18 5820/31/18 5819/32/18 5818/48/18 5817/47/18 5816/46/18 5815/45/18 5814/44/18 5813/43/18 5812/42/18 5811/41/18
f 5770/43/1206 5768/42/1206 5812/42/1206 5813/43/1206
f 5786/49/1214 5784/31/1214 5820/31/1214 5821/49/1214
f 5772/44/1207 5770/43/1207 5813/43/1207 5814/44/1207
f 5788/50/1215 5786/49/1215 5821/49/1215 5822/50/1215
f 5774/45/1208 5772/44/1208 5814/44/1208 5815/45/1208
f 5790/51/1216 5788/50/1216 5822/50/1216 5823/51/1216
f 5776/46/1209 5774/45/1209 5815/45/1209 5816/46/1209
f 5792/52/1217 5790/51/1217 5823/51/1217 5824/52/1217
f 5778/47/1210 5776/46/1210 5816/46/1210 5817/47/1210
f 5764/40/1203 5762/39/1203 5810/39/1203 5809/40/1203
f 5762/39/1218 5792/52/1218 5824/52/1218 5810/39/1218
f 5780/48/1211 5778/47/1211 5817/47/1211 5818/48/1211
f 5766/41/1204 5764/40/1204 5809/40/1204 5811/41/1204
f 5782/32/1212 5780/48/1212 5818/48/1212 5819/32/1212
f 5768/42/1205 5766/41/1205 5811/41/1205 5812/42/1205
f 5763/53/18 5761/54/18 5825/55/18 5826/56/18
f 5765/57/18 5763/53/18 5826/56/18 5827/58/18
f 5767/59/18 5765/57/18 5827/58/18 5828/60/18
f 5769/61/18 5767/59/18 5828/60/18 5829/62/18
f 5771/63/18 5769/61/18 5829/62/18 5830/64/18
f 5773/65/18 5771/63/18 5830/64/18 5831/66/18
f 5775/37/18 5773/65/18 5831/66/18 5832/67/18
f 5777/38/18 5775/37/18 5832/67/18 5833/68/18
f 5779/69/18 5777/38/18 5833/68/18 5834/70/18
f 5781/71/18 5779/69/18 5834/70/18 5835/72/18
f 5783/73/18 5781/71/18 5835/72/18 5836/74/18
f 5785/75/18 5783/73/18 5836/74/18 5837/76/18
f 5787/77/18 5785/75/18 5837/76/18 5838/78/18
f 5789/79/18 5787/77/18 5838/78/18 5839/80/18
f 5791/81/18 5789/79/18 5839/80/18 5840/82/18
f 5761/54/18 5791/81/18 5840/82/18 5825/55/18
f 5841/54/17 5842/53/17 5843/57/17 5844/59/17 5845/61/17 5846/63/17 5847/65/17 5848/37/17 5849/38/17 5850/69/17 5851/71/17 5852/73/17 5853/75/17 5854/77/17 5855/79/17 5856/81/17
f 5761/54/1203 5763/53/1203 5842/53/1203 5841/54/1203
f 5791/81/1218 5761/54/1218 5841/54/1218 5856/81/1218
f 5777/38/1211 5779/69/1211 5850/69/1211 5849/38/1211
f 5763/53/1204 5765/57/1204 5843/57/1204 5842/53/1204
f 5779/69/1212 5781/71/1212 5851/71/1212 5850/69/1212
f 5765/57/1205 5767/59/1205 5844/59/1205 5843/57/1205
f 5781/71/1213 5783/73/1213 5852/73/1213 5851/71/1213
f 5767/59/1206 5769/61/1206 5845/61/1206 5844/59/1206
f 5783/73/1214 5785/75/1214 5853/75/1214 5852/73/1214
f 5769/61/1219 5771/63/1219 5846/63/1219 5845/61/1219
f 5785/75/1215 5787/77/1215 5854/77/1215 5853/75/1215
f 5771/63/1208 5773/65/1208 5847/65/1208 5846/63/1208
f 5787/77/1216 5789/79/1216 5855/79/1216 5854/77/1216
f 5773/65/1209 5775/37/1209 5848/37/1209 5847/65/1209
f 5789/79/1217 5791/81/1217 5856/81/1217 5855/79/1217
f 5969/1/1232 5938/2/1232 5937/3/1232 5970/4/1232
f 5970/4/1233 5937/3/1233 5939/5/1233 5971/6/1233
f 5971/6/1234 5939/5/1234 5940/7/1234 5972/8/1234
f 5972/8/1235 5940/7/1235 5941/9/1235 5973/10/1235
f 5973/10/1236 5941/9/1236 5942/11/1236 5974/12/1236
f 5974/12/1237 5942/11/1237 5943/13/1237 5975/14/1237
f 5975/14/1238 5943/13/1238 5944/15/1238 5976/16/1238
f 5976/16/1239 5944/15/1239 5945/17/1239 5977/18/1239
f 5977/18/1240 5945/17/1240 5946/19/1240 5978/20/1240
f 5978/20/1241 5946/19/1241 5947/21/1241 5979/22/1241
f 5979/22/1242 5947/21/1242 5948/23/1242 5980/24/1242
f 5980/24/1243 5948/23/1243 5949/25/1243 5981/26/1243
f 5981/26/1244 5949/25/1244 5950/27/1244 5982/28/1244
f 5982/28/1245 5950/27/1245 5951/29/1245 5983/30/1245
f 5928/31/1242 5926/32/1242 5963/32/1242 5964/31/1242
f 5983/30/1246 5951/29/1246 5952/33/1246 5984/34/1246
f 5984/34/1247 5952/33/1247 5938/35/1247 5969/36/1247
f 5919/37/1239 5921/38/1239 5993/38/1239 5992/37/1239
f 5906/39/17 5908/40/17 5937/40/17 5938/39/17
f 5908/40/17 5910/41/17 5939/41/17 5937/40/17
f 5910/41/17 5912/42/17 5940/42/17 5939/41/17
f 5912/42/17 5914/43/17 5941/43/17 5940/42/17
f 5914/43/17 5916/44/17 5942/44/17 5941/43/17
f 5916/44/17 5918/45/17 5943/45/17 5942/44/17
f 5918/45/17 5920/46/17 5944/46/17 5943/45/17
f 5920/46/17 5922/47/17 5945/47/17 5944/46/17
f 5922/47/17 5924/48/17 5946/48/17 5945/47/17
f 5924/48/17 5926/32/17 5947/32/17 5946/48/17
f 5926/32/17 5928/31/17 5948/31/17 5947/32/17
f 5928/31/17 5930/49/17 5949/49/17 5948/31/17
f 5930/49/17 5932/50/17 5950/50/17 5949/49/17
f 5932/50/17 5934/51/17 5951/51/17 5950/50/17
f 5934/51/17 5936/52/17 5952/52/17 5951/51/17
f 5936/52/17 5906/39/17 5938/39/17 5952/52/17
f 5953/40/18 5954/39/18 5968/52/18 5967/51/18 5966/50/18 5965/49/18 5964/31/18 5963/32/18 5962/48/18 5961/47/18 5960/46/18 5959/45/18 5958/44/18 5957/43/18 5956/42/18 5955/41/18
f 5914/43/1235 5912/42/1235 5956/42/1235 5957/43/1235
f 5930/49/1243 5928/31/1243 5964/31/1243 5965/49/1243
f 5916/44/1236 5914/43/1236 5957/43/1236 5958/44/1236
f 5932/50/1244 5930/49/1244 5965/49/1244 5966/50/1244
f 5918/45/1237 5916/44/1237 5958/44/1237 5959/45/1237
f 5934/51/1245 5932/50/1245 5966/50/1245 5967/51/1245
f 5920/46/1238 5918/45/1238 5959/45/1238 5960/46/1238
f 5936/52/1246 5934/51/1246 5967/51/1246 5968/52/1246
f 5922/47/1239 5920/46/1239 5960/46/1239 5961/47/1239
f 5908/40/1232 5906/39/1232 5954/39/1232 5953/40/1232
f 5906/39/1247 5936/52/1247 5968/52/1247 5954/39/1247
f 5924/48/1240 5922/47/1240 5961/47/1240 5962/48/1240
f 5910/41/1233 5908/40/1233 5953/40/1233 5955/41/1233
f 5926/32/1241 5924/48/1241 5962/48/1241 5963/32/1241
f 5912/42/1234 5910/41/1234 5955/41/1234 5956/42/1234
f 5907/53/18 5905/54/18 5969/55/18 5970/56/18
f 5909/57/18 5907/53/18 5970/56/18 5971/58/18
f 5911/59/18 5909/57/18 5971/58/18 5972/60/18
f 5913/61/18 5911/59/18 5972/60/18 5973/62/18
f 5915/63/18 5913/61/18 5973/62/18 5974/64/18
f 5917/65/18 5915/63/18 5974/64/18 5975/66/18
f 5919/37/18 5917/65/18 5975/66/18 5976/67/18
f 5921/38/18 5919/37/18 5976/67/18 5977/68/18
f 5923/69/18 5921/38/18 5977/68/18 5978/70/18
f 5925/71/18 5923/69/18 5978/70/18 5979/72/18
f 5927/73/18 5925/71/18 5979/72/18 5980/74/18
f 5929/75/18 5927/73/18 5980/74/18 5981/76/18
f 5931/77/18 5929/75/18 5981/76/18 5982/78/18
f 5933/79/18 5931/77/18 5982/78/18 5983/80/18
f 5935/81/18 5933/79/18 5983/80/18 5984/82/18
f 5905/54/18 5935/81/18 5984/82/18 5969/55/18
f 5985/54/17 5986/53/17 5987/57/17 5988/59/17 5989/61/17 5990/63/17 5991/65/17 5992/37/17 5993/38/17 5994/69/17 5995/71/17 5996/73/17 5997/75/17 5998/77/17 5999/79/17 6000/81/17
f 5905/54/1232 5907/53/1232 5986/53/1232 5985/54/1232
f 5935/81/1247 5905/54/1247 5985/54/1247 6000/81/1247
f 5921/38/1240 5923/69/1240 5994/69/1240 5993/38/1240
f 5907/53/1233 5909/57/1233 5987/57/1233 5986/53/1233
f 5923/69/1241 5925/71/1241 5995/71/1241 5994/69/1241
f 5909/57/1234 5911/59/1234 5988/59/1234 5987/57/1234
f 5925/71/1242 5927/73/1242 5996/73/1242 5995/71/1242
f 5911/59/1235 5913/61/1235 5989/61/1235 5988/59/1235
f 5927/73/1243 5929/75/1243 5997/75/1243 5996/73/1243
f 5913/61/1236 5915/63/1236 5990/63/1236 5989/61/1236
f 5929/75/1244 5931/77/1244 5998/77/1244 5997/75/1244
f 5915/63/1237 5917/65/1237 5991/65/1237 5990/63/1237
f 5931/77/1245 5933/79/1245 5999/79/1245 5998/77/1245
f 5917/65/1238 5919/37/1238 5992/37/1238 5991/65/1238
f 5933/79/1246 5935/81/1246 6000/81/1246 5999/79/1246
f 6113/1/1262 6082/2/1262 6081/3/1262 6114/4/1262
f 6114/4/1263 6081/3/1263 6083/5/1263 6115/6/1263
f 6115/6/1264 6083/5/1264 6084/7/1264 6116/8/1264
f 6116/8/1265 6084/7/1265 6085/9/1265 6117/10/1265
f 6117/10/1266 6085/9/1266 6086/11/1266 6118/12/1266
f 6118/12/1267 6086/11/1267 6087/13/1267 6119/14/1267
f 6119/14/1268 6087/13/1268 6088/15/1268 6120/16/1268
f 6120/16/1269 6088/15/1269 6089/17/1269 6121/18/1269
f 6121/18/1270 6089/17/1270 6090/19/1270 6122/20/1270
f 6122/20/1271 6090/19/1271 6091/21/1271 6123/22/1271
f 6123/22/1272 6091/21/1272 6092/23/1272 6124/24/1272
f 6124/24/1273 6092/23/1273 6093/25/1273 6125/26/1273
f 6125/26/1274 6093/25/1274 6094/27/1274 6126/28/1274
f 6126/28/1275 6094/27/1275 6095/29/1275 6127/30/1275
f 6072/31/1272 6070/32/1272 6107/32/1272 6108/31/1272
f 6127/30/1276 6095/29/1276 6096/33/1276 6128/34/1276
f 6128/34/1277 6096/33/1277 6082/35/1277 6113/36/1277
f 6063/37/1269 6065/38/1269 6137/38/1269 6136/37/1269
f 6050/39/17 6052/40/17 6081/40/17 6082/39/17
f 6052/40/17 6054/41/17 6083/41/17 6081/40/17
f 6054/41/17 6056/42/17 6084/42/17 6083/41/17
f 6056/42/17 6058/43/17 6085/43/17 6084/42/17
f 6058/43/17 6060/44/17 6086/44/17 6085/43/17
f 6060/44/17 6062/45/17 6087/45/17 6086/44/17
f 6062/45/17 6064/46/17 6088/46/17 6087/45/17
f 6064/46/17 6066/47/17 6089/47/17 6088/46/17
f 6066/47/17 6068/48/17 6090/48/17 6089/47/17
f 6068/48/17 6070/32/17 6091/32/17 6090/48/17
f 6070/32/17 6072/31/17 6092/31/17 6091/32/17
f 6072/31/17 6074/49/17 6093/49/17 6092/31/17
f 6074/49/17 6076/50/17 6094/50/17 6093/49/17
f 6076/50/17 6078/51/17 6095/51/17 6094/50/17
f 6078/51/17 6080/52/17 6096/52/17 6095/51/17
f 6080/52/17 6050/39/17 6082/39/17 6096/52/17
f 6097/40/18 6098/39/18 6112/52/18 6111/51/18 6110/50/18 6109/49/18 6108/31/18 6107/32/18 6106/48/18 6105/47/18 6104/46/18 6103/45/18 6102/44/18 6101/43/18 6100/42/18 6099/41/18
f 6058/43/1265 6056/42/1265 6100/42/1265 6101/43/1265
f 6074/49/1273 6072/31/1273 6108/31/1273 6109/49/1273
f 6060/44/1266 6058/43/1266 6101/43/1266 6102/44/1266
f 6076/50/1274 6074/49/1274 6109/49/1274 6110/50/1274
f 6062/45/1267 6060/44/1267 6102/44/1267 6103/45/1267
f 6078/51/1275 6076/50/1275 6110/50/1275 6111/51/1275
f 6064/46/1268 6062/45/1268 6103/45/1268 6104/46/1268
f 6080/52/1276 6078/51/1276 6111/51/1276 6112/52/1276
f 6066/47/1269 6064/46/1269 6104/46/1269 6105/47/1269
f 6052/40/1262 6050/39/1262 6098/39/1262 6097/40/1262
f 6050/39/1277 6080/52/1277 6112/52/1277 6098/39/1277
f 6068/48/1270 6066/47/1270 6105/47/1270 6106/48/1270
f 6054/41/1263 6052/40/1263 6097/40/1263 6099/41/1263
f 6070/32/1271 6068/48/1271 6106/48/1271 6107/32/1271
f 6056/42/1264 6054/41/1264 6099/41/1264 6100/42/1264
f 6051/53/18 6049/54/18 6113/55/18 6114/56/18
f 6053/57/18 6051/53/18 6114/56/18 6115/58/18
f 6055/59/18 6053/57/18 6115/58/18 6116/60/18
f 6057/61/18 6055/59/18 6116/60/18 6117/62/18
f 6059/63/18 6057/61/18 6117/62/18 6118/64/18
f 6061/65/18 6059/63/18 6118/64/18 6119/66/18
f 6063/37/18 6061/65/18 6119/66/18 6120/67/18
f 6065/38/18 6063/37/18 6120/67/18 6121/68/18
f 6067/69/18 6065/38/18 6121/68/18 6122/70/18
f 6069/71/18 6067/69/18 6122/70/18 6123/72/18
f 6071/73/18 6069/71/18 6123/72/18 6124/74/18
f 6073/75/18 6071/73/18 6124/74/18 6125/76/18
f 6075/77/18 6073/75/18 6125/76/18 6126/78/18
f 6077/79/18 6075/77/18 6126/78/18 6127/80/18
f 6079/81/18 6077/79/18 6127/80/18 6128/82/18
f 6049/54/18 6079/81/18 6128/82/18 6113/55/18
f 6129/54/17 6130/53/17 6131/57/17 6132/59/17 6133/61/17 6134/63/17 6135/65/17 6136/37/17 6137/38/17 6138/69/17 6139/71/17 6140/73/17 6141/75/17 6142/77/17 6143/79/17 6144/81/17
f 6049/54/1262 6051/53/1262 6130/53/1262 6129/54/1262
f 6079/81/1277 6049/54/1277 6129/54/1277 6144/81/1277
f 6065/38/1270 6067/69/1270 6138/69/1270 6137/38/1270
f 6051/53/1263 6053/57/1263 6131/57/1263 6130/53/1263
f 6067/69/1271 6069/71/1271 6139/71/1271 6138/69/1271
f 6053/57/1264 6055/59/1264 6132/59/1264 6131/57/1264
f 6069/71/1272 6071/73/1272 6140/73/1272 6139/71/1272
f 6055/59/1265 6057/61/1265 6133/61/1265 6132/59/1265
f 6071/73/1273 6073/75/1273 6141/75/1273 6140/73/1273
f 6057/61/1266 6059/63/1266 6134/63/1266 6133/61/1266
f 6073/75/1274 6075/77/1274 6142/77/1274 6141/75/1274
f 6059/63/1267 6061/65/1267 6135/65/1267 6134/63/1267
f 6075/77/1275 6077/79/1275 6143/79/1275 6142/77/1275
f 6061/65/1268 6063/37/1268 6136/37/1268 6135/65/1268
f 6077/79/1276 6079/81/1276 6144/81/1276 6143/79/1276
usemtl Material.003
f 97/83/19 98/84/19 100/85/19 99/86/19
f 99/86/20 100/85/20 104/14/20 103/22/20
f 103/22/21 104/14/21 102/87/21 101/88/21
f 101/88/22 102/87/22 98/13/22 97/21/22
f 99/30/17 103/22/17 101/88/17 97/89/17
f 104/14/18 100/6/18 98/90/18 102/87/18
f 105/83/23 106/84/23 108/85/23 107/86/23
f 107/86/24 108/85/24 112/14/24 111/22/24
f 111/22/25 112/14/25 110/87/25 109/88/25
f 109/88/26 110/87/26 106/13/26 105/21/26
f 107/30/17 111/22/17 109/88/17 105/89/17
f 112/14/18 108/6/18 106/90/18 110/87/18
f 113/83/27 114/84/27 116/85/27 115/86/27
f 115/86/28 116/85/28 120/14/28 119/22/28
f 119/22/29 120/14/29 118/87/29 117/88/29
f 117/88/30 118/87/30 114/13/30 113/21/30
f 115/30/17 119/22/17 117/88/17 113/89/17
f 120/14/18 116/6/18 114/90/18 118/87/18
f 121/83/21 122/84/21 124/85/21 123/86/21
f 123/86/22 124/85/22 128/14/22 127/22/22
f 127/22/19 128/14/19 126/87/19 125/88/19
f 125/88/20 126/87/20 122/13/20 121/21/20
f 123/30/17 127/22/17 125/88/17 121/89/17
f 128/14/18 124/6/18 122/90/18 126/87/18
f 129/83/25 130/84/25 132/85/25 131/86/25
f 131/86/26 132/85/26 136/14/26 135/22/26
f 135/22/23 136/14/23 134/87/23 133/88/23
f 133/88/24 134/87/24 130/13/24 129/21/24
f 131/30/17 135/22/17 133/88/17 129/89/17
f 136/14/18 132/6/18 130/90/18 134/87/18
f 137/83/29 138/84/29 140/85/29 139/86/29
f 139/86/30 140/85/30 144/14/30 143/22/30
f 143/22/27 144/14/27 142/87/27 141/88/27
f 141/88/28 142/87/28 138/13/28 137/21/28
f 139/30/17 143/22/17 141/88/17 137/89/17
f 144/14/18 140/6/18 138/90/18 142/87/18
f 241/83/47 242/84/47 244/85/47 243/86/47
f 243/86/48 244/85/48 248/14/48 247/22/48
f 247/22/49 248/14/49 246/87/49 245/88/49
f 245/88/50 246/87/50 242/13/50 241/21/50
f 243/30/17 247/22/17 245/88/17 241/89/17
f 248/14/18 244/6/18 242/90/18 246/87/18
f 249/83/51 250/84/51 252/85/51 251/86/51
f 251/86/52 252/85/52 256/14/52 255/22/52
f 255/22/53 256/14/53 254/87/53 253/88/53
f 253/88/54 254/87/54 250/13/54 249/21/54
f 251/30/17 255/22/17 253/88/17 249/89/17
f 256/14/18 252/6/18 250/90/18 254/87/18
f 257/83/55 258/84/55 260/85/55 259/86/55
f 259/86/56 260/85/56 264/14/56 263/22/56
f 263/22/57 264/14/57 262/87/57 261/88/57
f 261/88/58 262/87/58 258/13/58 257/21/58
f 259/30/17 263/22/17 261/88/17 257/89/17
f 264/14/18 260/6/18 258/90/18 262/87/18
f 265/83/49 266/84/49 268/85/49 267/86/49
f 267/86/50 268/85/50 272/14/50 271/22/50
f 271/22/47 272/14/47 270/87/47 269/88/47
f 269/88/59 270/87/59 266/13/59 265/21/59
f 267/30/17 271/22/17 269/88/17 265/89/17
f 272/14/18 268/6/18 266/90/18 270/87/18
f 273/83/53 274/84/53 276/85/53 275/86/53
f 275/86/54 276/85/54 280/14/54 279/22/54
f 279/22/51 280/14/51 278/87/51 277/88/51
f 277/88/52 278/87/52 274/13/52 273/21/52
f 275/30/17 279/22/17 277/88/17 273/89/17
f 280/14/18 276/6/18 274/90/18 278/87/18
f 281/83/57 282/84/57 284/85/57 283/86/57
f 283/86/58 284/85/58 288/14/58 287/22/58
f 287/22/55 288/14/55 286/87/55 285/88/55
f 285/88/56 286/87/56 282/13/56 281/21/56
f 283/30/17 287/22/17 285/88/17 281/89/17
f 288/14/18 284/6/18 282/90/18 286/87/18
f 385/83/79 386/84/79 388/85/79 387/86/79
f 387/86/80 388/85/80 392/14/80 391/22/80
f 391/22/81 392/14/81 390/87/81 389/88/81
f 389/88/82 390/87/82 386/13/82 385/21/82
f 387/30/17 391/22/17 389/88/17 385/89/17
f 392/14/18 388/6/18 386/90/18 390/87/18
f 393/83/83 394/84/83 396/85/83 395/86/83
f 395/86/84 396/85/84 400/14/84 399/22/84
f 399/22/85 400/14/85 398/87/85 397/88/85
f 397/88/86 398/87/86 394/13/86 393/21/86
f 395/30/17 399/22/17 397/88/17 393/89/17
f 400/14/18 396/6/18 394/90/18 398/87/18
f 401/83/87 402/84/87 404/85/87 403/86/87
f 403/86/88 404/85/88 408/14/88 407/22/88
f 407/22/89 408/14/89 406/87/89 405/88/89
f 405/88/90 406/87/90 402/13/90 401/21/90
f 403/30/17 407/22/17 405/88/17 401/89/17
f 408/14/18 404/6/18 402/90/18 406/87/18
f 409/83/81 410/84/81 412/85/81 411/86/81
f 411/86/82 412/85/82 416/14/82 415/22/82
f 415/22/79 416/14/79 414/87/79 413/88/79
f 413/88/80 414/87/80 410/13/80 409/21/80
f 411/30/17 415/22/17 413/88/17 409/89/17
f 416/14/18 412/6/18 410/90/18 414/87/18
f 417/83/85 418/84/85 420/85/85 419/86/85
f 419/86/86 420/85/86 424/14/86 423/22/86
f 423/22/83 424/14/83 422/87/83 421/88/83
f 421/88/84 422/87/84 418/13/84 417/21/84
f 419/30/17 423/22/17 421/88/17 417/89/17
f 424/14/18 420/6/18 418/90/18 422/87/18
f 425/83/89 426/84/89 428/85/89 427/86/89
f 427/86/90 428/85/90 432/14/90 431/22/90
f 431/22/87 432/14/87 430/87/87 429/88/87
f 429/88/88 430/87/88 426/13/88 425/21/88
f 427/30/17 431/22/17 429/88/17 425/89/17
f 432/14/18 428/6/18 426/90/18 430/87/18
f 529/83/111 530/84/111 532/85/111 531/86/111
f 531/86/112 532/85/112 536/14/112 535/22/112
f 535/22/113 536/14/113 534/87/113 533/88/113
f 533/88/114 534/87/114 530/13/114 529/21/114
f 531/30/17 535/22/17 533/88/17 529/89/17
f 536/14/18 532/6/18 530/90/18 534/87/18
f 537/83/115 538/84/115 540/85/115 539/86/115
f 539/86/116 540/85/116 544/14/116 543/22/116
f 543/22/117 544/14/117 542/87/117 541/88/117
f 541/88/118 542/87/118 538/13/118 537/21/118
f 539/30/17 543/22/17 541/88/17 537/89/17
f 544/14/18 540/6/18 538/90/18 542/87/18
f 545/83/119 546/84/119 548/85/119 547/86/119
f 547/86/120 548/85/120 552/14/120 551/22/120
f 551/22/121 552/14/121 550/87/121 549/88/121
f 549/88/122 550/87/122 546/13/122 545/21/122
f 547/30/17 551/22/17 549/88/17 545/89/17
f 552/14/18 548/6/18 546/90/18 550/87/18
f 553/83/113 554/84/113 556/85/113 555/86/113
f 555/86/114 556/85/114 560/14/114 559/22/114
f 559/22/111 560/14/111 558/87/111 557/88/111
f 557/88/112 558/87/112 554/13/112 553/21/112
f 555/30/17 559/22/17 557/88/17 553/89/17
f 560/14/18 556/6/18 554/90/18 558/87/18
f 561/83/117 562/84/117 564/85/117 563/86/117
f 563/86/118 564/85/118 568/14/118 567/22/118
f 567/22/115 568/14/115 566/87/115 565/88/115
f 565/88/116 566/87/116 562/13/116 561/21/116
f 563/30/17 567/22/17 565/88/17 561/89/17
f 568/14/18 564/6/18 562/90/18 566/87/18
f 569/83/121 570/84/121 572/85/121 571/86/121
f 571/86/122 572/85/122 576/14/122 575/22/122
f 575/22/119 576/14/119 574/87/119 573/88/119
f 573/88/120 574/87/120 570/13/120 569/21/120
f 571/30/17 575/22/17 573/88/17 569/89/17
f 576/14/18 572/6/18 570/90/18 574/87/18
f 673/83/141 674/84/141 676/85/141 675/86/141
f 675/86/142 676/85/142 680/14/142 679/22/142
f 679/22/143 680/14/143 678/87/143 677/88/143
f 677/88/144 678/87/144 674/13/144 673/21/144
f 675/30/17 679/22/17 677/88/17 673/89/17
f 680/14/18 676/6/18 674/90/18 678/87/18
f 681/83/145 682/84/145 684/85/145 683/86/145
f 683/86/146 684/85/146 688/14/146 687/22/146
f 687/22/147 688/14/147 686/87/147 685/88/147
f 685/88/148 686/87/148 682/13/148 681/21/148
f 683/30/17 687/22/17 685/88/17 681/89/17
f 688/14/18 684/6/18 682/90/18 686/87/18
f 689/83/149 690/84/149 692/85/149 691/86/149
f 691/86/150 692/85/150 696/14/150 695/22/150
f 695/22/151 696/14/151 694/87/151 693/88/151
f 693/88/152 694/87/152 690/13/152 689/21/152
f 691/30/17 695/22/17 693/88/17 689/89/17
f 696/14/18 692/6/18 690/90/18 694/87/18
f 697/83/143 698/84/143 700/85/143 699/86/143
f 699/86/153 700/85/153 704/14/153 703/22/153
f 703/22/141 704/14/141 702/87/141 701/88/141
f 701/88/154 702/87/154 698/13/154 697/21/154
f 699/30/17 703/22/17 701/88/17 697/89/17
f 704/14/18 700/6/18 698/90/18 702/87/18
f 705/83/147 706/84/147 708/85/147 707/86/147
f 707/86/148 708/85/148 712/14/148 711/22/148
f 711/22/145 712/14/145 710/87/145 709/88/145
f 709/88/146 710/87/146 706/13/146 705/21/146
f 707/30/17 711/22/17 709/88/17 705/89/17
f 712/14/18 708/6/18 706/90/18 710/87/18
f 713/83/151 714/84/151 716/85/151 715/86/151
f 715/86/152 716/85/152 720/14/152 719/22/152
f 719/22/149 720/14/149 718/87/149 717/88/149
f 717/88/150 718/87/150 714/13/150 713/21/150
f 715/30/17 719/22/17 717/88/17 713/89/17
f 720/14/18 716/6/18 714/90/18 718/87/18
f 817/83/171 818/84/171 820/85/171 819/86/171
f 819/86/172 820/85/172 824/14/172 823/22/172
f 823/22/173 824/14/173 822/87/173 821/88/173
f 821/88/174 822/87/174 818/13/174 817/21/174
f 819/30/17 823/22/17 821/88/17 817/89/17
f 824/14/18 820/6/18 818/90/18 822/87/18
f 825/83/175 826/84/175 828/85/175 827/86/175
f 827/86/176 828/85/176 832/14/176 831/22/176
f 831/22/177 832/14/177 830/87/177 829/88/177
f 829/88/178 830/87/178 826/13/178 825/21/178
f 827/30/17 831/22/17 829/88/17 825/89/17
f 832/14/18 828/6/18 826/90/18 830/87/18
f 833/83/179 834/84/179 836/85/179 835/86/179
f 835/86/180 836/85/180 840/14/180 839/22/180
f 839/22/181 840/14/181 838/87/181 837/88/181
f 837/88/182 838/87/182 834/13/182 833/21/182
f 835/30/17 839/22/17 837/88/17 833/89/17
f 840/14/18 836/6/18 834/90/18 838/87/18
f 841/83/183 842/84/183 844/85/183 843/86/183
f 843/86/184 844/85/184 848/14/184 847/22/184
f 847/22/171 848/14/171 846/87/171 845/88/171
f 845/88/172 846/87/172 842/13/172 841/21/172
f 843/30/17 847/22/17 845/88/17 841/89/17
f 848/14/18 844/6/18 842/90/18 846/87/18
f 849/83/177 850/84/177 852/85/177 851/86/177
f 851/86/178 852/85/178 856/14/178 855/22/178
f 855/22/175 856/14/175 854/87/175 853/88/175
f 853/88/176 854/87/176 850/13/176 849/21/176
f 851/30/17 855/22/17 853/88/17 849/89/17
f 856/14/18 852/6/18 850/90/18 854/87/18
f 857/83/181 858/84/181 860/85/181 859/86/181
f 859/86/182 860/85/182 864/14/182 863/22/182
f 863/22/179 864/14/179 862/87/179 861/88/179
f 861/88/180 862/87/180 858/13/180 857/21/180
f 859/30/17 863/22/17 861/88/17 857/89/17
f 864/14/18 860/6/18 858/90/18 862/87/18
f 961/83/202 962/84/202 964/85/202 963/86/202
f 963/86/203 964/85/203 968/14/203 967/22/203
f 967/22/204 968/14/204 966/87/204 965/88/204
f 965/88/205 966/87/205 962/13/205 961/21/205
f 963/30/17 967/22/17 965/88/17 961/89/17
f 968/14/18 964/6/18 962/90/18 966/87/18
f 969/83/206 970/84/206 972/85/206 971/86/206
f 971/86/207 972/85/207 976/14/207 975/22/207
f 975/22/208 976/14/208 974/87/208 973/88/208
f 973/88/209 974/87/209 970/13/209 969/21/209
f 971/30/17 975/22/17 973/88/17 969/89/17
f 976/14/18 972/6/18 970/90/18 974/87/18
f 977/83/210 978/84/210 980/85/210 979/86/210
f 979/86/211 980/85/211 984/14/211 983/22/211
f 983/22/212 984/14/212 982/87/212 981/88/212
f 981/88/213 982/87/213 978/13/213 977/21/213
f 979/30/17 983/22/17 981/88/17 977/89/17
f 984/14/18 980/6/18 978/90/18 982/87/18
f 985/83/204 986/84/204 988/85/204 987/86/204
f 987/86/205 988/85/205 992/14/205 991/22/205
f 991/22/202 992/14/202 990/87/202 989/88/202
f 989/88/203 990/87/203 986/13/203 985/21/203
f 987/30/17 991/22/17 989/88/17 985/89/17
f 992/14/18 988/6/18 986/90/18 990/87/18
f 993/83/208 994/84/208 996/85/208 995/86/208
f 995/86/209 996/85/209 1000/14/209 999/22/209
f 999/22/206 1000/14/206 998/87/206 997/88/206
f 997/88/207 998/87/207 994/13/207 993/21/207
f 995/30/17 999/22/17 997/88/17 993/89/17
f 1000/14/18 996/6/18 994/90/18 998/87/18
f 1001/83/212 1002/84/212 1004/85/212 1003/86/212
f 1003/86/213 1004/85/213 1008/14/213 1007/22/213
f 1007/22/210 1008/14/210 1006/87/210 1005/88/210
f 1005/88/211 1006/87/211 1002/13/211 1001/21/211
f 1003/30/17 1007/22/17 1005/88/17 1001/89/17
f 1008/14/18 1004/6/18 1002/90/18 1006/87/18
f 1105/83/231 1106/84/231 1108/85/231 1107/86/231
f 1107/86/232 1108/85/232 1112/14/232 1111/22/232
f 1111/22/233 1112/14/233 1110/87/233 1109/88/233
f 1109/88/234 1110/87/234 1106/13/234 1105/21/234
f 1107/30/17 1111/22/17 1109/88/17 1105/89/17
f 1112/14/18 1108/6/18 1106/90/18 1110/87/18
f 1113/83/235 1114/84/235 1116/85/235 1115/86/235
f 1115/86/236 1116/85/236 1120/14/236 1119/22/236
f 1119/22/237 1120/14/237 1118/87/237 1117/88/237
f 1117/88/238 1118/87/238 1114/13/238 1113/21/238
f 1115/30/17 1119/22/17 1117/88/17 1113/89/17
f 1120/14/18 1116/6/18 1114/90/18 1118/87/18
f 1121/83/239 1122/84/239 1124/85/239 1123/86/239
f 1123/86/240 1124/85/240 1128/14/240 1127/22/240
f 1127/22/241 1128/14/241 1126/87/241 1125/88/241
f 1125/88/242 1126/87/242 1122/13/242 1121/21/242
f 1123/30/17 1127/22/17 1125/88/17 1121/89/17
f 1128/14/18 1124/6/18 1122/90/18 1126/87/18
f 1129/83/233 1130/84/233 1132/85/233 1131/86/233
f 1131/86/234 1132/85/234 1136/14/234 1135/22/234
f 1135/22/231 1136/14/231 1134/87/231 1133/88/231
f 1133/88/232 1134/87/232 1130/13/232 1129/21/232
f 1131/30/17 1135/22/17 1133/88/17 1129/89/17
f 1136/14/18 1132/6/18 1130/90/18 1134/87/18
f 1137/83/237 1138/84/237 1140/85/237 1139/86/237
f 1139/86/238 1140/85/238 1144/14/238 1143/22/238
f 1143/22/235 1144/14/235 1142/87/235 1141/88/235
f 1141/88/236 1142/87/236 1138/13/236 1137/21/236
f 1139/30/17 1143/22/17 1141/88/17 1137/89/17
f 1144/14/18 1140/6/18 1138/90/18 1142/87/18
f 1145/83/241 1146/84/241 1148/85/241 1147/86/241
f 1147/86/242 1148/85/242 1152/14/242 1151/22/242
f 1151/22/239 1152/14/239 1150/87/239 1149/88/239
f 1149/88/240 1150/87/240 1146/13/240 1145/21/240
f 1147/30/17 1151/22/17 1149/88/17 1145/89/17
f 1152/14/18 1148/6/18 1146/90/18 1150/87/18
f 1249/83/259 1250/84/259 1252/85/259 1251/86/259
f 1251/86/260 1252/85/260 1256/14/260 1255/22/260
f 1255/22/261 1256/14/261 1254/87/261 1253/88/261
f 1253/88/262 1254/87/262 1250/13/262 1249/21/262
f 1251/30/17 1255/22/17 1253/88/17 1249/89/17
f 1256/14/18 1252/6/18 1250/90/18 1254/87/18
f 1257/83/263 1258/84/263 1260/85/263 1259/86/263
f 1259/86/264 1260/85/264 1264/14/264 1263/22/264
f 1263/22/265 1264/14/265 1262/87/265 1261/88/265
f 1261/88/266 1262/87/266 1258/13/266 1257/21/266
f 1259/30/17 1263/22/17 1261/88/17 1257/89/17
f 1264/14/18 1260/6/18 1258/90/18 1262/87/18
f 1265/83/267 1266/84/267 1268/85/267 1267/86/267
f 1267/86/268 1268/85/268 1272/14/268 1271/22/268
f 1271/22/269 1272/14/269 1270/87/269 1269/88/269
f 1269/88/270 1270/87/270 1266/13/270 1265/21/270
f 1267/30/17 1271/22/17 1269/88/17 1265/89/17
f 1272/14/18 1268/6/18 1266/90/18 1270/87/18
f 1273/83/261 1274/84/261 1276/85/261 1275/86/261
f 1275/86/262 1276/85/262 1280/14/262 1279/22/262
f 1279/22/259 1280/14/259 1278/87/259 1277/88/259
f 1277/88/260 1278/87/260 1274/13/260 1273/21/260
f 1275/30/17 1279/22/17 1277/88/17 1273/89/17
f 1280/14/18 1276/6/18 1274/90/18 1278/87/18
f 1281/83/265 1282/84/265 1284/85/265 1283/86/265
f 1283/86/266 1284/85/266 1288/14/266 1287/22/266
f 1287/22/263 1288/14/263 1286/87/263 1285/88/263
f 1285/88/264 1286/87/264 1282/13/264 1281/21/264
f 1283/30/17 1287/22/17 1285/88/17 1281/89/17
f 1288/14/18 1284/6/18 1282/90/18 1286/87/18
f 1289/83/269 1290/84/269 1292/85/269 1291/86/269
f 1291/86/270 1292/85/270 1296/14/270 1295/22/270
f 1295/22/267 1296/14/267 1294/87/267 1293/88/267
f 1293/88/268 1294/87/268 1290/13/268 1289/21/268
f 1291/30/17 1295/22/17 1293/88/17 1289/89/17
f 1296/14/18 1292/6/18 1290/90/18 1294/87/18
f 1393/83/287 1394/84/287 1396/85/287 1395/86/287
f 1395/86/288 1396/85/288 1400/14/288 1399/22/288
f 1399/22/289 1400/14/289 1398/87/289 1397/88/289
f 1397/88/290 1398/87/290 1394/13/290 1393/21/290
f 1395/30/17 1399/22/17 1397/88/17 1393/89/17
f 1400/14/18 1396/6/18 1394/90/18 1398/87/18
f 1401/83/291 1402/84/291 1404/85/291 1403/86/291
f 1403/86/292 1404/85/292 1408/14/292 1407/22/292
f 1407/22/293 1408/14/293 1406/87/293 1405/88/293
f 1405/88/294 1406/87/294 1402/13/294 1401/21/294
f 1403/30/17 1407/22/17 1405/88/17 1401/89/17
f 1408/14/18 1404/6/18 1402/90/18 1406/87/18
f 1409/83/295 1410/84/295 1412/85/295 1411/86/295
f 1411/86/296 1412/85/296 1416/14/296 1415/22/296
f 1415/22/297 1416/14/297 1414/87/297 1413/88/297
f 1413/88/298 1414/87/298 1410/13/298 1409/21/298
f 1411/30/17 1415/22/17 1413/88/17 1409/89/17
f 1416/14/18 1412/6/18 1410/90/18 1414/87/18
f 1417/83/289 1418/84/289 1420/85/289 1419/86/289
f 1419/86/290 1420/85/290 1424/14/290 1423/22/290
f 1423/22/287 1424/14/287 1422/87/287 1421/88/287
f 1421/88/288 1422/87/288 1418/13/288 1417/21/288
f 1419/30/17 1423/22/17 1421/88/17 1417/89/17
f 1424/14/18 1420/6/18 1418/90/18 1422/87/18
f 1425/83/293 1426/84/293 1428/85/293 1427/86/293
f 1427/86/294 1428/85/294 1432/14/294 1431/22/294
f 1431/22/291 1432/14/291 1430/87/291 1429/88/291
f 1429/88/292 1430/87/292 1426/13/292 1425/21/292
f 1427/30/17 1431/22/17 1429/88/17 1425/89/17
f 1432/14/18 1428/6/18 1426/90/18 1430/87/18
f 1433/83/297 1434/84/297 1436/85/297 1435/86/297
f 1435/86/298 1436/85/298 1440/14/298 1439/22/298
f 1439/22/295 1440/14/295 1438/87/295 1437/88/295
f 1437/88/296 1438/87/296 1434/13/296 1433/21/296
f 1435/30/17 1439/22/17 1437/88/17 1433/89/17
f 1440/14/18 1436/6/18 1434/90/18 1438/87/18
f 1537/83/315 1538/84/315 1540/85/315 1539/86/315
f 1539/86/316 1540/85/316 1544/14/316 1543/22/316
f 1543/22/317 1544/14/317 1542/87/317 1541/88/317
f 1541/88/318 1542/87/318 1538/13/318 1537/21/318
f 1539/30/17 1543/22/17 1541/88/17 1537/89/17
f 1544/14/18 1540/6/18 1538/90/18 1542/87/18
f 1545/83/319 1546/84/319 1548/85/319 1547/86/319
f 1547/86/320 1548/85/320 1552/14/320 1551/22/320
f 1551/22/321 1552/14/321 1550/87/321 1549/88/321
f 1549/88/322 1550/87/322 1546/13/322 1545/21/322
f 1547/30/17 1551/22/17 1549/88/17 1545/89/17
f 1552/14/18 1548/6/18 1546/90/18 1550/87/18
f 1553/83/323 1554/84/323 1556/85/323 1555/86/323
f 1555/86/324 1556/85/324 1560/14/324 1559/22/324
f 1559/22/325 1560/14/325 1558/87/325 1557/88/325
f 1557/88/326 1558/87/326 1554/13/326 1553/21/326
f 1555/30/17 1559/22/17 1557/88/17 1553/89/17
f 1560/14/18 1556/6/18 1554/90/18 1558/87/18
f 1561/83/317 1562/84/317 1564/85/317 1563/86/317
f 1563/86/327 1564/85/327 1568/14/327 1567/22/327
f 1567/22/315 1568/14/315 1566/87/315 1565/88/315
f 1565/88/328 1566/87/328 1562/13/328 1561/21/328
f 1563/30/17 1567/22/17 1565/88/17 1561/89/17
f 1568/14/18 1564/6/18 1562/90/18 1566/87/18
f 1569/83/321 1570/84/321 1572/85/321 1571/86/321
f 1571/86/322 1572/85/322 1576/14/322 1575/22/322
f 1575/22/319 1576/14/319 1574/87/319 1573/88/319
f 1573/88/320 1574/87/320 1570/13/320 1569/21/320
f 1571/30/17 1575/22/17 1573/88/17 1569/89/17
f 1576/14/18 1572/6/18 1570/90/18 1574/87/18
f 1577/83/329 1578/84/329 1580/85/329 1579/86/329
f 1579/86/330 1580/85/330 1584/14/330 1583/22/330
f 1583/22/331 1584/14/331 1582/87/331 1581/88/331
f 1581/88/324 1582/87/324 1578/13/324 1577/21/324
f 1579/30/17 1583/22/17 1581/88/17 1577/89/17
f 1584/14/18 1580/6/18 1578/90/18 1582/87/18
f 1681/83/348 1682/84/348 1684/85/348 1683/86/348
f 1683/86/349 1684/85/349 1688/14/349 1687/22/349
f 1687/22/350 1688/14/350 1686/87/350 1685/88/350
f 1685/88/351 1686/87/351 1682/13/351 1681/21/351
f 1683/30/17 1687/22/17 1685/88/17 1681/89/17
f 1688/14/18 1684/6/18 1682/90/18 1686/87/18
f 1689/83/352 1690/84/352 1692/85/352 1691/86/352
f 1691/86/353 1692/85/353 1696/14/353 1695/22/353
f 1695/22/354 1696/14/354 1694/87/354 1693/88/354
f 1693/88/355 1694/87/355 1690/13/355 1689/21/355
f 1691/30/17 1695/22/17 1693/88/17 1689/89/17
f 1696/14/18 1692/6/18 1690/90/18 1694/87/18
f 1697/83/356 1698/84/356 1700/85/356 1699/86/356
f 1699/86/357 1700/85/357 1704/14/357 1703/22/357
f 1703/22/358 1704/14/358 1702/87/358 1701/88/358
f 1701/88/359 1702/87/359 1698/13/359 1697/21/359
f 1699/30/17 1703/22/17 1701/88/17 1697/89/17
f 1704/14/18 1700/6/18 1698/90/18 1702/87/18
f 1705/83/350 1706/84/350 1708/85/350 1707/86/350
f 1707/86/351 1708/85/351 1712/14/351 1711/22/351
f 1711/22/348 1712/14/348 1710/87/348 1709/88/348
f 1709/88/349 1710/87/349 1706/13/349 1705/21/349
f 1707/30/17 1711/22/17 1709/88/17 1705/89/17
f 1712/14/18 1708/6/18 1706/90/18 1710/87/18
f 1713/83/354 1714/84/354 1716/85/354 1715/86/354
f 1715/86/355 1716/85/355 1720/14/355 1719/22/355
f 1719/22/352 1720/14/352 1718/87/352 1717/88/352
f 1717/88/353 1718/87/353 1714/13/353 1713/21/353
f 1715/30/17 1719/22/17 1717/88/17 1713/89/17
f 1720/14/18 1716/6/18 1714/90/18 1718/87/18
f 1721/83/358 1722/84/358 1724/85/358 1723/86/358
f 1723/86/359 1724/85/359 1728/14/359 1727/22/359
f 1727/22/356 1728/14/356 1726/87/356 1725/88/356
f 1725/88/357 1726/87/357 1722/13/357 1721/21/357
f 1723/30/17 1727/22/17 1725/88/17 1721/89/17
f 1728/14/18 1724/6/18 1722/90/18 1726/87/18
f 1825/83/377 1826/84/377 1828/85/377 1827/86/377
f 1827/86/378 1828/85/378 1832/14/378 1831/22/378
f 1831/22/379 1832/14/379 1830/87/379 1829/88/379
f 1829/88/380 1830/87/380 1826/13/380 1825/21/380
f 1827/30/17 1831/22/17 1829/88/17 1825/89/17
f 1832/14/18 1828/6/18 1826/90/18 1830/87/18
f 1833/83/381 1834/84/381 1836/85/381 1835/86/381
f 1835/86/382 1836/85/382 1840/14/382 1839/22/382
f 1839/22/383 1840/14/383 1838/87/383 1837/88/383
f 1837/88/384 1838/87/384 1834/13/384 1833/21/384
f 1835/30/17 1839/22/17 1837/88/17 1833/89/17
f 1840/14/18 1836/6/18 1834/90/18 1838/87/18
f 1841/83/385 1842/84/385 1844/85/385 1843/86/385
f 1843/86/386 1844/85/386 1848/14/386 1847/22/386
f 1847/22/387 1848/14/387 1846/87/387 1845/88/387
f 1845/88/388 1846/87/388 1842/13/388 1841/21/388
f 1843/30/17 1847/22/17 1845/88/17 1841/89/17
f 1848/14/18 1844/6/18 1842/90/18 1846/87/18
f 1849/83/379 1850/84/379 1852/85/379 1851/86/379
f 1851/86/380 1852/85/380 1856/14/380 1855/22/380
f 1855/22/389 1856/14/389 1854/87/389 1853/88/389
f 1853/88/390 1854/87/390 1850/13/390 1849/21/390
f 1851/30/17 1855/22/17 1853/88/17 1849/89/17
f 1856/14/18 1852/6/18 1850/90/18 1854/87/18
f 1857/83/383 1858/84/383 1860/85/383 1859/86/383
f 1859/86/384 1860/85/384 1864/14/384 1863/22/384
f 1863/22/381 1864/14/381 1862/87/381 1861/88/381
f 1861/88/382 1862/87/382 1858/13/382 1857/21/382
f 1859/30/17 1863/22/17 1861/88/17 1857/89/17
f 1864/14/18 1860/6/18 1858/90/18 1862/87/18
f 1865/83/391 1866/84/391 1868/85/391 1867/86/391
f 1867/86/388 1868/85/388 1872/14/388 1871/22/388
f 1871/22/385 1872/14/385 1870/87/385 1869/88/385
f 1869/88/386 1870/87/386 1866/13/386 1865/21/386
f 1867/30/17 1871/22/17 1869/88/17 1865/89/17
f 1872/14/18 1868/6/18 1866/90/18 1870/87/18
f 1969/83/412 1970/84/412 1972/85/412 1971/86/412
f 1971/86/413 1972/85/413 1976/14/413 1975/22/413
f 1975/22/414 1976/14/414 1974/87/414 1973/88/414
f 1973/88/415 1974/87/415 1970/13/415 1969/21/415
f 1971/30/17 1975/22/17 1973/88/17 1969/89/17
f 1976/14/18 1972/6/18 1970/90/18 1974/87/18
f 1977/83/416 1978/84/416 1980/85/416 1979/86/416
f 1979/86/417 1980/85/417 1984/14/417 1983/22/417
f 1983/22/418 1984/14/418 1982/87/418 1981/88/418
f 1981/88/419 1982/87/419 1978/13/419 1977/21/419
f 1979/30/17 1983/22/17 1981/88/17 1977/89/17
f 1984/14/18 1980/6/18 1978/90/18 1982/87/18
f 1985/83/420 1986/84/420 1988/85/420 1987/86/420
f 1987/86/421 1988/85/421 1992/14/421 1991/22/421
f 1991/22/422 1992/14/422 1990/87/422 1989/88/422
f 1989/88/423 1990/87/423 1986/13/423 1985/21/423
f 1987/30/17 1991/22/17 1989/88/17 1985/89/17
f 1992/14/18 1988/6/18 1986/90/18 1990/87/18
f 1993/83/414 1994/84/414 1996/85/414 1995/86/414
f 1995/86/415 1996/85/415 2000/14/415 1999/22/415
f 1999/22/412 2000/14/412 1998/87/412 1997/88/412
f 1997/88/413 1998/87/413 1994/13/413 1993/21/413
f 1995/30/17 1999/22/17 1997/88/17 1993/89/17
f 2000/14/18 1996/6/18 1994/90/18 1998/87/18
f 2001/83/418 2002/84/418 2004/85/418 2003/86/418
f 2003/86/419 2004/85/419 2008/14/419 2007/22/419
f 2007/22/416 2008/14/416 2006/87/416 2005/88/416
f 2005/88/417 2006/87/417 2002/13/417 2001/21/417
f 2003/30/17 2007/22/17 2005/88/17 2001/89/17
f 2008/14/18 2004/6/18 2002/90/18 2006/87/18
f 2009/83/422 2010/84/422 2012/85/422 2011/86/422
f 2011/86/423 2012/85/423 2016/14/423 2015/22/423
f 2015/22/420 2016/14/420 2014/87/420 2013/88/420
f 2013/88/421 2014/87/421 2010/13/421 2009/21/421
f 2011/30/17 2015/22/17 2013/88/17 2009/89/17
f 2016/14/18 2012/6/18 2010/90/18 2014/87/18
f 2113/83/441 2114/84/441 2116/85/441 2115/86/441
f 2115/86/442 2116/85/442 2120/14/442 2119/22/442
f 2119/22/443 2120/14/443 2118/87/443 2117/88/443
f 2117/88/444 2118/87/444 2114/13/444 2113/21/444
f 2115/30/17 2119/22/17 2117/88/17 2113/89/17
f 2120/14/18 2116/6/18 2114/90/18 2118/87/18
f 2121/83/445 2122/84/445 2124/85/445 2123/86/445
f 2123/86/446 2124/85/446 2128/14/446 2127/22/446
f 2127/22/447 2128/14/447 2126/87/447 2125/88/447
f 2125/88/448 2126/87/448 2122/13/448 2121/21/448
f 2123/30/17 2127/22/17 2125/88/17 2121/89/17
f 2128/14/18 2124/6/18 2122/90/18 2126/87/18
f 2129/83/449 2130/84/449 2132/85/449 2131/86/449
f 2131/86/450 2132/85/450 2136/14/450 2135/22/450
f 2135/22/451 2136/14/451 2134/87/451 2133/88/451
f 2133/88/452 2134/87/452 2130/13/452 2129/21/452
f 2131/30/17 2135/22/17 2133/88/17 2129/89/17
f 2136/14/18 2132/6/18 2130/90/18 2134/87/18
f 2137/83/443 2138/84/443 2140/85/443 2139/86/443
f 2139/86/444 2140/85/444 2144/14/444 2143/22/444
f 2143/22/441 2144/14/441 2142/87/441 2141/88/441
f 2141/88/442 2142/87/442 2138/13/442 2137/21/442
f 2139/30/17 2143/22/17 2141/88/17 2137/89/17
f 2144/14/18 2140/6/18 2138/90/18 2142/87/18
f 2145/83/447 2146/84/447 2148/85/447 2147/86/447
f 2147/86/448 2148/85/448 2152/14/448 2151/22/448
f 2151/22/445 2152/14/445 2150/87/445 2149/88/445
f 2149/88/446 2150/87/446 2146/13/446 2145/21/446
f 2147/30/17 2151/22/17 2149/88/17 2145/89/17
f 2152/14/18 2148/6/18 2146/90/18 2150/87/18
f 2153/83/451 2154/84/451 2156/85/451 2155/86/451
f 2155/86/452 2156/85/452 2160/14/452 2159/22/452
f 2159/22/449 2160/14/449 2158/87/449 2157/88/449
f 2157/88/450 2158/87/450 2154/13/450 2153/21/450
f 2155/30/17 2159/22/17 2157/88/17 2153/89/17
f 2160/14/18 2156/6/18 2154/90/18 2158/87/18
f 2257/83/469 2258/84/469 2260/85/469 2259/86/469
f 2259/86/470 2260/85/470 2264/14/470 2263/22/470
f 2263/22/471 2264/14/471 2262/87/471 2261/88/471
f 2261/88/472 2262/87/472 2258/13/472 2257/21/472
f 2259/30/17 2263/22/17 2261/88/17 2257/89/17
f 2264/14/18 2260/6/18 2258/90/18 2262/87/18
f 2265/83/473 2266/84/473 2268/85/473 2267/86/473
f 2267/86/474 2268/85/474 2272/14/474 2271/22/474
f 2271/22/475 2272/14/475 2270/87/475 2269/88/475
f 2269/88/476 2270/87/476 2266/13/476 2265/21/476
f 2267/30/17 2271/22/17 2269/88/17 2265/89/17
f 2272/14/18 2268/6/18 2266/90/18 2270/87/18
f 2273/83/477 2274/84/477 2276/85/477 2275/86/477
f 2275/86/478 2276/85/478 2280/14/478 2279/22/478
f 2279/22/479 2280/14/479 2278/87/479 2277/88/479
f 2277/88/480 2278/87/480 2274/13/480 2273/21/480
f 2275/30/17 2279/22/17 2277/88/17 2273/89/17
f 2280/14/18 2276/6/18 2274/90/18 2278/87/18
f 2281/83/481 2282/84/481 2284/85/481 2283/86/481
f 2283/86/472 2284/85/472 2288/14/472 2287/22/472
f 2287/22/469 2288/14/469 2286/87/469 2285/88/469
f 2285/88/482 2286/87/482 2282/13/482 2281/21/482
f 2283/30/17 2287/22/17 2285/88/17 2281/89/17
f 2288/14/18 2284/6/18 2282/90/18 2286/87/18
f 2289/83/475 2290/84/475 2292/85/475 2291/86/475
f 2291/86/476 2292/85/476 2296/14/476 2295/22/476
f 2295/22/473 2296/14/473 2294/87/473 2293/88/473
f 2293/88/474 2294/87/474 2290/13/474 2289/21/474
f 2291/30/17 2295/22/17 2293/88/17 2289/89/17
f 2296/14/18 2292/6/18 2290/90/18 2294/87/18
f 2297/83/479 2298/84/479 2300/85/479 2299/86/479
f 2299/86/480 2300/85/480 2304/14/480 2303/22/480
f 2303/22/477 2304/14/477 2302/87/477 2301/88/477
f 2301/88/478 2302/87/478 2298/13/478 2297/21/478
f 2299/30/17 2303/22/17 2301/88/17 2297/89/17
f 2304/14/18 2300/6/18 2298/90/18 2302/87/18
f 2401/83/502 2402/84/502 2404/85/502 2403/86/502
f 2403/86/503 2404/85/503 2408/14/503 2407/22/503
f 2407/22/504 2408/14/504 2406/87/504 2405/88/504
f 2405/88/505 2406/87/505 2402/13/505 2401/21/505
f 2403/30/17 2407/22/17 2405/88/17 2401/89/17
f 2408/14/18 2404/6/18 2402/90/18 2406/87/18
f 2409/83/506 2410/84/506 2412/85/506 2411/86/506
f 2411/86/507 2412/85/507 2416/14/507 2415/22/507
f 2415/22/508 2416/14/508 2414/87/508 2413/88/508
f 2413/88/509 2414/87/509 2410/13/509 2409/21/509
f 2411/30/17 2415/22/17 2413/88/17 2409/89/17
f 2416/14/18 2412/6/18 2410/90/18 2414/87/18
f 2417/83/510 2418/84/510 2420/85/510 2419/86/510
f 2419/86/511 2420/85/511 2424/14/511 2423/22/511
f 2423/22/512 2424/14/512 2422/87/512 2421/88/512
f 2421/88/513 2422/87/513 2418/13/513 2417/21/513
f 2419/30/17 2423/22/17 2421/88/17 2417/89/17
f 2424/14/18 2420/6/18 2418/90/18 2422/87/18
f 2425/83/504 2426/84/504 2428/85/504 2427/86/504
f 2427/86/505 2428/85/505 2432/14/505 2431/22/505
f 2431/22/502 2432/14/502 2430/87/502 2429/88/502
f 2429/88/503 2430/87/503 2426/13/503 2425/21/503
f 2427/30/17 2431/22/17 2429/88/17 2425/89/17
f 2432/14/18 2428/6/18 2426/90/18 2430/87/18
f 2433/83/508 2434/84/508 2436/85/508 2435/86/508
f 2435/86/509 2436/85/509 2440/14/509 2439/22/509
f 2439/22/506 2440/14/506 2438/87/506 2437/88/506
f 2437/88/507 2438/87/507 2434/13/507 2433/21/507
f 2435/30/17 2439/22/17 2437/88/17 2433/89/17
f 2440/14/18 2436/6/18 2434/90/18 2438/87/18
f 2441/83/512 2442/84/512 2444/85/512 2443/86/512
f 2443/86/513 2444/85/513 2448/14/513 2447/22/513
f 2447/22/510 2448/14/510 2446/87/510 2445/88/510
f 2445/88/511 2446/87/511 2442/13/511 2441/21/511
f 2443/30/17 2447/22/17 2445/88/17 2441/89/17
f 2448/14/18 2444/6/18 2442/90/18 2446/87/18
f 2545/83/530 2546/84/530 2548/85/530 2547/86/530
f 2547/86/531 2548/85/531 2552/14/531 2551/22/531
f 2551/22/532 2552/14/532 2550/87/532 2549/88/532
f 2549/88/533 2550/87/533 2546/13/533 2545/21/533
f 2547/30/17 2551/22/17 2549/88/17 2545/89/17
f 2552/14/18 2548/6/18 2546/90/18 2550/87/18
f 2553/83/534 2554/84/534 2556/85/534 2555/86/534
f 2555/86/535 2556/85/535 2560/14/535 2559/22/535
f 2559/22/536 2560/14/536 2558/87/536 2557/88/536
f 2557/88/537 2558/87/537 2554/13/537 2553/21/537
f 2555/30/17 2559/22/17 2557/88/17 2553/89/17
f 2560/14/18 2556/6/18 2554/90/18 2558/87/18
f 2561/83/538 2562/84/538 2564/85/538 2563/86/538
f 2563/86/539 2564/85/539 2568/14/539 2567/22/539
f 2567/22/540 2568/14/540 2566/87/540 2565/88/540
f 2565/88/541 2566/87/541 2562/13/541 2561/21/541
f 2563/30/17 2567/22/17 2565/88/17 2561/89/17
f 2568/14/18 2564/6/18 2562/90/18 2566/87/18
f 2569/83/532 2570/84/532 2572/85/532 2571/86/532
f 2571/86/533 2572/85/533 2576/14/533 2575/22/533
f 2575/22/530 2576/14/530 2574/87/530 2573/88/530
f 2573/88/531 2574/87/531 2570/13/531 2569/21/531
f 2571/30/17 2575/22/17 2573/88/17 2569/89/17
f 2576/14/18 2572/6/18 2570/90/18 2574/87/18
f 2577/83/536 2578/84/536 2580/85/536 2579/86/536
f 2579/86/537 2580/85/537 2584/14/537 2583/22/537
f 2583/22/542 2584/14/542 2582/87/542 2581/88/542
f 2581/88/535 2582/87/535 2578/13/535 2577/21/535
f 2579/30/17 2583/22/17 2581/88/17 2577/89/17
f 2584/14/18 2580/6/18 2578/90/18 2582/87/18
f 2585/83/540 2586/84/540 2588/85/540 2587/86/540
f 2587/86/541 2588/85/541 2592/14/541 2591/22/541
f 2591/22/538 2592/14/538 2590/87/538 2589/88/538
f 2589/88/539 2590/87/539 2586/13/539 2585/21/539
f 2587/30/17 2591/22/17 2589/88/17 2585/89/17
f 2592/14/18 2588/6/18 2586/90/18 2590/87/18
f 2689/83/563 2690/84/563 2692/85/563 2691/86/563
f 2691/86/564 2692/85/564 2696/14/564 2695/22/564
f 2695/22/565 2696/14/565 2694/87/565 2693/88/565
f 2693/88/566 2694/87/566 2690/13/566 2689/21/566
f 2691/30/17 2695/22/17 2693/88/17 2689/89/17
f 2696/14/18 2692/6/18 2690/90/18 2694/87/18
f 2697/83/567 2698/84/567 2700/85/567 2699/86/567
f 2699/86/568 2700/85/568 2704/14/568 2703/22/568
f 2703/22/569 2704/14/569 2702/87/569 2701/88/569
f 2701/88/570 2702/87/570 2698/13/570 2697/21/570
f 2699/30/17 2703/22/17 2701/88/17 2697/89/17
f 2704/14/18 2700/6/18 2698/90/18 2702/87/18
f 2705/83/571 2706/84/571 2708/85/571 2707/86/571
f 2707/86/572 2708/85/572 2712/14/572 2711/22/572
f 2711/22/573 2712/14/573 2710/87/573 2709/88/573
f 2709/88/574 2710/87/574 2706/13/574 2705/21/574
f 2707/30/17 2711/22/17 2709/88/17 2705/89/17
f 2712/14/18 2708/6/18 2706/90/18 2710/87/18
f 2713/83/565 2714/84/565 2716/85/565 2715/86/565
f 2715/86/566 2716/85/566 2720/14/566 2719/22/566
f 2719/22/563 2720/14/563 2718/87/563 2717/88/563
f 2717/88/564 2718/87/564 2714/13/564 2713/21/564
f 2715/30/17 2719/22/17 2717/88/17 2713/89/17
f 2720/14/18 2716/6/18 2714/90/18 2718/87/18
f 2721/83/575 2722/84/575 2724/85/575 2723/86/575
f 2723/86/570 2724/85/570 2728/14/570 2727/22/570
f 2727/22/567 2728/14/567 2726/87/567 2725/88/567
f 2725/88/568 2726/87/568 2722/13/568 2721/21/568
f 2723/30/17 2727/22/17 2725/88/17 2721/89/17
f 2728/14/18 2724/6/18 2722/90/18 2726/87/18
f 2729/83/573 2730/84/573 2732/85/573 2731/86/573
f 2731/86/574 2732/85/574 2736/14/574 2735/22/574
f 2735/22/571 2736/14/571 2734/87/571 2733/88/571
f 2733/88/572 2734/87/572 2730/13/572 2729/21/572
f 2731/30/17 2735/22/17 2733/88/17 2729/89/17
f 2736/14/18 2732/6/18 2730/90/18 2734/87/18
f 2833/83/592 2834/84/592 2836/85/592 2835/86/592
f 2835/86/593 2836/85/593 2840/14/593 2839/22/593
f 2839/22/594 2840/14/594 2838/87/594 2837/88/594
f 2837/88/595 2838/87/595 2834/13/595 2833/21/595
f 2835/30/17 2839/22/17 2837/88/17 2833/89/17
f 2840/14/18 2836/6/18 2834/90/18 2838/87/18
f 2841/83/596 2842/84/596 2844/85/596 2843/86/596
f 2843/86/597 2844/85/597 2848/14/597 2847/22/597
f 2847/22/598 2848/14/598 2846/87/598 2845/88/598
f 2845/88/599 2846/87/599 2842/13/599 2841/21/599
f 2843/30/17 2847/22/17 2845/88/17 2841/89/17
f 2848/14/18 2844/6/18 2842/90/18 2846/87/18
f 2849/83/600 2850/84/600 2852/85/600 2851/86/600
f 2851/86/601 2852/85/601 2856/14/601 2855/22/601
f 2855/22/602 2856/14/602 2854/87/602 2853/88/602
f 2853/88/603 2854/87/603 2850/13/603 2849/21/603
f 2851/30/17 2855/22/17 2853/88/17 2849/89/17
f 2856/14/18 2852/6/18 2850/90/18 2854/87/18
f 2857/83/594 2858/84/594 2860/85/594 2859/86/594
f 2859/86/595 2860/85/595 2864/14/595 2863/22/595
f 2863/22/592 2864/14/592 2862/87/592 2861/88/592
f 2861/88/593 2862/87/593 2858/13/593 2857/21/593
f 2859/30/17 2863/22/17 2861/88/17 2857/89/17
f 2864/14/18 2860/6/18 2858/90/18 2862/87/18
f 2865/83/598 2866/84/598 2868/85/598 2867/86/598
f 2867/86/599 2868/85/599 2872/14/599 2871/22/599
f 2871/22/596 2872/14/596 2870/87/596 2869/88/596
f 2869/88/597 2870/87/597 2866/13/597 2865/21/597
f 2867/30/17 2871/22/17 2869/88/17 2865/89/17
f 2872/14/18 2868/6/18 2866/90/18 2870/87/18
f 2873/83/602 2874/84/602 2876/85/602 2875/86/602
f 2875/86/603 2876/85/603 2880/14/603 2879/22/603
f 2879/22/600 2880/14/600 2878/87/600 2877/88/600
f 2877/88/601 2878/87/601 2874/13/601 2873/21/601
f 2875/30/17 2879/22/17 2877/88/17 2873/89/17
f 2880/14/18 2876/6/18 2874/90/18 2878/87/18
f 2977/83/622 2978/84/622 2980/85/622 2979/86/622
f 2979/86/623 2980/85/623 2984/14/623 2983/22/623
f 2983/22/624 2984/14/624 2982/87/624 2981/88/624
f 2981/88/625 2982/87/625 2978/13/625 2977/21/625
f 2979/30/17 2983/22/17 2981/88/17 2977/89/17
f 2984/14/18 2980/6/18 2978/90/18 2982/87/18
f 2985/83/626 2986/84/626 2988/85/626 2987/86/626
f 2987/86/627 2988/85/627 2992/14/627 2991/22/627
f 2991/22/628 2992/14/628 2990/87/628 2989/88/628
f 2989/88/629 2990/87/629 2986/13/629 2985/21/629
f 2987/30/17 2991/22/17 2989/88/17 2985/89/17
f 2992/14/18 2988/6/18 2986/90/18 2990/87/18
f 2993/83/630 2994/84/630 2996/85/630 2995/86/630
f 2995/86/631 2996/85/631 3000/14/631 2999/22/631
f 2999/22/632 3000/14/632 2998/87/632 2997/88/632
f 2997/88/633 2998/87/633 2994/13/633 2993/21/633
f 2995/30/17 2999/22/17 2997/88/17 2993/89/17
f 3000/14/18 2996/6/18 2994/90/18 2998/87/18
f 3001/83/624 3002/84/624 3004/85/624 3003/86/624
f 3003/86/634 3004/85/634 3008/14/634 3007/22/634
f 3007/22/622 3008/14/622 3006/87/622 3005/88/622
f 3005/88/623 3006/87/623 3002/13/623 3001/21/623
f 3003/30/17 3007/22/17 3005/88/17 3001/89/17
f 3008/14/18 3004/6/18 3002/90/18 3006/87/18
f 3009/83/628 3010/84/628 3012/85/628 3011/86/628
f 3011/86/629 3012/85/629 3016/14/629 3015/22/629
f 3015/22/626 3016/14/626 3014/87/626 3013/88/626
f 3013/88/627 3014/87/627 3010/13/627 3009/21/627
f 3011/30/17 3015/22/17 3013/88/17 3009/89/17
f 3016/14/18 3012/6/18 3010/90/18 3014/87/18
f 3017/83/632 3018/84/632 3020/85/632 3019/86/632
f 3019/86/633 3020/85/633 3024/14/633 3023/22/633
f 3023/22/635 3024/14/635 3022/87/635 3021/88/635
f 3021/88/636 3022/87/636 3018/13/636 3017/21/636
f 3019/30/17 3023/22/17 3021/88/17 3017/89/17
f 3024/14/18 3020/6/18 3018/90/18 3022/87/18
f 3121/83/655 3122/84/655 3124/85/655 3123/86/655
f 3123/86/656 3124/85/656 3128/14/656 3127/22/656
f 3127/22/657 3128/14/657 3126/87/657 3125/88/657
f 3125/88/658 3126/87/658 3122/13/658 3121/21/658
f 3123/30/17 3127/22/17 3125/88/17 3121/89/17
f 3128/14/18 3124/6/18 3122/90/18 3126/87/18
f 3129/83/659 3130/84/659 3132/85/659 3131/86/659
f 3131/86/660 3132/85/660 3136/14/660 3135/22/660
f 3135/22/661 3136/14/661 3134/87/661 3133/88/661
f 3133/88/662 3134/87/662 3130/13/662 3129/21/662
f 3131/30/17 3135/22/17 3133/88/17 3129/89/17
f 3136/14/18 3132/6/18 3130/90/18 3134/87/18
f 3137/83/663 3138/84/663 3140/85/663 3139/86/663
f 3139/86/664 3140/85/664 3144/14/664 3143/22/664
f 3143/22/665 3144/14/665 3142/87/665 3141/88/665
f 3141/88/666 3142/87/666 3138/13/666 3137/21/666
f 3139/30/17 3143/22/17 3141/88/17 3137/89/17
f 3144/14/18 3140/6/18 3138/90/18 3142/87/18
f 3145/83/657 3146/84/657 3148/85/657 3147/86/657
f 3147/86/658 3148/85/658 3152/14/658 3151/22/658
f 3151/22/655 3152/14/655 3150/87/655 3149/88/655
f 3149/88/656 3150/87/656 3146/13/656 3145/21/656
f 3147/30/17 3151/22/17 3149/88/17 3145/89/17
f 3152/14/18 3148/6/18 3146/90/18 3150/87/18
f 3153/83/661 3154/84/661 3156/85/661 3155/86/661
f 3155/86/662 3156/85/662 3160/14/662 3159/22/662
f 3159/22/659 3160/14/659 3158/87/659 3157/88/659
f 3157/88/660 3158/87/660 3154/13/660 3153/21/660
f 3155/30/17 3159/22/17 3157/88/17 3153/89/17
f 3160/14/18 3156/6/18 3154/90/18 3158/87/18
f 3161/83/667 3162/84/667 3164/85/667 3163/86/667
f 3163/86/666 3164/85/666 3168/14/666 3167/22/666
f 3167/22/663 3168/14/663 3166/87/663 3165/88/663
f 3165/88/664 3166/87/664 3162/13/664 3161/21/664
f 3163/30/17 3167/22/17 3165/88/17 3161/89/17
f 3168/14/18 3164/6/18 3162/90/18 3166/87/18
f 3265/83/684 3266/84/684 3268/85/684 3267/86/684
f 3267/86/685 3268/85/685 3272/14/685 3271/22/685
f 3271/22/686 3272/14/686 3270/87/686 3269/88/686
f 3269/88/687 3270/87/687 3266/13/687 3265/21/687
f 3267/30/17 3271/22/17 3269/88/17 3265/89/17
f 3272/14/18 3268/6/18 3266/90/18 3270/87/18
f 3273/83/688 3274/84/688 3276/85/688 3275/86/688
f 3275/86/689 3276/85/689 3280/14/689 3279/22/689
f 3279/22/690 3280/14/690 3278/87/690 3277/88/690
f 3277/88/691 3278/87/691 3274/13/691 3273/21/691
f 3275/30/17 3279/22/17 3277/88/17 3273/89/17
f 3280/14/18 3276/6/18 3274/90/18 3278/87/18
f 3281/83/692 3282/84/692 3284/85/692 3283/86/692
f 3283/86/693 3284/85/693 3288/14/693 3287/22/693
f 3287/22/694 3288/14/694 3286/87/694 3285/88/694
f 3285/88/695 3286/87/695 3282/13/695 3281/21/695
f 3283/30/17 3287/22/17 3285/88/17 3281/89/17
f 3288/14/18 3284/6/18 3282/90/18 3286/87/18
f 3289/83/686 3290/84/686 3292/85/686 3291/86/686
f 3291/86/687 3292/85/687 3296/14/687 3295/22/687
f 3295/22/696 3296/14/696 3294/87/696 3293/88/696
f 3293/88/685 3294/87/685 3290/13/685 3289/21/685
f 3291/30/17 3295/22/17 3293/88/17 3289/89/17
f 3296/14/18 3292/6/18 3290/90/18 3294/87/18
f 3297/83/690 3298/84/690 3300/85/690 3299/86/690
f 3299/86/691 3300/85/691 3304/14/691 3303/22/691
f 3303/22/688 3304/14/688 3302/87/688 3301/88/688
f 3301/88/689 3302/87/689 3298/13/689 3297/21/689
f 3299/30/17 3303/22/17 3301/88/17 3297/89/17
f 3304/14/18 3300/6/18 3298/90/18 3302/87/18
f 3305/83/694 3306/84/694 3308/85/694 3307/86/694
f 3307/86/695 3308/85/695 3312/14/695 3311/22/695
f 3311/22/692 3312/14/692 3310/87/692 3309/88/692
f 3309/88/693 3310/87/693 3306/13/693 3305/21/693
f 3307/30/17 3311/22/17 3309/88/17 3305/89/17
f 3312/14/18 3308/6/18 3306/90/18 3310/87/18
f 3409/83/713 3410/84/713 3412/85/713 3411/86/713
f 3411/86/714 3412/85/714 3416/14/714 3415/22/714
f 3415/22/715 3416/14/715 3414/87/715 3413/88/715
f 3413/88/716 3414/87/716 3410/13/716 3409/21/716
f 3411/30/17 3415/22/17 3413/88/17 3409/89/17
f 3416/14/18 3412/6/18 3410/90/18 3414/87/18
f 3417/83/717 3418/84/717 3420/85/717 3419/86/717
f 3419/86/718 3420/85/718 3424/14/718 3423/22/718
f 3423/22/719 3424/14/719 3422/87/719 3421/88/719
f 3421/88/720 3422/87/720 3418/13/720 3417/21/720
f 3419/30/17 3423/22/17 3421/88/17 3417/89/17
f 3424/14/18 3420/6/18 3418/90/18 3422/87/18
f 3425/83/721 3426/84/721 3428/85/721 3427/86/721
f 3427/86/722 3428/85/722 3432/14/722 3431/22/722
f 3431/22/723 3432/14/723 3430/87/723 3429/88/723
f 3429/88/724 3430/87/724 3426/13/724 3425/21/724
f 3427/30/17 3431/22/17 3429/88/17 3425/89/17
f 3432/14/18 3428/6/18 3426/90/18 3430/87/18
f 3433/83/715 3434/84/715 3436/85/715 3435/86/715
f 3435/86/716 3436/85/716 3440/14/716 3439/22/716
f 3439/22/713 3440/14/713 3438/87/713 3437/88/713
f 3437/88/714 3438/87/714 3434/13/714 3433/21/714
f 3435/30/17 3439/22/17 3437/88/17 3433/89/17
f 3440/14/18 3436/6/18 3434/90/18 3438/87/18
f 3441/83/719 3442/84/719 3444/85/719 3443/86/719
f 3443/86/720 3444/85/720 3448/14/720 3447/22/720
f 3447/22/717 3448/14/717 3446/87/717 3445/88/717
f 3445/88/718 3446/87/718 3442/13/718 3441/21/718
f 3443/30/17 3447/22/17 3445/88/17 3441/89/17
f 3448/14/18 3444/6/18 3442/90/18 3446/87/18
f 3449/83/723 3450/84/723 3452/85/723 3451/86/723
f 3451/86/724 3452/85/724 3456/14/724 3455/22/724
f 3455/22/721 3456/14/721 3454/87/721 3453/88/721
f 3453/88/722 3454/87/722 3450/13/722 3449/21/722
f 3451/30/17 3455/22/17 3453/88/17 3449/89/17
f 3456/14/18 3452/6/18 3450/90/18 3454/87/18
f 3553/83/741 3554/84/741 3556/85/741 3555/86/741
f 3555/86/742 3556/85/742 3560/14/742 3559/22/742
f 3559/22/743 3560/14/743 3558/87/743 3557/88/743
f 3557/88/744 3558/87/744 3554/13/744 3553/21/744
f 3555/30/17 3559/22/17 3557/88/17 3553/89/17
f 3560/14/18 3556/6/18 3554/90/18 3558/87/18
f 3561/83/745 3562/84/745 3564/85/745 3563/86/745
f 3563/86/746 3564/85/746 3568/14/746 3567/22/746
f 3567/22/747 3568/14/747 3566/87/747 3565/88/747
f 3565/88/748 3566/87/748 3562/13/748 3561/21/748
f 3563/30/17 3567/22/17 3565/88/17 3561/89/17
f 3568/14/18 3564/6/18 3562/90/18 3566/87/18
f 3569/83/749 3570/84/749 3572/85/749 3571/86/749
f 3571/86/750 3572/85/750 3576/14/750 3575/22/750
f 3575/22/751 3576/14/751 3574/87/751 3573/88/751
f 3573/88/752 3574/87/752 3570/13/752 3569/21/752
f 3571/30/17 3575/22/17 3573/88/17 3569/89/17
f 3576/14/18 3572/6/18 3570/90/18 3574/87/18
f 3577/83/743 3578/84/743 3580/85/743 3579/86/743
f 3579/86/744 3580/85/744 3584/14/744 3583/22/744
f 3583/22/741 3584/14/741 3582/87/741 3581/88/741
f 3581/88/742 3582/87/742 3578/13/742 3577/21/742
f 3579/30/17 3583/22/17 3581/88/17 3577/89/17
f 3584/14/18 3580/6/18 3578/90/18 3582/87/18
f 3585/83/747 3586/84/747 3588/85/747 3587/86/747
f 3587/86/748 3588/85/748 3592/14/748 3591/22/748
f 3591/22/745 3592/14/745 3590/87/745 3589/88/745
f 3589/88/746 3590/87/746 3586/13/746 3585/21/746
f 3587/30/17 3591/22/17 3589/88/17 3585/89/17
f 3592/14/18 3588/6/18 3586/90/18 3590/87/18
f 3593/83/751 3594/84/751 3596/85/751 3595/86/751
f 3595/86/752 3596/85/752 3600/14/752 3599/22/752
f 3599/22/749 3600/14/749 3598/87/749 3597/88/749
f 3597/88/750 3598/87/750 3594/13/750 3593/21/750
f 3595/30/17 3599/22/17 3597/88/17 3593/89/17
f 3600/14/18 3596/6/18 3594/90/18 3598/87/18
f 3697/83/770 3698/84/770 3700/85/770 3699/86/770
f 3699/86/771 3700/85/771 3704/14/771 3703/22/771
f 3703/22/772 3704/14/772 3702/87/772 3701/88/772
f 3701/88/773 3702/87/773 3698/13/773 3697/21/773
f 3699/30/17 3703/22/17 3701/88/17 3697/89/17
f 3704/14/18 3700/6/18 3698/90/18 3702/87/18
f 3705/83/774 3706/84/774 3708/85/774 3707/86/774
f 3707/86/775 3708/85/775 3712/14/775 3711/22/775
f 3711/22/776 3712/14/776 3710/87/776 3709/88/776
f 3709/88/777 3710/87/777 3706/13/777 3705/21/777
f 3707/30/17 3711/22/17 3709/88/17 3705/89/17
f 3712/14/18 3708/6/18 3706/90/18 3710/87/18
f 3713/83/778 3714/84/778 3716/85/778 3715/86/778
f 3715/86/779 3716/85/779 3720/14/779 3719/22/779
f 3719/22/780 3720/14/780 3718/87/780 3717/88/780
f 3717/88/781 3718/87/781 3714/13/781 3713/21/781
f 3715/30/17 3719/22/17 3717/88/17 3713/89/17
f 3720/14/18 3716/6/18 3714/90/18 3718/87/18
f 3721/83/772 3722/84/772 3724/85/772 3723/86/772
f 3723/86/773 3724/85/773 3728/14/773 3727/22/773
f 3727/22/770 3728/14/770 3726/87/770 3725/88/770
f 3725/88/771 3726/87/771 3722/13/771 3721/21/771
f 3723/30/17 3727/22/17 3725/88/17 3721/89/17
f 3728/14/18 3724/6/18 3722/90/18 3726/87/18
f 3729/83/776 3730/84/776 3732/85/776 3731/86/776
f 3731/86/777 3732/85/777 3736/14/777 3735/22/777
f 3735/22/774 3736/14/774 3734/87/774 3733/88/774
f 3733/88/775 3734/87/775 3730/13/775 3729/21/775
f 3731/30/17 3735/22/17 3733/88/17 3729/89/17
f 3736/14/18 3732/6/18 3730/90/18 3734/87/18
f 3737/83/780 3738/84/780 3740/85/780 3739/86/780
f 3739/86/781 3740/85/781 3744/14/781 3743/22/781
f 3743/22/778 3744/14/778 3742/87/778 3741/88/778
f 3741/88/779 3742/87/779 3738/13/779 3737/21/779
f 3739/30/17 3743/22/17 3741/88/17 3737/89/17
f 3744/14/18 3740/6/18 3738/90/18 3742/87/18
f 3841/83/801 3842/84/801 3844/85/801 3843/86/801
f 3843/86/802 3844/85/802 3848/14/802 3847/22/802
f 3847/22/803 3848/14/803 3846/87/803 3845/88/803
f 3845/88/804 3846/87/804 3842/13/804 3841/21/804
f 3843/30/17 3847/22/17 3845/88/17 3841/89/17
f 3848/14/18 3844/6/18 3842/90/18 3846/87/18
f 3849/83/805 3850/84/805 3852/85/805 3851/86/805
f 3851/86/806 3852/85/806 3856/14/806 3855/22/806
f 3855/22/807 3856/14/807 3854/87/807 3853/88/807
f 3853/88/808 3854/87/808 3850/13/808 3849/21/808
f 3851/30/17 3855/22/17 3853/88/17 3849/89/17
f 3856/14/18 3852/6/18 3850/90/18 3854/87/18
f 3857/83/809 3858/84/809 3860/85/809 3859/86/809
f 3859/86/810 3860/85/810 3864/14/810 3863/22/810
f 3863/22/811 3864/14/811 3862/87/811 3861/88/811
f 3861/88/812 3862/87/812 3858/13/812 3857/21/812
f 3859/30/17 3863/22/17 3861/88/17 3857/89/17
f 3864/14/18 3860/6/18 3858/90/18 3862/87/18
f 3865/83/803 3866/84/803 3868/85/803 3867/86/803
f 3867/86/804 3868/85/804 3872/14/804 3871/22/804
f 3871/22/801 3872/14/801 3870/87/801 3869/88/801
f 3869/88/802 3870/87/802 3866/13/802 3865/21/802
f 3867/30/17 3871/22/17 3869/88/17 3865/89/17
f 3872/14/18 3868/6/18 3866/90/18 3870/87/18
f 3873/83/807 3874/84/807 3876/85/807 3875/86/807
f 3875/86/808 3876/85/808 3880/14/808 3879/22/808
f 3879/22/805 3880/14/805 3878/87/805 3877/88/805
f 3877/88/806 3878/87/806 3874/13/806 3873/21/806
f 3875/30/17 3879/22/17 3877/88/17 3873/89/17
f 3880/14/18 3876/6/18 3874/90/18 3878/87/18
f 3881/83/811 3882/84/811 3884/85/811 3883/86/811
f 3883/86/813 3884/85/813 3888/14/813 3887/22/813
f 3887/22/814 3888/14/814 3886/87/814 3885/88/814
f 3885/88/810 3886/87/810 3882/13/810 3881/21/810
f 3883/30/17 3887/22/17 3885/88/17 3881/89/17
f 3888/14/18 3884/6/18 3882/90/18 3886/87/18
f 3985/83/833 3986/84/833 3988/85/833 3987/86/833
f 3987/86/834 3988/85/834 3992/14/834 3991/22/834
f 3991/22/835 3992/14/835 3990/87/835 3989/88/835
f 3989/88/836 3990/87/836 3986/13/836 3985/21/836
f 3987/30/17 3991/22/17 3989/88/17 3985/89/17
f 3992/14/18 3988/6/18 3986/90/18 3990/87/18
f 3993/83/837 3994/84/837 3996/85/837 3995/86/837
f 3995/86/838 3996/85/838 4000/14/838 3999/22/838
f 3999/22/839 4000/14/839 3998/87/839 3997/88/839
f 3997/88/840 3998/87/840 3994/13/840 3993/21/840
f 3995/30/17 3999/22/17 3997/88/17 3993/89/17
f 4000/14/18 3996/6/18 3994/90/18 3998/87/18
f 4001/83/841 4002/84/841 4004/85/841 4003/86/841
f 4003/86/842 4004/85/842 4008/14/842 4007/22/842
f 4007/22/843 4008/14/843 4006/87/843 4005/88/843
f 4005/88/844 4006/87/844 4002/13/844 4001/21/844
f 4003/30/17 4007/22/17 4005/88/17 4001/89/17
f 4008/14/18 4004/6/18 4002/90/18 4006/87/18
f 4009/83/835 4010/84/835 4012/85/835 4011/86/835
f 4011/86/836 4012/85/836 4016/14/836 4015/22/836
f 4015/22/833 4016/14/833 4014/87/833 4013/88/833
f 4013/88/834 4014/87/834 4010/13/834 4009/21/834
f 4011/30/17 4015/22/17 4013/88/17 4009/89/17
f 4016/14/18 4012/6/18 4010/90/18 4014/87/18
f 4017/83/839 4018/84/839 4020/85/839 4019/86/839
f 4019/86/840 4020/85/840 4024/14/840 4023/22/840
f 4023/22/837 4024/14/837 4022/87/837 4021/88/837
f 4021/88/838 4022/87/838 4018/13/838 4017/21/838
f 4019/30/17 4023/22/17 4021/88/17 4017/89/17
f 4024/14/18 4020/6/18 4018/90/18 4022/87/18
f 4025/83/843 4026/84/843 4028/85/843 4027/86/843
f 4027/86/844 4028/85/844 4032/14/844 4031/22/844
f 4031/22/841 4032/14/841 4030/87/841 4029/88/841
f 4029/88/842 4030/87/842 4026/13/842 4025/21/842
f 4027/30/17 4031/22/17 4029/88/17 4025/89/17
f 4032/14/18 4028/6/18 4026/90/18 4030/87/18
f 4129/83/863 4130/84/863 4132/85/863 4131/86/863
f 4131/86/864 4132/85/864 4136/14/864 4135/22/864
f 4135/22/865 4136/14/865 4134/87/865 4133/88/865
f 4133/88/866 4134/87/866 4130/13/866 4129/21/866
f 4131/30/17 4135/22/17 4133/88/17 4129/89/17
f 4136/14/18 4132/6/18 4130/90/18 4134/87/18
f 4137/83/867 4138/84/867 4140/85/867 4139/86/867
f 4139/86/868 4140/85/868 4144/14/868 4143/22/868
f 4143/22/869 4144/14/869 4142/87/869 4141/88/869
f 4141/88/870 4142/87/870 4138/13/870 4137/21/870
f 4139/30/17 4143/22/17 4141/88/17 4137/89/17
f 4144/14/18 4140/6/18 4138/90/18 4142/87/18
f 4145/83/871 4146/84/871 4148/85/871 4147/86/871
f 4147/86/872 4148/85/872 4152/14/872 4151/22/872
f 4151/22/873 4152/14/873 4150/87/873 4149/88/873
f 4149/88/874 4150/87/874 4146/13/874 4145/21/874
f 4147/30/17 4151/22/17 4149/88/17 4145/89/17
f 4152/14/18 4148/6/18 4146/90/18 4150/87/18
f 4153/83/865 4154/84/865 4156/85/865 4155/86/865
f 4155/86/866 4156/85/866 4160/14/866 4159/22/866
f 4159/22/863 4160/14/863 4158/87/863 4157/88/863
f 4157/88/864 4158/87/864 4154/13/864 4153/21/864
f 4155/30/17 4159/22/17 4157/88/17 4153/89/17
f 4160/14/18 4156/6/18 4154/90/18 4158/87/18
f 4161/83/869 4162/84/869 4164/85/869 4163/86/869
f 4163/86/870 4164/85/870 4168/14/870 4167/22/870
f 4167/22/867 4168/14/867 4166/87/867 4165/88/867
f 4165/88/868 4166/87/868 4162/13/868 4161/21/868
f 4163/30/17 4167/22/17 4165/88/17 4161/89/17
f 4168/14/18 4164/6/18 4162/90/18 4166/87/18
f 4169/83/873 4170/84/873 4172/85/873 4171/86/873
f 4171/86/875 4172/85/875 4176/14/875 4175/22/875
f 4175/22/871 4176/14/871 4174/87/871 4173/88/871
f 4173/88/872 4174/87/872 4170/13/872 4169/21/872
f 4171/30/17 4175/22/17 4173/88/17 4169/89/17
f 4176/14/18 4172/6/18 4170/90/18 4174/87/18
f 4273/83/892 4274/84/892 4276/85/892 4275/86/892
f 4275/86/893 4276/85/893 4280/14/893 4279/22/893
f 4279/22/894 4280/14/894 4278/87/894 4277/88/894
f 4277/88/895 4278/87/895 4274/13/895 4273/21/895
f 4275/30/17 4279/22/17 4277/88/17 4273/89/17
f 4280/14/18 4276/6/18 4274/90/18 4278/87/18
f 4281/83/896 4282/84/896 4284/85/896 4283/86/896
f 4283/86/897 4284/85/897 4288/14/897 4287/22/897
f 4287/22/898 4288/14/898 4286/87/898 4285/88/898
f 4285/88/899 4286/87/899 4282/13/899 4281/21/899
f 4283/30/17 4287/22/17 4285/88/17 4281/89/17
f 4288/14/18 4284/6/18 4282/90/18 4286/87/18
f 4289/83/900 4290/84/900 4292/85/900 4291/86/900
f 4291/86/901 4292/85/901 4296/14/901 4295/22/901
f 4295/22/902 4296/14/902 4294/87/902 4293/88/902
f 4293/88/903 4294/87/903 4290/13/903 4289/21/903
f 4291/30/17 4295/22/17 4293/88/17 4289/89/17
f 4296/14/18 4292/6/18 4290/90/18 4294/87/18
f 4297/83/894 4298/84/894 4300/85/894 4299/86/894
f 4299/86/895 4300/85/895 4304/14/895 4303/22/895
f 4303/22/892 4304/14/892 4302/87/892 4301/88/892
f 4301/88/893 4302/87/893 4298/13/893 4297/21/893
f 4299/30/17 4303/22/17 4301/88/17 4297/89/17
f 4304/14/18 4300/6/18 4298/90/18 4302/87/18
f 4305/83/898 4306/84/898 4308/85/898 4307/86/898
f 4307/86/899 4308/85/899 4312/14/899 4311/22/899
f 4311/22/896 4312/14/896 4310/87/896 4309/88/896
f 4309/88/897 4310/87/897 4306/13/897 4305/21/897
f 4307/30/17 4311/22/17 4309/88/17 4305/89/17
f 4312/14/18 4308/6/18 4306/90/18 4310/87/18
f 4313/83/902 4314/84/902 4316/85/902 4315/86/902
f 4315/86/903 4316/85/903 4320/14/903 4319/22/903
f 4319/22/900 4320/14/900 4318/87/900 4317/88/900
f 4317/88/901 4318/87/901 4314/13/901 4313/21/901
f 4315/30/17 4319/22/17 4317/88/17 4313/89/17
f 4320/14/18 4316/6/18 4314/90/18 4318/87/18
f 4417/83/921 4418/84/921 4420/85/921 4419/86/921
f 4419/86/922 4420/85/922 4424/14/922 4423/22/922
f 4423/22/923 4424/14/923 4422/87/923 4421/88/923
f 4421/88/924 4422/87/924 4418/13/924 4417/21/924
f 4419/30/17 4423/22/17 4421/88/17 4417/89/17
f 4424/14/18 4420/6/18 4418/90/18 4422/87/18
f 4425/83/925 4426/84/925 4428/85/925 4427/86/925
f 4427/86/926 4428/85/926 4432/14/926 4431/22/926
f 4431/22/927 4432/14/927 4430/87/927 4429/88/927
f 4429/88/928 4430/87/928 4426/13/928 4425/21/928
f 4427/30/17 4431/22/17 4429/88/17 4425/89/17
f 4432/14/18 4428/6/18 4426/90/18 4430/87/18
f 4433/83/929 4434/84/929 4436/85/929 4435/86/929
f 4435/86/930 4436/85/930 4440/14/930 4439/22/930
f 4439/22/931 4440/14/931 4438/87/931 4437/88/931
f 4437/88/932 4438/87/932 4434/13/932 4433/21/932
f 4435/30/17 4439/22/17 4437/88/17 4433/89/17
f 4440/14/18 4436/6/18 4434/90/18 4438/87/18
f 4441/83/923 4442/84/923 4444/85/923 4443/86/923
f 4443/86/924 4444/85/924 4448/14/924 4447/22/924
f 4447/22/921 4448/14/921 4446/87/921 4445/88/921
f 4445/88/922 4446/87/922 4442/13/922 4441/21/922
f 4443/30/17 4447/22/17 4445/88/17 4441/89/17
f 4448/14/18 4444/6/18 4442/90/18 4446/87/18
f 4449/83/927 4450/84/927 4452/85/927 4451/86/927
f 4451/86/928 4452/85/928 4456/14/928 4455/22/928
f 4455/22/925 4456/14/925 4454/87/925 4453/88/925
f 4453/88/926 4454/87/926 4450/13/926 4449/21/926
f 4451/30/17 4455/22/17 4453/88/17 4449/89/17
f 4456/14/18 4452/6/18 4450/90/18 4454/87/18
f 4457/83/931 4458/84/931 4460/85/931 4459/86/931
f 4459/86/932 4460/85/932 4464/14/932 4463/22/932
f 4463/22/929 4464/14/929 4462/87/929 4461/88/929
f 4461/88/930 4462/87/930 4458/13/930 4457/21/930
f 4459/30/17 4463/22/17 4461/88/17 4457/89/17
f 4464/14/18 4460/6/18 4458/90/18 4462/87/18
f 4561/83/949 4562/84/949 4564/85/949 4563/86/949
f 4563/86/950 4564/85/950 4568/14/950 4567/22/950
f 4567/22/951 4568/14/951 4566/87/951 4565/88/951
f 4565/88/952 4566/87/952 4562/13/952 4561/21/952
f 4563/30/17 4567/22/17 4565/88/17 4561/89/17
f 4568/14/18 4564/6/18 4562/90/18 4566/87/18
f 4569/83/953 4570/84/953 4572/85/953 4571/86/953
f 4571/86/954 4572/85/954 4576/14/954 4575/22/954
f 4575/22/955 4576/14/955 4574/87/955 4573/88/955
f 4573/88/956 4574/87/956 4570/13/956 4569/21/956
f 4571/30/17 4575/22/17 4573/88/17 4569/89/17
f 4576/14/18 4572/6/18 4570/90/18 4574/87/18
f 4577/83/957 4578/84/957 4580/85/957 4579/86/957
f 4579/86/958 4580/85/958 4584/14/958 4583/22/958
f 4583/22/959 4584/14/959 4582/87/959 4581/88/959
f 4581/88/960 4582/87/960 4578/13/960 4577/21/960
f 4579/30/17 4583/22/17 4581/88/17 4577/89/17
f 4584/14/18 4580/6/18 4578/90/18 4582/87/18
f 4585/83/951 4586/84/951 4588/85/951 4587/86/951
f 4587/86/952 4588/85/952 4592/14/952 4591/22/952
f 4591/22/949 4592/14/949 4590/87/949 4589/88/949
f 4589/88/950 4590/87/950 4586/13/950 4585/21/950
f 4587/30/17 4591/22/17 4589/88/17 4585/89/17
f 4592/14/18 4588/6/18 4586/90/18 4590/87/18
f 4593/83/955 4594/84/955 4596/85/955 4595/86/955
f 4595/86/956 4596/85/956 4600/14/956 4599/22/956
f 4599/22/953 4600/14/953 4598/87/953 4597/88/953
f 4597/88/954 4598/87/954 4594/13/954 4593/21/954
f 4595/30/17 4599/22/17 4597/88/17 4593/89/17
f 4600/14/18 4596/6/18 4594/90/18 4598/87/18
f 4601/83/959 4602/84/959 4604/85/959 4603/86/959
f 4603/86/960 4604/85/960 4608/14/960 4607/22/960
f 4607/22/957 4608/14/957 4606/87/957 4605/88/957
f 4605/88/958 4606/87/958 4602/13/958 4601/21/958
f 4603/30/17 4607/22/17 4605/88/17 4601/89/17
f 4608/14/18 4604/6/18 4602/90/18 4606/87/18
f 4705/83/982 4706/84/982 4708/85/982 4707/86/982
f 4707/86/983 4708/85/983 4712/14/983 4711/22/983
f 4711/22/984 4712/14/984 4710/87/984 4709/88/984
f 4709/88/985 4710/87/985 4706/13/985 4705/21/985
f 4707/30/17 4711/22/17 4709/88/17 4705/89/17
f 4712/14/18 4708/6/18 4706/90/18 4710/87/18
f 4713/83/986 4714/84/986 4716/85/986 4715/86/986
f 4715/86/987 4716/85/987 4720/14/987 4719/22/987
f 4719/22/988 4720/14/988 4718/87/988 4717/88/988
f 4717/88/989 4718/87/989 4714/13/989 4713/21/989
f 4715/30/17 4719/22/17 4717/88/17 4713/89/17
f 4720/14/18 4716/6/18 4714/90/18 4718/87/18
f 4721/83/990 4722/84/990 4724/85/990 4723/86/990
f 4723/86/991 4724/85/991 4728/14/991 4727/22/991
f 4727/22/992 4728/14/992 4726/87/992 4725/88/992
f 4725/88/993 4726/87/993 4722/13/993 4721/21/993
f 4723/30/17 4727/22/17 4725/88/17 4721/89/17
f 4728/14/18 4724/6/18 4722/90/18 4726/87/18
f 4729/83/984 4730/84/984 4732/85/984 4731/86/984
f 4731/86/985 4732/85/985 4736/14/985 4735/22/985
f 4735/22/982 4736/14/982 4734/87/982 4733/88/982
f 4733/88/983 4734/87/983 4730/13/983 4729/21/983
f 4731/30/17 4735/22/17 4733/88/17 4729/89/17
f 4736/14/18 4732/6/18 4730/90/18 4734/87/18
f 4737/83/988 4738/84/988 4740/85/988 4739/86/988
f 4739/86/989 4740/85/989 4744/14/989 4743/22/989
f 4743/22/986 4744/14/986 4742/87/986 4741/88/986
f 4741/88/987 4742/87/987 4738/13/987 4737/21/987
f 4739/30/17 4743/22/17 4741/88/17 4737/89/17
f 4744/14/18 4740/6/18 4738/90/18 4742/87/18
f 4745/83/992 4746/84/992 4748/85/992 4747/86/992
f 4747/86/993 4748/85/993 4752/14/993 4751/22/993
f 4751/22/990 4752/14/990 4750/87/990 4749/88/990
f 4749/88/991 4750/87/991 4746/13/991 4745/21/991
f 4747/30/17 4751/22/17 4749/88/17 4745/89/17
f 4752/14/18 4748/6/18 4746/90/18 4750/87/18
f 4849/83/1010 4850/84/1010 4852/85/1010 4851/86/1010
f 4851/86/1011 4852/85/1011 4856/14/1011 4855/22/1011
f 4855/22/1012 4856/14/1012 4854/87/1012 4853/88/1012
f 4853/88/1013 4854/87/1013 4850/13/1013 4849/21/1013
f 4851/30/17 4855/22/17 4853/88/17 4849/89/17
f 4856/14/18 4852/6/18 4850/90/18 4854/87/18
f 4857/83/1014 4858/84/1014 4860/85/1014 4859/86/1014
f 4859/86/1015 4860/85/1015 4864/14/1015 4863/22/1015
f 4863/22/1016 4864/14/1016 4862/87/1016 4861/88/1016
f 4861/88/1017 4862/87/1017 4858/13/1017 4857/21/1017
f 4859/30/17 4863/22/17 4861/88/17 4857/89/17
f 4864/14/18 4860/6/18 4858/90/18 4862/87/18
f 4865/83/1018 4866/84/1018 4868/85/1018 4867/86/1018
f 4867/86/1019 4868/85/1019 4872/14/1019 4871/22/1019
f 4871/22/1020 4872/14/1020 4870/87/1020 4869/88/1020
f 4869/88/1021 4870/87/1021 4866/13/1021 4865/21/1021
f 4867/30/17 4871/22/17 4869/88/17 4865/89/17
f 4872/14/18 4868/6/18 4866/90/18 4870/87/18
f 4873/83/1012 4874/84/1012 4876/85/1012 4875/86/1012
f 4875/86/1013 4876/85/1013 4880/14/1013 4879/22/1013
f 4879/22/1010 4880/14/1010 4878/87/1010 4877/88/1010
f 4877/88/1011 4878/87/1011 4874/13/1011 4873/21/1011
f 4875/30/17 4879/22/17 4877/88/17 4873/89/17
f 4880/14/18 4876/6/18 4874/90/18 4878/87/18
f 4881/83/1016 4882/84/1016 4884/85/1016 4883/86/1016
f 4883/86/1017 4884/85/1017 4888/14/1017 4887/22/1017
f 4887/22/1014 4888/14/1014 4886/87/1014 4885/88/1014
f 4885/88/1015 4886/87/1015 4882/13/1015 4881/21/1015
f 4883/30/17 4887/22/17 4885/88/17 4881/89/17
f 4888/14/18 4884/6/18 4882/90/18 4886/87/18
f 4889/83/1020 4890/84/1020 4892/85/1020 4891/86/1020
f 4891/86/1021 4892/85/1021 4896/14/1021 4895/22/1021
f 4895/22/1018 4896/14/1018 4894/87/1018 4893/88/1018
f 4893/88/1019 4894/87/1019 4890/13/1019 4889/21/1019
f 4891/30/17 4895/22/17 4893/88/17 4889/89/17
f 4896/14/18 4892/6/18 4890/90/18 4894/87/18
f 4993/83/1038 4994/84/1038 4996/85/1038 4995/86/1038
f 4995/86/1039 4996/85/1039 5000/14/1039 4999/22/1039
f 4999/22/1040 5000/14/1040 4998/87/1040 4997/88/1040
f 4997/88/1041 4998/87/1041 4994/13/1041 4993/21/1041
f 4995/30/17 4999/22/17 4997/88/17 4993/89/17
f 5000/14/18 4996/6/18 4994/90/18 4998/87/18
f 5001/83/1042 5002/84/1042 5004/85/1042 5003/86/1042
f 5003/86/1043 5004/85/1043 5008/14/1043 5007/22/1043
f 5007/22/1044 5008/14/1044 5006/87/1044 5005/88/1044
f 5005/88/1045 5006/87/1045 5002/13/1045 5001/21/1045
f 5003/30/17 5007/22/17 5005/88/17 5001/89/17
f 5008/14/18 5004/6/18 5002/90/18 5006/87/18
f 5009/83/1046 5010/84/1046 5012/85/1046 5011/86/1046
f 5011/86/1047 5012/85/1047 5016/14/1047 5015/22/1047
f 5015/22/1048 5016/14/1048 5014/87/1048 5013/88/1048
f 5013/88/1049 5014/87/1049 5010/13/1049 5009/21/1049
f 5011/30/17 5015/22/17 5013/88/17 5009/89/17
f 5016/14/18 5012/6/18 5010/90/18 5014/87/18
f 5017/83/1040 5018/84/1040 5020/85/1040 5019/86/1040
f 5019/86/1041 5020/85/1041 5024/14/1041 5023/22/1041
f 5023/22/1038 5024/14/1038 5022/87/1038 5021/88/1038
f 5021/88/1039 5022/87/1039 5018/13/1039 5017/21/1039
f 5019/30/17 5023/22/17 5021/88/17 5017/89/17
f 5024/14/18 5020/6/18 5018/90/18 5022/87/18
f 5025/83/1044 5026/84/1044 5028/85/1044 5027/86/1044
f 5027/86/1045 5028/85/1045 5032/14/1045 5031/22/1045
f 5031/22/1042 5032/14/1042 5030/87/1042 5029/88/1042
f 5029/88/1043 5030/87/1043 5026/13/1043 5025/21/1043
f 5027/30/17 5031/22/17 5029/88/17 5025/89/17
f 5032/14/18 5028/6/18 5026/90/18 5030/87/18
f 5033/83/1048 5034/84/1048 5036/85/1048 5035/86/1048
f 5035/86/1049 5036/85/1049 5040/14/1049 5039/22/1049
f 5039/22/1046 5040/14/1046 5038/87/1046 5037/88/1046
f 5037/88/1047 5038/87/1047 5034/13/1047 5033/21/1047
f 5035/30/17 5039/22/17 5037/88/17 5033/89/17
f 5040/14/18 5036/6/18 5034/90/18 5038/87/18
f 5137/83/1072 5138/84/1072 5140/85/1072 5139/86/1072
f 5139/86/1073 5140/85/1073 5144/14/1073 5143/22/1073
f 5143/22/1074 5144/14/1074 5142/87/1074 5141/88/1074
f 5141/88/1075 5142/87/1075 5138/13/1075 5137/21/1075
f 5139/30/17 5143/22/17 5141/88/17 5137/89/17
f 5144/14/18 5140/6/18 5138/90/18 5142/87/18
f 5145/83/1076 5146/84/1076 5148/85/1076 5147/86/1076
f 5147/86/1077 5148/85/1077 5152/14/1077 5151/22/1077
f 5151/22/1078 5152/14/1078 5150/87/1078 5149/88/1078
f 5149/88/1079 5150/87/1079 5146/13/1079 5145/21/1079
f 5147/30/17 5151/22/17 5149/88/17 5145/89/17
f 5152/14/18 5148/6/18 5146/90/18 5150/87/18
f 5153/83/1080 5154/84/1080 5156/85/1080 5155/86/1080
f 5155/86/1081 5156/85/1081 5160/14/1081 5159/22/1081
f 5159/22/1082 5160/14/1082 5158/87/1082 5157/88/1082
f 5157/88/1083 5158/87/1083 5154/13/1083 5153/21/1083
f 5155/30/17 5159/22/17 5157/88/17 5153/89/17
f 5160/14/18 5156/6/18 5154/90/18 5158/87/18
f 5161/83/1074 5162/84/1074 5164/85/1074 5163/86/1074
f 5163/86/1075 5164/85/1075 5168/14/1075 5167/22/1075
f 5167/22/1072 5168/14/1072 5166/87/1072 5165/88/1072
f 5165/88/1073 5166/87/1073 5162/13/1073 5161/21/1073
f 5163/30/17 5167/22/17 5165/88/17 5161/89/17
f 5168/14/18 5164/6/18 5162/90/18 5166/87/18
f 5169/83/1084 5170/84/1084 5172/85/1084 5171/86/1084
f 5171/86/1079 5172/85/1079 5176/14/1079 5175/22/1079
f 5175/22/1076 5176/14/1076 5174/87/1076 5173/88/1076
f 5173/88/1077 5174/87/1077 5170/13/1077 5169/21/1077
f 5171/30/17 5175/22/17 5173/88/17 5169/89/17
f 5176/14/18 5172/6/18 5170/90/18 5174/87/18
f 5177/83/1082 5178/84/1082 5180/85/1082 5179/86/1082
f 5179/86/1083 5180/85/1083 5184/14/1083 5183/22/1083
f 5183/22/1080 5184/14/1080 5182/87/1080 5181/88/1080
f 5181/88/1081 5182/87/1081 5178/13/1081 5177/21/1081
f 5179/30/17 5183/22/17 5181/88/17 5177/89/17
f 5184/14/18 5180/6/18 5178/90/18 5182/87/18
f 5281/83/1101 5282/84/1101 5284/85/1101 5283/86/1101
f 5283/86/1102 5284/85/1102 5288/14/1102 5287/22/1102
f 5287/22/1103 5288/14/1103 5286/87/1103 5285/88/1103
f 5285/88/1104 5286/87/1104 5282/13/1104 5281/21/1104
f 5283/30/17 5287/22/17 5285/88/17 5281/89/17
f 5288/14/18 5284/6/18 5282/90/18 5286/87/18
f 5289/83/1105 5290/84/1105 5292/85/1105 5291/86/1105
f 5291/86/1106 5292/85/1106 5296/14/1106 5295/22/1106
f 5295/22/1107 5296/14/1107 5294/87/1107 5293/88/1107
f 5293/88/1108 5294/87/1108 5290/13/1108 5289/21/1108
f 5291/30/17 5295/22/17 5293/88/17 5289/89/17
f 5296/14/18 5292/6/18 5290/90/18 5294/87/18
f 5297/83/1109 5298/84/1109 5300/85/1109 5299/86/1109
f 5299/86/1110 5300/85/1110 5304/14/1110 5303/22/1110
f 5303/22/1111 5304/14/1111 5302/87/1111 5301/88/1111
f 5301/88/1112 5302/87/1112 5298/13/1112 5297/21/1112
f 5299/30/17 5303/22/17 5301/88/17 5297/89/17
f 5304/14/18 5300/6/18 5298/90/18 5302/87/18
f 5305/83/1103 5306/84/1103 5308/85/1103 5307/86/1103
f 5307/86/1104 5308/85/1104 5312/14/1104 5311/22/1104
f 5311/22/1101 5312/14/1101 5310/87/1101 5309/88/1101
f 5309/88/1102 5310/87/1102 5306/13/1102 5305/21/1102
f 5307/30/17 5311/22/17 5309/88/17 5305/89/17
f 5312/14/18 5308/6/18 5306/90/18 5310/87/18
f 5313/83/1107 5314/84/1107 5316/85/1107 5315/86/1107
f 5315/86/1108 5316/85/1108 5320/14/1108 5319/22/1108
f 5319/22/1113 5320/14/1113 5318/87/1113 5317/88/1113
f 5317/88/1106 5318/87/1106 5314/13/1106 5313/21/1106
f 5315/30/17 5319/22/17 5317/88/17 5313/89/17
f 5320/14/18 5316/6/18 5314/90/18 5318/87/18
f 5321/83/1111 5322/84/1111 5324/85/1111 5323/86/1111
f 5323/86/1112 5324/85/1112 5328/14/1112 5327/22/1112
f 5327/22/1109 5328/14/1109 5326/87/1109 5325/88/1109
f 5325/88/1110 5326/87/1110 5322/13/1110 5321/21/1110
f 5323/30/17 5327/22/17 5325/88/17 5321/89/17
f 5328/14/18 5324/6/18 5322/90/18 5326/87/18
f 5425/83/1130 5426/84/1130 5428/85/1130 5427/86/1130
f 5427/86/1131 5428/85/1131 5432/14/1131 5431/22/1131
f 5431/22/1132 5432/14/1132 5430/87/1132 5429/88/1132
f 5429/88/1133 5430/87/1133 5426/13/1133 5425/21/1133
f 5427/30/17 5431/22/17 5429/88/17 5425/89/17
f 5432/14/18 5428/6/18 5426/90/18 5430/87/18
f 5433/83/1134 5434/84/1134 5436/85/1134 5435/86/1134
f 5435/86/1135 5436/85/1135 5440/14/1135 5439/22/1135
f 5439/22/1136 5440/14/1136 5438/87/1136 5437/88/1136
f 5437/88/1137 5438/87/1137 5434/13/1137 5433/21/1137
f 5435/30/17 5439/22/17 5437/88/17 5433/89/17
f 5440/14/18 5436/6/18 5434/90/18 5438/87/18
f 5441/83/1138 5442/84/1138 5444/85/1138 5443/86/1138
f 5443/86/1139 5444/85/1139 5448/14/1139 5447/22/1139
f 5447/22/1140 5448/14/1140 5446/87/1140 5445/88/1140
f 5445/88/1141 5446/87/1141 5442/13/1141 5441/21/1141
f 5443/30/17 5447/22/17 5445/88/17 5441/89/17
f 5448/14/18 5444/6/18 5442/90/18 5446/87/18
f 5449/83/1132 5450/84/1132 5452/85/1132 5451/86/1132
f 5451/86/1133 5452/85/1133 5456/14/1133 5455/22/1133
f 5455/22/1130 5456/14/1130 5454/87/1130 5453/88/1130
f 5453/88/1131 5454/87/1131 5450/13/1131 5449/21/1131
f 5451/30/17 5455/22/17 5453/88/17 5449/89/17
f 5456/14/18 5452/6/18 5450/90/18 5454/87/18
f 5457/83/1136 5458/84/1136 5460/85/1136 5459/86/1136
f 5459/86/1137 5460/85/1137 5464/14/1137 5463/22/1137
f 5463/22/1134 5464/14/1134 5462/87/1134 5461/88/1134
f 5461/88/1135 5462/87/1135 5458/13/1135 5457/21/1135
f 5459/30/17 5463/22/17 5461/88/17 5457/89/17
f 5464/14/18 5460/6/18 5458/90/18 5462/87/18
f 5465/83/1140 5466/84/1140 5468/85/1140 5467/86/1140
f 5467/86/1141 5468/85/1141 5472/14/1141 5471/22/1141
f 5471/22/1138 5472/14/1138 5470/87/1138 5469/88/1138
f 5469/88/1139 5470/87/1139 5466/13/1139 5465/21/1139
f 5467/30/17 5471/22/17 5469/88/17 5465/89/17
f 5472/14/18 5468/6/18 5466/90/18 5470/87/18
f 5569/83/1160 5570/84/1160 5572/85/1160 5571/86/1160
f 5571/86/1161 5572/85/1161 5576/14/1161 5575/22/1161
f 5575/22/1162 5576/14/1162 5574/87/1162 5573/88/1162
f 5573/88/1163 5574/87/1163 5570/13/1163 5569/21/1163
f 5571/30/17 5575/22/17 5573/88/17 5569/89/17
f 5576/14/18 5572/6/18 5570/90/18 5574/87/18
f 5577/83/1164 5578/84/1164 5580/85/1164 5579/86/1164
f 5579/86/1165 5580/85/1165 5584/14/1165 5583/22/1165
f 5583/22/1166 5584/14/1166 5582/87/1166 5581/88/1166
f 5581/88/1167 5582/87/1167 5578/13/1167 5577/21/1167
f 5579/30/17 5583/22/17 5581/88/17 5577/89/17
f 5584/14/18 5580/6/18 5578/90/18 5582/87/18
f 5585/83/1168 5586/84/1168 5588/85/1168 5587/86/1168
f 5587/86/1169 5588/85/1169 5592/14/1169 5591/22/1169
f 5591/22/1170 5592/14/1170 5590/87/1170 5589/88/1170
f 5589/88/1171 5590/87/1171 5586/13/1171 5585/21/1171
f 5587/30/17 5591/22/17 5589/88/17 5585/89/17
f 5592/14/18 5588/6/18 5586/90/18 5590/87/18
f 5593/83/1162 5594/84/1162 5596/85/1162 5595/86/1162
f 5595/86/1163 5596/85/1163 5600/14/1163 5599/22/1163
f 5599/22/1160 5600/14/1160 5598/87/1160 5597/88/1160
f 5597/88/1161 5598/87/1161 5594/13/1161 5593/21/1161
f 5595/30/17 5599/22/17 5597/88/17 5593/89/17
f 5600/14/18 5596/6/18 5594/90/18 5598/87/18
f 5601/83/1172 5602/84/1172 5604/85/1172 5603/86/1172
f 5603/86/1173 5604/85/1173 5608/14/1173 5607/22/1173
f 5607/22/1164 5608/14/1164 5606/87/1164 5605/88/1164
f 5605/88/1165 5606/87/1165 5602/13/1165 5601/21/1165
f 5603/30/17 5607/22/17 5605/88/17 5601/89/17
f 5608/14/18 5604/6/18 5602/90/18 5606/87/18
f 5609/83/1170 5610/84/1170 5612/85/1170 5611/86/1170
f 5611/86/1171 5612/85/1171 5616/14/1171 5615/22/1171
f 5615/22/1168 5616/14/1168 5614/87/1168 5613/88/1168
f 5613/88/1169 5614/87/1169 5610/13/1169 5609/21/1169
f 5611/30/17 5615/22/17 5613/88/17 5609/89/17
f 5616/14/18 5612/6/18 5610/90/18 5614/87/18
f 5713/83/1191 5714/84/1191 5716/85/1191 5715/86/1191
f 5715/86/1192 5716/85/1192 5720/14/1192 5719/22/1192
f 5719/22/1193 5720/14/1193 5718/87/1193 5717/88/1193
f 5717/88/1194 5718/87/1194 5714/13/1194 5713/21/1194
f 5715/30/17 5719/22/17 5717/88/17 5713/89/17
f 5720/14/18 5716/6/18 5714/90/18 5718/87/18
f 5721/83/1195 5722/84/1195 5724/85/1195 5723/86/1195
f 5723/86/1196 5724/85/1196 5728/14/1196 5727/22/1196
f 5727/22/1197 5728/14/1197 5726/87/1197 5725/88/1197
f 5725/88/1198 5726/87/1198 5722/13/1198 5721/21/1198
f 5723/30/17 5727/22/17 5725/88/17 5721/89/17
f 5728/14/18 5724/6/18 5722/90/18 5726/87/18
f 5729/83/1199 5730/84/1199 5732/85/1199 5731/86/1199
f 5731/86/1200 5732/85/1200 5736/14/1200 5735/22/1200
f 5735/22/1201 5736/14/1201 5734/87/1201 5733/88/1201
f 5733/88/1202 5734/87/1202 5730/13/1202 5729/21/1202
f 5731/30/17 5735/22/17 5733/88/17 5729/89/17
f 5736/14/18 5732/6/18 5730/90/18 5734/87/18
f 5737/83/1193 5738/84/1193 5740/85/1193 5739/86/1193
f 5739/86/1194 5740/85/1194 5744/14/1194 5743/22/1194
f 5743/22/1191 5744/14/1191 5742/87/1191 5741/88/1191
f 5741/88/1192 5742/87/1192 5738/13/1192 5737/21/1192
f 5739/30/17 5743/22/17 5741/88/17 5737/89/17
f 5744/14/18 5740/6/18 5738/90/18 5742/87/18
f 5745/83/1197 5746/84/1197 5748/85/1197 5747/86/1197
f 5747/86/1198 5748/85/1198 5752/14/1198 5751/22/1198
f 5751/22/1195 5752/14/1195 5750/87/1195 5749/88/1195
f 5749/88/1196 5750/87/1196 5746/13/1196 5745/21/1196
f 5747/30/17 5751/22/17 5749/88/17 5745/89/17
f 5752/14/18 5748/6/18 5746/90/18 5750/87/18
f 5753/83/1201 5754/84/1201 5756/85/1201 5755/86/1201
f 5755/86/1202 5756/85/1202 5760/14/1202 5759/22/1202
f 5759/22/1199 5760/14/1199 5758/87/1199 5757/88/1199
f 5757/88/1200 5758/87/1200 5754/13/1200 5753/21/1200
f 5755/30/17 5759/22/17 5757/88/17 5753/89/17
f 5760/14/18 5756/6/18 5754/90/18 5758/87/18
f 5857/83/1220 5858/84/1220 5860/85/1220 5859/86/1220
f 5859/86/1221 5860/85/1221 5864/14/1221 5863/22/1221
f 5863/22/1222 5864/14/1222 5862/87/1222 5861/88/1222
f 5861/88/1223 5862/87/1223 5858/13/1223 5857/21/1223
f 5859/30/17 5863/22/17 5861/88/17 5857/89/17
f 5864/14/18 5860/6/18 5858/90/18 5862/87/18
f 5865/83/1224 5866/84/1224 5868/85/1224 5867/86/1224
f 5867/86/1225 5868/85/1225 5872/14/1225 5871/22/1225
f 5871/22/1226 5872/14/1226 5870/87/1226 5869/88/1226
f 5869/88/1227 5870/87/1227 5866/13/1227 5865/21/1227
f 5867/30/17 5871/22/17 5869/88/17 5865/89/17
f 5872/14/18 5868/6/18 5866/90/18 5870/87/18
f 5873/83/1228 5874/84/1228 5876/85/1228 5875/86/1228
f 5875/86/1229 5876/85/1229 5880/14/1229 5879/22/1229
f 5879/22/1230 5880/14/1230 5878/87/1230 5877/88/1230
f 5877/88/1231 5878/87/1231 5874/13/1231 5873/21/1231
f 5875/30/17 5879/22/17 5877/88/17 5873/89/17
f 5880/14/18 5876/6/18 5874/90/18 5878/87/18
f 5881/83/1222 5882/84/1222 5884/85/1222 5883/86/1222
f 5883/86/1223 5884/85/1223 5888/14/1223 5887/22/1223
f 5887/22/1220 5888/14/1220 5886/87/1220 5885/88/1220
f 5885/88/1221 5886/87/1221 5882/13/1221 5881/21/1221
f 5883/30/17 5887/22/17 5885/88/17 5881/89/17
f 5888/14/18 5884/6/18 5882/90/18 5886/87/18
f 5889/83/1226 5890/84/1226 5892/85/1226 5891/86/1226
f 5891/86/1227 5892/85/1227 5896/14/1227 5895/22/1227
f 5895/22/1224 5896/14/1224 5894/87/1224 5893/88/1224
f 5893/88/1225 5894/87/1225 5890/13/1225 5889/21/1225
f 5891/30/17 5895/22/17 5893/88/17 5889/89/17
f 5896/14/18 5892/6/18 5890/90/18 5894/87/18
f 5897/83/1230 5898/84/1230 5900/85/1230 5899/86/1230
f 5899/86/1231 5900/85/1231 5904/14/1231 5903/22/1231
f 5903/22/1228 5904/14/1228 5902/87/1228 5901/88/1228
f 5901/88/1229 5902/87/1229 5898/13/1229 5897/21/1229
f 5899/30/17 5903/22/17 5901/88/17 5897/89/17
f 5904/14/18 5900/6/18 5898/90/18 5902/87/18
f 6001/83/1248 6002/84/1248 6004/85/1248 6003/86/1248
f 6003/86/1249 6004/85/1249 6008/14/1249 6007/22/1249
f 6007/22/1250 6008/14/1250 6006/87/1250 6005/88/1250
f 6005/88/1251 6006/87/1251 6002/13/1251 6001/21/1251
f 6003/30/17 6007/22/17 6005/88/17 6001/89/17
f 6008/14/18 6004/6/18 6002/90/18 6006/87/18
f 6009/83/1252 6010/84/1252 6012/85/1252 6011/86/1252
f 6011/86/1253 6012/85/1253 6016/14/1253 6015/22/1253
f 6015/22/1254 6016/14/1254 6014/87/1254 6013/88/1254
f 6013/88/1255 6014/87/1255 6010/13/1255 6009/21/1255
f 6011/30/17 6015/22/17 6013/88/17 6009/89/17
f 6016/14/18 6012/6/18 6010/90/18 6014/87/18
f 6017/83/1256 6018/84/1256 6020/85/1256 6019/86/1256
f 6019/86/1257 6020/85/1257 6024/14/1257 6023/22/1257
f 6023/22/1258 6024/14/1258 6022/87/1258 6021/88/1258
f 6021/88/1259 6022/87/1259 6018/13/1259 6017/21/1259
f 6019/30/17 6023/22/17 6021/88/17 6017/89/17
f 6024/14/18 6020/6/18 6018/90/18 6022/87/18
f 6025/83/1250 6026/84/1250 6028/85/1250 6027/86/1250
f 6027/86/1251 6028/85/1251 6032/14/1251 6031/22/1251
f 6031/22/1248 6032/14/1248 6030/87/1248 6029/88/1248
f 6029/88/1260 6030/87/1260 6026/13/1260 6025/21/1260
f 6027/30/17 6031/22/17 6029/88/17 6025/89/17
f 6032/14/18 6028/6/18 6026/90/18 6030/87/18
f 6033/83/1254 6034/84/1254 6036/85/1254 6035/86/1254
f 6035/86/1255 6036/85/1255 6040/14/1255 6039/22/1255
f 6039/22/1252 6040/14/1252 6038/87/1252 6037/88/1252
f 6037/88/1253 6038/87/1253 6034/13/1253 6033/21/1253
f 6035/30/17 6039/22/17 6037/88/17 6033/89/17
f 6040/14/18 6036/6/18 6034/90/18 6038/87/18
f 6041/83/1258 6042/84/1258 6044/85/1258 6043/86/1258
f 6043/86/1259 6044/85/1259 6048/14/1259 6047/22/1259
f 6047/22/1261 6048/14/1261 6046/87/1261 6045/88/1261
f 6045/88/1257 6046/87/1257 6042/13/1257 6041/21/1257
f 6043/30/17 6047/22/17 6045/88/17 6041/89/17
f 6048/14/18 6044/6/18 6042/90/18 6046/87/18
f 6145/83/1278 6146/84/1278 6148/85/1278 6147/86/1278
f 6147/86/1279 6148/85/1279 6152/14/1279 6151/22/1279
f 6151/22/1280 6152/14/1280 6150/87/1280 6149/88/1280
f 6149/88/1281 6150/87/1281 6146/13/1281 6145/21/1281
f 6147/30/17 6151/22/17 6149/88/17 6145/89/17
f 6152/14/18 6148/6/18 6146/90/18 6150/87/18
f 6153/83/1282 6154/84/1282 6156/85/1282 6155/86/1282
f 6155/86/1283 6156/85/1283 6160/14/1283 6159/22/1283
f 6159/22/1284 6160/14/1284 6158/87/1284 6157/88/1284
f 6157/88/1285 6158/87/1285 6154/13/1285 6153/21/1285
f 6155/30/17 6159/22/17 6157/88/17 6153/89/17
f 6160/14/18 6156/6/18 6154/90/18 6158/87/18
f 6161/83/1286 6162/84/1286 6164/85/1286 6163/86/1286
f 6163/86/1287 6164/85/1287 6168/14/1287 6167/22/1287
f 6167/22/1288 6168/14/1288 6166/87/1288 6165/88/1288
f 6165/88/1289 6166/87/1289 6162/13/1289 6161/21/1289
f 6163/30/17 6167/22/17 6165/88/17 6161/89/17
f 6168/14/18 6164/6/18 6162/90/18 6166/87/18
f 6169/83/1280 6170/84/1280 6172/85/1280 6171/86/1280
f 6171/86/1281 6172/85/1281 6176/14/1281 6175/22/1281
f 6175/22/1278 6176/14/1278 6174/87/1278 6173/88/1278
f 6173/88/1279 6174/87/1279 6170/13/1279 6169/21/1279
f 6171/30/17 6175/22/17 6173/88/17 6169/89/17
f 6176/14/18 6172/6/18 6170/90/18 6174/87/18
f 6177/83/1284 6178/84/1284 6180/85/1284 6179/86/1284
f 6179/86/1285 6180/85/1285 6184/14/1285 6183/22/1285
f 6183/22/1282 6184/14/1282 6182/87/1282 6181/88/1282
f 6181/88/1283 6182/87/1283 6178/13/1283 6177/21/1283
f 6179/30/17 6183/22/17 6181/88/17 6177/89/17
f 6184/14/18 6180/6/18 6178/90/18 6182/87/18
f 6185/83/1288 6186/84/1288 6188/85/1288 6187/86/1288
f 6187/86/1289 6188/85/1289 6192/14/1289 6191/22/1289
f 6191/22/1286 6192/14/1286 6190/87/1286 6189/88/1286
f 6189/88/1287 6190/87/1287 6186/13/1287 6185/21/1287
f 6187/30/17 6191/22/17 6189/88/17 6185/89/17
f 6192/14/18 6188/6/18 6186/90/18 6190/87/18
