# Blender 5.1.2
# www.blender.org
mtllib Field.mtl
o 平面
v -32.000000 10.144652 32.000000
v 32.000000 0.000000 32.000000
v -32.000000 0.000000 -32.000000
v 32.000000 0.000000 -32.000000
v -32.000000 0.000000 -31.015385
v -32.000000 0.000000 -30.030769
v -32.000000 0.000000 -29.046154
v -32.000000 0.000000 -28.061539
v -32.000000 0.000000 -27.076923
v -32.000000 0.000000 -26.092308
v -32.000000 0.000000 -25.107693
v -32.000000 0.008099 -24.123077
v -32.000000 0.144419 -23.138462
v -32.000000 0.431424 -22.153847
v -32.000000 0.822013 -21.169231
v -32.000000 1.272766 -20.184616
v -32.000000 1.751149 -19.200001
v -32.000000 2.219704 -18.215385
v -32.000000 2.636067 -17.230770
v -32.000000 2.970035 -16.246155
v -32.000000 3.265059 -15.261539
v -32.000000 3.516977 -14.276924
v -32.000000 3.756166 -13.292309
v -32.000000 4.041697 -12.307693
v -32.000000 4.349458 -11.323078
v -32.000000 4.655336 -10.338463
v -32.000000 4.935216 -9.353848
v -32.000000 5.164985 -8.369232
v -32.000000 5.320530 -7.384617
v -32.000000 5.377736 -6.400002
v -32.000000 5.320530 -5.415386
v -32.000000 5.164985 -4.430771
v -32.000000 4.935216 -3.446156
v -32.000000 4.655336 -2.461540
v -32.000000 4.349458 -1.476925
v -32.000000 4.041697 -0.492309
v -32.000000 3.756166 0.492306
v -32.000000 3.516977 1.476922
v -32.000000 3.348245 2.461537
v -32.000000 3.274084 3.446152
v -32.000000 3.272604 4.430768
v -32.000000 3.183672 5.415383
v -32.000000 2.955369 6.399999
v -32.000000 2.779395 7.384614
v -32.000000 2.683736 8.369229
v -32.000000 2.644265 9.353845
v -32.000000 2.651550 10.338460
v -32.000000 2.708975 11.323075
v -32.000000 2.823956 12.307691
v -32.000000 2.998137 13.292306
v -32.000000 3.210088 14.276921
v -32.000000 3.297709 15.261537
v -32.000000 3.297709 16.246153
v -32.000000 3.210089 17.230768
v -32.000000 2.957499 18.215384
v -32.000000 2.568438 19.199999
v -32.000000 2.758919 20.184614
v -32.000000 3.330469 21.169230
v -32.000000 4.354671 22.153845
v -32.000000 5.654395 23.138460
v -32.000000 7.020271 24.123075
v -32.000000 8.305429 25.107691
v -32.000000 9.573503 26.092306
v -32.000000 10.559072 27.076921
v -32.000000 11.075035 28.061537
v -32.000000 11.046108 29.046152
v -32.000000 10.704300 30.030767
v -32.000000 10.387396 31.015385
v 32.000000 0.000000 31.015385
v 32.000000 0.000000 30.030769
v 32.000000 0.000000 29.046154
v 32.000000 0.000000 28.061539
v 32.000000 0.000000 27.076923
v 32.000000 0.000000 26.092308
v 32.000000 0.000000 25.107693
v 32.000000 0.000000 24.123077
v 32.000000 0.000000 23.138462
v 32.000000 0.000000 22.153847
v 32.000000 0.000000 21.169231
v 32.000000 0.000000 20.184616
v 32.000000 0.000000 19.200001
v 32.000000 0.000000 18.215385
v 32.000000 0.000000 17.230770
v 32.000000 0.000000 16.246155
v 32.000000 0.000000 15.261539
v 32.000000 0.000000 14.276924
v 32.000000 0.000000 13.292309
v 32.000000 0.000000 12.307693
v 32.000000 0.000000 11.323078
v 32.000000 0.000000 10.338463
v 32.000000 0.000000 9.353848
v 32.000000 0.000000 8.369232
v 32.000000 0.000000 7.384617
v 32.000000 0.000000 6.400002
v 32.000000 0.000000 5.415386
v 32.000000 0.000000 4.430771
v 32.000000 0.000000 3.446156
v 32.000000 0.000000 2.461540
v 32.000000 0.000000 1.476925
v 32.000000 0.000000 0.492309
v 32.000000 0.000000 -0.492306
v 32.000000 0.000000 -1.476922
v 32.000000 0.000000 -2.461537
v 32.000000 0.000000 -3.446152
v 32.000000 0.000000 -4.430768
v 32.000000 0.000000 -5.415383
v 32.000000 0.000000 -6.399999
v 32.000000 0.000000 -7.384614
v 32.000000 0.000000 -8.369229
v 32.000000 0.000000 -9.353845
v 32.000000 0.002327 -10.338460
v 32.000000 0.079304 -11.323075
v 32.000000 0.239401 -12.307691
v 32.000000 0.448410 -13.292306
v 32.000000 0.673845 -14.276921
v 32.000000 0.885821 -15.261537
v 32.000000 1.058303 -16.246153
v 32.000000 1.170956 -17.230768
v 32.000000 1.218477 -18.215384
v 32.000000 1.231796 -19.199999
v 32.000000 1.242782 -20.184614
v 32.000000 1.246951 -21.169230
v 32.000000 1.242782 -22.153845
v 32.000000 1.192222 -23.138460
v 32.000000 1.065706 -24.123075
v 32.000000 0.885822 -25.107691
v 32.000000 0.673845 -26.092306
v 32.000000 0.517901 -27.076921
v 32.000000 0.364233 -28.061537
v 32.000000 0.208825 -29.046152
v 32.000000 0.079304 -30.030767
v 32.000000 0.006242 -31.015385
v -31.015385 10.341035 32.000000
v -30.030769 10.576669 32.000000
v -29.046154 10.809663 32.000000
v -28.061539 10.724940 32.000000
v -27.076923 10.091612 32.000000
v -26.092308 9.346994 32.000000
v -25.107693 8.277533 32.000000
v -24.123077 7.034436 32.000000
v -23.138462 5.759103 32.000000
v -22.153847 4.761306 32.000000
v -21.169231 3.963763 32.000000
v -20.184616 3.448329 32.000000
v -19.200001 3.297711 32.000000
v -18.215385 3.571599 32.000000
v -17.230770 3.863493 32.000000
v -16.246155 3.965204 32.000000
v -15.261539 3.965204 32.000000
v -14.276924 4.069311 32.000000
v -13.292309 4.397649 32.000000
v -12.307693 4.513185 32.000000
v -11.323078 4.513185 32.000000
v -10.338463 4.755653 32.000000
v -9.353848 4.884149 32.000000
v -8.369232 4.884149 32.000000
v -7.384617 4.884149 32.000000
v -6.400002 4.884149 32.000000
v -5.415386 5.020582 32.000000
v -4.430771 4.884149 32.000000
v -3.446156 4.755656 32.000000
v -2.461540 4.397651 32.000000
v -1.476925 3.944586 32.000000
v -0.492309 3.504980 32.000000
v 0.492306 3.068331 32.000000
v 1.476922 2.613051 32.000000
v 2.461537 2.131640 32.000000
v 3.446152 1.648686 32.000000
v 4.430768 1.265209 32.000000
v 5.415383 1.103691 32.000000
v 6.399999 1.102050 32.000000
v 7.384614 1.102007 32.000000
v 8.369229 1.101226 32.000000
v 9.353845 1.058370 32.000000
v 10.338460 0.935593 32.000000
v 11.323075 0.749723 32.000000
v 12.307691 0.527190 32.000000
v 13.292306 0.302160 32.000000
v 14.276921 0.114659 32.000000
v 15.261537 0.008977 32.000000
v 16.246153 0.000000 32.000000
v 17.230768 0.000000 32.000000
v 18.215384 0.000000 32.000000
v 19.199999 0.000000 32.000000
v 20.184614 0.000000 32.000000
v 21.169230 0.000000 32.000000
v 22.153845 0.000000 32.000000
v 23.138460 0.000000 32.000000
v 24.123075 0.000000 32.000000
v 25.107691 0.000000 32.000000
v 26.092306 0.000000 32.000000
v 27.076921 0.000000 32.000000
v 28.061537 0.000000 32.000000
v 29.046152 0.000000 32.000000
v 30.030767 0.000000 32.000000
v 31.015385 0.000000 32.000000
v 31.015385 0.002327 -32.000000
v 30.030769 0.047857 -32.000000
v 29.046154 0.130206 -32.000000
v 28.061539 0.223835 -32.000000
v 27.076923 0.307291 -32.000000
v 26.092308 0.364233 -32.000000
v 25.107693 0.384383 -32.000000
v 24.123077 0.384383 -32.000000
v 23.138462 0.384383 -32.000000
v 22.153847 0.384383 -32.000000
v 21.169231 0.384383 -32.000000
v 20.184616 0.384383 -32.000000
v 19.200001 0.364233 -32.000000
v 18.215385 0.307291 -32.000000
v 17.230770 0.223835 -32.000000
v 16.246155 0.130206 -32.000000
v 15.261539 0.047857 -32.000000
v 14.276924 0.002327 -32.000000
v 13.292309 0.000000 -32.000000
v 12.307693 0.000000 -32.000000
v 11.323078 0.000000 -32.000000
v 10.338463 0.000000 -32.000000
v 9.353848 0.000000 -32.000000
v 8.369232 0.000000 -32.000000
v 7.384617 0.000000 -32.000000
v 6.400002 0.000000 -32.000000
v 5.415386 0.000000 -32.000000
v 4.430771 0.000000 -32.000000
v 3.446156 0.000000 -32.000000
v 2.461540 0.000000 -32.000000
v 1.476925 0.000000 -32.000000
v 0.492309 0.000000 -32.000000
v -0.492306 0.000000 -32.000000
v -1.476922 0.000000 -32.000000
v -2.461537 0.000000 -32.000000
v -3.446152 0.000000 -32.000000
v -4.430768 0.000000 -32.000000
v -5.415383 0.000000 -32.000000
v -6.399999 0.000000 -32.000000
v -7.384614 0.000000 -32.000000
v -8.369229 0.000000 -32.000000
v -9.353845 0.000000 -32.000000
v -10.338460 0.000000 -32.000000
v -11.323075 0.000000 -32.000000
v -12.307691 0.000000 -32.000000
v -13.292306 0.000000 -32.000000
v -14.276921 0.000000 -32.000000
v -15.261537 0.000000 -32.000000
v -16.246153 0.000000 -32.000000
v -17.230768 0.000000 -32.000000
v -18.215384 0.000000 -32.000000
v -19.199999 0.000000 -32.000000
v -20.184614 0.000000 -32.000000
v -21.169230 0.000000 -32.000000
v -22.153845 0.000000 -32.000000
v -23.138460 0.000000 -32.000000
v -24.123075 0.000000 -32.000000
v -25.107691 0.000000 -32.000000
v -26.092306 0.000000 -32.000000
v -27.076921 0.000000 -32.000000
v -28.061537 0.000000 -32.000000
v -29.046152 0.000000 -32.000000
v -30.030767 0.000000 -32.000000
v -31.015385 0.000000 -32.000000
v 31.015385 0.000000 31.015385
v 30.030769 0.000000 31.015385
v 29.046154 0.000000 31.015385
v 28.061539 0.000000 31.015385
v 27.076923 0.000000 31.015385
v 26.092308 0.000000 31.015385
v 25.107693 0.000000 31.015385
v 24.123077 0.000000 31.015385
v 23.138462 0.000000 31.015385
v 22.153847 0.000000 31.015385
v 21.169231 0.000000 31.015385
v 20.184616 0.000000 31.015385
v 19.200001 0.000000 31.015385
v 18.215385 0.000000 31.015385
v 17.230770 0.000000 31.015385
v 16.246155 0.008358 31.015385
v 15.261539 0.114658 31.015385
v 14.276924 0.346431 31.015385
v 13.292309 0.649088 31.015385
v 12.307693 0.975563 31.015385
v 11.323078 1.282563 31.015385
v 10.338463 1.532372 31.015385
v 9.353848 1.695188 31.015385
v 8.369232 1.751699 31.015385
v 7.384617 1.752728 31.015385
v 6.400002 1.752785 31.015385
v 5.415386 1.756313 31.015385
v 4.430771 1.931543 31.015385
v 3.446156 2.326861 31.015385
v 2.461540 2.797267 31.015385
v 1.476925 3.226222 31.015385
v 0.492309 3.593888 31.015385
v -0.492306 3.918303 31.015385
v -1.476922 4.233761 31.015385
v -2.461537 4.562346 31.015385
v -3.446152 4.884149 31.015385
v -4.430768 5.020582 31.015385
v -5.415383 5.020582 31.015385
v -6.399999 5.020582 31.015385
v -7.384614 5.020582 31.015385
v -8.369229 5.020582 31.015385
v -9.353845 5.020582 31.015385
v -10.338460 4.884149 31.015385
v -11.323075 4.884149 31.015385
v -12.307691 4.884149 31.015385
v -13.292306 4.755654 31.015385
v -14.276921 4.513185 31.015385
v -15.261537 4.513185 31.015385
v -16.246153 4.513185 31.015385
v -17.230768 4.397650 31.015385
v -18.215384 4.069312 31.015385
v -19.199999 3.965204 31.015385
v -20.184614 4.093987 31.015385
v -21.169230 4.589561 31.015385
v -22.153845 5.349847 31.015385
v -23.138460 6.383431 31.015385
v -24.123075 7.684104 31.015385
v -25.107691 8.884398 31.015385
v -26.092306 9.883193 31.015385
v -27.076921 10.749914 31.015385
v -28.061537 11.343773 31.015385
v -29.046152 11.367511 31.015385
v -30.030767 11.046109 31.015385
v -31.015385 10.704299 31.015385
v 31.015385 0.000000 30.030769
v 30.030769 0.000000 30.030769
v 29.046154 0.000000 30.030769
v 28.061539 0.000000 30.030769
v 27.076923 0.000000 30.030769
v 26.092308 0.000000 30.030769
v 25.107693 0.000000 30.030769
v 24.123077 0.000000 30.030769
v 23.138462 0.000000 30.030769
v 22.153847 0.000000 30.030769
v 21.169231 0.000000 30.030769
v 20.184616 0.000000 30.030769
v 19.200001 0.000000 30.030769
v 18.215385 0.000704 30.030769
v 17.230770 0.004476 30.030769
v 16.246155 0.113899 30.030769
v 15.261539 0.343880 30.030769
v 14.276924 0.649798 30.030769
v 13.292309 1.058370 30.030769
v 12.307693 1.480290 30.030769
v 11.323078 1.868170 30.030769
v 10.338463 2.180285 30.030769
v 9.353848 2.382701 30.030769
v 8.369232 2.452834 30.030769
v 7.384617 2.454111 30.030769
v 6.400002 2.454181 30.030769
v 5.415386 2.457709 30.030769
v 4.430771 2.632545 30.030769
v 3.446156 3.026155 30.030769
v 2.461540 3.472396 30.030769
v 1.476925 3.839411 30.030769
v 0.492309 4.112261 30.030769
v -0.492306 4.318529 30.030769
v -1.476922 4.503257 30.030769
v -2.461537 4.698321 30.030769
v -3.446152 4.898556 30.030769
v -4.430768 5.020582 30.030769
v -5.415383 5.020582 30.030769
v -6.399999 5.020582 30.030769
v -7.384614 5.020582 30.030769
v -8.369229 5.020582 30.030769
v -9.353845 5.020582 30.030769
v -10.338460 5.020582 30.030769
v -11.323075 5.020582 30.030769
v -12.307691 5.020582 30.030769
v -13.292306 4.884149 30.030769
v -14.276921 4.884149 30.030769
v -15.261537 4.884149 30.030769
v -16.246153 4.884149 30.030769
v -17.230768 4.755654 30.030769
v -18.215384 4.513185 30.030769
v -19.199999 4.513185 30.030769
v -20.184614 4.588780 30.030769
v -21.169230 4.987340 30.030769
v -22.153845 5.632063 30.030769
v -23.138460 6.723289 30.030769
v -24.123075 7.947317 30.030769
v -25.107691 9.103745 30.030769
v -26.092306 10.057116 30.030769
v -27.076921 11.068887 30.030769
v -28.061537 11.611276 30.030769
v -29.046152 11.674902 30.030769
v -30.030767 11.574510 30.030769
v -31.015385 11.132801 30.030769
v 31.015385 0.000000 29.046154
v 30.030769 0.000000 29.046154
v 29.046154 0.000000 29.046154
v 28.061539 0.000000 29.046154
v 27.076923 0.000000 29.046154
v 26.092308 0.000000 29.046154
v 25.107693 0.000000 29.046154
v 24.123077 0.000000 29.046154
v 23.138462 0.000000 29.046154
v 22.153847 0.000000 29.046154
v 21.169231 0.005799 29.046154
v 20.184616 0.026837 29.046154
v 19.200001 0.051582 29.046154
v 18.215385 0.070428 29.046154
v 17.230770 0.145402 29.046154
v 16.246155 0.377092 29.046154
v 15.261539 0.722766 29.046154
v 14.276924 1.123697 29.046154
v 13.292309 1.532475 29.046154
v 12.307693 2.016609 29.046154
v 11.323078 2.458746 29.046154
v 10.338463 2.824694 29.046154
v 9.353848 3.065977 29.046154
v 8.369232 3.149676 29.046154
v 7.384617 3.151201 29.046154
v 6.400002 3.151285 29.046154
v 5.415386 3.154812 29.046154
v 4.430771 3.329254 29.046154
v 3.446156 3.721158 29.046154
v 2.461540 4.143432 29.046154
v 1.476925 4.450334 29.046154
v 0.492309 4.633951 29.046154
v -0.492306 4.732273 29.046154
v -1.476922 4.800368 29.046154
v -2.461537 4.878386 29.046154
v -3.446152 4.967473 29.046154
v -4.430768 5.020582 29.046154
v -5.415383 5.020582 29.046154
v -6.399999 5.020582 29.046154
v -7.384614 5.020582 29.046154
v -8.369229 5.020582 29.046154
v -9.353845 5.020582 29.046154
v -10.338460 5.020582 29.046154
v -11.323075 5.020582 29.046154
v -12.307691 5.020582 29.046154
v -13.292306 5.020582 29.046154
v -14.276921 5.020582 29.046154
v -15.261537 5.020582 29.046154
v -16.246153 5.020582 29.046154
v -17.230768 4.884149 29.046154
v -18.215384 4.884149 29.046154
v -19.199999 4.884149 29.046154
v -20.184614 4.910707 29.046154
v -21.169230 5.176473 29.046154
v -22.153845 5.768541 29.046154
v -23.138460 6.788809 29.046154
v -24.123075 7.854144 29.046154
v -25.107691 8.877464 29.046154
v -26.092306 9.935583 29.046154
v -27.076921 10.845700 29.046154
v -28.061537 11.428350 29.046154
v -29.046152 11.866786 29.046154
v -30.030767 11.775712 29.046154
v -31.015385 11.262270 29.046154
v 31.015385 0.000000 28.061539
v 30.030769 0.000000 28.061539
v 29.046154 0.000000 28.061539
v 28.061539 0.000000 28.061539
v 27.076923 0.000000 28.061539
v 26.092308 0.000000 28.061539
v 25.107693 0.000000 28.061539
v 24.123077 0.000000 28.061539
v 23.138462 0.001514 28.061539
v 22.153847 0.031128 28.061539
v 21.169231 0.084691 28.061539
v 20.184616 0.145590 28.061539
v 19.200001 0.199873 28.061539
v 18.215385 0.249652 28.061539
v 17.230770 0.438064 28.061539
v 16.246155 0.776701 28.061539
v 15.261539 1.224870 28.061539
v 14.276924 1.710377 28.061539
v 13.292309 2.165715 28.061539
v 12.307693 2.570005 28.061539
v 11.323078 3.041489 28.061539
v 10.338463 3.428497 28.061539
v 9.353848 3.690679 28.061539
v 8.369232 3.787269 28.061539
v 7.384617 3.789042 28.061539
v 6.400002 3.789140 28.061539
v 5.415386 3.790780 28.061539
v 4.430771 3.951011 28.061539
v 3.446156 4.328648 28.061539
v 2.461540 4.718869 28.061539
v 1.476925 4.963108 28.061539
v 0.492309 5.060876 28.061539
v -0.492306 5.057955 28.061539
v -1.476922 5.015468 28.061539
v -2.461537 4.978632 28.061539
v -3.446152 4.953895 28.061539
v -4.430768 4.903369 28.061539
v -5.415383 4.884149 28.061539
v -6.399999 5.020582 28.061539
v -7.384614 5.020582 28.061539
v -8.369229 5.020582 28.061539
v -9.353845 5.020582 28.061539
v -10.338460 5.020582 28.061539
v -11.323075 5.020582 28.061539
v -12.307691 5.020582 28.061539
v -13.292306 5.020582 28.061539
v -14.276921 5.020582 28.061539
v -15.261537 5.020582 28.061539
v -16.246153 5.020582 28.061539
v -17.230768 5.020582 28.061539
v -18.215384 5.020582 28.061539
v -19.199999 5.020582 28.061539
v -20.184614 5.023264 28.061539
v -21.169230 5.129381 28.061539
v -22.153845 5.758600 28.061539
v -23.138460 6.579028 28.061539
v -24.123075 7.441321 28.061539
v -25.107691 8.345121 28.061539
v -26.092306 9.419627 28.061539
v -27.076921 10.333427 28.061539
v -28.061537 11.125426 28.061539
v -29.046152 11.516747 28.061539
v -30.030767 11.411292 28.061539
v -31.015385 11.286486 28.061539
v 31.015385 0.000000 27.076923
v 30.030769 0.000000 27.076923
v 29.046154 0.000000 27.076923
v 28.061539 0.000000 27.076923
v 27.076923 0.000000 27.076923
v 26.092308 0.000000 27.076923
v 25.107693 0.000000 27.076923
v 24.123077 0.004060 27.076923
v 23.138462 0.051582 27.076923
v 22.153847 0.135827 27.076923
v 21.169231 0.236909 27.076923
v 20.184616 0.336860 27.076923
v 19.200001 0.420340 27.076923
v 18.215385 0.542248 27.076923
v 17.230770 0.818970 27.076923
v 16.246155 1.222537 27.076923
v 15.261539 1.689795 27.076923
v 14.276924 2.176719 27.076923
v 13.292309 2.645464 27.076923
v 12.307693 3.071052 27.076923
v 11.323078 3.422163 27.076923
v 10.338463 3.848315 27.076923
v 9.353848 4.149833 27.076923
v 8.369232 4.280481 27.076923
v 7.384617 4.312331 27.076923
v 6.400002 4.312789 27.076923
v 5.415386 4.312789 27.076923
v 4.430771 4.431715 27.076923
v 3.446156 4.770389 27.076923
v 2.461540 5.114122 27.076923
v 1.476925 5.292478 27.076923
v 0.492309 5.310349 27.076923
v -0.492306 5.214729 27.076923
v -1.476922 5.066124 27.076923
v -2.461537 4.911146 27.076923
v -3.446152 4.763201 27.076923
v -4.430768 4.601431 27.076923
v -5.415383 4.755654 27.076923
v -6.399999 4.884149 27.076923
v -7.384614 4.884149 27.076923
v -8.369229 4.884149 27.076923
v -9.353845 4.884149 27.076923
v -10.338460 5.020582 27.076923
v -11.323075 5.020582 27.076923
v -12.307691 5.020582 27.076923
v -13.292306 5.020582 27.076923
v -14.276921 5.020582 27.076923
v -15.261537 5.020582 27.076923
v -16.246153 5.020582 27.076923
v -17.230768 5.020582 27.076923
v -18.215384 5.020582 27.076923
v -19.199999 5.020582 27.076923
v -20.184614 5.020582 27.076923
v -21.169230 5.105514 27.076923
v -22.153845 5.532623 27.076923
v -23.138460 6.134979 27.076923
v -24.123075 6.771417 27.076923
v -25.107691 7.750054 27.076923
v -26.092306 8.768107 27.076923
v -27.076921 9.734268 27.076923
v -28.061537 10.422155 27.076923
v -29.046152 10.740767 27.076923
v -30.030767 10.662239 27.076923
v -31.015385 10.815388 27.076923
v 31.015385 0.000000 26.092308
v 30.030769 0.000000 26.092308
v 29.046154 0.000000 26.092308
v 28.061539 0.000000 26.092308
v 27.076923 0.000000 26.092308
v 26.092308 0.000000 26.092308
v 25.107693 0.001514 26.092308
v 24.123077 0.051582 26.092308
v 23.138462 0.155715 26.092308
v 22.153847 0.291661 26.092308
v 21.169231 0.438291 26.092308
v 20.184616 0.576167 26.092308
v 19.200001 0.700908 26.092308
v 18.215385 0.940798 26.092308
v 17.230770 1.233827 26.092308
v 16.246155 1.557715 26.092308
v 15.261539 1.956467 26.092308
v 14.276924 2.431535 26.092308
v 13.292309 2.909478 26.092308
v 12.307693 3.364051 26.092308
v 11.323078 3.753301 26.092308
v 10.338463 4.026257 26.092308
v 9.353848 4.368215 26.092308
v 8.369232 4.530198 26.092308
v 7.384617 4.601031 26.092308
v 6.400002 4.663473 26.092308
v 5.415386 4.667282 26.092308
v 4.430771 4.729527 26.092308
v 3.446156 5.004051 26.092308
v 2.461540 5.287236 26.092308
v 1.476925 5.400860 26.092308
v 0.492309 5.352054 26.092308
v -0.492306 5.181793 26.092308
v -1.476922 4.944251 26.092308
v -2.461537 4.684798 26.092308
v -3.446152 4.424481 26.092308
v -4.430768 4.250329 26.092308
v -5.415383 4.400611 26.092308
v -6.399999 4.513185 26.092308
v -7.384614 4.513185 26.092308
v -8.369229 4.513185 26.092308
v -9.353845 4.755654 26.092308
v -10.338460 4.884149 26.092308
v -11.323075 4.884149 26.092308
v -12.307691 4.884149 26.092308
v -13.292306 5.020582 26.092308
v -14.276921 5.020582 26.092308
v -15.261537 5.020582 26.092308
v -16.246153 5.020582 26.092308
v -17.230768 5.020582 26.092308
v -18.215384 5.020582 26.092308
v -19.199999 5.020582 26.092308
v -20.184614 5.020582 26.092308
v -21.169230 5.025100 26.092308
v -22.153845 5.229896 26.092308
v -23.138460 5.598225 26.092308
v -24.123075 6.277492 26.092308
v -25.107691 7.120863 26.092308
v -26.092306 8.055552 26.092308
v -27.076921 8.874704 26.092308
v -28.061537 9.421788 26.092308
v -29.046152 9.631988 26.092308
v -30.030767 9.738624 26.092308
v -31.015385 9.903941 26.092308
v 31.015385 0.000000 25.107693
v 30.030769 0.000000 25.107693
v 29.046154 0.000000 25.107693
v 28.061539 0.000000 25.107693
v 27.076923 0.000000 25.107693
v 26.092308 0.000000 25.107693
v 25.107693 0.031128 25.107693
v 24.123077 0.135827 25.107693
v 23.138462 0.291661 25.107693
v 22.153847 0.475481 25.107693
v 21.169231 0.664966 25.107693
v 20.184616 0.839159 25.107693
v 19.200001 1.020665 25.107693
v 18.215385 1.267868 25.107693
v 17.230770 1.539506 25.107693
v 16.246155 1.842620 25.107693
v 15.261539 2.195738 25.107693
v 14.276924 2.566503 25.107693
v 13.292309 2.962032 25.107693
v 12.307693 3.439857 25.107693
v 11.323078 3.867260 25.107693
v 10.338463 4.181575 25.107693
v 9.353848 4.322189 25.107693
v 8.369232 4.514175 25.107693
v 7.384617 4.609589 25.107693
v 6.400002 4.727984 25.107693
v 5.415386 4.796403 25.107693
v 4.430771 4.811175 25.107693
v 3.446156 4.995079 25.107693
v 2.461540 5.203258 25.107693
v 1.476925 5.256774 25.107693
v 0.492309 5.157621 25.107693
v -0.492306 4.935254 25.107693
v -1.476922 4.633952 25.107693
v -2.461537 4.295735 25.107693
v -3.446152 3.947899 25.107693
v -4.430768 3.838149 25.107693
v -5.415383 3.887033 25.107693
v -6.399999 3.965204 25.107693
v -7.384614 3.965907 25.107693
v -8.369229 4.070825 25.107693
v -9.353845 4.399163 25.107693
v -10.338460 4.513889 25.107693
v -11.323075 4.513185 25.107693
v -12.307691 4.755654 25.107693
v -13.292306 4.884149 25.107693
v -14.276921 4.884149 25.107693
v -15.261537 4.884149 25.107693
v -16.246153 4.884149 25.107693
v -17.230768 5.020582 25.107693
v -18.215384 5.020582 25.107693
v -19.199999 5.020582 25.107693
v -20.184614 5.020582 25.107693
v -21.169230 5.020582 25.107693
v -22.153845 5.045753 25.107693
v -23.138460 5.284763 25.107693
v -24.123075 5.765093 25.107693
v -25.107691 6.429990 25.107693
v -26.092306 7.188015 25.107693
v -27.076921 7.824853 25.107693
v -28.061537 8.206766 25.107693
v -29.046152 8.388958 25.107693
v -30.030767 8.584604 25.107693
v -31.015385 8.618281 25.107693
v 31.015385 0.000000 24.123077
v 30.030769 0.000000 24.123077
v 29.046154 0.000000 24.123077
v 28.061539 0.000000 24.123077
v 27.076923 0.000000 24.123077
v 26.092308 0.005799 24.123077
v 25.107693 0.084691 24.123077
v 24.123077 0.236909 24.123077
v 23.138462 0.438291 24.123077
v 22.153847 0.664966 24.123077
v 21.169231 0.893580 24.123077
v 20.184616 1.088624 24.123077
v 19.200001 1.257186 24.123077
v 18.215385 1.474021 24.123077
v 17.230770 1.706906 24.123077
v 16.246155 1.978885 24.123077
v 15.261539 2.322894 24.123077
v 14.276924 2.710268 24.123077
v 13.292309 3.092746 24.123077
v 12.307693 3.428369 24.123077
v 11.323078 3.745083 24.123077
v 10.338463 4.089582 24.123077
v 9.353848 4.259359 24.123077
v 8.369232 4.343228 24.123077
v 7.384617 4.464739 24.123077
v 6.400002 4.613503 24.123077
v 5.415386 4.756686 24.123077
v 4.430771 4.797657 24.123077
v 3.446156 4.870219 24.123077
v 2.461540 4.976189 24.123077
v 1.476925 4.950291 24.123077
v 0.492309 4.790093 24.123077
v -0.492306 4.515178 24.123077
v -1.476922 4.160072 24.123077
v -2.461537 3.762135 24.123077
v -3.446152 3.411511 24.123077
v -4.430768 3.296097 24.123077
v -5.415383 3.285066 24.123077
v -6.399999 3.349050 24.123077
v -7.384614 3.367685 24.123077
v -8.369229 3.648406 24.123077
v -9.353845 3.940260 24.123077
v -10.338460 4.035105 24.123077
v -11.323075 4.120605 24.123077
v -12.307691 4.424401 24.123077
v -13.292306 4.518981 24.123077
v -14.276921 4.513185 24.123077
v -15.261537 4.513185 24.123077
v -16.246153 4.755654 24.123077
v -17.230768 4.884149 24.123077
v -18.215384 4.884149 24.123077
v -19.199999 4.884149 24.123077
v -20.184614 4.884149 24.123077
v -21.169230 5.020582 24.123077
v -22.153845 5.020582 24.123077
v -23.138460 5.053236 24.123077
v -24.123075 5.300220 24.123077
v -25.107691 5.744670 24.123077
v -26.092306 6.286254 24.123077
v -27.076921 6.728434 24.123077
v -28.061537 6.967959 24.123077
v -29.046152 7.118107 24.123077
v -30.030767 7.418829 24.123077
v -31.015385 7.417121 24.123077
v 31.015385 0.000000 23.138462
v 30.030769 0.000000 23.138462
v 29.046154 0.000000 23.138462
v 28.061539 0.000000 23.138462
v 27.076923 0.000000 23.138462
v 26.092308 0.026837 23.138462
v 25.107693 0.145590 23.138462
v 24.123077 0.336860 23.138462
v 23.138462 0.576167 23.138462
v 22.153847 0.839159 23.138462
v 21.169231 1.101152 23.138462
v 20.184616 1.259730 23.138462
v 19.200001 1.395917 23.138462
v 18.215385 1.566883 23.138462
v 17.230770 1.750484 23.138462
v 16.246155 1.982876 23.138462
v 15.261539 2.309350 23.138462
v 14.276924 2.704239 23.138462
v 13.292309 3.115240 23.138462
v 12.307693 3.492847 23.138462
v 11.323078 3.768259 23.138462
v 10.338463 3.876090 23.138462
v 9.353848 4.056219 23.138462
v 8.369232 4.161407 23.138462
v 7.384617 4.309792 23.138462
v 6.400002 4.492352 23.138462
v 5.415386 4.681005 23.138462
v 4.430771 4.791154 23.138462
v 3.446156 4.801185 23.138462
v 2.461540 4.785756 23.138462
v 1.476925 4.660871 23.138462
v 0.492309 4.422888 23.138462
v -0.492306 4.083511 23.138462
v -1.476922 3.668483 23.138462
v -2.461537 3.211613 23.138462
v -3.446152 2.921239 23.138462
v -4.430768 2.767358 23.138462
v -5.415383 2.716697 23.138462
v -6.399999 2.765035 23.138462
v -7.384614 2.800836 23.138462
v -8.369229 3.202250 23.138462
v -9.353845 3.454517 23.138462
v -10.338460 3.529499 23.138462
v -11.323075 3.767593 23.138462
v -12.307691 4.006886 23.138462
v -13.292306 4.049133 23.138462
v -14.276921 3.996229 23.138462
v -15.261537 4.070825 23.138462
v -16.246153 4.397650 23.138462
v -17.230768 4.513185 23.138462
v -18.215384 4.513185 23.138462
v -19.199999 4.513185 23.138462
v -20.184614 4.755654 23.138462
v -21.169230 4.884149 23.138462
v -22.153845 4.884149 23.138462
v -23.138460 4.884149 23.138462
v -24.123075 5.048265 23.138462
v -25.107691 5.243143 23.138462
v -26.092306 5.556627 23.138462
v -27.076921 5.791992 23.138462
v -28.061537 6.090479 23.138462
v -29.046152 6.230826 23.138462
v -30.030767 6.313692 23.138462
v -31.015385 6.145647 23.138462
v 31.015385 0.000000 22.153847
v 30.030769 0.000000 22.153847
v 29.046154 0.000000 22.153847
v 28.061539 0.000000 22.153847
v 27.076923 0.000000 22.153847
v 26.092308 0.051582 22.153847
v 25.107693 0.199873 22.153847
v 24.123077 0.420340 22.153847
v 23.138462 0.688356 22.153847
v 22.153847 0.979325 22.153847
v 21.169231 1.245257 22.153847
v 20.184616 1.356924 22.153847
v 19.200001 1.447204 22.153847
v 18.215385 1.564316 22.153847
v 17.230770 1.691986 22.153847
v 16.246155 1.875122 22.153847
v 15.261539 2.168320 22.153847
v 14.276924 2.548421 22.153847
v 13.292309 2.962894 22.153847
v 12.307693 3.360133 22.153847
v 11.323078 3.663347 22.153847
v 10.338463 3.795675 22.153847
v 9.353848 3.858521 22.153847
v 8.369232 4.002797 22.153847
v 7.384617 4.195726 22.153847
v 6.400002 4.399041 22.153847
v 5.415386 4.599479 22.153847
v 4.430771 4.762651 22.153847
v 3.446156 4.797657 22.153847
v 2.461540 4.676733 22.153847
v 1.476925 4.431361 22.153847
v 0.492309 4.095609 22.153847
v -0.492306 3.677020 22.153847
v -1.476922 3.199792 22.153847
v -2.461537 2.758917 22.153847
v -3.446152 2.484799 22.153847
v -4.430768 2.297178 22.153847
v -5.415383 2.212759 22.153847
v -6.399999 2.243698 22.153847
v -7.384614 2.417171 22.153847
v -8.369229 2.760351 22.153847
v -9.353845 2.971215 22.153847
v -10.338460 3.026448 22.153847
v -11.323075 3.362973 22.153847
v -12.307691 3.536809 22.153847
v -13.292306 3.529499 22.153847
v -14.276921 3.431853 22.153847
v -15.261537 3.622923 22.153847
v -16.246153 3.867552 22.153847
v -17.230768 3.965204 22.153847
v -18.215384 3.965204 22.153847
v -19.199999 4.069312 22.153847
v -20.184614 4.397650 22.153847
v -21.169230 4.513185 22.153847
v -22.153845 4.513185 22.153847
v -23.138460 4.884149 22.153847
v -24.123075 5.020582 22.153847
v -25.107691 5.024164 22.153847
v -26.092306 5.112641 22.153847
v -27.076921 5.292663 22.153847
v -28.061537 5.398407 22.153847
v -29.046152 5.395730 22.153847
v -30.030767 5.261396 22.153847
v -31.015385 4.929083 22.153847
v 31.015385 0.000000 21.169231
v 30.030769 0.000000 21.169231
v 29.046154 0.000000 21.169231
v 28.061539 0.000000 21.169231
v 27.076923 0.000704 21.169231
v 26.092308 0.070428 21.169231
v 25.107693 0.236909 21.169231
v 24.123077 0.475481 21.169231
v 23.138462 0.761475 21.169231
v 22.153847 1.070226 21.169231
v 21.169231 1.317202 21.169231
v 20.184616 1.391936 21.169231
v 19.200001 1.441732 21.169231
v 18.215385 1.514810 21.169231
v 17.230770 1.596219 21.169231
v 16.246155 1.735160 21.169231
v 15.261539 1.993362 21.169231
v 14.276924 2.348644 21.169231
v 13.292309 2.750905 21.169231
v 12.307693 3.149996 21.169231
v 11.323078 3.462067 21.169231
v 10.338463 3.636811 21.169231
v 9.353848 3.760743 21.169231
v 8.369232 3.929652 21.169231
v 7.384617 4.127034 21.169231
v 6.400002 4.335993 21.169231
v 5.415386 4.545889 21.169231
v 4.430771 4.727984 21.169231
v 3.446156 4.667282 21.169231
v 2.461540 4.544492 21.169231
v 1.476925 4.205911 21.169231
v 0.492309 3.765478 21.169231
v -0.492306 3.291624 21.169231
v -1.476922 2.795072 21.169231
v -2.461537 2.374750 21.169231
v -3.446152 2.083167 21.169231
v -4.430768 1.880493 21.169231
v -5.415383 1.785949 21.169231
v -6.399999 1.819557 21.169231
v -7.384614 2.075117 21.169231
v -8.369229 2.356524 21.169231
v -9.353845 2.524761 21.169231
v -10.338460 2.680659 21.169231
v -11.323075 2.937887 21.169231
v -12.307691 3.046150 21.169231
v -13.292306 2.991846 21.169231
v -14.276921 2.853378 21.169231
v -15.261537 3.111171 21.169231
v -16.246153 3.261435 21.169231
v -17.230768 3.299224 21.169231
v -18.215384 3.297711 21.169231
v -19.199999 3.571599 21.169231
v -20.184614 3.863493 21.169231
v -21.169230 3.965204 21.169231
v -22.153845 4.513185 21.169231
v -23.138460 4.884149 21.169231
v -24.123075 5.020582 21.169231
v -25.107691 5.020582 21.169231
v -26.092306 5.020582 21.169231
v -27.076921 5.030183 21.169231
v -28.061537 4.964361 21.169231
v -29.046152 4.761916 21.169231
v -30.030767 4.431866 21.169231
v -31.015385 3.959066 21.169231
v 31.015385 0.000000 20.184616
v 30.030769 0.000000 20.184616
v 29.046154 0.000000 20.184616
v 28.061539 0.000000 20.184616
v 27.076923 0.001514 20.184616
v 26.092308 0.077388 20.184616
v 25.107693 0.250016 20.184616
v 24.123077 0.494728 20.184616
v 23.138462 0.786853 20.184616
v 22.153847 1.101721 20.184616
v 21.169231 1.326939 20.184616
v 20.184616 1.377130 20.184616
v 19.200001 1.402690 20.184616
v 18.215385 1.450588 20.184616
v 17.230770 1.505916 20.184616
v 16.246155 1.618224 20.184616
v 15.261539 1.853610 20.184616
v 14.276924 2.189834 20.184616
v 13.292309 2.581946 20.184616
v 12.307693 3.025978 20.184616
v 11.323078 3.420557 20.184616
v 10.338463 3.625635 20.184616
v 9.353848 3.741209 20.184616
v 8.369232 3.905062 20.184616
v 7.384617 4.117220 20.184616
v 6.400002 4.343228 20.184616
v 5.415386 4.544224 20.184616
v 4.430771 4.706995 20.184616
v 3.446156 4.667002 20.184616
v 2.461540 4.312786 20.184616
v 1.476925 3.894421 20.184616
v 0.492309 3.464347 20.184616
v -0.492306 2.973647 20.184616
v -1.476922 2.483960 20.184616
v -2.461537 2.050284 20.184616
v -3.446152 1.719334 20.184616
v -4.430768 1.530520 20.184616
v -5.415383 1.461170 20.184616
v -6.399999 1.531906 20.184616
v -7.384614 1.812983 20.184616
v -8.369229 2.030572 20.184616
v -9.353845 2.155371 20.184616
v -10.338460 2.355503 20.184616
v -11.323075 2.530001 20.184616
v -12.307691 2.572000 20.184616
v -13.292306 2.472064 20.184616
v -14.276921 2.417171 20.184616
v -15.261537 2.568546 20.184616
v -16.246153 2.629241 20.184616
v -17.230768 2.599270 20.184616
v -18.215384 2.568216 20.184616
v -19.199999 2.957500 20.184616
v -20.184614 3.297711 20.184616
v -21.169230 3.965204 20.184616
v -22.153845 4.513185 20.184616
v -23.138460 4.884149 20.184616
v -24.123075 5.020582 20.184616
v -25.107691 5.020582 20.184616
v -26.092306 5.020582 20.184616
v -27.076921 5.020582 20.184616
v -28.061537 4.884149 20.184616
v -29.046152 4.514449 20.184616
v -30.030767 4.009076 20.184616
v -31.015385 3.420430 20.184616
v 31.015385 0.000000 19.200001
v 30.030769 0.000000 19.200001
v 29.046154 0.000000 19.200001
v 28.061539 0.000000 19.200001
v 27.076923 0.000704 19.200001
v 26.092308 0.070428 19.200001
v 25.107693 0.236909 19.200001
v 24.123077 0.475481 19.200001
v 23.138462 0.761475 19.200001
v 22.153847 1.070207 19.200001
v 21.169231 1.283101 19.200001
v 20.184616 1.320228 19.200001
v 19.200001 1.324108 19.200001
v 18.215385 1.350832 19.200001
v 17.230770 1.384981 19.200001
v 16.246155 1.515472 19.200001
v 15.261539 1.725650 19.200001
v 14.276924 2.034047 19.200001
v 13.292309 2.488570 19.200001
v 12.307693 2.959875 19.200001
v 11.323078 3.340046 19.200001
v 10.338463 3.536602 19.200001
v 9.353848 3.675602 19.200001
v 8.369232 3.875696 19.200001
v 7.384617 4.084706 19.200001
v 6.400002 4.284538 19.200001
v 5.415386 4.457548 19.200001
v 4.430771 4.593987 19.200001
v 3.446156 4.549522 19.200001
v 2.461540 4.233440 19.200001
v 1.476925 3.776020 19.200001
v 0.492309 3.221348 19.200001
v -0.492306 2.739632 19.200001
v -1.476922 2.295839 19.200001
v -2.461537 1.854838 19.200001
v -3.446152 1.476783 19.200001
v -4.430768 1.304756 19.200001
v -5.415383 1.292663 19.200001
v -6.399999 1.438312 19.200001
v -7.384614 1.672720 19.200001
v -8.369229 1.825745 19.200001
v -9.353845 1.906663 19.200001
v -10.338460 2.092678 19.200001
v -11.323075 2.181267 19.200001
v -12.307691 2.155371 19.200001
v -13.292306 2.009810 19.200001
v -14.276921 1.985567 19.200001
v -15.261537 2.032019 19.200001
v -16.246153 2.008590 19.200001
v -17.230768 1.918477 19.200001
v -18.215384 1.961956 19.200001
v -19.199999 2.568216 19.200001
v -20.184614 3.297711 19.200001
v -21.169230 3.965204 19.200001
v -22.153845 4.513185 19.200001
v -23.138460 4.884149 19.200001
v -24.123075 5.020582 19.200001
v -25.107691 5.020582 19.200001
v -26.092306 5.020582 19.200001
v -27.076921 5.020582 19.200001
v -28.061537 4.884149 19.200001
v -29.046152 4.513185 19.200001
v -30.030767 3.965204 19.200001
v -31.015385 3.297709 19.200001
v 31.015385 0.000000 18.215385
v 30.030769 0.000000 18.215385
v 29.046154 0.000000 18.215385
v 28.061539 0.000000 18.215385
v 27.076923 0.000000 18.215385
v 26.092308 0.051582 18.215385
v 25.107693 0.199873 18.215385
v 24.123077 0.420340 18.215385
v 23.138462 0.688356 18.215385
v 22.153847 0.979325 18.215385
v 21.169231 1.192550 18.215385
v 20.184616 1.231173 18.215385
v 19.200001 1.209965 18.215385
v 18.215385 1.252972 18.215385
v 17.230770 1.344032 18.215385
v 16.246155 1.452619 18.215385
v 15.261539 1.633293 18.215385
v 14.276924 1.946977 18.215385
v 13.292309 2.351413 18.215385
v 12.307693 2.762782 18.215385
v 11.323078 3.137492 18.215385
v 10.338463 3.387812 18.215385
v 9.353848 3.536046 18.215385
v 8.369232 3.706988 18.215385
v 7.384617 3.885488 18.215385
v 6.400002 4.067961 18.215385
v 5.415386 4.221200 18.215385
v 4.430771 4.308787 18.215385
v 3.446156 4.286370 18.215385
v 2.461540 4.032187 18.215385
v 1.476925 3.644967 18.215385
v 0.492309 3.154221 18.215385
v -0.492306 2.642130 18.215385
v -1.476922 2.174854 18.215385
v -2.461537 1.786351 18.215385
v -3.446152 1.479016 18.215385
v -4.430768 1.270130 18.215385
v -5.415383 1.346553 18.215385
v -6.399999 1.537104 18.215385
v -7.384614 1.695688 18.215385
v -8.369229 1.784506 18.215385
v -9.353845 1.849979 18.215385
v -10.338460 1.934436 18.215385
v -11.323075 1.934124 18.215385
v -12.307691 1.838236 18.215385
v -13.292306 1.646421 18.215385
v -14.276921 1.598129 18.215385
v -15.261537 1.541918 18.215385
v -16.246153 1.440066 18.215385
v -17.230768 1.297855 18.215385
v -18.215384 1.861021 18.215385
v -19.199999 2.568216 18.215385
v -20.184614 3.297711 18.215385
v -21.169230 3.965204 18.215385
v -22.153845 4.513185 18.215385
v -23.138460 4.884149 18.215385
v -24.123075 5.020582 18.215385
v -25.107691 5.020582 18.215385
v -26.092306 5.020582 18.215385
v -27.076921 5.020582 18.215385
v -28.061537 4.884149 18.215385
v -29.046152 4.513185 18.215385
v -30.030767 4.069312 18.215385
v -31.015385 3.571599 18.215385
v 31.015385 0.000000 17.230770
v 30.030769 0.000000 17.230770
v 29.046154 0.000000 17.230770
v 28.061539 0.000000 17.230770
v 27.076923 0.000000 17.230770
v 26.092308 0.026837 17.230770
v 25.107693 0.145590 17.230770
v 24.123077 0.336860 17.230770
v 23.138462 0.576167 17.230770
v 22.153847 0.839159 17.230770
v 21.169231 1.059298 17.230770
v 20.184616 1.147422 17.230770
v 19.200001 1.173865 17.230770
v 18.215385 1.233473 17.230770
v 17.230770 1.307948 17.230770
v 16.246155 1.395281 17.230770
v 15.261539 1.586007 17.230770
v 14.276924 1.853610 17.230770
v 13.292309 2.193007 17.230770
v 12.307693 2.614134 17.230770
v 11.323078 2.960570 17.230770
v 10.338463 3.169125 17.230770
v 9.353848 3.288656 17.230770
v 8.369232 3.453904 17.230770
v 7.384617 3.634240 17.230770
v 6.400002 3.778191 17.230770
v 5.415386 3.865673 17.230770
v 4.430771 3.880772 17.230770
v 3.446156 3.923564 17.230770
v 2.461540 3.739710 17.230770
v 1.476925 3.408137 17.230770
v 0.492309 3.006654 17.230770
v -0.492306 2.529235 17.230770
v -1.476922 2.138869 17.230770
v -2.461537 1.809556 17.230770
v -3.446152 1.557674 17.230770
v -4.430768 1.428392 17.230770
v -5.415383 1.532156 17.230770
v -6.399999 1.745666 17.230770
v -7.384614 1.886517 17.230770
v -8.369229 1.936080 17.230770
v -9.353845 1.937931 17.230770
v -10.338460 1.918816 17.230770
v -11.323075 1.827404 17.230770
v -12.307691 1.660320 17.230770
v -13.292306 1.438312 17.230770
v -14.276921 1.296189 17.230770
v -15.261537 1.140961 17.230770
v -16.246153 0.967126 17.230770
v -17.230768 1.306437 17.230770
v -18.215384 1.826491 17.230770
v -19.199999 2.494798 17.230770
v -20.184614 3.210090 17.230770
v -21.169230 3.863493 17.230770
v -22.153845 4.397650 17.230770
v -23.138460 4.755654 17.230770
v -24.123075 4.884149 17.230770
v -25.107691 5.020582 17.230770
v -26.092306 5.020582 17.230770
v -27.076921 5.020582 17.230770
v -28.061537 4.884149 17.230770
v -29.046152 4.755654 17.230770
v -30.030767 4.397650 17.230770
v -31.015385 3.863492 17.230770
v 31.015385 0.000000 16.246155
v 30.030769 0.000000 16.246155
v 29.046154 0.000000 16.246155
v 28.061539 0.000000 16.246155
v 27.076923 0.000000 16.246155
v 26.092308 0.005799 16.246155
v 25.107693 0.084691 16.246155
v 24.123077 0.236909 16.246155
v 23.138462 0.438291 16.246155
v 22.153847 0.688356 16.246155
v 21.169231 0.966810 16.246155
v 20.184616 1.120503 16.246155
v 19.200001 1.146615 16.246155
v 18.215385 1.182960 16.246155
v 17.230770 1.276218 16.246155
v 16.246155 1.420457 16.246155
v 15.261539 1.582609 16.246155
v 14.276924 1.803262 16.246155
v 13.292309 2.119287 16.246155
v 12.307693 2.458371 16.246155
v 11.323078 2.730722 16.246155
v 10.338463 2.930299 16.246155
v 9.353848 3.077286 16.246155
v 8.369232 3.215632 16.246155
v 7.384617 3.330747 16.246155
v 6.400002 3.401988 16.246155
v 5.415386 3.408559 16.246155
v 4.430771 3.421319 16.246155
v 3.446156 3.489884 16.246155
v 2.461540 3.376228 16.246155
v 1.476925 3.108652 16.246155
v 0.492309 2.785716 16.246155
v -0.492306 2.410697 16.246155
v -1.476922 2.028653 16.246155
v -2.461537 1.816559 16.246155
v -3.446152 1.683003 16.246155
v -4.430768 1.661157 16.246155
v -5.415383 1.745666 16.246155
v -6.399999 1.886517 16.246155
v -7.384614 2.040095 16.246155
v -8.369229 2.095217 16.246155
v -9.353845 2.095217 16.246155
v -10.338460 2.040095 16.246155
v -11.323075 1.886517 16.246155
v -12.307691 1.657373 16.246155
v -13.292306 1.383340 16.246155
v -14.276921 1.121942 16.246155
v -15.261537 0.873801 16.246155
v -16.246153 0.935023 16.246155
v -17.230768 1.214369 16.246155
v -18.215384 1.674767 16.246155
v -19.199999 2.283602 16.246155
v -20.184614 2.957500 16.246155
v -21.169230 3.571599 16.246155
v -22.153845 4.069312 16.246155
v -23.138460 4.513185 16.246155
v -24.123075 4.884149 16.246155
v -25.107691 5.020582 16.246155
v -26.092306 5.020582 16.246155
v -27.076921 5.020582 16.246155
v -28.061537 5.020582 16.246155
v -29.046152 4.884149 16.246155
v -30.030767 4.513185 16.246155
v -31.015385 3.965203 16.246155
v 31.015385 0.000000 15.261539
v 30.030769 0.000000 15.261539
v 29.046154 0.000000 15.261539
v 28.061539 0.000000 15.261539
v 27.076923 0.000000 15.261539
v 26.092308 0.000000 15.261539
v 25.107693 0.031128 15.261539
v 24.123077 0.145590 15.261539
v 23.138462 0.336860 15.261539
v 22.153847 0.576167 15.261539
v 21.169231 0.839159 15.261539
v 20.184616 1.038164 15.261539
v 19.200001 1.131935 15.261539
v 18.215385 1.205466 15.261539
v 17.230770 1.315557 15.261539
v 16.246155 1.441203 15.261539
v 15.261539 1.574236 15.261539
v 14.276924 1.792258 15.261539
v 13.292309 2.045551 15.261539
v 12.307693 2.310118 15.261539
v 11.323078 2.593320 15.261539
v 10.338463 2.771872 15.261539
v 9.353848 2.861704 15.261539
v 8.369232 2.933150 15.261539
v 7.384617 2.971202 15.261539
v 6.400002 2.955056 15.261539
v 5.415386 2.864441 15.261539
v 4.430771 2.913578 15.261539
v 3.446156 3.017984 15.261539
v 2.461540 2.974061 15.261539
v 1.476925 2.791092 15.261539
v 0.492309 2.519931 15.261539
v -0.492306 2.259466 15.261539
v -1.476922 1.965904 15.261539
v -2.461537 1.785710 15.261539
v -3.446152 1.787551 15.261539
v -4.430768 1.886517 15.261539
v -5.415383 1.936080 15.261539
v -6.399999 2.040095 15.261539
v -7.384614 2.095217 15.261539
v -8.369229 2.153744 15.261539
v -9.353845 2.153744 15.261539
v -10.338460 2.095217 15.261539
v -11.323075 1.936080 15.261539
v -12.307691 1.701005 15.261539
v -13.292306 1.414662 15.261539
v -14.276921 1.101721 15.261539
v -15.261537 0.843419 15.261539
v -16.246153 0.828287 15.261539
v -17.230768 1.032916 15.261539
v -18.215384 1.420182 15.261539
v -19.199999 1.957672 15.261539
v -20.184614 2.568216 15.261539
v -21.169230 3.297711 15.261539
v -22.153845 3.965204 15.261539
v -23.138460 4.513185 15.261539
v -24.123075 4.884149 15.261539
v -25.107691 5.020582 15.261539
v -26.092306 5.020582 15.261539
v -27.076921 5.020582 15.261539
v -28.061537 5.020582 15.261539
v -29.046152 4.884149 15.261538
v -30.030767 4.513185 15.261538
v -31.015385 3.965203 15.261538
v 31.015385 0.000000 14.276924
v 30.030769 0.000000 14.276924
v 29.046154 0.000000 14.276924
v 28.061539 0.000000 14.276924
v 27.076923 0.000000 14.276924
v 26.092308 0.000000 14.276924
v 25.107693 0.005799 14.276924
v 24.123077 0.084691 14.276924
v 23.138462 0.236909 14.276924
v 22.153847 0.438291 14.276924
v 21.169231 0.688356 14.276924
v 20.184616 0.969972 14.276924
v 19.200001 1.154414 14.276924
v 18.215385 1.233909 14.276924
v 17.230770 1.312364 14.276924
v 16.246155 1.449449 14.276924
v 15.261539 1.632534 14.276924
v 14.276924 1.810624 14.276924
v 13.292309 2.008408 14.276924
v 12.307693 2.250244 14.276924
v 11.323078 2.463771 14.276924
v 10.338463 2.579673 14.276924
v 9.353848 2.609207 14.276924
v 8.369232 2.606306 14.276924
v 7.384617 2.556108 14.276924
v 6.400002 2.484963 14.276924
v 5.415386 2.313337 14.276924
v 4.430771 2.413832 14.276924
v 3.446156 2.544706 14.276924
v 2.461540 2.570706 14.276924
v 1.476925 2.475622 14.276924
v 0.492309 2.276705 14.276924
v -0.492306 2.106923 14.276924
v -1.476922 1.942833 14.276924
v -2.461537 1.823995 14.276924
v -3.446152 1.886517 14.276924
v -4.430768 2.040095 14.276924
v -5.415383 2.095217 14.276924
v -6.399999 2.095217 14.276924
v -7.384614 2.153744 14.276924
v -8.369229 2.153744 14.276924
v -9.353845 2.153744 14.276924
v -10.338460 2.095217 14.276924
v -11.323075 1.936080 14.276924
v -12.307691 1.701005 14.276924
v -13.292306 1.414662 14.276924
v -14.276921 1.101721 14.276924
v -15.261537 0.797698 14.276924
v -16.246153 0.687776 14.276924
v -17.230768 0.800335 14.276924
v -18.215384 1.185505 14.276924
v -19.199999 1.776583 14.276924
v -20.184614 2.494798 14.276924
v -21.169230 3.210090 14.276924
v -22.153845 3.863493 14.276924
v -23.138460 4.397650 14.276924
v -24.123075 4.755654 14.276924
v -25.107691 4.884149 14.276924
v -26.092306 4.884149 14.276924
v -27.076921 4.884149 14.276924
v -28.061537 4.884149 14.276923
v -29.046152 4.755654 14.276922
v -30.030767 4.397649 14.276922
v -31.015385 3.863492 14.276922
v 31.015385 0.000000 13.292309
v 30.030769 0.000000 13.292309
v 29.046154 0.000000 13.292309
v 28.061539 0.000000 13.292309
v 27.076923 0.000000 13.292309
v 26.092308 0.000000 13.292309
v 25.107693 0.000000 13.292309
v 24.123077 0.031128 13.292309
v 23.138462 0.145590 13.292309
v 22.153847 0.336860 13.292309
v 21.169231 0.576167 13.292309
v 20.184616 0.839159 13.292309
v 19.200001 1.080741 13.292309
v 18.215385 1.252281 13.292309
v 17.230770 1.380091 13.292309
v 16.246155 1.519936 13.292309
v 15.261539 1.668957 13.292309
v 14.276924 1.804127 13.292309
v 13.292309 1.994694 13.292309
v 12.307693 2.176382 13.292309
v 11.323078 2.325245 13.292309
v 10.338463 2.377459 13.292309
v 9.353848 2.377147 13.292309
v 8.369232 2.352521 13.292309
v 7.384617 2.250155 13.292309
v 6.400002 2.051972 13.292309
v 5.415386 1.915917 13.292309
v 4.430771 2.039451 13.292309
v 3.446156 2.109128 13.292309
v 2.461540 2.205581 13.292309
v 1.476925 2.201251 13.292309
v 0.492309 2.107514 13.292309
v -0.492306 1.985435 13.292309
v -1.476922 1.959391 13.292309
v -2.461537 1.936658 13.292309
v -3.446152 2.040095 13.292309
v -4.430768 2.095217 13.292309
v -5.415383 2.153744 13.292309
v -6.399999 2.153744 13.292309
v -7.384614 2.153744 13.292309
v -8.369229 2.153744 13.292309
v -9.353845 2.095217 13.292309
v -10.338460 2.040095 13.292309
v -11.323075 1.886517 13.292309
v -12.307691 1.657373 13.292309
v -13.292306 1.377074 13.292309
v -14.276921 1.070226 13.292309
v -15.261537 0.761475 13.292309
v -16.246153 0.592603 13.292309
v -17.230768 0.701244 13.292309
v -18.215384 1.050068 13.292309
v -19.199999 1.605326 13.292309
v -20.184614 2.282898 13.292309
v -21.169230 2.957500 13.292309
v -22.153845 3.571599 13.292309
v -23.138460 4.069312 13.292309
v -24.123075 4.397650 13.292309
v -25.107691 4.513185 13.292309
v -26.092306 4.513185 13.292309
v -27.076921 4.513185 13.292309
v -28.061537 4.513185 13.292308
v -29.046152 4.397649 13.292307
v -30.030767 4.069575 13.292307
v -31.015385 3.586527 13.292307
v 31.015385 0.000000 12.307693
v 30.030769 0.000000 12.307693
v 29.046154 0.000000 12.307693
v 28.061539 0.000000 12.307693
v 27.076923 0.000000 12.307693
v 26.092308 0.000000 12.307693
v 25.107693 0.000000 12.307693
v 24.123077 0.005799 12.307693
v 23.138462 0.084691 12.307693
v 22.153847 0.236909 12.307693
v 21.169231 0.438291 12.307693
v 20.184616 0.688356 12.307693
v 19.200001 0.979325 12.307693
v 18.215385 1.249690 12.307693
v 17.230770 1.434823 12.307693
v 16.246155 1.546136 12.307693
v 15.261539 1.686095 12.307693
v 14.276924 1.860720 12.307693
v 13.292309 1.999678 12.307693
v 12.307693 2.122492 12.307693
v 11.323078 2.207645 12.307693
v 10.338463 2.281298 12.307693
v 9.353848 2.244094 12.307693
v 8.369232 2.122351 12.307693
v 7.384617 1.904633 12.307693
v 6.400002 1.636055 12.307693
v 5.415386 1.627534 12.307693
v 4.430771 1.778069 12.307693
v 3.446156 1.850605 12.307693
v 2.461540 1.916719 12.307693
v 1.476925 2.004708 12.307693
v 0.492309 2.019495 12.307693
v -0.492306 1.972622 12.307693
v -1.476922 2.040095 12.307693
v -2.461537 2.095217 12.307693
v -3.446152 2.095217 12.307693
v -4.430768 2.153744 12.307693
v -5.415383 2.153744 12.307693
v -6.399999 2.153744 12.307693
v -7.384614 2.095217 12.307693
v -8.369229 2.095217 12.307693
v -9.353845 2.040095 12.307693
v -10.338460 1.886517 12.307693
v -11.323075 1.745666 12.307693
v -12.307691 1.532156 12.307693
v -13.292306 1.268717 12.307693
v -14.276921 0.979325 12.307693
v -15.261537 0.688356 12.307693
v -16.246153 0.481157 12.307693
v -17.230768 0.538303 12.307693
v -18.215384 0.836734 12.307693
v -19.199999 1.343101 12.307693
v -20.184614 1.956158 12.307693
v -21.169230 2.568216 12.307693
v -22.153845 3.124214 12.307693
v -23.138460 3.571599 12.307693
v -24.123075 3.863493 12.307693
v -25.107691 3.965204 12.307693
v -26.092306 3.965204 12.307693
v -27.076921 3.965204 12.307693
v -28.061537 3.976414 12.307693
v -29.046152 3.914966 12.307692
v -30.030767 3.687482 12.307692
v -31.015385 3.315355 12.307692
v 31.015385 0.000000 11.323078
v 30.030769 0.000000 11.323078
v 29.046154 0.000000 11.323078
v 28.061539 0.000000 11.323078
v 27.076923 0.000000 11.323078
v 26.092308 0.000000 11.323078
v 25.107693 0.000000 11.323078
v 24.123077 0.000000 11.323078
v 23.138462 0.031128 11.323078
v 22.153847 0.145590 11.323078
v 21.169231 0.336860 11.323078
v 20.184616 0.576167 11.323078
v 19.200001 0.839159 11.323078
v 18.215385 1.101721 11.323078
v 17.230770 1.373258 11.323078
v 16.246155 1.615440 11.323078
v 15.261539 1.790172 11.323078
v 14.276924 1.908618 11.323078
v 13.292309 1.985652 11.323078
v 12.307693 2.098153 11.323078
v 11.323078 2.170616 11.323078
v 10.338463 2.180688 11.323078
v 9.353848 2.071294 11.323078
v 8.369232 1.900242 11.323078
v 7.384617 1.685517 11.323078
v 6.400002 1.424120 11.323078
v 5.415386 1.487798 11.323078
v 4.430771 1.668562 11.323078
v 3.446156 1.774688 11.323078
v 2.461540 1.823995 11.323078
v 1.476925 1.917530 11.323078
v 0.492309 2.041295 11.323078
v -0.492306 2.095217 11.323078
v -1.476922 2.095217 11.323078
v -2.461537 2.153744 11.323078
v -3.446152 2.153744 11.323078
v -4.430768 2.153744 11.323078
v -5.415383 2.095217 11.323078
v -6.399999 2.095217 11.323078
v -7.384614 2.040095 11.323078
v -8.369229 1.936080 11.323078
v -9.353845 1.886517 11.323078
v -10.338460 1.745666 11.323078
v -11.323075 1.532156 11.323078
v -12.307691 1.340235 11.323078
v -13.292306 1.101721 11.323078
v -14.276921 0.839159 11.323078
v -15.261537 0.576167 11.323078
v -16.246153 0.349867 11.323078
v -17.230768 0.342631 11.323078
v -18.215384 0.579072 11.323078
v -19.199999 1.021698 11.323078
v -20.184614 1.550099 11.323078
v -21.169230 2.083020 11.323078
v -22.153845 2.568216 11.323078
v -23.138460 2.957500 11.323078
v -24.123075 3.210090 11.323078
v -25.107691 3.297711 11.323078
v -26.092306 3.308923 11.323078
v -27.076921 3.374192 11.323078
v -28.061537 3.473139 11.323077
v -29.046152 3.502644 11.323076
v -30.030767 3.378513 11.323076
v -31.015385 3.109002 11.323076
v 31.015385 0.000000 10.338463
v 30.030769 0.000000 10.338463
v 29.046154 0.000000 10.338463
v 28.061539 0.000000 10.338463
v 27.076923 0.000000 10.338463
v 26.092308 0.000000 10.338463
v 25.107693 0.000000 10.338463
v 24.123077 0.000000 10.338463
v 23.138462 0.005799 10.338463
v 22.153847 0.084691 10.338463
v 21.169231 0.236909 10.338463
v 20.184616 0.438291 10.338463
v 19.200001 0.688356 10.338463
v 18.215385 0.979325 10.338463
v 17.230770 1.268717 10.338463
v 16.246155 1.532156 10.338463
v 15.261539 1.744539 10.338463
v 14.276924 1.925763 10.338463
v 13.292309 2.076997 10.338463
v 12.307693 2.137794 10.338463
v 11.323078 2.147810 10.338463
v 10.338463 2.097246 10.338463
v 9.353848 2.041437 10.338463
v 8.369232 1.887461 10.338463
v 7.384617 1.658259 10.338463
v 6.400002 1.378183 10.338463
v 5.415386 1.532486 10.338463
v 4.430771 1.745666 10.338463
v 3.446156 1.886517 10.338463
v 2.461540 1.936080 10.338463
v 1.476925 2.040095 10.338463
v 0.492309 2.095217 10.338463
v -0.492306 2.153744 10.338463
v -1.476922 2.153744 10.338463
v -2.461537 2.153744 10.338463
v -3.446152 2.153744 10.338463
v -4.430768 2.095217 10.338463
v -5.415383 2.040095 10.338463
v -6.399999 1.936080 10.338463
v -7.384614 1.886517 10.338463
v -8.369229 1.745666 10.338463
v -9.353845 1.657373 10.338463
v -10.338460 1.532156 10.338463
v -11.323075 1.340235 10.338463
v -12.307691 1.101721 10.338463
v -13.292306 0.893580 10.338463
v -14.276921 0.664966 10.338463
v -15.261537 0.438291 10.338463
v -16.246153 0.236909 10.338463
v -17.230768 0.157176 10.338463
v -18.215384 0.322423 10.338463
v -19.199999 0.679890 10.338463
v -20.184614 1.108391 10.338463
v -21.169230 1.550099 10.338463
v -22.153845 1.956158 10.338463
v -23.138460 2.282898 10.338463
v -24.123075 2.494798 10.338463
v -25.107691 2.598480 10.338463
v -26.092306 2.710869 10.338463
v -27.076921 2.875450 10.338463
v -28.061537 3.061141 10.338462
v -29.046152 3.176895 10.338461
v -30.030767 3.146288 10.338461
v -31.015385 2.968432 10.338461
v 31.015385 0.000000 9.353848
v 30.030769 0.000000 9.353848
v 29.046154 0.000000 9.353848
v 28.061539 0.000000 9.353848
v 27.076923 0.000000 9.353848
v 26.092308 0.000000 9.353848
v 25.107693 0.000000 9.353848
v 24.123077 0.000000 9.353848
v 23.138462 0.000000 9.353848
v 22.153847 0.031128 9.353848
v 21.169231 0.145590 9.353848
v 20.184616 0.336860 9.353848
v 19.200001 0.576167 9.353848
v 18.215385 0.839159 9.353848
v 17.230770 1.101721 9.353848
v 16.246155 1.414662 9.353848
v 15.261539 1.701005 9.353848
v 14.276924 1.936080 9.353848
v 13.292309 2.095217 9.353848
v 12.307693 2.153744 9.353848
v 11.323078 2.153744 9.353848
v 10.338463 2.153744 9.353848
v 9.353848 2.095217 9.353848
v 8.369232 1.936080 9.353848
v 7.384617 1.745666 9.353848
v 6.400002 1.657373 9.353848
v 5.415386 1.745666 9.353848
v 4.430771 1.886517 9.353848
v 3.446156 2.040095 9.353848
v 2.461540 2.095217 9.353848
v 1.476925 2.095217 9.353848
v 0.492309 2.153744 9.353848
v -0.492306 2.153744 9.353848
v -1.476922 2.153744 9.353848
v -2.461537 2.095217 9.353848
v -3.446152 2.095217 9.353848
v -4.430768 2.040095 9.353848
v -5.415383 1.886517 9.353848
v -6.399999 1.745666 9.353848
v -7.384614 1.657373 9.353848
v -8.369229 1.532156 9.353848
v -9.353845 1.377074 9.353848
v -10.338460 1.268717 9.353848
v -11.323075 1.101721 9.353848
v -12.307691 0.893580 9.353848
v -13.292306 0.664966 9.353848
v -14.276921 0.475481 9.353848
v -15.261537 0.291661 9.353848
v -16.246153 0.135826 9.353848
v -17.230768 0.034654 9.353848
v -18.215384 0.120242 9.353848
v -19.199999 0.362986 9.353848
v -20.184614 0.679890 9.353848
v -21.169230 1.021698 9.353848
v -22.153845 1.343101 9.353848
v -23.138460 1.604622 9.353848
v -24.123075 1.802977 9.353848
v -25.107691 1.993333 9.353848
v -26.092306 2.204686 9.353848
v -27.076921 2.460325 9.353848
v -28.061537 2.726924 9.353847
v -29.046152 2.922602 9.353846
v -30.030767 2.976971 9.353846
v -31.015385 2.882687 9.353846
v 31.015385 0.000000 8.369232
v 30.030769 0.000000 8.369232
v 29.046154 0.000000 8.369232
v 28.061539 0.000000 8.369232
v 27.076923 0.000000 8.369232
v 26.092308 0.000000 8.369232
v 25.107693 0.000000 8.369232
v 24.123077 0.000000 8.369232
v 23.138462 0.000000 8.369232
v 22.153847 0.005799 8.369232
v 21.169231 0.084691 8.369232
v 20.184616 0.236909 8.369232
v 19.200001 0.475481 8.369232
v 18.215385 0.761475 8.369232
v 17.230770 1.070226 8.369232
v 16.246155 1.377074 8.369232
v 15.261539 1.657373 8.369232
v 14.276924 1.886517 8.369232
v 13.292309 2.040095 8.369232
v 12.307693 2.095217 8.369232
v 11.323078 2.153744 8.369232
v 10.338463 2.153744 8.369232
v 9.353848 2.095217 8.369232
v 8.369232 2.040095 8.369232
v 7.384617 1.886517 8.369232
v 6.400002 1.886517 8.369232
v 5.415386 1.936080 8.369232
v 4.430771 2.040095 8.369232
v 3.446156 2.095217 8.369232
v 2.461540 2.153744 8.369232
v 1.476925 2.153744 8.369232
v 0.492309 2.153744 8.369232
v -0.492306 2.153744 8.369232
v -1.476922 2.095217 8.369232
v -2.461537 2.040095 8.369232
v -3.446152 1.936080 8.369232
v -4.430768 1.886517 8.369232
v -5.415383 1.745666 8.369232
v -6.399999 1.532156 8.369232
v -7.384614 1.377074 8.369232
v -8.369229 1.268717 8.369232
v -9.353845 1.101721 8.369232
v -10.338460 0.979325 8.369232
v -11.323075 0.839159 8.369232
v -12.307691 0.664966 8.369232
v -13.292306 0.475481 8.369232
v -14.276921 0.291661 8.369232
v -15.261537 0.155715 8.369232
v -16.246153 0.051582 8.369232
v -17.230768 0.001514 8.369232
v -18.215384 0.009464 8.369232
v -19.199999 0.120242 8.369232
v -20.184614 0.316624 8.369232
v -21.169230 0.552258 8.369232
v -22.153845 0.785253 8.369232
v -23.138460 0.986044 8.369232
v -24.123075 1.223104 8.369232
v -25.107691 1.486862 8.369232
v -26.092306 1.781981 8.369232
v -27.076921 2.116100 8.369232
v -28.061537 2.453973 8.369231
v -29.046152 2.721961 8.369230
v -30.030767 2.855415 8.369230
v -31.015385 2.841976 8.369230
v 31.015385 0.000000 7.384617
v 30.030769 0.000000 7.384617
v 29.046154 0.000000 7.384617
v 28.061539 0.000000 7.384617
v 27.076923 0.000000 7.384617
v 26.092308 0.000000 7.384617
v 25.107693 0.000000 7.384617
v 24.123077 0.000000 7.384617
v 23.138462 0.000000 7.384617
v 22.153847 0.000000 7.384617
v 21.169231 0.051582 7.384617
v 20.184616 0.199873 7.384617
v 19.200001 0.420340 7.384617
v 18.215385 0.688356 7.384617
v 17.230770 0.979325 7.384617
v 16.246155 1.268717 7.384617
v 15.261539 1.532156 7.384617
v 14.276924 1.745666 7.384617
v 13.292309 1.936080 7.384617
v 12.307693 2.095217 7.384617
v 11.323078 2.153744 7.384617
v 10.338463 2.153744 7.384617
v 9.353848 2.153744 7.384617
v 8.369232 2.095217 7.384617
v 7.384617 1.936080 7.384617
v 6.400002 2.040095 7.384617
v 5.415386 2.095217 7.384617
v 4.430771 2.095217 7.384617
v 3.446156 2.153744 7.384617
v 2.461540 2.153744 7.384617
v 1.476925 2.153744 7.384617
v 0.492309 2.095217 7.384617
v -0.492306 2.095217 7.384617
v -1.476922 2.040095 7.384617
v -2.461537 1.886517 7.384617
v -3.446152 1.745666 7.384617
v -4.430768 1.657373 7.384617
v -5.415383 1.532156 7.384617
v -6.399999 1.340235 7.384617
v -7.384614 1.101721 7.384617
v -8.369229 0.979325 7.384617
v -9.353845 0.839159 7.384617
v -10.338460 0.688356 7.384617
v -11.323075 0.576167 7.384617
v -12.307691 0.438291 7.384617
v -13.292306 0.291661 7.384617
v -14.276921 0.155715 7.384617
v -15.261537 0.051582 7.384617
v -16.246153 0.004060 7.384617
v -17.230768 0.000000 7.384617
v -18.215384 0.000000 7.384617
v -19.199999 0.003528 7.384617
v -20.184614 0.072563 7.384617
v -21.169230 0.197422 7.384617
v -22.153845 0.339384 7.384616
v -23.138460 0.505308 7.384616
v -24.123075 0.768755 7.384616
v -25.107691 1.086363 7.384616
v -26.092306 1.447014 7.384615
v -27.076921 1.843754 7.384615
v -28.061537 2.239996 7.384615
v -29.046152 2.571357 7.384615
v -30.030767 2.780311 7.384614
v -31.015385 2.849977 7.384614
v 31.015385 0.000000 6.400002
v 30.030769 0.000000 6.400002
v 29.046154 0.000000 6.400002
v 28.061539 0.000000 6.400002
v 27.076923 0.000000 6.400002
v 26.092308 0.000000 6.400002
v 25.107693 0.000000 6.400002
v 24.123077 0.000000 6.400002
v 23.138462 0.000000 6.400002
v 22.153847 0.000000 6.400002
v 21.169231 0.026837 6.400002
v 20.184616 0.145590 6.400002
v 19.200001 0.336860 6.400002
v 18.215385 0.576167 6.400002
v 17.230770 0.839159 6.400002
v 16.246155 1.101721 6.400002
v 15.261539 1.377074 6.400002
v 14.276924 1.657373 6.400002
v 13.292309 1.886517 6.400002
v 12.307693 2.040095 6.400002
v 11.323078 2.095217 6.400002
v 10.338463 2.153744 6.400002
v 9.353848 2.153744 6.400002
v 8.369232 2.095217 6.400002
v 7.384617 2.095217 6.400002
v 6.400002 2.095217 6.400002
v 5.415386 2.153744 6.400002
v 4.430771 2.153744 6.400002
v 3.446156 2.153744 6.400002
v 2.461540 2.095217 6.400002
v 1.476925 2.095217 6.400002
v 0.492309 2.040095 6.400002
v -0.492306 1.936080 6.400002
v -1.476922 1.886517 6.400002
v -2.461537 1.745666 6.400002
v -3.446152 1.532156 6.400002
v -4.430768 1.377074 6.400002
v -5.415383 1.268717 6.400002
v -6.399999 1.101721 6.400002
v -7.384614 0.893580 6.400002
v -8.369229 0.688356 6.400002
v -9.353845 0.576167 6.400002
v -10.338460 0.438291 6.400002
v -11.323075 0.336860 6.400002
v -12.307691 0.236909 6.400002
v -13.292306 0.135827 6.400002
v -14.276921 0.051582 6.400002
v -15.261537 0.004060 6.400002
v -16.246153 0.000000 6.400002
v -17.230768 0.000000 6.400002
v -18.215384 0.000000 6.400002
v -19.199999 0.000000 6.400002
v -20.184614 0.000000 6.400002
v -21.169230 0.013519 6.400002
v -22.153845 0.062559 6.400001
v -23.138460 0.198489 6.400001
v -24.123075 0.467381 6.400001
v -25.107691 0.818197 6.400001
v -26.092306 1.225145 6.400000
v -27.076921 1.666975 6.400000
v -28.061537 2.106419 6.400000
v -29.046152 2.490569 6.400000
v -30.030767 2.771747 6.399999
v -31.015385 2.928813 6.399999
v 31.015385 0.000000 5.415386
v 30.030769 0.000000 5.415386
v 29.046154 0.000000 5.415386
v 28.061539 0.000000 5.415386
v 27.076923 0.000000 5.415386
v 26.092308 0.000000 5.415386
v 25.107693 0.000000 5.415386
v 24.123077 0.000000 5.415386
v 23.138462 0.000000 5.415386
v 22.153847 0.000000 5.415386
v 21.169231 0.005799 5.415386
v 20.184616 0.084691 5.415386
v 19.200001 0.236909 5.415386
v 18.215385 0.438291 5.415386
v 17.230770 0.688356 5.415386
v 16.246155 0.979325 5.415386
v 15.261539 1.268717 5.415386
v 14.276924 1.532156 5.415386
v 13.292309 1.745666 5.415386
v 12.307693 1.936080 5.415386
v 11.323078 2.095217 5.415386
v 10.338463 2.153744 5.415386
v 9.353848 2.153744 5.415386
v 8.369232 2.153744 5.415386
v 7.384617 2.153744 5.415386
v 6.400002 2.153744 5.415386
v 5.415386 2.153744 5.415386
v 4.430771 2.153744 5.415386
v 3.446156 2.095217 5.415386
v 2.461540 2.040095 5.415386
v 1.476925 1.936080 5.415386
v 0.492309 1.886517 5.415386
v -0.492306 1.745666 5.415386
v -1.476922 1.657373 5.415386
v -2.461537 1.532156 5.415386
v -3.446152 1.340235 5.415386
v -4.430768 1.101721 5.415386
v -5.415383 0.979325 5.415386
v -6.399999 0.839159 5.415386
v -7.384614 0.664966 5.415386
v -8.369229 0.475481 5.415386
v -9.353845 0.336860 5.415386
v -10.338460 0.236909 5.415386
v -11.323075 0.145590 5.415386
v -12.307691 0.084691 5.415386
v -13.292306 0.031128 5.415386
v -14.276921 0.001514 5.415386
v -15.261537 0.000000 5.415386
v -16.246153 0.000000 5.415386
v -17.230768 0.000000 5.415386
v -18.215384 0.000000 5.415386
v -19.199999 0.000000 5.415386
v -20.184614 0.000000 5.415386
v -21.169230 0.000000 5.415386
v -22.153845 0.008812 5.415386
v -23.138460 0.128687 5.415385
v -24.123075 0.361623 5.415385
v -25.107691 0.726018 5.415385
v -26.092306 1.160584 5.415385
v -27.076921 1.629730 5.415384
v -28.061537 2.095985 5.415384
v -29.046152 2.520010 5.415384
v -30.030767 2.866554 5.415384
v -31.015385 3.099914 5.415383
v 31.015385 0.000000 4.430771
v 30.030769 0.000000 4.430771
v 29.046154 0.000000 4.430771
v 28.061539 0.000000 4.430771
v 27.076923 0.000000 4.430771
v 26.092308 0.000000 4.430771
v 25.107693 0.000000 4.430771
v 24.123077 0.000000 4.430771
v 23.138462 0.000000 4.430771
v 22.153847 0.000000 4.430771
v 21.169231 0.000000 4.430771
v 20.184616 0.031128 4.430771
v 19.200001 0.145590 4.430771
v 18.215385 0.336860 4.430771
v 17.230770 0.576167 4.430771
v 16.246155 0.839159 4.430771
v 15.261539 1.101721 4.430771
v 14.276924 1.377074 4.430771
v 13.292309 1.657373 4.430771
v 12.307693 1.886517 4.430771
v 11.323078 2.040095 4.430771
v 10.338463 2.095217 4.430771
v 9.353848 2.153744 4.430771
v 8.369232 2.153744 4.430771
v 7.384617 2.153744 4.430771
v 6.400002 2.153744 4.430771
v 5.415386 2.095217 4.430771
v 4.430771 2.095217 4.430771
v 3.446156 2.040095 4.430771
v 2.461540 1.886517 4.430771
v 1.476925 1.745666 4.430771
v 0.492309 1.657373 4.430771
v -0.492306 1.532156 4.430771
v -1.476922 1.377074 4.430771
v -2.461537 1.268717 4.430771
v -3.446152 1.101721 4.430771
v -4.430768 0.893580 4.430771
v -5.415383 0.688356 4.430771
v -6.399999 0.576167 4.430771
v -7.384614 0.438291 4.430771
v -8.369229 0.291661 4.430771
v -9.353845 0.155715 4.430771
v -10.338460 0.084691 4.430771
v -11.323075 0.031128 4.430771
v -12.307691 0.005799 4.430771
v -13.292306 0.000000 4.430771
v -14.276921 0.000000 4.430771
v -15.261537 0.000000 4.430771
v -16.246153 0.000000 4.430771
v -17.230768 0.000000 4.430771
v -18.215384 0.000000 4.430771
v -19.199999 0.000000 4.430771
v -20.184614 0.000000 4.430771
v -21.169230 0.000000 4.430771
v -22.153845 0.040778 4.430770
v -23.138460 0.221223 4.430770
v -24.123075 0.511856 4.430770
v -25.107691 0.875482 4.430770
v -26.092306 1.275096 4.430769
v -27.076921 1.674060 4.430769
v -28.061537 2.149571 4.430769
v -29.046152 2.584668 4.430769
v -30.030767 2.941864 4.430768
v -31.015385 3.183672 4.430768
v 31.015385 0.000000 3.446156
v 30.030769 0.000000 3.446156
v 29.046154 0.000000 3.446156
v 28.061539 0.000000 3.446156
v 27.076923 0.000000 3.446156
v 26.092308 0.000000 3.446156
v 25.107693 0.000000 3.446156
v 24.123077 0.000000 3.446156
v 23.138462 0.000000 3.446156
v 22.153847 0.000000 3.446156
v 21.169231 0.000000 3.446156
v 20.184616 0.005799 3.446156
v 19.200001 0.084691 3.446156
v 18.215385 0.236909 3.446156
v 17.230770 0.438291 3.446156
v 16.246155 0.688356 3.446156
v 15.261539 0.979325 3.446156
v 14.276924 1.268717 3.446156
v 13.292309 1.532156 3.446156
v 12.307693 1.745666 3.446156
v 11.323078 1.936080 3.446156
v 10.338463 2.095217 3.446156
v 9.353848 2.153744 3.446156
v 8.369232 2.153744 3.446156
v 7.384617 2.153744 3.446156
v 6.400002 2.095217 3.446156
v 5.415386 2.040095 3.446156
v 4.430771 1.936080 3.446156
v 3.446156 1.886517 3.446156
v 2.461540 1.745666 3.446156
v 1.476925 1.532156 3.446156
v 0.492309 1.377074 3.446156
v -0.492306 1.268717 3.446156
v -1.476922 1.101721 3.446156
v -2.461537 0.979325 3.446156
v -3.446152 0.839159 3.446156
v -4.430768 0.664966 3.446156
v -5.415383 0.475481 3.446156
v -6.399999 0.336860 3.446156
v -7.384614 0.236909 3.446156
v -8.369229 0.135827 3.446155
v -9.353845 0.051582 3.446155
v -10.338460 0.005799 3.446155
v -11.323075 0.000000 3.446155
v -12.307691 0.000000 3.446155
v -13.292306 0.000000 3.446155
v -14.276921 0.000000 3.446155
v -15.261537 0.000000 3.446155
v -16.246153 0.000000 3.446154
v -17.230768 0.000000 3.446154
v -18.215384 0.000000 3.446154
v -19.199999 0.000000 3.446154
v -20.184614 0.000000 3.446154
v -21.169230 0.000000 3.446154
v -22.153845 0.078378 3.446154
v -23.138460 0.303705 3.446154
v -24.123075 0.638704 3.446153
v -25.107691 1.045952 3.446153
v -26.092306 1.488078 3.446153
v -27.076921 1.927809 3.446153
v -28.061537 2.328103 3.446153
v -29.046152 2.652531 3.446153
v -30.030767 2.941864 3.446153
v -31.015385 3.184355 3.446153
v 31.015385 0.000000 2.461540
v 30.030769 0.000000 2.461540
v 29.046154 0.000000 2.461540
v 28.061539 0.000000 2.461540
v 27.076923 0.000000 2.461540
v 26.092308 0.000000 2.461540
v 25.107693 0.000000 2.461540
v 24.123077 0.000000 2.461540
v 23.138462 0.000000 2.461540
v 22.153847 0.000000 2.461540
v 21.169231 0.000000 2.461540
v 20.184616 0.000000 2.461540
v 19.200001 0.031128 2.461540
v 18.215385 0.145590 2.461540
v 17.230770 0.336860 2.461540
v 16.246155 0.576167 2.461540
v 15.261539 0.839159 2.461540
v 14.276924 1.101721 2.461540
v 13.292309 1.377074 2.461540
v 12.307693 1.657373 2.461540
v 11.323078 1.886517 2.461540
v 10.338463 2.040095 2.461540
v 9.353848 2.095217 2.461540
v 8.369232 2.095217 2.461540
v 7.384617 2.095217 2.461540
v 6.400002 2.040095 2.461540
v 5.415386 1.886517 2.461540
v 4.430771 1.745666 2.461540
v 3.446156 1.657373 2.461540
v 2.461540 1.532156 2.461540
v 1.476925 1.340235 2.461540
v 0.492309 1.101721 2.461540
v -0.492306 0.979325 2.461540
v -1.476922 0.839159 2.461540
v -2.461537 0.688356 2.461540
v -3.446152 0.576167 2.461540
v -4.430768 0.438291 2.461540
v -5.415383 0.291661 2.461540
v -6.399999 0.155715 2.461540
v -7.384614 0.084691 2.461540
v -8.369229 0.031128 2.461540
v -9.353845 0.001514 2.461540
v -10.338460 0.000000 2.461540
v -11.323075 0.000000 2.461539
v -12.307691 0.000000 2.461539
v -13.292306 0.000000 2.461539
v -14.276921 0.000000 2.461539
v -15.261537 0.000000 2.461539
v -16.246153 0.000000 2.461539
v -17.230768 0.000000 2.461539
v -18.215384 0.000000 2.461539
v -19.199999 0.000000 2.461538
v -20.184614 0.000000 2.461538
v -21.169230 0.001069 2.461538
v -22.153845 0.107014 2.461538
v -23.138460 0.359982 2.461538
v -24.123075 0.722490 2.461538
v -25.107691 1.157056 2.461538
v -26.092306 1.626202 2.461538
v -27.076921 2.092457 2.461537
v -28.061537 2.523003 2.461537
v -29.046152 2.892102 2.461537
v -30.030767 3.150158 2.461537
v -31.015385 3.252456 2.461537
v 31.015385 0.000000 1.476925
v 30.030769 0.000000 1.476925
v 29.046154 0.000000 1.476925
v 28.061539 0.000000 1.476925
v 27.076923 0.000000 1.476925
v 26.092308 0.000000 1.476925
v 25.107693 0.000000 1.476925
v 24.123077 0.000000 1.476925
v 23.138462 0.000000 1.476925
v 22.153847 0.000000 1.476925
v 21.169231 0.000000 1.476925
v 20.184616 0.000000 1.476925
v 19.200001 0.005799 1.476925
v 18.215385 0.084691 1.476925
v 17.230770 0.236909 1.476925
v 16.246155 0.438291 1.476924
v 15.261539 0.688356 1.476924
v 14.276924 0.979325 1.476924
v 13.292309 1.268717 1.476924
v 12.307693 1.532156 1.476924
v 11.323078 1.745666 1.476924
v 10.338463 1.886517 1.476924
v 9.353848 1.936080 1.476924
v 8.369232 1.936080 1.476924
v 7.384617 1.936080 1.476924
v 6.400002 1.886517 1.476924
v 5.415386 1.745666 1.476924
v 4.430771 1.532156 1.476924
v 3.446156 1.377074 1.476924
v 2.461540 1.268717 1.476924
v 1.476925 1.101721 1.476924
v 0.492309 0.893580 1.476923
v -0.492306 0.688355 1.476923
v -1.476922 0.576167 1.476923
v -2.461537 0.438291 1.476923
v -3.446152 0.336860 1.476923
v -4.430768 0.236909 1.476923
v -5.415383 0.135826 1.476923
v -6.399999 0.051582 1.476923
v -7.384614 0.005799 1.476923
v -8.369229 0.000000 1.476923
v -9.353845 0.000000 1.476923
v -10.338460 0.000000 1.476923
v -11.323075 0.000000 1.476923
v -12.307691 0.000000 1.476923
v -13.292306 0.000000 1.476923
v -14.276921 0.000000 1.476923
v -15.261537 0.000000 1.476923
v -16.246153 0.000000 1.476923
v -17.230768 0.000000 1.476923
v -18.215384 0.000000 1.476922
v -19.199999 0.000000 1.476922
v -20.184614 0.000000 1.476922
v -21.169230 0.002300 1.476922
v -22.153845 0.117590 1.476922
v -23.138460 0.379898 1.476922
v -24.123075 0.751736 1.476922
v -25.107691 1.195619 1.476922
v -26.092306 1.674099 1.476922
v -27.076921 2.174602 1.476922
v -28.061537 2.663921 1.476922
v -29.046152 3.083073 1.476922
v -30.030767 3.378938 1.476922
v -31.015385 3.504166 1.476922
v 31.015385 0.000000 0.492309
v 30.030769 0.000000 0.492309
v 29.046154 0.000000 0.492309
v 28.061539 0.000000 0.492309
v 27.076923 0.000000 0.492309
v 26.092308 0.000000 0.492309
v 25.107693 0.000000 0.492309
v 24.123077 0.000000 0.492309
v 23.138462 0.000000 0.492309
v 22.153847 0.000000 0.492309
v 21.169231 0.000000 0.492309
v 20.184616 0.000000 0.492309
v 19.200001 0.000000 0.492309
v 18.215385 0.031128 0.492308
v 17.230770 0.145590 0.492308
v 16.246155 0.336860 0.492308
v 15.261539 0.576167 0.492308
v 14.276924 0.839159 0.492308
v 13.292309 1.101721 0.492308
v 12.307693 1.340234 0.492308
v 11.323078 1.532155 0.492308
v 10.338463 1.657372 0.492308
v 9.353848 1.701005 0.492308
v 8.369232 1.701005 0.492308
v 7.384617 1.701005 0.492308
v 6.400002 1.657372 0.492308
v 5.415386 1.532155 0.492308
v 4.430771 1.340234 0.492308
v 3.446156 1.101721 0.492308
v 2.461540 0.979324 0.492308
v 1.476925 0.839158 0.492308
v 0.492309 0.664965 0.492308
v -0.492306 0.475481 0.492308
v -1.476922 0.336860 0.492307
v -2.461537 0.236909 0.492307
v -3.446152 0.145590 0.492307
v -4.430768 0.084691 0.492307
v -5.415383 0.031128 0.492307
v -6.399999 0.001514 0.492307
v -7.384614 0.000000 0.492307
v -8.369229 0.000000 0.492307
v -9.353845 0.000000 0.492307
v -10.338460 0.000000 0.492307
v -11.323075 0.000000 0.492307
v -12.307691 0.000000 0.492307
v -13.292306 0.000000 0.492307
v -14.276921 0.000000 0.492307
v -15.261537 0.000000 0.492307
v -16.246153 0.000000 0.492307
v -17.230768 0.000000 0.492307
v -18.215384 0.000000 0.492307
v -19.199999 0.000000 0.492307
v -20.184614 0.000000 0.492307
v -21.169230 0.002300 0.492307
v -22.153845 0.117590 0.492307
v -23.138460 0.379898 0.492307
v -24.123075 0.751736 0.492306
v -25.107691 1.195691 0.492306
v -26.092306 1.710723 0.492306
v -27.076921 2.270440 0.492306
v -28.061537 2.810112 0.492306
v -29.046152 3.269395 0.492306
v -30.030767 3.594381 0.492306
v -31.015385 3.737353 0.492306
v 31.015385 0.000000 -0.492306
v 30.030769 0.000000 -0.492306
v 29.046154 0.000000 -0.492306
v 28.061539 0.000000 -0.492306
v 27.076923 0.000000 -0.492306
v 26.092308 0.000000 -0.492306
v 25.107693 0.000000 -0.492307
v 24.123077 0.000000 -0.492307
v 23.138462 0.000000 -0.492307
v 22.153847 0.000000 -0.492307
v 21.169231 0.000000 -0.492307
v 20.184616 0.000000 -0.492307
v 19.200001 0.000000 -0.492307
v 18.215385 0.005799 -0.492307
v 17.230770 0.084691 -0.492307
v 16.246155 0.236909 -0.492307
v 15.261539 0.438291 -0.492307
v 14.276924 0.664966 -0.492307
v 13.292309 0.893580 -0.492307
v 12.307693 1.101721 -0.492307
v 11.323078 1.268717 -0.492307
v 10.338463 1.377074 -0.492307
v 9.353848 1.414661 -0.492307
v 8.369232 1.414661 -0.492307
v 7.384617 1.414661 -0.492308
v 6.400002 1.377074 -0.492308
v 5.415386 1.268717 -0.492308
v 4.430771 1.101721 -0.492308
v 3.446156 0.893580 -0.492308
v 2.461540 0.688355 -0.492308
v 1.476925 0.576167 -0.492308
v 0.492309 0.438291 -0.492308
v -0.492306 0.291661 -0.492308
v -1.476922 0.155714 -0.492308
v -2.461537 0.084691 -0.492308
v -3.446152 0.031128 -0.492308
v -4.430768 0.005799 -0.492308
v -5.415383 0.000000 -0.492308
v -6.399999 0.000000 -0.492308
v -7.384614 0.000000 -0.492308
v -8.369229 0.000000 -0.492308
v -9.353845 0.000000 -0.492308
v -10.338460 0.000000 -0.492308
v -11.323075 0.000000 -0.492308
v -12.307691 0.000000 -0.492308
v -13.292306 0.000000 -0.492308
v -14.276921 0.000000 -0.492309
v -15.261537 0.000000 -0.492309
v -16.246153 0.000000 -0.492309
v -17.230768 0.000000 -0.492309
v -18.215384 0.000000 -0.492309
v -19.199999 0.000000 -0.492309
v -20.184614 0.000000 -0.492309
v -21.169230 0.008812 -0.492309
v -22.153845 0.128687 -0.492309
v -23.138460 0.379898 -0.492309
v -24.123075 0.751736 -0.492309
v -25.107691 1.224118 -0.492309
v -26.092306 1.800935 -0.492309
v -27.076921 2.416576 -0.492309
v -28.061537 3.004449 -0.492309
v -29.046152 3.502684 -0.492309
v -30.030767 3.856301 -0.492309
v -31.015385 4.016892 -0.492309
v 31.015385 0.000000 -1.476922
v 30.030769 0.000000 -1.476922
v 29.046154 0.000000 -1.476922
v 28.061539 0.000000 -1.476922
v 27.076923 0.000000 -1.476922
v 26.092308 0.000000 -1.476922
v 25.107693 0.000000 -1.476922
v 24.123077 0.000000 -1.476922
v 23.138462 0.000000 -1.476922
v 22.153847 0.000000 -1.476922
v 21.169231 0.000000 -1.476922
v 20.184616 0.000000 -1.476922
v 19.200001 0.000000 -1.476922
v 18.215385 0.000000 -1.476922
v 17.230770 0.031128 -1.476922
v 16.246155 0.135826 -1.476922
v 15.261539 0.291661 -1.476922
v 14.276924 0.475481 -1.476922
v 13.292309 0.664966 -1.476922
v 12.307693 0.839159 -1.476922
v 11.323078 0.979324 -1.476922
v 10.338463 1.070226 -1.476922
v 9.353848 1.101721 -1.476922
v 8.369232 1.101721 -1.476922
v 7.384617 1.101721 -1.476922
v 6.400002 1.070226 -1.476923
v 5.415386 0.979324 -1.476923
v 4.430771 0.839158 -1.476923
v 3.446156 0.664966 -1.476923
v 2.461540 0.475481 -1.476923
v 1.476925 0.336860 -1.476923
v 0.492309 0.236909 -1.476923
v -0.492306 0.135826 -1.476923
v -1.476922 0.051582 -1.476923
v -2.461537 0.005799 -1.476923
v -3.446152 0.000000 -1.476923
v -4.430768 0.000000 -1.476923
v -5.415383 0.000000 -1.476923
v -6.399999 0.000000 -1.476923
v -7.384614 0.000000 -1.476923
v -8.369229 0.000000 -1.476923
v -9.353845 0.000000 -1.476923
v -10.338460 0.000000 -1.476923
v -11.323075 0.000000 -1.476923
v -12.307691 0.000000 -1.476924
v -13.292306 0.000000 -1.476924
v -14.276921 0.000000 -1.476924
v -15.261537 0.000000 -1.476924
v -16.246153 0.000000 -1.476924
v -17.230768 0.000000 -1.476924
v -18.215384 0.000000 -1.476924
v -19.199999 0.000000 -1.476924
v -20.184614 0.000000 -1.476924
v -21.169230 0.040778 -1.476924
v -22.153845 0.221223 -1.476924
v -23.138460 0.511857 -1.476924
v -24.123075 0.885653 -1.476924
v -25.107691 1.372244 -1.476924
v -26.092306 1.923191 -1.476924
v -27.076921 2.590483 -1.476924
v -28.061537 3.223636 -1.476925
v -29.046152 3.759143 -1.476925
v -30.030767 4.140656 -1.476925
v -31.015385 4.318674 -1.476925
v 31.015385 0.000000 -2.461537
v 30.030769 0.000000 -2.461537
v 29.046154 0.000000 -2.461537
v 28.061539 0.000000 -2.461537
v 27.076923 0.000000 -2.461537
v 26.092308 0.000000 -2.461537
v 25.107693 0.000000 -2.461537
v 24.123077 0.000000 -2.461537
v 23.138462 0.000000 -2.461537
v 22.153847 0.000000 -2.461537
v 21.169231 0.000000 -2.461537
v 20.184616 0.000000 -2.461537
v 19.200001 0.000000 -2.461537
v 18.215385 0.000000 -2.461537
v 17.230770 0.001514 -2.461537
v 16.246155 0.051582 -2.461537
v 15.261539 0.155715 -2.461537
v 14.276924 0.291661 -2.461537
v 13.292309 0.438291 -2.461537
v 12.307693 0.576167 -2.461537
v 11.323078 0.688356 -2.461537
v 10.338463 0.761475 -2.461537
v 9.353848 0.786853 -2.461537
v 8.369232 0.786853 -2.461537
v 7.384617 0.786853 -2.461537
v 6.400002 0.761475 -2.461537
v 5.415386 0.688356 -2.461537
v 4.430771 0.576167 -2.461537
v 3.446156 0.438291 -2.461537
v 2.461540 0.291661 -2.461537
v 1.476925 0.155715 -2.461537
v 0.492309 0.084691 -2.461537
v -0.492306 0.031128 -2.461537
v -1.476922 0.001514 -2.461537
v -2.461537 0.000000 -2.461537
v -3.446152 0.000000 -2.461537
v -4.430768 0.000000 -2.461537
v -5.415383 0.000000 -2.461537
v -6.399999 0.000000 -2.461537
v -7.384614 0.000000 -2.461537
v -8.369229 0.000000 -2.461537
v -9.353845 0.000000 -2.461537
v -10.338460 0.000000 -2.461538
v -11.323075 0.000000 -2.461538
v -12.307691 0.000000 -2.461538
v -13.292306 0.000000 -2.461538
v -14.276921 0.000000 -2.461538
v -15.261537 0.000000 -2.461538
v -16.246153 0.000000 -2.461538
v -17.230768 0.000000 -2.461538
v -18.215384 0.000000 -2.461539
v -19.199999 0.000000 -2.461539
v -20.184614 0.000000 -2.461539
v -21.169230 0.078378 -2.461539
v -22.153845 0.303706 -2.461539
v -23.138460 0.638704 -2.461539
v -24.123075 1.095728 -2.461539
v -25.107691 1.680176 -2.461539
v -26.092306 2.323811 -2.461540
v -27.076921 2.957439 -2.461540
v -28.061537 3.515226 -2.461540
v -29.046152 4.015214 -2.461540
v -30.030767 4.423471 -2.461540
v -31.015385 4.618596 -2.461540
v 31.015385 0.000000 -3.446152
v 30.030769 0.000000 -3.446152
v 29.046154 0.000000 -3.446152
v 28.061539 0.000000 -3.446152
v 27.076923 0.000000 -3.446152
v 26.092308 0.000000 -3.446152
v 25.107693 0.000000 -3.446152
v 24.123077 0.000000 -3.446152
v 23.138462 0.000000 -3.446152
v 22.153847 0.000000 -3.446152
v 21.169231 0.000000 -3.446152
v 20.184616 0.000000 -3.446152
v 19.200001 0.000000 -3.446152
v 18.215385 0.000000 -3.446152
v 17.230770 0.000000 -3.446152
v 16.246155 0.004060 -3.446152
v 15.261539 0.051582 -3.446152
v 14.276924 0.135826 -3.446152
v 13.292309 0.236909 -3.446152
v 12.307693 0.336860 -3.446152
v 11.323078 0.420340 -3.446152
v 10.338463 0.475481 -3.446152
v 9.353848 0.494728 -3.446152
v 8.369232 0.494728 -3.446152
v 7.384617 0.494728 -3.446152
v 6.400002 0.475481 -3.446152
v 5.415386 0.420340 -3.446152
v 4.430771 0.336860 -3.446152
v 3.446156 0.236909 -3.446152
v 2.461540 0.135826 -3.446152
v 1.476925 0.051582 -3.446152
v 0.492309 0.005799 -3.446152
v -0.492306 0.000000 -3.446152
v -1.476922 0.000000 -3.446152
v -2.461537 0.000000 -3.446152
v -3.446152 0.000000 -3.446152
v -4.430768 0.000000 -3.446152
v -5.415383 0.000000 -3.446152
v -6.399999 0.000000 -3.446152
v -7.384614 0.000000 -3.446153
v -8.369229 0.000000 -3.446153
v -9.353845 0.000000 -3.446153
v -10.338460 0.000000 -3.446153
v -11.323075 0.000000 -3.446153
v -12.307691 0.000000 -3.446153
v -13.292306 0.000000 -3.446153
v -14.276921 0.000000 -3.446153
v -15.261537 0.000000 -3.446154
v -16.246153 0.000000 -3.446154
v -17.230768 0.000000 -3.446154
v -18.215384 0.000000 -3.446154
v -19.199999 0.000000 -3.446154
v -20.184614 0.001070 -3.446154
v -21.169230 0.107014 -3.446154
v -22.153845 0.359983 -3.446154
v -23.138460 0.728714 -3.446155
v -24.123075 1.258213 -3.446155
v -25.107691 1.914174 -3.446155
v -26.092306 2.626219 -3.446155
v -27.076921 3.323376 -3.446155
v -28.061537 3.938130 -3.446155
v -29.046152 4.408802 -3.446155
v -30.030767 4.680923 -3.446155
v -31.015385 4.892569 -3.446156
v 31.015385 0.000000 -4.430768
v 30.030769 0.000000 -4.430768
v 29.046154 0.000000 -4.430768
v 28.061539 0.000000 -4.430768
v 27.076923 0.000000 -4.430768
v 26.092308 0.000000 -4.430768
v 25.107693 0.000000 -4.430768
v 24.123077 0.000000 -4.430768
v 23.138462 0.000000 -4.430768
v 22.153847 0.000000 -4.430768
v 21.169231 0.000000 -4.430768
v 20.184616 0.000000 -4.430768
v 19.200001 0.000000 -4.430768
v 18.215385 0.000000 -4.430768
v 17.230770 0.000000 -4.430768
v 16.246155 0.000000 -4.430768
v 15.261539 0.001514 -4.430768
v 14.276924 0.031128 -4.430768
v 13.292309 0.084691 -4.430768
v 12.307693 0.145590 -4.430768
v 11.323078 0.199873 -4.430768
v 10.338463 0.236909 -4.430768
v 9.353848 0.250016 -4.430768
v 8.369232 0.250016 -4.430768
v 7.384617 0.250016 -4.430768
v 6.400002 0.236909 -4.430768
v 5.415386 0.199873 -4.430768
v 4.430771 0.145590 -4.430768
v 3.446156 0.084691 -4.430768
v 2.461540 0.031128 -4.430768
v 1.476925 0.001514 -4.430768
v 0.492309 0.000000 -4.430768
v -0.492306 0.000000 -4.430768
v -1.476922 0.000000 -4.430768
v -2.461537 0.000000 -4.430768
v -3.446152 0.000000 -4.430768
v -4.430768 0.000000 -4.430768
v -5.415383 0.000000 -4.430768
v -6.399999 0.000000 -4.430768
v -7.384614 0.000000 -4.430768
v -8.369229 0.000000 -4.430768
v -9.353845 0.000000 -4.430768
v -10.338460 0.000000 -4.430768
v -11.323075 0.000000 -4.430768
v -12.307691 0.000000 -4.430768
v -13.292306 0.000000 -4.430768
v -14.276921 0.000000 -4.430768
v -15.261537 0.000000 -4.430768
v -16.246153 0.000000 -4.430768
v -17.230768 0.000000 -4.430768
v -18.215384 0.000000 -4.430768
v -19.199999 0.000000 -4.430768
v -20.184614 0.002300 -4.430768
v -21.169230 0.117590 -4.430768
v -22.153845 0.379898 -4.430768
v -23.138460 0.772075 -4.430769
v -24.123075 1.343325 -4.430769
v -25.107691 2.040637 -4.430769
v -26.092306 2.792741 -4.430769
v -27.076921 3.527915 -4.430770
v -28.061537 4.178082 -4.430770
v -29.046152 4.680923 -4.430770
v -30.030767 4.978868 -4.430770
v -31.015385 5.116541 -4.430771
v 31.015385 0.000000 -5.415383
v 30.030769 0.000000 -5.415383
v 29.046154 0.000000 -5.415383
v 28.061539 0.000000 -5.415383
v 27.076923 0.000000 -5.415383
v 26.092308 0.000000 -5.415383
v 25.107693 0.000000 -5.415383
v 24.123077 0.000000 -5.415383
v 23.138462 0.000000 -5.415383
v 22.153847 0.000000 -5.415383
v 21.169231 0.000000 -5.415383
v 20.184616 0.000000 -5.415383
v 19.200001 0.000000 -5.415383
v 18.215385 0.000000 -5.415383
v 17.230770 0.000000 -5.415383
v 16.246155 0.000000 -5.415383
v 15.261539 0.000000 -5.415383
v 14.276924 0.000000 -5.415383
v 13.292309 0.005799 -5.415383
v 12.307693 0.026837 -5.415383
v 11.323078 0.051582 -5.415383
v 10.338463 0.070427 -5.415383
v 9.353848 0.077388 -5.415383
v 8.369232 0.077388 -5.415383
v 7.384617 0.077388 -5.415383
v 6.400002 0.070427 -5.415383
v 5.415386 0.051582 -5.415383
v 4.430771 0.026837 -5.415383
v 3.446156 0.005799 -5.415383
v 2.461540 0.000000 -5.415383
v 1.476925 0.000000 -5.415383
v 0.492309 0.000000 -5.415383
v -0.492306 0.000000 -5.415383
v -1.476922 0.000000 -5.415383
v -2.461537 0.000000 -5.415383
v -3.446152 0.000000 -5.415383
v -4.430768 0.000000 -5.415383
v -5.415383 0.000000 -5.415383
v -6.399999 0.000000 -5.415383
v -7.384614 0.000000 -5.415383
v -8.369229 0.000000 -5.415383
v -9.353845 0.000000 -5.415383
v -10.338460 0.000000 -5.415383
v -11.323075 0.000000 -5.415383
v -12.307691 0.000000 -5.415383
v -13.292306 0.000000 -5.415383
v -14.276921 0.000000 -5.415383
v -15.261537 0.000000 -5.415383
v -16.246153 0.000000 -5.415383
v -17.230768 0.000000 -5.415383
v -18.215384 0.000000 -5.415383
v -19.199999 0.000000 -5.415383
v -20.184614 0.008812 -5.415383
v -21.169230 0.128687 -5.415383
v -22.153845 0.379898 -5.415384
v -23.138460 0.784132 -5.415384
v -24.123075 1.374671 -5.415384
v -25.107691 2.091254 -5.415384
v -26.092306 2.862330 -5.415385
v -27.076921 3.615926 -5.415385
v -28.061537 4.283756 -5.415385
v -29.046152 4.803292 -5.415385
v -30.030767 5.116540 -5.415386
v -31.015385 5.266652 -5.415386
v 31.015385 0.000000 -6.399999
v 30.030769 0.000000 -6.399999
v 29.046154 0.000000 -6.399999
v 28.061539 0.000000 -6.399999
v 27.076923 0.000000 -6.399999
v 26.092308 0.000000 -6.399999
v 25.107693 0.000000 -6.399999
v 24.123077 0.000000 -6.399999
v 23.138462 0.000000 -6.399999
v 22.153847 0.000000 -6.399999
v 21.169231 0.000000 -6.399999
v 20.184616 0.000000 -6.399999
v 19.200001 0.000000 -6.399999
v 18.215385 0.000000 -6.399999
v 17.230770 0.000000 -6.399999
v 16.246155 0.000000 -6.399999
v 15.261539 0.000000 -6.399999
v 14.276924 0.000000 -6.399999
v 13.292309 0.000000 -6.399999
v 12.307693 0.000000 -6.399999
v 11.323078 0.000000 -6.399999
v 10.338463 0.000704 -6.399999
v 9.353848 0.001514 -6.399999
v 8.369232 0.001514 -6.399999
v 7.384617 0.001514 -6.399999
v 6.400002 0.000704 -6.399999
v 5.415386 0.000000 -6.399999
v 4.430771 0.000000 -6.399999
v 3.446156 0.000000 -6.399999
v 2.461540 0.000000 -6.399999
v 1.476925 0.000000 -6.399999
v 0.492309 0.000000 -6.399999
v -0.492306 0.000000 -6.399999
v -1.476922 0.000000 -6.399999
v -2.461537 0.000000 -6.399999
v -3.446152 0.000000 -6.399999
v -4.430768 0.000000 -6.399999
v -5.415383 0.000000 -6.399999
v -6.399999 0.000000 -6.399999
v -7.384614 0.000000 -6.399999
v -8.369229 0.000000 -6.399999
v -9.353845 0.000000 -6.399999
v -10.338460 0.000000 -6.399999
v -11.323075 0.000000 -6.399999
v -12.307691 0.000000 -6.399999
v -13.292306 0.000000 -6.399999
v -14.276921 0.000000 -6.399999
v -15.261537 0.000000 -6.399999
v -16.246153 0.000000 -6.399999
v -17.230768 0.000000 -6.399999
v -18.215384 0.000000 -6.399999
v -19.199999 0.000000 -6.399999
v -20.184614 0.040778 -6.399999
v -21.169230 0.221223 -6.399999
v -22.153845 0.511857 -6.399999
v -23.138460 0.915624 -6.400000
v -24.123075 1.469129 -6.400000
v -25.107691 2.108952 -6.400000
v -26.092306 2.886492 -6.400000
v -27.076921 3.646420 -6.400001
v -28.061537 4.320412 -6.400001
v -29.046152 4.845932 -6.400001
v -30.030767 5.164985 -6.400001
v -31.015385 5.320530 -6.400002
v 31.015385 0.000000 -7.384614
v 30.030769 0.000000 -7.384614
v 29.046154 0.000000 -7.384614
v 28.061539 0.000000 -7.384614
v 27.076923 0.000000 -7.384614
v 26.092308 0.000000 -7.384614
v 25.107693 0.000000 -7.384614
v 24.123077 0.000000 -7.384614
v 23.138462 0.000000 -7.384614
v 22.153847 0.000000 -7.384614
v 21.169231 0.000000 -7.384614
v 20.184616 0.000000 -7.384614
v 19.200001 0.000000 -7.384614
v 18.215385 0.000000 -7.384614
v 17.230770 0.000000 -7.384614
v 16.246155 0.000000 -7.384614
v 15.261539 0.000000 -7.384614
v 14.276924 0.000000 -7.384614
v 13.292309 0.000000 -7.384614
v 12.307693 0.000000 -7.384614
v 11.323078 0.000000 -7.384614
v 10.338463 0.000000 -7.384614
v 9.353848 0.000000 -7.384614
v 8.369232 0.000000 -7.384614
v 7.384617 0.000000 -7.384614
v 6.400002 0.000000 -7.384614
v 5.415386 0.000000 -7.384614
v 4.430771 0.000000 -7.384614
v 3.446156 0.000000 -7.384614
v 2.461540 0.000000 -7.384614
v 1.476925 0.000000 -7.384614
v 0.492309 0.000000 -7.384614
v -0.492306 0.000000 -7.384614
v -1.476922 0.000000 -7.384614
v -2.461537 0.000000 -7.384614
v -3.446152 0.000704 -7.384614
v -4.430768 0.001514 -7.384614
v -5.415383 0.001514 -7.384614
v -6.399999 0.001514 -7.384614
v -7.384614 0.001514 -7.384614
v -8.369229 0.001514 -7.384614
v -9.353845 0.001514 -7.384614
v -10.338460 0.000704 -7.384614
v -11.323075 0.000000 -7.384614
v -12.307691 0.000000 -7.384614
v -13.292306 0.000000 -7.384614
v -14.276921 0.000000 -7.384614
v -15.261537 0.000000 -7.384614
v -16.246153 0.000000 -7.384614
v -17.230768 0.000000 -7.384614
v -18.215384 0.000000 -7.384614
v -19.199999 0.000000 -7.384614
v -20.184614 0.078378 -7.384614
v -21.169230 0.303706 -7.384614
v -22.153845 0.638704 -7.384614
v -23.138460 1.085160 -7.384615
v -24.123075 1.680176 -7.384615
v -25.107691 2.358601 -7.384615
v -26.092306 3.050003 -7.384615
v -27.076921 3.686556 -7.384616
v -28.061537 4.283756 -7.384616
v -29.046152 4.803292 -7.384616
v -30.030767 5.116540 -7.384616
v -31.015385 5.266652 -7.384617
v 31.015385 0.000000 -8.369229
v 30.030769 0.000000 -8.369229
v 29.046154 0.000000 -8.369229
v 28.061539 0.000000 -8.369229
v 27.076923 0.001082 -8.369229
v 26.092308 0.002327 -8.369229
v 25.107693 0.002327 -8.369229
v 24.123077 0.002327 -8.369229
v 23.138462 0.002327 -8.369229
v 22.153847 0.002327 -8.369229
v 21.169231 0.002327 -8.369229
v 20.184616 0.002327 -8.369229
v 19.200001 0.001082 -8.369229
v 18.215385 0.000000 -8.369229
v 17.230770 0.000000 -8.369229
v 16.246155 0.000000 -8.369229
v 15.261539 0.000000 -8.369229
v 14.276924 0.000000 -8.369229
v 13.292309 0.000000 -8.369229
v 12.307693 0.000000 -8.369229
v 11.323078 0.000000 -8.369229
v 10.338463 0.000000 -8.369229
v 9.353848 0.000000 -8.369229
v 8.369232 0.000000 -8.369229
v 7.384617 0.000000 -8.369229
v 6.400002 0.000000 -8.369229
v 5.415386 0.000000 -8.369229
v 4.430771 0.000000 -8.369229
v 3.446156 0.000000 -8.369229
v 2.461540 0.000000 -8.369229
v 1.476925 0.000000 -8.369229
v 0.492309 0.000000 -8.369229
v -0.492306 0.005799 -8.369229
v -1.476922 0.026837 -8.369229
v -2.461537 0.051582 -8.369229
v -3.446152 0.070427 -8.369229
v -4.430768 0.077388 -8.369229
v -5.415383 0.077388 -8.369229
v -6.399999 0.077388 -8.369229
v -7.384614 0.077388 -8.369229
v -8.369229 0.077388 -8.369229
v -9.353845 0.077388 -8.369229
v -10.338460 0.070427 -8.369229
v -11.323075 0.051582 -8.369229
v -12.307691 0.026837 -8.369229
v -13.292306 0.005799 -8.369229
v -14.276921 0.001514 -8.369229
v -15.261537 0.001514 -8.369229
v -16.246153 0.001514 -8.369229
v -17.230768 0.001514 -8.369229
v -18.215384 0.001514 -8.369229
v -19.199999 0.002583 -8.369229
v -20.184614 0.108528 -8.369229
v -21.169230 0.361496 -8.369229
v -22.153845 0.723195 -8.369229
v -23.138460 1.184859 -8.369229
v -24.123075 1.790790 -8.369229
v -25.107691 2.478827 -8.369229
v -26.092306 3.177716 -8.369229
v -27.076921 3.818890 -8.369230
v -28.061537 4.338941 -8.369230
v -29.046152 4.680923 -8.369230
v -30.030767 4.978868 -8.369231
v -31.015385 5.116541 -8.369232
v 31.015385 0.000000 -9.353845
v 30.030769 0.008916 -9.353845
v 29.046154 0.041259 -9.353845
v 28.061539 0.079304 -9.353845
v 27.076923 0.108278 -9.353845
v 26.092308 0.118979 -9.353845
v 25.107693 0.118979 -9.353845
v 24.123077 0.118979 -9.353845
v 23.138462 0.118979 -9.353845
v 22.153847 0.118979 -9.353845
v 21.169231 0.118979 -9.353845
v 20.184616 0.118979 -9.353845
v 19.200001 0.108278 -9.353845
v 18.215385 0.079304 -9.353845
v 17.230770 0.041259 -9.353845
v 16.246155 0.008916 -9.353845
v 15.261539 0.000000 -9.353845
v 14.276924 0.000000 -9.353845
v 13.292309 0.000000 -9.353845
v 12.307693 0.000000 -9.353845
v 11.323078 0.000000 -9.353845
v 10.338463 0.000000 -9.353845
v 9.353848 0.000000 -9.353845
v 8.369232 0.000000 -9.353845
v 7.384617 0.000000 -9.353845
v 6.400002 0.000000 -9.353845
v 5.415386 0.000000 -9.353845
v 4.430771 0.000000 -9.353845
v 3.446156 0.000000 -9.353845
v 2.461540 0.000000 -9.353845
v 1.476925 0.001514 -9.353845
v 0.492309 0.031128 -9.353845
v -0.492306 0.084691 -9.353845
v -1.476922 0.145590 -9.353845
v -2.461537 0.199873 -9.353845
v -3.446152 0.236909 -9.353845
v -4.430768 0.250016 -9.353845
v -5.415383 0.250016 -9.353845
v -6.399999 0.250016 -9.353845
v -7.384614 0.250016 -9.353845
v -8.369229 0.250016 -9.353845
v -9.353845 0.250016 -9.353845
v -10.338460 0.236909 -9.353845
v -11.323075 0.199873 -9.353845
v -12.307691 0.145590 -9.353845
v -13.292306 0.084691 -9.353845
v -14.276921 0.077388 -9.353845
v -15.261537 0.077388 -9.353845
v -16.246153 0.077388 -9.353845
v -17.230768 0.077388 -9.353845
v -18.215384 0.077388 -9.353845
v -19.199999 0.079679 -9.353845
v -20.184614 0.194911 -9.353845
v -21.169230 0.457161 -9.353845
v -22.153845 0.822013 -9.353845
v -23.138460 1.259070 -9.353845
v -24.123075 1.819537 -9.353845
v -25.107691 2.465235 -9.353845
v -26.092306 3.137738 -9.353845
v -27.076921 3.759143 -9.353846
v -28.061537 4.260273 -9.353846
v -29.046152 4.582589 -9.353846
v -30.030767 4.770177 -9.353847
v -31.015385 4.892569 -9.353848
v 31.015385 0.047857 -10.338460
v 30.030769 0.130206 -10.338460
v 29.046154 0.223835 -10.338460
v 28.061539 0.307292 -10.338460
v 27.076923 0.364233 -10.338460
v 26.092308 0.384383 -10.338460
v 25.107693 0.384383 -10.338460
v 24.123077 0.384383 -10.338460
v 23.138462 0.384383 -10.338460
v 22.153847 0.384383 -10.338460
v 21.169231 0.384383 -10.338460
v 20.184616 0.384383 -10.338460
v 19.200001 0.364233 -10.338460
v 18.215385 0.307292 -10.338460
v 17.230770 0.223835 -10.338460
v 16.246155 0.130206 -10.338460
v 15.261539 0.047857 -10.338460
v 14.276924 0.002327 -10.338460
v 13.292309 0.000000 -10.338460
v 12.307693 0.000000 -10.338460
v 11.323078 0.000000 -10.338460
v 10.338463 0.000000 -10.338460
v 9.353848 0.000000 -10.338460
v 8.369232 0.000000 -10.338460
v 7.384617 0.000000 -10.338460
v 6.400002 0.000000 -10.338460
v 5.415386 0.000000 -10.338460
v 4.430771 0.000000 -10.338460
v 3.446156 0.000000 -10.338460
v 2.461540 0.004060 -10.338460
v 1.476925 0.051582 -10.338460
v 0.492309 0.135826 -10.338460
v -0.492306 0.236909 -10.338460
v -1.476922 0.336860 -10.338460
v -2.461537 0.420340 -10.338460
v -3.446152 0.475481 -10.338460
v -4.430768 0.494728 -10.338460
v -5.415383 0.494728 -10.338460
v -6.399999 0.494728 -10.338460
v -7.384614 0.494728 -10.338460
v -8.369229 0.494728 -10.338460
v -9.353845 0.494728 -10.338460
v -10.338460 0.475481 -10.338460
v -11.323075 0.420340 -10.338460
v -12.307691 0.336860 -10.338460
v -13.292306 0.250016 -10.338460
v -14.276921 0.250016 -10.338460
v -15.261537 0.250016 -10.338460
v -16.246153 0.250016 -10.338460
v -17.230768 0.250016 -10.338460
v -18.215384 0.250016 -10.338460
v -19.199999 0.252222 -10.338460
v -20.184614 0.366909 -10.338460
v -21.169230 0.628612 -10.338460
v -22.153845 0.986935 -10.338460
v -23.138460 1.394825 -10.338460
v -24.123075 1.886238 -10.338460
v -25.107691 2.451578 -10.338460
v -26.092306 3.036268 -10.338460
v -27.076921 3.595157 -10.338461
v -28.061537 4.056862 -10.338461
v -29.046152 4.349459 -10.338461
v -30.030767 4.512685 -10.338462
v -31.015385 4.618596 -10.338463
v 31.015385 0.208824 -11.323075
v 30.030769 0.364233 -11.323075
v 29.046154 0.517901 -11.323075
v 28.061539 0.646246 -11.323075
v 27.076923 0.731021 -11.323075
v 26.092308 0.760612 -11.323075
v 25.107693 0.760612 -11.323075
v 24.123077 0.760612 -11.323075
v 23.138462 0.760612 -11.323075
v 22.153847 0.760612 -11.323075
v 21.169231 0.760612 -11.323075
v 20.184616 0.760612 -11.323075
v 19.200001 0.731021 -11.323075
v 18.215385 0.646246 -11.323075
v 17.230770 0.517901 -11.323075
v 16.246155 0.364233 -11.323075
v 15.261539 0.208824 -11.323075
v 14.276924 0.079304 -11.323075
v 13.292309 0.006242 -11.323075
v 12.307693 0.000000 -11.323075
v 11.323078 0.000000 -11.323075
v 10.338463 0.000000 -11.323075
v 9.353848 0.000000 -11.323075
v 8.369232 0.000000 -11.323075
v 7.384617 0.000000 -11.323075
v 6.400002 0.000000 -11.323075
v 5.415386 0.000000 -11.323075
v 4.430771 0.000000 -11.323075
v 3.446156 0.001514 -11.323075
v 2.461540 0.051582 -11.323075
v 1.476925 0.155714 -11.323075
v 0.492309 0.291661 -11.323075
v -0.492306 0.438291 -11.323075
v -1.476922 0.576167 -11.323075
v -2.461537 0.688355 -11.323075
v -3.446152 0.761474 -11.323075
v -4.430768 0.786853 -11.323075
v -5.415383 0.786853 -11.323075
v -6.399999 0.786853 -11.323075
v -7.384614 0.786853 -11.323075
v -8.369229 0.786853 -11.323075
v -9.353845 0.786853 -11.323075
v -10.338460 0.761474 -11.323075
v -11.323075 0.688355 -11.323075
v -12.307691 0.576167 -11.323075
v -13.292306 0.494728 -11.323075
v -14.276921 0.494728 -11.323075
v -15.261537 0.494728 -11.323075
v -16.246153 0.494728 -11.323075
v -17.230768 0.494728 -11.323075
v -18.215384 0.494728 -11.323075
v -19.199999 0.496675 -11.323075
v -20.184614 0.609616 -11.323075
v -21.169230 0.869574 -11.323075
v -22.153845 1.220381 -11.323075
v -23.138460 1.608924 -11.323075
v -24.123075 2.028970 -11.323075
v -25.107691 2.508419 -11.323075
v -26.092306 3.009606 -11.323075
v -27.076921 3.489593 -11.323076
v -28.061537 3.864600 -11.323076
v -29.046152 4.094336 -11.323076
v -30.030767 4.229825 -11.323077
v -31.015385 4.318674 -11.323078
v 31.015385 0.448410 -12.307691
v 30.030769 0.673845 -12.307691
v 29.046154 0.885821 -12.307691
v 28.061539 1.058303 -12.307691
v 27.076923 1.170955 -12.307691
v 26.092308 1.218477 -12.307691
v 25.107693 1.231796 -12.307691
v 24.123077 1.242781 -12.307691
v 23.138462 1.246951 -12.307691
v 22.153847 1.242781 -12.307691
v 21.169231 1.231796 -12.307691
v 20.184616 1.218477 -12.307691
v 19.200001 1.170955 -12.307691
v 18.215385 1.058303 -12.307691
v 17.230770 0.885821 -12.307691
v 16.246155 0.673845 -12.307691
v 15.261539 0.448410 -12.307691
v 14.276924 0.239401 -12.307691
v 13.292309 0.079304 -12.307691
v 12.307693 0.002327 -12.307691
v 11.323078 0.000000 -12.307691
v 10.338463 0.000000 -12.307691
v 9.353848 0.000000 -12.307691
v 8.369232 0.000000 -12.307691
v 7.384617 0.000000 -12.307691
v 6.400002 0.000000 -12.307691
v 5.415386 0.000000 -12.307691
v 4.430771 0.000000 -12.307691
v 3.446156 0.031128 -12.307691
v 2.461540 0.135826 -12.307691
v 1.476925 0.291661 -12.307691
v 0.492309 0.475481 -12.307691
v -0.492306 0.664966 -12.307691
v -1.476922 0.839158 -12.307691
v -2.461537 0.979324 -12.307691
v -3.446152 1.070226 -12.307691
v -4.430768 1.101721 -12.307691
v -5.415383 1.101721 -12.307691
v -6.399999 1.101721 -12.307691
v -7.384614 1.101721 -12.307691
v -8.369229 1.101721 -12.307691
v -9.353845 1.101721 -12.307691
v -10.338460 1.070226 -12.307691
v -11.323075 0.979324 -12.307691
v -12.307691 0.839159 -12.307691
v -13.292306 0.786853 -12.307691
v -14.276921 0.786853 -12.307691
v -15.261537 0.786853 -12.307691
v -16.246153 0.786853 -12.307691
v -17.230768 0.786853 -12.307691
v -18.215384 0.786853 -12.307691
v -19.199999 0.788409 -12.307691
v -20.184614 0.898481 -12.307691
v -21.169230 1.155573 -12.307691
v -22.153845 1.497926 -12.307691
v -23.138460 1.867752 -12.307691
v -24.123075 2.237169 -12.307691
v -25.107691 2.626633 -12.307691
v -26.092306 3.066786 -12.307691
v -27.076921 3.461009 -12.307692
v -28.061537 3.747229 -12.307692
v -29.046152 3.887292 -12.307692
v -30.030767 3.949482 -12.307693
v -31.015385 4.016892 -12.307693
v 31.015385 0.731022 -13.292306
v 30.030769 1.022343 -13.292306
v 29.046154 1.290153 -13.292306
v 28.061539 1.519470 -13.292306
v 27.076923 1.695125 -13.292306
v 26.092308 1.786096 -13.292306
v 25.107693 1.824040 -13.292306
v 24.123077 1.850173 -13.292306
v 23.138462 1.859457 -13.292306
v 22.153847 1.850173 -13.292306
v 21.169231 1.824040 -13.292306
v 20.184616 1.786096 -13.292306
v 19.200001 1.695125 -13.292306
v 18.215385 1.519470 -13.292306
v 17.230770 1.290153 -13.292306
v 16.246155 1.022343 -13.292306
v 15.261539 0.731022 -13.292306
v 14.276924 0.448410 -13.292306
v 13.292309 0.208824 -13.292306
v 12.307693 0.047857 -13.292306
v 11.323078 0.000000 -13.292306
v 10.338463 0.000000 -13.292306
v 9.353848 0.000000 -13.292306
v 8.369232 0.000000 -13.292306
v 7.384617 0.000000 -13.292306
v 6.400002 0.000000 -13.292306
v 5.415386 0.000000 -13.292306
v 4.430771 0.005799 -13.292306
v 3.446156 0.084691 -13.292306
v 2.461540 0.236909 -13.292306
v 1.476925 0.438291 -13.292306
v 0.492309 0.664966 -13.292306
v -0.492306 0.893580 -13.292306
v -1.476922 1.101721 -13.292306
v -2.461537 1.268717 -13.292306
v -3.446152 1.377074 -13.292306
v -4.430768 1.414662 -13.292306
v -5.415383 1.414662 -13.292306
v -6.399999 1.414662 -13.292306
v -7.384614 1.414662 -13.292306
v -8.369229 1.414662 -13.292306
v -9.353845 1.414662 -13.292306
v -10.338460 1.377074 -13.292306
v -11.323075 1.268717 -13.292306
v -12.307691 1.101721 -13.292306
v -13.292306 1.101721 -13.292306
v -14.276921 1.101721 -13.292306
v -15.261537 1.101721 -13.292306
v -16.246153 1.101721 -13.292306
v -17.230768 1.101721 -13.292306
v -18.215384 1.101721 -13.292306
v -19.199999 1.102868 -13.292306
v -20.184614 1.209530 -13.292306
v -21.169230 1.463214 -13.292306
v -22.153845 1.796694 -13.292306
v -23.138460 2.147881 -13.292306
v -24.123075 2.490045 -13.292306
v -25.107691 2.824743 -13.292306
v -26.092306 3.198961 -13.292306
v -27.076921 3.506530 -13.292307
v -28.061537 3.704734 -13.292307
v -29.046152 3.757193 -13.292307
v -30.030767 3.734991 -13.292308
v -31.015385 3.738867 -13.292309
v 31.015385 1.022343 -14.276921
v 30.030769 1.374014 -14.276921
v 29.046154 1.722418 -14.276921
v 28.061539 2.041389 -14.276921
v 27.076923 2.284950 -14.276921
v 26.092308 2.418070 -14.276921
v 25.107693 2.480119 -14.276921
v 24.123077 2.521184 -14.276921
v 23.138462 2.535530 -14.276921
v 22.153847 2.521184 -14.276921
v 21.169231 2.480119 -14.276921
v 20.184616 2.418070 -14.276921
v 19.200001 2.284950 -14.276921
v 18.215385 2.041389 -14.276921
v 17.230770 1.722418 -14.276921
v 16.246155 1.374014 -14.276921
v 15.261539 1.022343 -14.276921
v 14.276924 0.673845 -14.276921
v 13.292309 0.364233 -14.276921
v 12.307693 0.130207 -14.276921
v 11.323078 0.008916 -14.276921
v 10.338463 0.000000 -14.276921
v 9.353848 0.000000 -14.276921
v 8.369232 0.000000 -14.276921
v 7.384617 0.000000 -14.276921
v 6.400002 0.000000 -14.276921
v 5.415386 0.000000 -14.276921
v 4.430771 0.026837 -14.276921
v 3.446156 0.145590 -14.276921
v 2.461540 0.336860 -14.276921
v 1.476925 0.576167 -14.276921
v 0.492309 0.839158 -14.276921
v -0.492306 1.101721 -14.276921
v -1.476922 1.340234 -14.276921
v -2.461537 1.532155 -14.276921
v -3.446152 1.657372 -14.276921
v -4.430768 1.701005 -14.276921
v -5.415383 1.701005 -14.276921
v -6.399999 1.701005 -14.276921
v -7.384614 1.701005 -14.276921
v -8.369229 1.701005 -14.276921
v -9.353845 1.701005 -14.276921
v -10.338460 1.657373 -14.276921
v -11.323075 1.532155 -14.276921
v -12.307691 1.414662 -14.276921
v -13.292306 1.414662 -14.276921
v -14.276921 1.414662 -14.276921
v -15.261537 1.414662 -14.276921
v -16.246153 1.414662 -14.276921
v -17.230768 1.414662 -14.276921
v -18.215384 1.414662 -14.276921
v -19.199999 1.414723 -14.276921
v -20.184614 1.505499 -14.276921
v -21.169230 1.743335 -14.276921
v -22.153845 2.055857 -14.276921
v -23.138460 2.377620 -14.276921
v -24.123075 2.684564 -14.276921
v -25.107691 3.032497 -14.276921
v -26.092306 3.327596 -14.276921
v -27.076921 3.541908 -14.276922
v -28.061537 3.648901 -14.276922
v -29.046152 3.615597 -14.276922
v -30.030767 3.603574 -14.276923
v -31.015385 3.535282 -14.276924
v 31.015385 1.290153 -15.261537
v 30.030769 1.722418 -15.261537
v 29.046154 2.167776 -15.261537
v 28.061539 2.569394 -15.261537
v 27.076923 2.876609 -15.261537
v 26.092308 3.049852 -15.261537
v 25.107693 3.135164 -15.261537
v 24.123077 3.190785 -15.261537
v 23.138462 3.210093 -15.261537
v 22.153847 3.190785 -15.261537
v 21.169231 3.135164 -15.261537
v 20.184616 3.049852 -15.261537
v 19.200001 2.876609 -15.261537
v 18.215385 2.569394 -15.261537
v 17.230770 2.167776 -15.261537
v 16.246155 1.722418 -15.261537
v 15.261539 1.290153 -15.261537
v 14.276924 0.885821 -15.261537
v 13.292309 0.517901 -15.261537
v 12.307693 0.223835 -15.261537
v 11.323078 0.041260 -15.261537
v 10.338463 0.000000 -15.261537
v 9.353848 0.000000 -15.261537
v 8.369232 0.000000 -15.261537
v 7.384617 0.000000 -15.261537
v 6.400002 0.000000 -15.261537
v 5.415386 0.000000 -15.261537
v 4.430771 0.051582 -15.261537
v 3.446156 0.199873 -15.261537
v 2.461540 0.420340 -15.261537
v 1.476925 0.688355 -15.261537
v 0.492309 0.979324 -15.261537
v -0.492306 1.268717 -15.261537
v -1.476922 1.532155 -15.261537
v -2.461537 1.745666 -15.261537
v -3.446152 1.886517 -15.261537
v -4.430768 1.936080 -15.261537
v -5.415383 1.936080 -15.261537
v -6.399999 1.936080 -15.261537
v -7.384614 1.936080 -15.261537
v -8.369229 1.936080 -15.261537
v -9.353845 1.936080 -15.261537
v -10.338460 1.886517 -15.261537
v -11.323075 1.745666 -15.261537
v -12.307691 1.701005 -15.261537
v -13.292306 1.701005 -15.261537
v -14.276921 1.701005 -15.261537
v -15.261537 1.701005 -15.261537
v -16.246153 1.701005 -15.261537
v -17.230768 1.701005 -15.261537
v -18.215384 1.701005 -15.261537
v -19.199999 1.701005 -15.261537
v -20.184614 1.759295 -15.261537
v -21.169230 1.962334 -15.261537
v -22.153845 2.235111 -15.261537
v -23.138460 2.509336 -15.261537
v -24.123075 2.797375 -15.261537
v -25.107691 3.129306 -15.261537
v -26.092306 3.373702 -15.261537
v -27.076921 3.507803 -15.261538
v -28.061537 3.517298 -15.261538
v -29.046152 3.556445 -15.261538
v -30.030767 3.469969 -15.261539
v -31.015385 3.336946 -15.261539
v 31.015385 1.519471 -16.246153
v 30.030769 2.041390 -16.246153
v 29.046154 2.569395 -16.246153
v 28.061539 3.043351 -16.246153
v 27.076923 3.408341 -16.246153
v 26.092308 3.619135 -16.246153
v 25.107693 3.726609 -16.246153
v 24.123077 3.796311 -16.246153
v 23.138462 3.820462 -16.246153
v 22.153847 3.796311 -16.246153
v 21.169231 3.726609 -16.246153
v 20.184616 3.619135 -16.246153
v 19.200001 3.408341 -16.246153
v 18.215385 3.043351 -16.246153
v 17.230770 2.569395 -16.246153
v 16.246155 2.041390 -16.246153
v 15.261539 1.519471 -16.246153
v 14.276924 1.058303 -16.246153
v 13.292309 0.646246 -16.246153
v 12.307693 0.307292 -16.246153
v 11.323078 0.079304 -16.246153
v 10.338463 0.000000 -16.246153
v 9.353848 0.000000 -16.246153
v 8.369232 0.000000 -16.246153
v 7.384617 0.000000 -16.246153
v 6.400002 0.000000 -16.246153
v 5.415386 0.000704 -16.246153
v 4.430771 0.070427 -16.246153
v 3.446156 0.236909 -16.246153
v 2.461540 0.475481 -16.246153
v 1.476925 0.761474 -16.246153
v 0.492309 1.070226 -16.246153
v -0.492306 1.377074 -16.246153
v -1.476922 1.657373 -16.246153
v -2.461537 1.886517 -16.246153
v -3.446152 2.040095 -16.246153
v -4.430768 2.095217 -16.246153
v -5.415383 2.095217 -16.246153
v -6.399999 2.095217 -16.246153
v -7.384614 2.095217 -16.246153
v -8.369229 2.095217 -16.246153
v -9.353845 2.095217 -16.246153
v -10.338460 2.040095 -16.246153
v -11.323075 1.936080 -16.246153
v -12.307691 1.936080 -16.246153
v -13.292306 1.936080 -16.246153
v -14.276921 1.936080 -16.246153
v -15.261537 1.936080 -16.246153
v -16.246153 1.936080 -16.246153
v -17.230768 1.936080 -16.246153
v -18.215384 1.936080 -16.246153
v -19.199999 1.936080 -16.246153
v -20.184614 1.958971 -16.246153
v -21.169230 2.110813 -16.246153
v -22.153845 2.327718 -16.246153
v -23.138460 2.539242 -16.246153
v -24.123075 2.840336 -16.246153
v -25.107691 3.113548 -16.246153
v -26.092306 3.297648 -16.246153
v -27.076921 3.373701 -16.246153
v -28.061537 3.456862 -16.246153
v -29.046152 3.427918 -16.246153
v -30.030767 3.275541 -16.246153
v -31.015385 3.087086 -16.246155
v 31.015385 1.695126 -17.230768
v 30.030769 2.284950 -17.230768
v 29.046154 2.876610 -17.230768
v 28.061539 3.408341 -17.230768
v 27.076923 3.822569 -17.230768
v 26.092308 4.067741 -17.230768
v 25.107693 4.196058 -17.230768
v 24.123077 4.279317 -17.230768
v 23.138462 4.308199 -17.230768
v 22.153847 4.279317 -17.230768
v 21.169231 4.196058 -17.230768
v 20.184616 4.067741 -17.230768
v 19.200001 3.822569 -17.230768
v 18.215385 3.408341 -17.230768
v 17.230770 2.876610 -17.230768
v 16.246155 2.284950 -17.230768
v 15.261539 1.695126 -17.230768
v 14.276924 1.170956 -17.230768
v 13.292309 0.731022 -17.230768
v 12.307693 0.364233 -17.230768
v 11.323078 0.108278 -17.230768
v 10.338463 0.001082 -17.230768
v 9.353848 0.000000 -17.230768
v 8.369232 0.000000 -17.230768
v 7.384617 0.000000 -17.230768
v 6.400002 0.000000 -17.230768
v 5.415386 0.001514 -17.230768
v 4.430771 0.077388 -17.230768
v 3.446156 0.250016 -17.230768
v 2.461540 0.494728 -17.230768
v 1.476925 0.786853 -17.230768
v 0.492309 1.101721 -17.230768
v -0.492306 1.414662 -17.230768
v -1.476922 1.701005 -17.230768
v -2.461537 1.936080 -17.230768
v -3.446152 2.095217 -17.230768
v -4.430768 2.153744 -17.230768
v -5.415383 2.153744 -17.230768
v -6.399999 2.153744 -17.230768
v -7.384614 2.153744 -17.230768
v -8.369229 2.153744 -17.230768
v -9.353845 2.153744 -17.230768
v -10.338460 2.095217 -17.230768
v -11.323075 2.095217 -17.230768
v -12.307691 2.095217 -17.230768
v -13.292306 2.095217 -17.230768
v -14.276921 2.095217 -17.230768
v -15.261537 2.095217 -17.230768
v -16.246153 2.095217 -17.230768
v -17.230768 2.095217 -17.230768
v -18.215384 2.095217 -17.230768
v -19.199999 2.095217 -17.230768
v -20.184614 2.096409 -17.230768
v -21.169230 2.183745 -17.230768
v -22.153845 2.332063 -17.230768
v -23.138460 2.515257 -17.230768
v -24.123075 2.791696 -17.230768
v -25.107691 2.996284 -17.230768
v -26.092306 3.113548 -17.230768
v -27.076921 3.232786 -17.230768
v -28.061537 3.262721 -17.230768
v -29.046152 3.186159 -17.230768
v -30.030767 2.999415 -17.230768
v -31.015385 2.782573 -17.230770
v 31.015385 1.786096 -18.215384
v 30.030769 2.418071 -18.215384
v 29.046154 3.049853 -18.215384
v 28.061539 3.619135 -18.215384
v 27.076923 4.067741 -18.215384
v 26.092308 4.341227 -18.215384
v 25.107693 4.488719 -18.215384
v 24.123077 4.584950 -18.215384
v 23.138462 4.618482 -18.215384
v 22.153847 4.584950 -18.215384
v 21.169231 4.488719 -18.215384
v 20.184616 4.341227 -18.215384
v 19.200001 4.067741 -18.215384
v 18.215385 3.619135 -18.215384
v 17.230770 3.049853 -18.215384
v 16.246155 2.418071 -18.215384
v 15.261539 1.786096 -18.215384
v 14.276924 1.218477 -18.215384
v 13.292309 0.760613 -18.215384
v 12.307693 0.384384 -18.215384
v 11.323078 0.118979 -18.215384
v 10.338463 0.002327 -18.215384
v 9.353848 0.000000 -18.215384
v 8.369232 0.000000 -18.215384
v 7.384617 0.000000 -18.215384
v 6.400002 0.000000 -18.215384
v 5.415386 0.001514 -18.215384
v 4.430771 0.077388 -18.215384
v 3.446156 0.250016 -18.215384
v 2.461540 0.494728 -18.215384
v 1.476925 0.786853 -18.215384
v 0.492309 1.101721 -18.215384
v -0.492306 1.414662 -18.215384
v -1.476922 1.701005 -18.215384
v -2.461537 1.936080 -18.215384
v -3.446152 2.095217 -18.215384
v -4.430768 2.153744 -18.215384
v -5.415383 2.153744 -18.215384
v -6.399999 2.153744 -18.215384
v -7.384614 2.153744 -18.215384
v -8.369229 2.153744 -18.215384
v -9.353845 2.153744 -18.215384
v -10.338460 2.153744 -18.215384
v -11.323075 2.153744 -18.215384
v -12.307691 2.153744 -18.215384
v -13.292306 2.153744 -18.215384
v -14.276921 2.153744 -18.215384
v -15.261537 2.153744 -18.215384
v -16.246153 2.153744 -18.215384
v -17.230768 2.153744 -18.215384
v -18.215384 2.153744 -18.215384
v -19.199999 2.153744 -18.215384
v -20.184614 2.153744 -18.215384
v -21.169230 2.177350 -18.215384
v -22.153845 2.249164 -18.215384
v -23.138460 2.457556 -18.215384
v -24.123075 2.661077 -18.215384
v -25.107691 2.791696 -18.215384
v -26.092306 2.916804 -18.215384
v -27.076921 2.975511 -18.215384
v -28.061537 2.950484 -18.215384
v -29.046152 2.831197 -18.215384
v -30.030767 2.618196 -18.215384
v -31.015385 2.383963 -18.215385
v 31.015385 1.824040 -19.199999
v 30.030769 2.480119 -19.199999
v 29.046154 3.135164 -19.199999
v 28.061539 3.726609 -19.199999
v 27.076923 4.196058 -19.199999
v 26.092308 4.488719 -19.199999
v 25.107693 4.652803 -19.199999
v 24.123077 4.761049 -19.199999
v 23.138462 4.799139 -19.199999
v 22.153847 4.761049 -19.199999
v 21.169231 4.652803 -19.199999
v 20.184616 4.488719 -19.199999
v 19.200001 4.196058 -19.199999
v 18.215385 3.726609 -19.199999
v 17.230770 3.135164 -19.199999
v 16.246155 2.480119 -19.199999
v 15.261539 1.824040 -19.199999
v 14.276924 1.231796 -19.199999
v 13.292309 0.760613 -19.199999
v 12.307693 0.384384 -19.199999
v 11.323078 0.118979 -19.199999
v 10.338463 0.002327 -19.199999
v 9.353848 0.000000 -19.199999
v 8.369232 0.000000 -19.199999
v 7.384617 0.000000 -19.199999
v 6.400002 0.000000 -19.199999
v 5.415386 0.001514 -19.199999
v 4.430771 0.077388 -19.199999
v 3.446156 0.250016 -19.199999
v 2.461540 0.494728 -19.199999
v 1.476925 0.786853 -19.199999
v 0.492309 1.101721 -19.199999
v -0.492306 1.414662 -19.199999
v -1.476922 1.701005 -19.199999
v -2.461537 1.936080 -19.199999
v -3.446152 2.095217 -19.199999
v -4.430768 2.153744 -19.199999
v -5.415383 2.153744 -19.199999
v -6.399999 2.153744 -19.199999
v -7.384614 2.153744 -19.199999
v -8.369229 2.153744 -19.199999
v -9.353845 2.153744 -19.199999
v -10.338460 2.153744 -19.199999
v -11.323075 2.153744 -19.199999
v -12.307691 2.153744 -19.199999
v -13.292306 2.153744 -19.199999
v -14.276921 2.153744 -19.199999
v -15.261537 2.153744 -19.199999
v -16.246153 2.153744 -19.199999
v -17.230768 2.153744 -19.199999
v -18.215384 2.153744 -19.199999
v -19.199999 2.153744 -19.199999
v -20.184614 2.153744 -19.199999
v -21.169230 2.153744 -19.199999
v -22.153845 2.200249 -19.199999
v -23.138460 2.330506 -19.199999
v -24.123075 2.457556 -19.199999
v -25.107691 2.565578 -19.199999
v -26.092306 2.624851 -19.199999
v -27.076921 2.622515 -19.199999
v -28.061537 2.547173 -19.199999
v -29.046152 2.392424 -19.199999
v -30.030767 2.162376 -19.199999
v -31.015385 1.921689 -19.200001
v 31.015385 1.850174 -20.184614
v 30.030769 2.521184 -20.184614
v 29.046154 3.190786 -20.184614
v 28.061539 3.796311 -20.184614
v 27.076923 4.279317 -20.184614
v 26.092308 4.584950 -20.184614
v 25.107693 4.761049 -20.184614
v 24.123077 4.879075 -20.184614
v 23.138462 4.921437 -20.184614
v 22.153847 4.879075 -20.184614
v 21.169231 4.761049 -20.184614
v 20.184616 4.584950 -20.184614
v 19.200001 4.279317 -20.184614
v 18.215385 3.796311 -20.184614
v 17.230770 3.190786 -20.184614
v 16.246155 2.521184 -20.184614
v 15.261539 1.850174 -20.184614
v 14.276924 1.242782 -20.184614
v 13.292309 0.760613 -20.184614
v 12.307693 0.384384 -20.184614
v 11.323078 0.118979 -20.184614
v 10.338463 0.002327 -20.184614
v 9.353848 0.000000 -20.184614
v 8.369232 0.000000 -20.184614
v 7.384617 0.000000 -20.184614
v 6.400002 0.000000 -20.184614
v 5.415386 0.000704 -20.184614
v 4.430771 0.070427 -20.184614
v 3.446156 0.236909 -20.184614
v 2.461540 0.475481 -20.184614
v 1.476925 0.761474 -20.184614
v 0.492309 1.070226 -20.184614
v -0.492306 1.377074 -20.184614
v -1.476922 1.657373 -20.184614
v -2.461537 1.886517 -20.184614
v -3.446152 2.040095 -20.184614
v -4.430768 2.095217 -20.184614
v -5.415383 2.095217 -20.184614
v -6.399999 2.095217 -20.184614
v -7.384614 2.095217 -20.184614
v -8.369229 2.095217 -20.184614
v -9.353845 2.095217 -20.184614
v -10.338460 2.095217 -20.184614
v -11.323075 2.095217 -20.184614
v -12.307691 2.095217 -20.184614
v -13.292306 2.095217 -20.184614
v -14.276921 2.095217 -20.184614
v -15.261537 2.095217 -20.184614
v -16.246153 2.153744 -20.184614
v -17.230768 2.153744 -20.184614
v -18.215384 2.153744 -20.184614
v -19.199999 2.153744 -20.184614
v -20.184614 2.153744 -20.184614
v -21.169230 2.153744 -20.184614
v -22.153845 2.153990 -20.184614
v -23.138460 2.200249 -20.184614
v -24.123075 2.274102 -20.184614
v -25.107691 2.309082 -20.184614
v -26.092306 2.299299 -20.184614
v -27.076921 2.236623 -20.184614
v -28.061537 2.113460 -20.184614
v -29.046152 1.927295 -20.184614
v -30.030767 1.685179 -20.184614
v -31.015385 1.443711 -20.184616
v 31.015385 1.859458 -21.169230
v 30.030769 2.535530 -21.169230
v 29.046154 3.210094 -21.169230
v 28.061539 3.820462 -21.169230
v 27.076923 4.308199 -21.169230
v 26.092308 4.618482 -21.169230
v 25.107693 4.799139 -21.169230
v 24.123077 4.921437 -21.169230
v 23.138462 4.966415 -21.169230
v 22.153847 4.921437 -21.169230
v 21.169231 4.799139 -21.169230
v 20.184616 4.618482 -21.169230
v 19.200001 4.308199 -21.169230
v 18.215385 3.820462 -21.169230
v 17.230770 3.210094 -21.169230
v 16.246155 2.535530 -21.169230
v 15.261539 1.859458 -21.169230
v 14.276924 1.246951 -21.169230
v 13.292309 0.760613 -21.169230
v 12.307693 0.384384 -21.169230
v 11.323078 0.118979 -21.169230
v 10.338463 0.002327 -21.169230
v 9.353848 0.000000 -21.169230
v 8.369232 0.000000 -21.169230
v 7.384617 0.000000 -21.169230
v 6.400002 0.000000 -21.169230
v 5.415386 0.000000 -21.169230
v 4.430771 0.051582 -21.169230
v 3.446156 0.199873 -21.169230
v 2.461540 0.420340 -21.169230
v 1.476925 0.688355 -21.169230
v 0.492309 0.979324 -21.169230
v -0.492306 1.268717 -21.169230
v -1.476922 1.532156 -21.169230
v -2.461537 1.745666 -21.169230
v -3.446152 1.886517 -21.169230
v -4.430768 1.936080 -21.169230
v -5.415383 1.936080 -21.169230
v -6.399999 1.936080 -21.169230
v -7.384614 1.936080 -21.169230
v -8.369229 1.936080 -21.169230
v -9.353845 1.936080 -21.169230
v -10.338460 1.936080 -21.169230
v -11.323075 1.936080 -21.169230
v -12.307691 1.936080 -21.169230
v -13.292306 1.936080 -21.169230
v -14.276921 1.936080 -21.169230
v -15.261537 2.040095 -21.169230
v -16.246153 2.095217 -21.169230
v -17.230768 2.095217 -21.169230
v -18.215384 2.095217 -21.169230
v -19.199999 2.095217 -21.169230
v -20.184614 2.095217 -21.169230
v -21.169230 2.095217 -21.169230
v -22.153845 2.095217 -21.169230
v -23.138460 2.095544 -21.169230
v -24.123075 2.089168 -21.169230
v -25.107691 2.049569 -21.169230
v -26.092306 1.972141 -21.169230
v -27.076921 1.851869 -21.169230
v -28.061537 1.684916 -21.169230
v -29.046152 1.472346 -21.169230
v -30.030767 1.223703 -21.169230
v -31.015385 0.987354 -21.169231
v 31.015385 1.850174 -22.153845
v 30.030769 2.521184 -22.153845
v 29.046154 3.190786 -22.153845
v 28.061539 3.796311 -22.153845
v 27.076923 4.279317 -22.153845
v 26.092308 4.584950 -22.153845
v 25.107693 4.761049 -22.153845
v 24.123077 4.879075 -22.153845
v 23.138462 4.921437 -22.153845
v 22.153847 4.879075 -22.153845
v 21.169231 4.761049 -22.153845
v 20.184616 4.584950 -22.153845
v 19.200001 4.279317 -22.153845
v 18.215385 3.796311 -22.153845
v 17.230770 3.190786 -22.153845
v 16.246155 2.521184 -22.153845
v 15.261539 1.850174 -22.153845
v 14.276924 1.242782 -22.153845
v 13.292309 0.760613 -22.153845
v 12.307693 0.384384 -22.153845
v 11.323078 0.118979 -22.153845
v 10.338463 0.002327 -22.153845
v 9.353848 0.000000 -22.153845
v 8.369232 0.000000 -22.153845
v 7.384617 0.000000 -22.153845
v 6.400002 0.000000 -22.153845
v 5.415386 0.000000 -22.153845
v 4.430771 0.026837 -22.153845
v 3.446156 0.145590 -22.153845
v 2.461540 0.336860 -22.153845
v 1.476925 0.576167 -22.153845
v 0.492309 0.839159 -22.153845
v -0.492306 1.101721 -22.153845
v -1.476922 1.340235 -22.153845
v -2.461537 1.532156 -22.153845
v -3.446152 1.657373 -22.153845
v -4.430768 1.701005 -22.153845
v -5.415383 1.701005 -22.153845
v -6.399999 1.701005 -22.153845
v -7.384614 1.701005 -22.153845
v -8.369229 1.701005 -22.153845
v -9.353845 1.701005 -22.153845
v -10.338460 1.701005 -22.153845
v -11.323075 1.701005 -22.153845
v -12.307691 1.701005 -22.153845
v -13.292306 1.701005 -22.153845
v -14.276921 1.745666 -22.153845
v -15.261537 1.886517 -22.153845
v -16.246153 1.936080 -22.153845
v -17.230768 1.936080 -22.153845
v -18.215384 1.936080 -22.153845
v -19.199999 1.936080 -22.153845
v -20.184614 1.936080 -22.153845
v -21.169230 1.936080 -22.153845
v -22.153845 1.936080 -22.153845
v -23.138460 1.936080 -22.153845
v -24.123075 1.886517 -22.153845
v -25.107691 1.776636 -22.153845
v -26.092306 1.639055 -22.153845
v -27.076921 1.470417 -22.153845
v -28.061537 1.270047 -22.153845
v -29.046152 1.042188 -22.153845
v -30.030767 0.798553 -22.153845
v -31.015385 0.579177 -22.153847
v 31.015385 1.774264 -23.138460
v 30.030769 2.420500 -23.138460
v 29.046154 3.066270 -23.138460
v 28.061539 3.649089 -23.138460
v 27.076923 4.110688 -23.138460
v 26.092308 4.398478 -23.138460
v 25.107693 4.652803 -23.138460
v 24.123077 4.761049 -23.138460
v 23.138462 4.799139 -23.138460
v 22.153847 4.761049 -23.138460
v 21.169231 4.652803 -23.138460
v 20.184616 4.488719 -23.138460
v 19.200001 4.196058 -23.138460
v 18.215385 3.726609 -23.138460
v 17.230770 3.135164 -23.138460
v 16.246155 2.480119 -23.138460
v 15.261539 1.824040 -23.138460
v 14.276924 1.231796 -23.138460
v 13.292309 0.760613 -23.138460
v 12.307693 0.384384 -23.138460
v 11.323078 0.118979 -23.138460
v 10.338463 0.002327 -23.138460
v 9.353848 0.000000 -23.138460
v 8.369232 0.000000 -23.138460
v 7.384617 0.000000 -23.138460
v 6.400002 0.000000 -23.138460
v 5.415386 0.000000 -23.138460
v 4.430771 0.005799 -23.138460
v 3.446156 0.084691 -23.138460
v 2.461540 0.236909 -23.138460
v 1.476925 0.438291 -23.138460
v 0.492309 0.664966 -23.138460
v -0.492306 0.893580 -23.138460
v -1.476922 1.101721 -23.138460
v -2.461537 1.268717 -23.138460
v -3.446152 1.377074 -23.138460
v -4.430768 1.414662 -23.138460
v -5.415383 1.414662 -23.138460
v -6.399999 1.414662 -23.138460
v -7.384614 1.414662 -23.138460
v -8.369229 1.414662 -23.138460
v -9.353845 1.414662 -23.138460
v -10.338460 1.414662 -23.138460
v -11.323075 1.414662 -23.138460
v -12.307691 1.414662 -23.138460
v -13.292306 1.414662 -23.138460
v -14.276921 1.532156 -23.138460
v -15.261537 1.657373 -23.138460
v -16.246153 1.701005 -23.138460
v -17.230768 1.701005 -23.138460
v -18.215384 1.701005 -23.138460
v -19.199999 1.701005 -23.138460
v -20.184614 1.701005 -23.138460
v -21.169230 1.701005 -23.138460
v -22.153845 1.701005 -23.138460
v -23.138460 1.701005 -23.138460
v -24.123075 1.657373 -23.138460
v -25.107691 1.532156 -23.138460
v -26.092306 1.345268 -23.138460
v -27.076921 1.136690 -23.138460
v -28.061537 0.913124 -23.138460
v -29.046152 0.681129 -23.138460
v -30.030767 0.453999 -23.138460
v -31.015385 0.263034 -23.138462
v 31.015385 1.593395 -24.123075
v 30.030769 2.187020 -24.123075
v 29.046154 2.783142 -24.123075
v 28.061539 3.320460 -24.123075
v 27.076923 3.820462 -24.123075
v 26.092308 4.251011 -24.123075
v 25.107693 4.488719 -24.123075
v 24.123077 4.584950 -24.123075
v 23.138462 4.618482 -24.123075
v 22.153847 4.584950 -24.123075
v 21.169231 4.488719 -24.123075
v 20.184616 4.341227 -24.123075
v 19.200001 4.067741 -24.123075
v 18.215385 3.619135 -24.123075
v 17.230770 3.049853 -24.123075
v 16.246155 2.418071 -24.123075
v 15.261539 1.786096 -24.123075
v 14.276924 1.218477 -24.123075
v 13.292309 0.760613 -24.123075
v 12.307693 0.384384 -24.123075
v 11.323078 0.118979 -24.123075
v 10.338463 0.002327 -24.123075
v 9.353848 0.000000 -24.123075
v 8.369232 0.000000 -24.123075
v 7.384617 0.000000 -24.123075
v 6.400002 0.000000 -24.123075
v 5.415386 0.000000 -24.123075
v 4.430771 0.000000 -24.123075
v 3.446156 0.031128 -24.123075
v 2.461540 0.135826 -24.123075
v 1.476925 0.291661 -24.123075
v 0.492309 0.475481 -24.123075
v -0.492306 0.664966 -24.123075
v -1.476922 0.839159 -24.123075
v -2.461537 0.979325 -24.123075
v -3.446152 1.070226 -24.123075
v -4.430768 1.101721 -24.123075
v -5.415383 1.101721 -24.123075
v -6.399999 1.101721 -24.123075
v -7.384614 1.101721 -24.123075
v -8.369229 1.101721 -24.123075
v -9.353845 1.101721 -24.123075
v -10.338460 1.101721 -24.123075
v -11.323075 1.101721 -24.123075
v -12.307691 1.101721 -24.123075
v -13.292306 1.101721 -24.123075
v -14.276921 1.268717 -24.123075
v -15.261537 1.377074 -24.123075
v -16.246153 1.414662 -24.123075
v -17.230768 1.414662 -24.123075
v -18.215384 1.414662 -24.123075
v -19.199999 1.414662 -24.123075
v -20.184614 1.414662 -24.123075
v -21.169230 1.414662 -24.123075
v -22.153845 1.414662 -24.123075
v -23.138460 1.414662 -24.123075
v -24.123075 1.377074 -24.123075
v -25.107691 1.268717 -24.123075
v -26.092306 1.101721 -24.123075
v -27.076921 0.893580 -24.123075
v -28.061537 0.664966 -24.123075
v -29.046152 0.439269 -24.123075
v -30.030767 0.239194 -24.123075
v -31.015385 0.086986 -24.123077
v 31.015385 1.333366 -25.107691
v 30.030769 1.850174 -25.107691
v 29.046154 2.433817 -25.107691
v 28.061539 3.048518 -25.107691
v 27.076923 3.583418 -25.107691
v 26.092308 3.982429 -25.107691
v 25.107693 4.196058 -25.107691
v 24.123077 4.279317 -25.107691
v 23.138462 4.308199 -25.107691
v 22.153847 4.279317 -25.107691
v 21.169231 4.196058 -25.107691
v 20.184616 4.067741 -25.107691
v 19.200001 3.822569 -25.107691
v 18.215385 3.408341 -25.107691
v 17.230770 2.876610 -25.107691
v 16.246155 2.284950 -25.107691
v 15.261539 1.695126 -25.107691
v 14.276924 1.170956 -25.107691
v 13.292309 0.731022 -25.107691
v 12.307693 0.364233 -25.107691
v 11.323078 0.108278 -25.107691
v 10.338463 0.001082 -25.107691
v 9.353848 0.000000 -25.107691
v 8.369232 0.000000 -25.107691
v 7.384617 0.000000 -25.107691
v 6.400002 0.000000 -25.107691
v 5.415386 0.000000 -25.107691
v 4.430771 0.000000 -25.107691
v 3.446156 0.001514 -25.107691
v 2.461540 0.051582 -25.107691
v 1.476925 0.155714 -25.107691
v 0.492309 0.291661 -25.107691
v -0.492306 0.438291 -25.107691
v -1.476922 0.576167 -25.107691
v -2.461537 0.688356 -25.107691
v -3.446152 0.761475 -25.107691
v -4.430768 0.786853 -25.107691
v -5.415383 0.786853 -25.107691
v -6.399999 0.786853 -25.107691
v -7.384614 0.786853 -25.107691
v -8.369229 0.786853 -25.107691
v -9.353845 0.786853 -25.107691
v -10.338460 0.786853 -25.107691
v -11.323075 0.786853 -25.107691
v -12.307691 0.786853 -25.107691
v -13.292306 0.839159 -25.107691
v -14.276921 0.979324 -25.107691
v -15.261537 1.070226 -25.107691
v -16.246153 1.101721 -25.107691
v -17.230768 1.101721 -25.107691
v -18.215384 1.101721 -25.107691
v -19.199999 1.101721 -25.107691
v -20.184614 1.101721 -25.107691
v -21.169230 1.101721 -25.107691
v -22.153845 1.101721 -25.107691
v -23.138460 1.101721 -25.107691
v -24.123075 1.070226 -25.107691
v -25.107691 0.979325 -25.107691
v -26.092306 0.839159 -25.107691
v -27.076921 0.664966 -25.107691
v -28.061537 0.475481 -25.107691
v -29.046152 0.291661 -25.107691
v -30.030767 0.135827 -25.107691
v -31.015385 0.031128 -25.107693
v 31.015385 1.067711 -26.092306
v 30.030769 1.586811 -26.092306
v 29.046154 2.154031 -26.092306
v 28.061539 2.707376 -26.092306
v 27.076923 3.187690 -26.092306
v 26.092308 3.541738 -26.092306
v 25.107693 3.726609 -26.092306
v 24.123077 3.796311 -26.092306
v 23.138462 3.820462 -26.092306
v 22.153847 3.796311 -26.092306
v 21.169231 3.726609 -26.092306
v 20.184616 3.619135 -26.092306
v 19.200001 3.408341 -26.092306
v 18.215385 3.043351 -26.092306
v 17.230770 2.569395 -26.092306
v 16.246155 2.041390 -26.092306
v 15.261539 1.519471 -26.092306
v 14.276924 1.058303 -26.092306
v 13.292309 0.646246 -26.092306
v 12.307693 0.307292 -26.092306
v 11.323078 0.079304 -26.092306
v 10.338463 0.000000 -26.092306
v 9.353848 0.000000 -26.092306
v 8.369232 0.000000 -26.092306
v 7.384617 0.000000 -26.092306
v 6.400002 0.000000 -26.092306
v 5.415386 0.000000 -26.092306
v 4.430771 0.000000 -26.092306
v 3.446156 0.000000 -26.092306
v 2.461540 0.004060 -26.092306
v 1.476925 0.051582 -26.092306
v 0.492309 0.135826 -26.092306
v -0.492306 0.236909 -26.092306
v -1.476922 0.336860 -26.092306
v -2.461537 0.420340 -26.092306
v -3.446152 0.475481 -26.092306
v -4.430768 0.494728 -26.092306
v -5.415383 0.494728 -26.092306
v -6.399999 0.494728 -26.092306
v -7.384614 0.494728 -26.092306
v -8.369229 0.494728 -26.092306
v -9.353845 0.494728 -26.092306
v -10.338460 0.494728 -26.092306
v -11.323075 0.494728 -26.092306
v -12.307691 0.494728 -26.092306
v -13.292306 0.576167 -26.092306
v -14.276921 0.688356 -26.092306
v -15.261537 0.761475 -26.092306
v -16.246153 0.786853 -26.092306
v -17.230768 0.786853 -26.092306
v -18.215384 0.786853 -26.092306
v -19.199999 0.786853 -26.092306
v -20.184614 0.786853 -26.092306
v -21.169230 0.786853 -26.092306
v -22.153845 0.786853 -26.092306
v -23.138460 0.786853 -26.092306
v -24.123075 0.761475 -26.092306
v -25.107691 0.688356 -26.092306
v -26.092306 0.576167 -26.092306
v -27.076921 0.438291 -26.092306
v -28.061537 0.291661 -26.092306
v -29.046152 0.155715 -26.092306
v -30.030767 0.051582 -26.092306
v -31.015385 0.001514 -26.092308
v 31.015385 0.885821 -27.076921
v 30.030769 1.313350 -27.076921
v 29.046154 1.793133 -27.076921
v 28.061539 2.267121 -27.076921
v 27.076923 2.679418 -27.076921
v 26.092308 2.981141 -27.076921
v 25.107693 3.135164 -27.076921
v 24.123077 3.190786 -27.076921
v 23.138462 3.210094 -27.076921
v 22.153847 3.190786 -27.076921
v 21.169231 3.135164 -27.076921
v 20.184616 3.049853 -27.076921
v 19.200001 2.876610 -27.076921
v 18.215385 2.569395 -27.076921
v 17.230770 2.167777 -27.076921
v 16.246155 1.722418 -27.076921
v 15.261539 1.290153 -27.076921
v 14.276924 0.885821 -27.076921
v 13.292309 0.517901 -27.076921
v 12.307693 0.223835 -27.076921
v 11.323078 0.041260 -27.076921
v 10.338463 0.000000 -27.076921
v 9.353848 0.000000 -27.076921
v 8.369232 0.000000 -27.076921
v 7.384617 0.000000 -27.076921
v 6.400002 0.000000 -27.076921
v 5.415386 0.000000 -27.076921
v 4.430771 0.000000 -27.076921
v 3.446156 0.000000 -27.076921
v 2.461540 0.000000 -27.076921
v 1.476925 0.001514 -27.076921
v 0.492309 0.031128 -27.076921
v -0.492306 0.084691 -27.076921
v -1.476922 0.145590 -27.076921
v -2.461537 0.199873 -27.076921
v -3.446152 0.236909 -27.076921
v -4.430768 0.250016 -27.076921
v -5.415383 0.250016 -27.076921
v -6.399999 0.250016 -27.076921
v -7.384614 0.250016 -27.076921
v -8.369229 0.250016 -27.076921
v -9.353845 0.250016 -27.076921
v -10.338460 0.250016 -27.076921
v -11.323075 0.250016 -27.076921
v -12.307691 0.250016 -27.076921
v -13.292306 0.336860 -27.076921
v -14.276921 0.420340 -27.076921
v -15.261537 0.475481 -27.076921
v -16.246153 0.494728 -27.076921
v -17.230768 0.494728 -27.076921
v -18.215384 0.494728 -27.076921
v -19.199999 0.494728 -27.076921
v -20.184614 0.494728 -27.076921
v -21.169230 0.494728 -27.076921
v -22.153845 0.494728 -27.076921
v -23.138460 0.494728 -27.076921
v -24.123075 0.475481 -27.076921
v -25.107691 0.420340 -27.076921
v -26.092306 0.336860 -27.076921
v -27.076921 0.236909 -27.076921
v -28.061537 0.135827 -27.076921
v -29.046152 0.051582 -27.076921
v -30.030767 0.004060 -27.076921
v -31.015385 0.000000 -27.076923
v 31.015385 0.673845 -28.061537
v 30.030769 1.022343 -28.061537
v 29.046154 1.398186 -28.061537
v 28.061539 1.779332 -28.061537
v 27.076923 2.114218 -28.061537
v 26.092308 2.358669 -28.061537
v 25.107693 2.480119 -28.061537
v 24.123077 2.521184 -28.061537
v 23.138462 2.535530 -28.061537
v 22.153847 2.521184 -28.061537
v 21.169231 2.480119 -28.061537
v 20.184616 2.418071 -28.061537
v 19.200001 2.284950 -28.061537
v 18.215385 2.041390 -28.061537
v 17.230770 1.722418 -28.061537
v 16.246155 1.374014 -28.061537
v 15.261539 1.022343 -28.061537
v 14.276924 0.673845 -28.061537
v 13.292309 0.364233 -28.061537
v 12.307693 0.130207 -28.061537
v 11.323078 0.008916 -28.061537
v 10.338463 0.000000 -28.061537
v 9.353848 0.000000 -28.061537
v 8.369232 0.000000 -28.061537
v 7.384617 0.000000 -28.061537
v 6.400002 0.000000 -28.061537
v 5.415386 0.000000 -28.061537
v 4.430771 0.000000 -28.061537
v 3.446156 0.000000 -28.061537
v 2.461540 0.000000 -28.061537
v 1.476925 0.000000 -28.061537
v 0.492309 0.000000 -28.061537
v -0.492306 0.005799 -28.061537
v -1.476922 0.026837 -28.061537
v -2.461537 0.051582 -28.061537
v -3.446152 0.070428 -28.061537
v -4.430768 0.077388 -28.061537
v -5.415383 0.077388 -28.061537
v -6.399999 0.077388 -28.061537
v -7.384614 0.077388 -28.061537
v -8.369229 0.077388 -28.061537
v -9.353845 0.077388 -28.061537
v -10.338460 0.077388 -28.061537
v -11.323075 0.077388 -28.061537
v -12.307691 0.084691 -28.061537
v -13.292306 0.145590 -28.061537
v -14.276921 0.199873 -28.061537
v -15.261537 0.236909 -28.061537
v -16.246153 0.250016 -28.061537
v -17.230768 0.250016 -28.061537
v -18.215384 0.250016 -28.061537
v -19.199999 0.250016 -28.061537
v -20.184614 0.250016 -28.061537
v -21.169230 0.250016 -28.061537
v -22.153845 0.250016 -28.061537
v -23.138460 0.250016 -28.061537
v -24.123075 0.236909 -28.061537
v -25.107691 0.199873 -28.061537
v -26.092306 0.145590 -28.061537
v -27.076921 0.084691 -28.061537
v -28.061537 0.031128 -28.061537
v -29.046152 0.001514 -28.061537
v -30.030767 0.000000 -28.061537
v -31.015385 0.000000 -28.061539
v 31.015385 0.448410 -29.046152
v 30.030769 0.731022 -29.046152
v 29.046154 1.022343 -29.046152
v 28.061539 1.301863 -29.046152
v 27.076923 1.552905 -29.046152
v 26.092308 1.736547 -29.046152
v 25.107693 1.824040 -29.046152
v 24.123077 1.850174 -29.046152
v 23.138462 1.859458 -29.046152
v 22.153847 1.850174 -29.046152
v 21.169231 1.824040 -29.046152
v 20.184616 1.786096 -29.046152
v 19.200001 1.695126 -29.046152
v 18.215385 1.519471 -29.046152
v 17.230770 1.290153 -29.046152
v 16.246155 1.022343 -29.046152
v 15.261539 0.731022 -29.046152
v 14.276924 0.448410 -29.046152
v 13.292309 0.208825 -29.046152
v 12.307693 0.047858 -29.046152
v 11.323078 0.000000 -29.046152
v 10.338463 0.000000 -29.046152
v 9.353848 0.000000 -29.046152
v 8.369232 0.000000 -29.046152
v 7.384617 0.000000 -29.046152
v 6.400002 0.000000 -29.046152
v 5.415386 0.000000 -29.046152
v 4.430771 0.000000 -29.046152
v 3.446156 0.000000 -29.046152
v 2.461540 0.000000 -29.046152
v 1.476925 0.000000 -29.046152
v 0.492309 0.000000 -29.046152
v -0.492306 0.000000 -29.046152
v -1.476922 0.000000 -29.046152
v -2.461537 0.000000 -29.046152
v -3.446152 0.000704 -29.046152
v -4.430768 0.001514 -29.046152
v -5.415383 0.001514 -29.046152
v -6.399999 0.001514 -29.046152
v -7.384614 0.001514 -29.046152
v -8.369229 0.001514 -29.046152
v -9.353845 0.001514 -29.046152
v -10.338460 0.001514 -29.046152
v -11.323075 0.001514 -29.046152
v -12.307691 0.005799 -29.046152
v -13.292306 0.026837 -29.046152
v -14.276921 0.051582 -29.046152
v -15.261537 0.070428 -29.046152
v -16.246153 0.077388 -29.046152
v -17.230768 0.077388 -29.046152
v -18.215384 0.077388 -29.046152
v -19.199999 0.077388 -29.046152
v -20.184614 0.077388 -29.046152
v -21.169230 0.077388 -29.046152
v -22.153845 0.077388 -29.046152
v -23.138460 0.077388 -29.046152
v -24.123075 0.070428 -29.046152
v -25.107691 0.051582 -29.046152
v -26.092306 0.026837 -29.046152
v -27.076921 0.005799 -29.046152
v -28.061537 0.000000 -29.046152
v -29.046152 0.000000 -29.046152
v -30.030767 0.000000 -29.046152
v -31.015385 0.000000 -29.046154
v 31.015385 0.239401 -30.030767
v 30.030769 0.448410 -30.030767
v 29.046154 0.673845 -30.030767
v 28.061539 0.885821 -30.030767
v 27.076923 1.058401 -30.030767
v 26.092308 1.179114 -30.030767
v 25.107693 1.231796 -30.030767
v 24.123077 1.242782 -30.030767
v 23.138462 1.246951 -30.030767
v 22.153847 1.242782 -30.030767
v 21.169231 1.231796 -30.030767
v 20.184616 1.218477 -30.030767
v 19.200001 1.170956 -30.030767
v 18.215385 1.058303 -30.030767
v 17.230770 0.885821 -30.030767
v 16.246155 0.673845 -30.030767
v 15.261539 0.448410 -30.030767
v 14.276924 0.239401 -30.030767
v 13.292309 0.079304 -30.030767
v 12.307693 0.002327 -30.030767
v 11.323078 0.000000 -30.030767
v 10.338463 0.000000 -30.030767
v 9.353848 0.000000 -30.030767
v 8.369232 0.000000 -30.030767
v 7.384617 0.000000 -30.030767
v 6.400002 0.000000 -30.030767
v 5.415386 0.000000 -30.030767
v 4.430771 0.000000 -30.030767
v 3.446156 0.000000 -30.030767
v 2.461540 0.000000 -30.030767
v 1.476925 0.000000 -30.030767
v 0.492309 0.000000 -30.030767
v -0.492306 0.000000 -30.030767
v -1.476922 0.000000 -30.030767
v -2.461537 0.000000 -30.030767
v -3.446152 0.000000 -30.030767
v -4.430768 0.000000 -30.030767
v -5.415383 0.000000 -30.030767
v -6.399999 0.000000 -30.030767
v -7.384614 0.000000 -30.030767
v -8.369229 0.000000 -30.030767
v -9.353845 0.000000 -30.030767
v -10.338460 0.000000 -30.030767
v -11.323075 0.000000 -30.030767
v -12.307691 0.000000 -30.030767
v -13.292306 0.000000 -30.030767
v -14.276921 0.000000 -30.030767
v -15.261537 0.000704 -30.030767
v -16.246153 0.001514 -30.030767
v -17.230768 0.001514 -30.030767
v -18.215384 0.001514 -30.030767
v -19.199999 0.001514 -30.030767
v -20.184614 0.001514 -30.030767
v -21.169230 0.001514 -30.030767
v -22.153845 0.001514 -30.030767
v -23.138460 0.001514 -30.030767
v -24.123075 0.000704 -30.030767
v -25.107691 0.000000 -30.030767
v -26.092306 0.000000 -30.030767
v -27.076921 0.000000 -30.030767
v -28.061537 0.000000 -30.030767
v -29.046152 0.000000 -30.030767
v -30.030767 0.000000 -30.030767
v -31.015385 0.000000 -30.030769
v 31.015385 0.079303 -31.015385
v 30.030769 0.208824 -31.015385
v 29.046154 0.364233 -31.015385
v 28.061539 0.517900 -31.015385
v 27.076923 0.646245 -31.015385
v 26.092308 0.731021 -31.015385
v 25.107693 0.760612 -31.015385
v 24.123077 0.760612 -31.015385
v 23.138462 0.760612 -31.015385
v 22.153847 0.760612 -31.015385
v 21.169231 0.760612 -31.015385
v 20.184616 0.760612 -31.015385
v 19.200001 0.731021 -31.015385
v 18.215385 0.646245 -31.015385
v 17.230770 0.517900 -31.015385
v 16.246155 0.364233 -31.015385
v 15.261539 0.208824 -31.015385
v 14.276924 0.079303 -31.015385
v 13.292309 0.006242 -31.015385
v 12.307693 0.000000 -31.015385
v 11.323078 0.000000 -31.015385
v 10.338463 0.000000 -31.015385
v 9.353848 0.000000 -31.015385
v 8.369232 0.000000 -31.015385
v 7.384617 0.000000 -31.015385
v 6.400002 0.000000 -31.015385
v 5.415386 0.000000 -31.015385
v 4.430771 0.000000 -31.015385
v 3.446156 0.000000 -31.015385
v 2.461540 0.000000 -31.015385
v 1.476925 0.000000 -31.015385
v 0.492309 0.000000 -31.015385
v -0.492306 0.000000 -31.015385
v -1.476922 0.000000 -31.015385
v -2.461537 0.000000 -31.015385
v -3.446152 0.000000 -31.015385
v -4.430768 0.000000 -31.015385
v -5.415383 0.000000 -31.015385
v -6.399999 0.000000 -31.015385
v -7.384614 0.000000 -31.015385
v -8.369229 0.000000 -31.015385
v -9.353845 0.000000 -31.015385
v -10.338460 0.000000 -31.015385
v -11.323075 0.000000 -31.015385
v -12.307691 0.000000 -31.015385
v -13.292306 0.000000 -31.015385
v -14.276921 0.000000 -31.015385
v -15.261537 0.000000 -31.015385
v -16.246153 0.000000 -31.015385
v -17.230768 0.000000 -31.015385
v -18.215384 0.000000 -31.015385
v -19.199999 0.000000 -31.015385
v -20.184614 0.000000 -31.015385
v -21.169230 0.000000 -31.015385
v -22.153845 0.000000 -31.015385
v -23.138460 0.000000 -31.015385
v -24.123075 0.000000 -31.015385
v -25.107691 0.000000 -31.015385
v -26.092306 0.000000 -31.015385
v -27.076921 0.000000 -31.015385
v -28.061537 0.000000 -31.015385
v -29.046152 0.000000 -31.015385
v -30.030767 0.000000 -31.015385
v -31.015385 0.000000 -31.015385
vn 0.0382 0.9984 -0.0422
vn -0.0000 1.0000 -0.0000
vn 0.0231 0.9994 0.0255
vn 0.0879 0.9889 0.1195
vn 0.1661 0.9664 0.1961
vn 0.2354 0.9430 0.2354
vn 0.2961 0.9239 0.2424
vn 0.3482 0.9108 0.2219
vn 0.3955 0.8999 0.1836
vn 0.4437 0.8867 0.1298
vn 0.4840 0.8729 0.0614
vn 0.5074 0.8614 0.0224
vn 0.5202 0.8539 0.0161
vn 0.5266 0.8501 0.0058
vn 0.5266 0.8501 -0.0058
vn 0.5162 0.8547 -0.0549
vn 0.4865 0.8632 -0.1347
vn 0.4352 0.8787 -0.1963
vn 0.3835 0.8975 -0.2177
vn 0.3563 0.9209 -0.1580
vn 0.3204 0.9314 -0.1729
vn 0.2641 0.9470 -0.1831
vn 0.1961 0.9664 -0.1661
vn 0.1168 0.9863 -0.1168
vn -0.0004 1.0000 -0.0004
vn -0.0004 1.0000 -0.0011
vn -0.0000 1.0000 -0.0015
vn 0.0004 1.0000 -0.0011
vn 0.0004 1.0000 -0.0004
vn -0.0012 1.0000 -0.0012
vn -0.0422 0.9984 -0.0382
vn -0.1168 0.9863 -0.1168
vn -0.1661 0.9664 -0.1961
vn -0.1831 0.9470 -0.2641
vn -0.1729 0.9314 -0.3204
vn -0.1406 0.9205 -0.3646
vn -0.0916 0.9139 -0.3954
vn -0.0356 0.9093 -0.4146
vn -0.0061 0.9044 -0.4267
vn -0.0050 0.9001 -0.4357
vn -0.0019 0.8973 -0.4413
vn 0.0019 0.8973 -0.4413
vn 0.0050 0.9001 -0.4357
vn 0.0378 0.9055 -0.4227
vn 0.0952 0.9122 -0.3985
vn 0.1407 0.9205 -0.3646
vn 0.1729 0.9314 -0.3204
vn 0.1831 0.9470 -0.2641
vn 0.1661 0.9664 -0.1961
vn -0.0029 1.0000 -0.0029
vn -0.0107 0.9998 -0.0166
vn -0.0126 0.9991 -0.0398
vn -0.0099 0.9981 -0.0615
vn -0.0039 0.9973 -0.0737
vn -0.0000 0.9970 -0.0768
vn 0.0039 0.9973 -0.0737
vn 0.0099 0.9981 -0.0615
vn 0.0126 0.9991 -0.0398
vn 0.0107 0.9998 -0.0166
vn 0.0022 1.0000 -0.0037
vn -0.0255 0.9994 -0.0231
vn -0.1195 0.9889 -0.0879
vn -0.1961 0.9664 -0.1661
vn -0.2354 0.9430 -0.2354
vn -0.2424 0.9239 -0.2961
vn -0.2219 0.9108 -0.3482
vn -0.1836 0.8999 -0.3955
vn -0.1298 0.8867 -0.4437
vn -0.0614 0.8729 -0.4840
vn -0.0224 0.8614 -0.5074
vn -0.0161 0.8539 -0.5202
vn -0.0058 0.8501 -0.5266
vn 0.0058 0.8501 -0.5266
vn 0.0161 0.8539 -0.5202
vn 0.0614 0.8620 -0.5032
vn 0.1351 0.8740 -0.4669
vn 0.1916 0.8908 -0.4119
vn 0.2266 0.9080 -0.3525
vn 0.2424 0.9239 -0.2961
vn 0.2354 0.9430 -0.2354
vn -0.0008 1.0000 -0.0008
vn -0.0150 0.9997 -0.0166
vn -0.0301 0.9980 -0.0558
vn -0.0414 0.9941 -0.0998
vn -0.0397 0.9901 -0.1343
vn -0.0280 0.9871 -0.1578
vn -0.0100 0.9854 -0.1697
vn -0.0000 0.9850 -0.1727
vn 0.0100 0.9854 -0.1697
vn 0.0280 0.9871 -0.1578
vn 0.0397 0.9901 -0.1343
vn 0.0414 0.9941 -0.0998
vn 0.0059 0.9969 -0.0783
vn 0.0029 1.0000 -0.0029
vn -0.0045 1.0000 -0.0045
vn -0.0855 0.9953 -0.0461
vn -0.1953 0.9737 -0.1176
vn -0.2641 0.9470 -0.1831
vn -0.2961 0.9239 -0.2424
vn -0.2964 0.9079 -0.2964
vn -0.2792 0.8921 -0.3552
vn -0.2431 0.8729 -0.4230
vn -0.1823 0.8562 -0.4834
vn -0.0962 0.8458 -0.5248
vn -0.0425 0.8361 -0.5469
vn -0.0283 0.8289 -0.5586
vn -0.0099 0.8253 -0.5646
vn 0.0099 0.8253 -0.5646
vn 0.0283 0.8289 -0.5586
vn 0.0886 0.8355 -0.5423
vn 0.1832 0.8426 -0.5064
vn 0.2545 0.8554 -0.4512
vn 0.2942 0.8769 -0.3800
vn 0.3055 0.9018 -0.3055
vn 0.2961 0.9239 -0.2424
vn -0.0021 1.0000 -0.0021
vn -0.0249 0.9993 -0.0275
vn -0.0575 0.9953 -0.0782
vn -0.0776 0.9886 -0.1290
vn -0.0802 0.9820 -0.1713
vn -0.0683 0.9765 -0.2042
vn -0.0455 0.9729 -0.2268
vn -0.0160 0.9711 -0.2383
vn -0.0000 0.9705 -0.2412
vn 0.0160 0.9711 -0.2383
vn 0.0455 0.9729 -0.2268
vn 0.0683 0.9765 -0.2042
vn 0.0736 0.9813 -0.1777
vn 0.0037 0.9856 -0.1691
vn 0.0301 0.9980 -0.0558
vn 0.0150 0.9997 -0.0166
vn 0.0008 1.0000 -0.0008
vn -0.0255 0.9995 -0.0164
vn -0.1522 0.9863 -0.0631
vn -0.2571 0.9588 -0.1204
vn -0.3204 0.9314 -0.1729
vn -0.3482 0.9108 -0.2219
vn -0.3552 0.8921 -0.2792
vn -0.3502 0.8688 -0.3502
vn -0.3117 0.8518 -0.4210
vn -0.2363 0.8447 -0.4803
vn -0.1310 0.8421 -0.5232
vn -0.0625 0.8355 -0.5460
vn -0.0407 0.8291 -0.5577
vn -0.0141 0.8259 -0.5637
vn 0.0141 0.8259 -0.5637
vn 0.0407 0.8291 -0.5577
vn 0.1166 0.8332 -0.5405
vn 0.2311 0.8331 -0.5025
vn 0.3173 0.8363 -0.4472
vn 0.3684 0.8483 -0.3803
vn 0.3796 0.8737 -0.3043
vn 0.3567 0.9052 -0.2312
vn -0.0275 0.9993 -0.0249
vn -0.0766 0.9941 -0.0766
vn -0.1102 0.9854 -0.1301
vn -0.1228 0.9765 -0.1771
vn -0.1170 0.9692 -0.2169
vn -0.0958 0.9639 -0.2483
vn -0.0626 0.9607 -0.2703
vn -0.0217 0.9593 -0.2816
vn -0.0000 0.9587 -0.2844
vn 0.0217 0.9593 -0.2816
vn 0.0626 0.9607 -0.2703
vn 0.0958 0.9639 -0.2483
vn 0.0827 0.9678 -0.2379
vn 0.0802 0.9820 -0.1713
vn 0.0776 0.9886 -0.1290
vn 0.0575 0.9953 -0.0782
vn 0.0249 0.9993 -0.0275
vn 0.0021 1.0000 -0.0021
vn -0.0611 0.9979 -0.0193
vn -0.2037 0.9772 -0.0603
vn -0.3044 0.9471 -0.1019
vn -0.3646 0.9205 -0.1406
vn -0.3955 0.8999 -0.1836
vn -0.4230 0.8729 -0.2430
vn -0.4210 0.8518 -0.3117
vn -0.3764 0.8466 -0.3764
vn -0.2909 0.8521 -0.4352
vn -0.1678 0.8605 -0.4811
vn -0.0840 0.8584 -0.5060
vn -0.0543 0.8533 -0.5186
vn -0.0188 0.8507 -0.5253
vn 0.0188 0.8507 -0.5253
vn 0.0543 0.8533 -0.5186
vn 0.1469 0.8538 -0.4995
vn 0.2809 0.8435 -0.4578
vn 0.3781 0.8341 -0.4017
vn 0.4351 0.8340 -0.3393
vn 0.4515 0.8493 -0.2736
vn 0.4241 0.8823 -0.2040
vn -0.0166 0.9997 -0.0150
vn -0.0782 0.9953 -0.0575
vn -0.1301 0.9854 -0.1102
vn -0.1583 0.9746 -0.1583
vn -0.1648 0.9656 -0.2013
vn -0.1520 0.9592 -0.2385
vn -0.1224 0.9554 -0.2688
vn -0.0794 0.9536 -0.2904
vn -0.0275 0.9530 -0.3018
vn -0.0000 0.9525 -0.3046
vn 0.0275 0.9530 -0.3018
vn 0.0794 0.9536 -0.2904
vn 0.1224 0.9554 -0.2688
vn 0.0652 0.9604 -0.2707
vn 0.1170 0.9692 -0.2169
vn 0.1228 0.9765 -0.1771
vn 0.1102 0.9854 -0.1301
vn 0.0766 0.9941 -0.0766
vn 0.0275 0.9993 -0.0249
vn -0.0005 1.0000 -0.0005
vn -0.0943 0.9954 -0.0152
vn -0.2384 0.9702 -0.0423
vn -0.3366 0.9392 -0.0676
vn -0.3954 0.9139 -0.0916
vn -0.4437 0.8867 -0.1298
vn -0.4834 0.8562 -0.1823
vn -0.4803 0.8447 -0.2363
vn -0.4352 0.8521 -0.2909
vn -0.3453 0.8727 -0.3453
vn -0.2075 0.8960 -0.3926
vn -0.1079 0.9011 -0.4201
vn -0.0698 0.8980 -0.4344
vn -0.0241 0.8967 -0.4420
vn 0.0241 0.8967 -0.4420
vn 0.0698 0.8980 -0.4344
vn 0.1807 0.8928 -0.4126
vn 0.3320 0.8682 -0.3688
vn 0.4348 0.8434 -0.3156
vn 0.4924 0.8301 -0.2617
vn 0.4908 0.8399 -0.2317
vn 0.4529 0.8610 -0.2313
vn -0.0558 0.9979 -0.0324
vn -0.1290 0.9884 -0.0799
vn -0.1765 0.9764 -0.1244
vn -0.2008 0.9656 -0.1653
vn -0.2033 0.9578 -0.2033
vn -0.1851 0.9535 -0.2378
vn -0.1485 0.9522 -0.2669
vn -0.0964 0.9526 -0.2884
vn -0.0334 0.9533 -0.3000
vn -0.0000 0.9530 -0.3029
vn 0.0334 0.9533 -0.3000
vn 0.0964 0.9526 -0.2884
vn 0.1485 0.9522 -0.2669
vn 0.0255 0.9593 -0.2813
vn 0.1520 0.9592 -0.2385
vn 0.1648 0.9656 -0.2013
vn 0.1583 0.9746 -0.1583
vn 0.1301 0.9854 -0.1102
vn 0.0782 0.9953 -0.0575
vn 0.0166 0.9997 -0.0150
vn -0.0017 1.0000 -0.0006
vn -0.1129 0.9936 -0.0060
vn -0.2559 0.9666 -0.0151
vn -0.3529 0.9354 -0.0236
vn -0.4146 0.9093 -0.0356
vn -0.4840 0.8729 -0.0614
vn -0.5248 0.8458 -0.0962
vn -0.5232 0.8421 -0.1310
vn -0.4811 0.8605 -0.1678
vn -0.3926 0.8960 -0.2075
vn -0.2468 0.9371 -0.2468
vn -0.1334 0.9525 -0.2738
vn -0.0869 0.9532 -0.2896
vn -0.0302 0.9540 -0.2984
vn 0.0302 0.9540 -0.2984
vn 0.0869 0.9532 -0.2896
vn 0.2153 0.9392 -0.2677
vn 0.3778 0.8968 -0.2303
vn 0.4535 0.8629 -0.2230
vn 0.4872 0.8328 -0.2627
vn 0.4924 0.8219 -0.2864
vn 0.4749 0.8422 -0.2553
vn -0.0986 0.9828 -0.1559
vn -0.1685 0.9668 -0.1919
vn -0.2068 0.9531 -0.2210
vn -0.2200 0.9466 -0.2356
vn -0.2175 0.9470 -0.2363
vn -0.2012 0.9509 -0.2350
vn -0.1715 0.9541 -0.2456
vn -0.1136 0.9577 -0.2644
vn -0.0396 0.9603 -0.2763
vn -0.0000 0.9602 -0.2792
vn 0.0396 0.9603 -0.2763
vn 0.1136 0.9577 -0.2644
vn 0.1373 0.9506 -0.2782
vn 0.0334 0.9533 -0.3001
vn 0.1851 0.9535 -0.2378
vn 0.2033 0.9578 -0.2033
vn 0.2013 0.9656 -0.1648
vn 0.1771 0.9765 -0.1228
vn 0.1290 0.9886 -0.0776
vn 0.0558 0.9980 -0.0301
vn -0.0024 1.0000 -0.0000
vn -0.1177 0.9931 -0.0000
vn -0.2603 0.9655 -0.0000
vn -0.3569 0.9341 -0.0000
vn -0.4267 0.9044 -0.0061
vn -0.5074 0.8614 -0.0224
vn -0.5469 0.8361 -0.0425
vn -0.5460 0.8355 -0.0625
vn -0.5060 0.8584 -0.0840
vn -0.4201 0.9011 -0.1079
vn -0.2738 0.9525 -0.1334
vn -0.1544 0.9759 -0.1544
vn -0.1018 0.9803 -0.1693
vn -0.0358 0.9834 -0.1781
vn 0.0358 0.9834 -0.1781
vn 0.1018 0.9803 -0.1693
vn 0.2396 0.9589 -0.1517
vn 0.3355 0.9196 -0.2044
vn 0.4223 0.8648 -0.2718
vn 0.4773 0.8392 -0.2607
vn 0.5208 0.8258 -0.2166
vn 0.5246 0.8331 -0.1753
vn -0.1283 0.9483 -0.2904
vn -0.1938 0.9301 -0.3121
vn -0.2196 0.9184 -0.3291
vn -0.2143 0.9177 -0.3346
vn -0.1991 0.9248 -0.3243
vn -0.1795 0.9373 -0.2987
vn -0.1570 0.9527 -0.2604
vn -0.1153 0.9658 -0.2323
vn -0.0460 0.9723 -0.2292
vn -0.0000 0.9727 -0.2322
vn 0.0460 0.9723 -0.2292
vn 0.1307 0.9673 -0.2174
vn 0.0796 0.9662 -0.2452
vn 0.1739 0.9542 -0.2432
vn 0.2160 0.9522 -0.2160
vn 0.2378 0.9535 -0.1851
vn 0.2385 0.9592 -0.1520
vn 0.2169 0.9692 -0.1170
vn 0.1713 0.9820 -0.0802
vn 0.0998 0.9941 -0.0414
vn 0.0166 0.9998 -0.0107
vn -0.4357 0.9001 -0.0050
vn -0.5202 0.8539 -0.0161
vn -0.5586 0.8289 -0.0283
vn -0.5577 0.8291 -0.0407
vn -0.5186 0.8533 -0.0543
vn -0.4344 0.8980 -0.0698
vn -0.2896 0.9532 -0.0869
vn -0.1693 0.9803 -0.1018
vn -0.1134 0.9871 -0.1134
vn -0.0405 0.9918 -0.1210
vn 0.0405 0.9918 -0.1210
vn 0.1134 0.9871 -0.1134
vn 0.2113 0.9667 -0.1447
vn 0.2843 0.9435 -0.1701
vn 0.4280 0.8924 -0.1431
vn 0.5131 0.8503 -0.1173
vn 0.5530 0.8278 -0.0947
vn 0.5545 0.8289 -0.0743
vn -0.1458 0.9168 -0.3719
vn -0.2084 0.9007 -0.3812
vn -0.2235 0.8940 -0.3883
vn -0.2013 0.9001 -0.3863
vn -0.1704 0.9135 -0.3694
vn -0.1366 0.9312 -0.3379
vn -0.1038 0.9506 -0.2925
vn -0.0736 0.9694 -0.2341
vn -0.0279 0.9831 -0.1808
vn 0.0002 0.9872 -0.1597
vn -0.0000 0.9872 -0.1596
vn 0.0524 0.9863 -0.1566
vn 0.1216 0.9778 -0.1708
vn 0.0222 0.9772 -0.2111
vn 0.1977 0.9601 -0.1977
vn 0.2432 0.9542 -0.1739
vn 0.2669 0.9522 -0.1485
vn 0.2688 0.9554 -0.1224
vn 0.2483 0.9639 -0.0958
vn 0.2042 0.9765 -0.0683
vn 0.1343 0.9901 -0.0397
vn 0.0398 0.9991 -0.0126
vn -0.4413 0.8973 -0.0019
vn -0.5266 0.8501 -0.0058
vn -0.5646 0.8253 -0.0099
vn -0.5637 0.8259 -0.0141
vn -0.5253 0.8507 -0.0188
vn -0.4420 0.8967 -0.0241
vn -0.2984 0.9540 -0.0302
vn -0.1781 0.9834 -0.0358
vn -0.1210 0.9918 -0.0405
vn -0.0443 0.9980 -0.0443
vn 0.0443 0.9980 -0.0443
vn 0.1210 0.9918 -0.0405
vn 0.1781 0.9834 -0.0358
vn 0.2984 0.9540 -0.0302
vn 0.4420 0.8967 -0.0241
vn 0.5253 0.8507 -0.0188
vn 0.5637 0.8259 -0.0141
vn 0.5646 0.8253 -0.0099
vn -0.1533 0.8975 -0.4134
vn -0.2148 0.8852 -0.4126
vn -0.2204 0.8843 -0.4115
vn -0.1817 0.8972 -0.4025
vn -0.1349 0.9158 -0.3782
vn -0.0870 0.9369 -0.3387
vn -0.0424 0.9575 -0.2853
vn -0.0023 0.9755 -0.2202
vn 0.0339 0.9888 -0.1454
vn 0.0236 0.9963 -0.0827
vn 0.0001 0.9982 -0.0595
vn -0.0000 0.9982 -0.0593
vn 0.0575 0.9967 -0.0575
vn 0.0524 0.9928 -0.1080
vn 0.1463 0.9784 -0.1463
vn 0.2174 0.9673 -0.1307
vn 0.2644 0.9577 -0.1136
vn 0.2884 0.9526 -0.0964
vn 0.2904 0.9536 -0.0794
vn 0.2703 0.9607 -0.0626
vn 0.2268 0.9729 -0.0455
vn 0.1578 0.9871 -0.0280
vn 0.0615 0.9981 -0.0099
vn -0.4413 0.8973 0.0019
vn -0.5266 0.8501 0.0058
vn -0.5646 0.8253 0.0099
vn -0.5637 0.8259 0.0141
vn -0.5253 0.8507 0.0188
vn -0.4420 0.8967 0.0241
vn -0.2984 0.9540 0.0302
vn -0.1781 0.9834 0.0358
vn -0.1210 0.9918 0.0405
vn -0.0443 0.9980 0.0443
vn 0.0443 0.9980 0.0443
vn 0.1210 0.9918 0.0405
vn 0.1781 0.9834 0.0358
vn 0.2984 0.9540 0.0302
vn 0.4420 0.8967 0.0241
vn 0.5253 0.8507 0.0188
vn 0.5637 0.8259 0.0141
vn 0.5646 0.8253 0.0099
vn -0.1541 0.8888 -0.4316
vn -0.2151 0.8787 -0.4262
vn -0.2114 0.8817 -0.4219
vn -0.1556 0.8986 -0.4102
vn -0.0927 0.9193 -0.3826
vn -0.0310 0.9401 -0.3396
vn 0.0241 0.9587 -0.2834
vn 0.0707 0.9735 -0.2175
vn 0.1002 0.9826 -0.1565
vn 0.0889 0.9921 -0.0889
vn 0.0237 0.9994 -0.0235
vn 0.0297 0.9991 -0.0297
vn 0.1566 0.9863 -0.0524
vn 0.2292 0.9723 -0.0460
vn 0.2763 0.9603 -0.0396
vn 0.3001 0.9533 -0.0334
vn 0.3018 0.9530 -0.0275
vn 0.2816 0.9593 -0.0217
vn 0.2383 0.9711 -0.0160
vn 0.1697 0.9854 -0.0100
vn 0.0737 0.9973 -0.0039
vn 0.0011 1.0000 -0.0004
vn -0.4357 0.9001 0.0050
vn -0.5202 0.8539 0.0161
vn -0.5586 0.8289 0.0283
vn -0.5577 0.8291 0.0407
vn -0.5186 0.8533 0.0543
vn -0.4344 0.8980 0.0698
vn -0.2896 0.9532 0.0869
vn -0.1693 0.9803 0.1018
vn -0.1134 0.9871 0.1134
vn -0.0405 0.9918 0.1210
vn 0.0405 0.9918 0.1210
vn 0.1134 0.9871 0.1134
vn 0.1693 0.9803 0.1018
vn 0.2896 0.9532 0.0869
vn 0.4344 0.8980 0.0698
vn 0.5186 0.8533 0.0543
vn 0.5577 0.8291 0.0407
vn 0.5586 0.8289 0.0283
vn -0.1519 0.8936 -0.4224
vn -0.2135 0.8854 -0.4128
vn -0.2007 0.8919 -0.4052
vn -0.1269 0.9120 -0.3900
vn -0.0475 0.9325 -0.3581
vn 0.0272 0.9500 -0.3111
vn 0.0902 0.9632 -0.2534
vn 0.1176 0.9702 -0.2117
vn 0.1633 0.9730 -0.1633
vn 0.1688 0.9817 -0.0877
vn 0.0599 0.9975 -0.0367
vn 0.0120 0.9999 -0.0120
vn 0.0593 0.9982 -0.0000
vn 0.1596 0.9872 -0.0000
vn 0.2322 0.9727 -0.0000
vn 0.2792 0.9602 -0.0000
vn 0.3029 0.9530 -0.0000
vn 0.3046 0.9525 -0.0000
vn 0.2844 0.9587 -0.0000
vn 0.2412 0.9705 -0.0000
vn 0.1727 0.9850 -0.0000
vn 0.0768 0.9970 -0.0000
vn 0.0015 1.0000 -0.0000
vn -0.4267 0.9044 0.0061
vn -0.5074 0.8614 0.0224
vn -0.5469 0.8361 0.0425
vn -0.5460 0.8355 0.0625
vn -0.5060 0.8584 0.0840
vn -0.4201 0.9011 0.1079
vn -0.2738 0.9525 0.1334
vn -0.1544 0.9759 0.1544
vn -0.1018 0.9803 0.1693
vn -0.0358 0.9834 0.1781
vn 0.0358 0.9834 0.1781
vn 0.1018 0.9803 0.1693
vn 0.1544 0.9759 0.1544
vn 0.2738 0.9525 0.1334
vn 0.4201 0.9011 0.1079
vn 0.5060 0.8584 0.0840
vn 0.5460 0.8355 0.0625
vn 0.5469 0.8361 0.0425
vn -0.1443 0.9143 -0.3784
vn -0.2083 0.9094 -0.3601
vn -0.1868 0.9202 -0.3440
vn -0.0938 0.9429 -0.3195
vn 0.0024 0.9606 -0.2778
vn 0.0877 0.9707 -0.2238
vn 0.1197 0.9728 -0.1983
vn 0.1655 0.9722 -0.1655
vn 0.2358 0.9674 -0.0925
vn 0.1946 0.9784 -0.0699
vn 0.1110 0.9928 -0.0450
vn 0.0562 0.9981 0.0258
vn 0.0006 0.9983 0.0587
vn -0.0000 0.9982 0.0593
vn -0.0297 0.9991 0.0297
vn -0.0017 1.0000 0.0006
vn -0.1129 0.9936 0.0060
vn -0.2559 0.9666 0.0151
vn -0.3529 0.9354 0.0236
vn -0.4146 0.9093 0.0356
vn -0.4840 0.8729 0.0614
vn -0.5248 0.8458 0.0962
vn -0.5232 0.8421 0.1310
vn -0.4811 0.8605 0.1678
vn -0.3926 0.8960 0.2075
vn -0.2468 0.9371 0.2468
vn -0.1334 0.9525 0.2738
vn -0.0869 0.9532 0.2896
vn -0.0302 0.9540 0.2984
vn 0.0302 0.9540 0.2984
vn 0.0869 0.9532 0.2896
vn 0.1334 0.9525 0.2738
vn 0.2468 0.9371 0.2468
vn 0.3926 0.8960 0.2075
vn 0.4811 0.8605 0.1678
vn 0.5232 0.8421 0.1310
vn 0.5248 0.8458 0.0962
vn -0.1263 0.9436 -0.3060
vn -0.1937 0.9410 -0.2775
vn -0.1643 0.9540 -0.2509
vn -0.0522 0.9750 -0.2158
vn 0.0565 0.9843 -0.1675
vn 0.0974 0.9820 -0.1621
vn 0.1496 0.9774 -0.1496
vn 0.2350 0.9686 -0.0816
vn 0.2812 0.9590 -0.0354
vn 0.1965 0.9805 -0.0098
vn 0.1822 0.9825 0.0386
vn 0.1199 0.9872 0.1055
vn 0.0121 0.9888 0.1489
vn -0.0000 0.9872 0.1596
vn -0.0524 0.9928 0.1080
vn -0.0575 0.9967 0.0575
vn 0.0575 0.9967 0.0575
vn 0.1566 0.9863 0.0524
vn 0.2292 0.9723 0.0460
vn 0.2763 0.9603 0.0396
vn 0.3001 0.9533 0.0334
vn 0.3018 0.9530 0.0275
vn 0.2816 0.9593 0.0217
vn 0.2383 0.9711 0.0160
vn 0.1697 0.9854 0.0100
vn 0.0737 0.9973 0.0039
vn 0.0011 1.0000 0.0004
vn -0.0005 1.0000 0.0005
vn -0.0943 0.9954 0.0152
vn -0.2384 0.9702 0.0423
vn -0.3366 0.9392 0.0676
vn -0.3954 0.9139 0.0916
vn -0.4437 0.8867 0.1298
vn -0.4834 0.8562 0.1823
vn -0.4803 0.8447 0.2363
vn -0.4352 0.8521 0.2909
vn -0.3453 0.8727 0.3453
vn -0.2075 0.8960 0.3926
vn -0.1079 0.9011 0.4201
vn -0.0698 0.8980 0.4344
vn -0.0241 0.8967 0.4420
vn 0.0241 0.8967 0.4420
vn 0.0698 0.8980 0.4344
vn 0.1079 0.9011 0.4201
vn 0.2075 0.8960 0.3926
vn 0.3453 0.8727 0.3453
vn 0.4352 0.8521 0.2909
vn 0.4803 0.8447 0.2363
vn 0.4834 0.8562 0.1823
vn -0.0921 0.9597 -0.2655
vn -0.1573 0.9633 -0.2173
vn -0.1188 0.9798 -0.1607
vn 0.0052 0.9954 -0.0955
vn 0.0468 0.9941 -0.0982
vn 0.1055 0.9888 -0.1055
vn 0.2124 0.9761 -0.0455
vn 0.2937 0.9558 0.0132
vn 0.2864 0.9574 0.0354
vn 0.2391 0.9691 0.0603
vn 0.2396 0.9637 0.1180
vn 0.1747 0.9696 0.1714
vn 0.0402 0.9757 0.2154
vn -0.0000 0.9727 0.2322
vn -0.0222 0.9772 0.2111
vn -0.1216 0.9778 0.1708
vn -0.0524 0.9863 0.1566
vn 0.0524 0.9863 0.1566
vn 0.1463 0.9784 0.1463
vn 0.2174 0.9673 0.1307
vn 0.2644 0.9577 0.1136
vn 0.2884 0.9526 0.0964
vn 0.2904 0.9536 0.0794
vn 0.2703 0.9607 0.0626
vn 0.2268 0.9729 0.0455
vn 0.1578 0.9871 0.0280
vn 0.0615 0.9981 0.0099
vn 0.0004 1.0000 0.0004
vn -0.0611 0.9979 0.0193
vn -0.2037 0.9772 0.0603
vn -0.3044 0.9471 0.1019
vn -0.3646 0.9205 0.1406
vn -0.3955 0.8999 0.1836
vn -0.4230 0.8729 0.2431
vn -0.4210 0.8518 0.3117
vn -0.3764 0.8465 0.3764
vn -0.2909 0.8521 0.4352
vn -0.1678 0.8605 0.4811
vn -0.0840 0.8584 0.5060
vn -0.0543 0.8533 0.5186
vn -0.0188 0.8507 0.5253
vn 0.0188 0.8507 0.5253
vn 0.0543 0.8533 0.5186
vn 0.0840 0.8584 0.5060
vn 0.1678 0.8605 0.4811
vn 0.2909 0.8521 0.4352
vn 0.3764 0.8466 0.3764
vn 0.4210 0.8518 0.3117
vn 0.4230 0.8729 0.2430
vn -0.0446 0.9739 -0.2227
vn -0.1003 0.9811 -0.1654
vn -0.0497 0.9940 -0.0973
vn 0.0030 0.9953 -0.0964
vn 0.0588 0.9948 -0.0837
vn 0.1742 0.9847 0.0060
vn 0.2636 0.9621 0.0698
vn 0.3247 0.9405 0.1001
vn 0.2872 0.9506 0.1180
vn 0.2864 0.9464 0.1494
vn 0.2797 0.9410 0.1903
vn 0.2127 0.9501 0.2281
vn 0.0728 0.9618 0.2638
vn -0.0000 0.9602 0.2792
vn -0.0796 0.9662 0.2452
vn -0.1307 0.9673 0.2174
vn -0.0460 0.9723 0.2292
vn 0.0460 0.9723 0.2292
vn 0.1307 0.9673 0.2174
vn 0.1977 0.9601 0.1977
vn 0.2432 0.9542 0.1739
vn 0.2669 0.9522 0.1485
vn 0.2688 0.9554 0.1224
vn 0.2483 0.9639 0.0958
vn 0.2042 0.9765 0.0683
vn 0.1343 0.9901 0.0397
vn 0.0398 0.9991 0.0126
vn -0.0255 0.9995 0.0164
vn -0.1522 0.9863 0.0631
vn -0.2571 0.9588 0.1204
vn -0.3204 0.9314 0.1729
vn -0.3482 0.9108 0.2219
vn -0.3552 0.8921 0.2792
vn -0.3502 0.8688 0.3502
vn -0.3117 0.8518 0.4210
vn -0.2363 0.8447 0.4803
vn -0.1310 0.8421 0.5232
vn -0.0625 0.8355 0.5460
vn -0.0407 0.8291 0.5577
vn -0.0141 0.8259 0.5637
vn 0.0141 0.8259 0.5637
vn 0.0407 0.8291 0.5577
vn 0.0625 0.8355 0.5460
vn 0.1310 0.8421 0.5232
vn 0.2363 0.8447 0.4803
vn 0.3117 0.8518 0.4210
vn 0.3502 0.8688 0.3502
vn 0.3552 0.8921 0.2792
vn -0.0005 0.9756 -0.2194
vn -0.0322 0.9853 -0.1676
vn -0.0172 0.9904 -0.1373
vn 0.0097 0.9950 -0.0998
vn 0.1531 0.9882 -0.0103
vn 0.2553 0.9635 0.0802
vn 0.3177 0.9347 0.1597
vn 0.3216 0.9277 0.1895
vn 0.3067 0.9305 0.2005
vn 0.3148 0.9212 0.2287
vn 0.3017 0.9196 0.2518
vn 0.2330 0.9334 0.2731
vn 0.0954 0.9512 0.2936
vn 0.0006 0.9532 0.3024
vn -0.0000 0.9530 0.3029
vn -0.1373 0.9506 0.2782
vn -0.1136 0.9577 0.2644
vn -0.0396 0.9603 0.2763
vn 0.0396 0.9603 0.2763
vn 0.1136 0.9577 0.2644
vn 0.1739 0.9542 0.2432
vn 0.2160 0.9522 0.2160
vn 0.2378 0.9535 0.1851
vn 0.2385 0.9592 0.1520
vn 0.2169 0.9692 0.1170
vn 0.1713 0.9820 0.0802
vn 0.0998 0.9941 0.0414
vn 0.0166 0.9998 0.0107
vn -0.0045 1.0000 0.0045
vn -0.0855 0.9953 0.0461
vn -0.1953 0.9737 0.1176
vn -0.2641 0.9470 0.1831
vn -0.2961 0.9239 0.2424
vn -0.2964 0.9079 0.2964
vn -0.2792 0.8921 0.3552
vn -0.2430 0.8729 0.4230
vn -0.1823 0.8562 0.4834
vn -0.0962 0.8458 0.5248
vn -0.0425 0.8361 0.5469
vn -0.0283 0.8289 0.5586
vn -0.0099 0.8253 0.5646
vn 0.0099 0.8253 0.5646
vn 0.0283 0.8289 0.5586
vn 0.0425 0.8361 0.5469
vn 0.0962 0.8458 0.5248
vn 0.1823 0.8562 0.4834
vn 0.2430 0.8729 0.4230
vn 0.2792 0.8921 0.3552
vn 0.2964 0.9079 0.2964
vn 0.0206 0.9612 -0.2751
vn 0.0351 0.9695 -0.2425
vn 0.0200 0.9848 -0.1723
vn 0.0969 0.9915 -0.0869
vn 0.2389 0.9710 0.0015
vn 0.3345 0.9386 0.0847
vn 0.3776 0.9132 0.1532
vn 0.3374 0.9176 0.2101
vn 0.3293 0.9114 0.2467
vn 0.3314 0.9052 0.2661
vn 0.3117 0.9081 0.2796
vn 0.2402 0.9261 0.2910
vn 0.1043 0.9479 0.3011
vn 0.0013 0.9525 0.3044
vn -0.0000 0.9525 0.3046
vn -0.0255 0.9593 0.2813
vn -0.1485 0.9522 0.2669
vn -0.0964 0.9526 0.2884
vn -0.0334 0.9533 0.3000
vn 0.0334 0.9533 0.3000
vn 0.0964 0.9526 0.2884
vn 0.1485 0.9522 0.2669
vn 0.1851 0.9535 0.2378
vn 0.2033 0.9578 0.2033
vn 0.2013 0.9656 0.1648
vn 0.1771 0.9765 0.1228
vn 0.1290 0.9886 0.0776
vn 0.0558 0.9980 0.0301
vn 0.0029 1.0000 0.0029
vn -0.0255 0.9994 0.0231
vn -0.1195 0.9889 0.0879
vn -0.1961 0.9664 0.1661
vn -0.2354 0.9430 0.2354
vn -0.2424 0.9239 0.2961
vn -0.2219 0.9108 0.3482
vn -0.1836 0.8999 0.3955
vn -0.1298 0.8867 0.4437
vn -0.0614 0.8729 0.4840
vn -0.0224 0.8614 0.5074
vn -0.0161 0.8539 0.5202
vn -0.0058 0.8501 0.5266
vn 0.0058 0.8501 0.5266
vn 0.0161 0.8539 0.5202
vn 0.0224 0.8614 0.5074
vn 0.0614 0.8729 0.4840
vn 0.1298 0.8867 0.4437
vn 0.1836 0.8999 0.3955
vn 0.2219 0.9108 0.3482
vn 0.2424 0.9239 0.2961
vn 0.0270 0.9549 -0.2956
vn 0.0759 0.9562 -0.2827
vn 0.0970 0.9661 -0.2391
vn 0.1822 0.9702 -0.1598
vn 0.3175 0.9457 -0.0701
vn 0.4057 0.9139 0.0133
vn 0.4299 0.8993 0.0801
vn 0.3991 0.9046 0.1499
vn 0.3634 0.9065 0.2150
vn 0.3483 0.9044 0.2463
vn 0.3206 0.9107 0.2606
vn 0.2444 0.9308 0.2717
vn 0.1080 0.9536 0.2811
vn 0.0017 0.9587 0.2843
vn -0.0000 0.9587 0.2844
vn -0.0652 0.9604 0.2707
vn -0.1224 0.9554 0.2688
vn -0.0794 0.9536 0.2904
vn -0.0275 0.9530 0.3018
vn 0.0275 0.9530 0.3018
vn 0.0794 0.9536 0.2904
vn 0.1224 0.9554 0.2688
vn 0.1520 0.9592 0.2385
vn 0.1648 0.9656 0.2013
vn 0.1583 0.9746 0.1583
vn 0.1301 0.9854 0.1102
vn 0.0782 0.9953 0.0575
vn 0.0166 0.9997 0.0150
vn -0.0012 1.0000 0.0012
vn -0.0422 0.9984 0.0382
vn -0.1168 0.9863 0.1168
vn -0.1661 0.9664 0.1961
vn -0.1831 0.9470 0.2641
vn -0.1729 0.9314 0.3204
vn -0.1406 0.9205 0.3646
vn -0.0916 0.9139 0.3954
vn -0.0356 0.9093 0.4146
vn -0.0061 0.9044 0.4267
vn -0.0050 0.9001 0.4357
vn -0.0019 0.8973 0.4413
vn 0.0019 0.8973 0.4413
vn 0.0050 0.9001 0.4357
vn 0.0061 0.9044 0.4267
vn 0.0356 0.9093 0.4146
vn 0.0916 0.9139 0.3954
vn 0.1406 0.9205 0.3646
vn 0.1729 0.9314 0.3204
vn 0.1831 0.9470 0.2641
vn 0.0328 0.9553 -0.2939
vn 0.0944 0.9546 -0.2825
vn 0.1448 0.9545 -0.2608
vn 0.2504 0.9441 -0.2145
vn 0.3873 0.9116 -0.1379
vn 0.4658 0.8829 -0.0593
vn 0.4828 0.8756 0.0134
vn 0.4668 0.8799 0.0892
vn 0.4145 0.8955 0.1623
vn 0.3669 0.9071 0.2062
vn 0.3304 0.9176 0.2211
vn 0.2491 0.9405 0.2310
vn 0.1115 0.9647 0.2386
vn 0.0020 0.9705 0.2411
vn -0.0000 0.9705 0.2412
vn -0.0827 0.9678 0.2379
vn -0.0958 0.9639 0.2483
vn -0.0626 0.9607 0.2703
vn -0.0217 0.9593 0.2816
vn 0.0217 0.9593 0.2816
vn 0.0626 0.9607 0.2703
vn 0.0958 0.9639 0.2483
vn 0.1170 0.9692 0.2169
vn 0.1228 0.9765 0.1771
vn 0.1102 0.9854 0.1301
vn 0.0766 0.9941 0.0766
vn 0.0275 0.9993 0.0249
vn 0.0008 1.0000 0.0008
vn -0.0032 1.0000 0.0032
vn -0.0382 0.9984 0.0422
vn -0.0879 0.9889 0.1195
vn -0.1176 0.9737 0.1953
vn -0.1204 0.9588 0.2571
vn -0.1019 0.9471 0.3044
vn -0.0676 0.9392 0.3366
vn -0.0236 0.9354 0.3529
vn -0.0000 0.9341 0.3569
vn 0.0236 0.9354 0.3529
vn 0.0676 0.9392 0.3366
vn 0.1019 0.9471 0.3044
vn 0.1204 0.9588 0.2571
vn 0.1176 0.9737 0.1953
vn 0.0388 0.9619 -0.2705
vn 0.1112 0.9595 -0.2589
vn 0.1703 0.9562 -0.2382
vn 0.2916 0.9339 -0.2070
vn 0.4332 0.8860 -0.1653
vn 0.5107 0.8521 -0.1149
vn 0.5375 0.8419 -0.0492
vn 0.5237 0.8516 0.0229
vn 0.4692 0.8784 0.0903
vn 0.3905 0.9101 0.1390
vn 0.3404 0.9269 0.1583
vn 0.2535 0.9529 0.1662
vn 0.1143 0.9786 0.1712
vn 0.0022 0.9850 0.1726
vn -0.0000 0.9850 0.1727
vn -0.0037 0.9856 0.1691
vn -0.0736 0.9813 0.1777
vn -0.0683 0.9765 0.2042
vn -0.0455 0.9729 0.2268
vn -0.0160 0.9711 0.2383
vn 0.0160 0.9711 0.2383
vn 0.0455 0.9729 0.2268
vn 0.0683 0.9765 0.2042
vn 0.0802 0.9820 0.1713
vn 0.0776 0.9886 0.1290
vn 0.0575 0.9953 0.0782
vn 0.0249 0.9993 0.0275
vn 0.0021 1.0000 0.0021
vn -0.0231 0.9994 0.0255
vn -0.0461 0.9953 0.0855
vn -0.0631 0.9863 0.1522
vn -0.0603 0.9772 0.2037
vn -0.0423 0.9702 0.2384
vn -0.0151 0.9666 0.2559
vn -0.0000 0.9655 0.2603
vn 0.0151 0.9666 0.2559
vn 0.0423 0.9702 0.2384
vn 0.0603 0.9772 0.2037
vn 0.0631 0.9863 0.1522
vn 0.0461 0.9953 0.0855
vn 0.0450 0.9735 -0.2243
vn 0.1279 0.9687 -0.2128
vn 0.2367 0.9600 -0.1497
vn 0.3185 0.9441 -0.0849
vn 0.4595 0.8860 -0.0623
vn 0.5393 0.8411 -0.0426
vn 0.5713 0.8204 -0.0223
vn 0.5608 0.8280 0.0064
vn 0.5091 0.8595 0.0449
vn 0.4139 0.9068 0.0797
vn 0.3447 0.9342 0.0923
vn 0.2521 0.9636 0.0891
vn 0.1112 0.9904 0.0822
vn 0.0017 0.9970 0.0774
vn -0.0000 0.9970 0.0768
vn -0.0059 0.9969 0.0783
vn -0.0414 0.9941 0.0998
vn -0.0397 0.9901 0.1343
vn -0.0280 0.9871 0.1578
vn -0.0100 0.9854 0.1697
vn 0.0100 0.9854 0.1697
vn 0.0280 0.9871 0.1578
vn 0.0397 0.9901 0.1343
vn 0.0414 0.9941 0.0998
vn 0.0301 0.9980 0.0558
vn 0.0150 0.9997 0.0166
vn -0.0164 0.9995 0.0255
vn -0.0193 0.9979 0.0611
vn -0.0152 0.9954 0.0943
vn -0.0060 0.9936 0.1129
vn -0.0000 0.9931 0.1177
vn 0.0060 0.9936 0.1129
vn 0.0152 0.9954 0.0943
vn 0.0193 0.9979 0.0611
vn 0.0164 0.9995 0.0255
vn 0.0045 1.0000 0.0045
vn 0.0513 0.9869 -0.1532
vn 0.1431 0.9793 -0.1431
vn 0.2941 0.9476 -0.1251
vn 0.4006 0.9157 -0.0312
vn 0.4918 0.8668 0.0825
vn 0.5410 0.8338 0.1101
vn 0.5737 0.8126 0.1023
vn 0.5675 0.8178 0.0959
vn 0.5185 0.8502 0.0908
vn 0.4173 0.9048 0.0846
vn 0.3328 0.9406 0.0680
vn 0.2358 0.9708 0.0434
vn 0.0932 0.9955 0.0165
vn 0.0005 1.0000 0.0021
vn -0.0000 1.0000 0.0015
vn -0.0022 1.0000 0.0037
vn -0.0107 0.9998 0.0166
vn -0.0126 0.9991 0.0398
vn -0.0099 0.9981 0.0615
vn -0.0039 0.9973 0.0737
vn 0.0039 0.9973 0.0737
vn 0.0099 0.9981 0.0615
vn 0.0126 0.9991 0.0398
vn 0.0107 0.9998 0.0166
vn -0.0006 1.0000 0.0017
vn -0.0000 1.0000 0.0024
vn 0.0006 1.0000 0.0017
vn 0.0005 1.0000 0.0005
vn 0.0562 0.9968 -0.0562
vn 0.1532 0.9869 -0.0513
vn 0.3054 0.9512 -0.0440
vn 0.4685 0.8828 -0.0355
vn 0.5423 0.8402 0.0015
vn 0.5764 0.8128 0.0841
vn 0.5896 0.7905 0.1658
vn 0.5461 0.8157 0.1908
vn 0.4969 0.8520 0.1647
vn 0.3927 0.9094 0.1369
vn 0.3012 0.9482 0.1008
vn 0.2015 0.9777 0.0596
vn 0.0604 0.9980 0.0191
vn -0.0004 1.0000 0.0004
vn -0.0004 1.0000 0.0011
vn 0.0004 1.0000 0.0011
vn 0.0562 0.9968 0.0562
vn 0.1532 0.9869 0.0513
vn 0.3054 0.9512 0.0440
vn 0.4685 0.8828 0.0355
vn 0.5629 0.8261 0.0282
vn 0.6092 0.7927 0.0220
vn 0.6181 0.7859 0.0167
vn 0.5666 0.8226 0.0469
vn 0.4999 0.8604 0.0987
vn 0.3767 0.9181 0.1228
vn 0.2637 0.9584 0.1093
vn 0.1505 0.9866 0.0624
vn 0.0252 0.9996 0.0162
vn 0.0513 0.9869 0.1532
vn 0.1431 0.9793 0.1431
vn 0.2941 0.9476 0.1251
vn 0.4584 0.8829 0.1022
vn 0.5544 0.8283 0.0815
vn 0.6018 0.7961 0.0637
vn 0.6111 0.7901 0.0482
vn 0.5829 0.8118 0.0338
vn 0.5080 0.8611 0.0190
vn 0.3749 0.9270 0.0057
vn 0.2523 0.9676 0.0055
vn 0.1186 0.9929 0.0089
vn 0.0056 1.0000 0.0033
vn 0.0450 0.9735 0.2243
vn 0.1690 0.9527 0.2525
vn 0.2679 0.9254 0.2679
vn 0.4316 0.8730 0.2270
vn 0.5310 0.8266 0.1866
vn 0.5815 0.7995 0.1506
vn 0.5925 0.7968 0.1186
vn 0.5642 0.8209 0.0882
vn 0.4871 0.8715 0.0569
vn 0.3603 0.9324 0.0300
vn 0.2531 0.9673 0.0150
vn 0.1116 0.9937 0.0060
vn 0.0017 1.0000 0.0006
vn -0.0240 0.9993 -0.0284
vn 0.0388 0.9619 0.2705
vn 0.1956 0.9468 0.2555
vn 0.3117 0.9022 0.2983
vn 0.4144 0.8407 0.3486
vn 0.4838 0.8124 0.3255
vn 0.5390 0.7976 0.2707
vn 0.5533 0.8037 0.2189
vn 0.5254 0.8341 0.1679
vn 0.4450 0.8883 0.1139
vn 0.3357 0.9394 0.0698
vn 0.2358 0.9709 0.0419
vn 0.0932 0.9955 0.0150
vn -0.0590 0.9940 -0.0924
vn 0.0328 0.9553 0.2939
vn 0.1788 0.9434 0.2792
vn 0.3608 0.8996 0.2462
vn 0.4519 0.8594 0.2390
vn 0.4975 0.8227 0.2751
vn 0.5242 0.7935 0.3093
vn 0.4957 0.8172 0.2940
vn 0.4655 0.8559 0.2252
vn 0.3840 0.9101 0.1557
vn -0.0853 0.9824 -0.1663
vn -0.1358 0.9741 -0.1805
vn 0.0270 0.9549 0.2956
vn 0.1626 0.9457 0.2815
vn 0.3387 0.9073 0.2492
vn 0.4545 0.8658 0.2091
vn 0.5195 0.8379 0.1673
vn 0.5416 0.8313 0.1250
vn 0.4935 0.8617 0.1183
vn 0.4342 0.8917 0.1277
vn 0.3513 0.9278 0.1253
vn -0.0129 0.9997 -0.0187
vn -0.1232 0.9672 -0.2221
vn -0.1919 0.9576 -0.2147
vn 0.0213 0.9610 0.2758
vn 0.1470 0.9537 0.2622
vn 0.3170 0.9198 0.2313
vn 0.4292 0.8826 0.1917
vn 0.4914 0.8582 0.1484
vn 0.5098 0.8542 0.1025
vn 0.4842 0.8734 0.0526
vn 0.4219 0.9066 0.0131
vn 0.3533 0.9355 -0.0000
vn -0.0435 0.9943 -0.0976
vn -0.0727 0.9883 -0.1338
vn -0.1592 0.9570 -0.2426
vn -0.2160 0.9522 -0.2160
vn -0.1739 0.9542 -0.2432
vn 0.0976 0.9943 -0.0435
vn 0.0187 0.9997 -0.0129
vn 0.0156 0.9723 0.2332
vn 0.1316 0.9665 0.2202
vn 0.2952 0.9362 0.1910
vn 0.4026 0.9026 0.1524
vn 0.4604 0.8811 0.1083
vn 0.4732 0.8790 0.0591
vn 0.4504 0.8927 0.0166
vn 0.4110 0.9116 -0.0000
vn 0.2574 0.9663 -0.0000
vn 0.1163 0.9932 -0.0000
vn 0.0023 1.0000 -0.0000
vn -0.0956 0.9762 -0.1946
vn -0.1119 0.9552 -0.2739
vn -0.1909 0.9551 -0.2266
vn -0.1977 0.9601 -0.1977
vn -0.1307 0.9673 -0.2174
vn 0.2398 0.9651 -0.1047
vn 0.1946 0.9762 -0.0956
vn 0.1338 0.9883 -0.0727
vn 0.0539 0.9765 0.2085
vn 0.1115 0.9654 0.2356
vn 0.2653 0.9430 0.2010
vn 0.3672 0.9172 0.1546
vn 0.4210 0.9013 0.1021
vn 0.4399 0.8961 0.0592
vn 0.4333 0.9004 0.0395
vn 0.4072 0.9128 0.0314
vn 0.3493 0.9367 0.0234
vn -0.1047 0.9651 -0.2398
vn -0.1405 0.9581 -0.2496
vn -0.1190 0.9631 -0.2415
vn -0.1744 0.9691 -0.1744
vn -0.1463 0.9784 -0.1463
vn -0.0524 0.9863 -0.1566
vn 0.2739 0.9552 -0.1119
vn 0.2682 0.9542 -0.1324
vn 0.2496 0.9581 -0.1405
vn 0.0936 0.9930 0.0717
vn 0.1708 0.9757 0.1370
vn 0.2616 0.9411 0.2140
vn 0.3252 0.9234 0.2037
vn 0.3833 0.9086 0.1659
vn 0.4139 0.8997 0.1383
vn 0.4172 0.9016 0.1141
vn 0.3915 0.9157 0.0906
vn 0.3331 0.9405 0.0669
vn -0.1324 0.9542 -0.2682
vn -0.0683 0.9758 -0.2079
vn -0.1216 0.9778 -0.1708
vn -0.1048 0.9890 -0.1048
vn -0.0575 0.9967 -0.0575
vn 0.2079 0.9758 -0.0683
vn 0.2415 0.9631 -0.1190
vn 0.2607 0.9528 -0.1558
vn 0.0904 0.9959 0.0011
vn 0.2388 0.9711 0.0003
vn 0.3118 0.9496 0.0327
vn 0.3574 0.9267 0.1160
vn 0.3984 0.8959 0.1967
vn 0.3828 0.8989 0.2131
vn 0.3869 0.9051 0.1762
vn 0.3610 0.9221 0.1392
vn -0.1558 0.9528 -0.2607
vn -0.0524 0.9928 -0.1080
vn -0.0297 0.9991 -0.0297
vn 0.1080 0.9928 -0.0524
vn 0.1708 0.9778 -0.1216
vn 0.0870 0.9924 0.0870
vn 0.2338 0.9691 0.0783
vn 0.3358 0.9396 0.0668
vn 0.3993 0.9152 0.0550
vn 0.4310 0.9012 0.0448
vn 0.4023 0.9126 0.0736
vn 0.3871 0.9139 0.1225
vn 0.3433 0.9285 0.1413
vn 0.2551 0.9596 0.1183
vn 0.0548 0.9786 0.1985
vn 0.1928 0.9724 0.1313
vn 0.3032 0.9510 0.0600
vn 0.3797 0.9251 0.0089
vn 0.4177 0.9083 -0.0220
vn 0.4194 0.9066 -0.0469
vn 0.3919 0.9171 -0.0730
vn 0.3399 0.9358 -0.0941
vn 0.2460 0.9654 -0.0861
vn 0.1286 0.9898 -0.0621
vn 0.0293 0.9990 -0.0341
vn 0.0069 1.0000 -0.0069
vn 0.0297 0.9991 0.0297
vn -0.0222 0.9915 0.1283
vn 0.1143 0.9928 0.0354
vn 0.2413 0.9695 -0.0440
vn 0.3397 0.9350 -0.1018
vn 0.3866 0.9110 -0.1436
vn 0.3852 0.9045 -0.1831
vn 0.3538 0.9076 -0.2259
vn 0.3100 0.9133 -0.2641
vn 0.2501 0.9251 -0.2857
vn 0.1454 0.9486 -0.2811
vn 0.0940 0.9694 -0.2268
vn 0.0695 0.9892 -0.1288
vn 0.0350 0.9986 -0.0386
vn 0.0018 1.0000 -0.0018
vn -0.0262 0.9993 -0.0262
vn 0.0524 0.9928 0.1080
vn -0.0803 0.9935 0.0803
vn -0.0593 0.9982 -0.0000
vn -0.1153 0.9920 0.0522
vn 0.0285 0.9990 -0.0340
vn 0.1702 0.9790 -0.1122
vn 0.2867 0.9420 -0.1744
vn 0.3403 0.9129 -0.2254
vn 0.3343 0.9006 -0.2778
vn 0.2978 0.8943 -0.3340
vn 0.2614 0.8854 -0.3844
vn 0.2238 0.8804 -0.4181
vn 0.1662 0.8923 -0.4198
vn 0.1737 0.9123 -0.3709
vn 0.1725 0.9424 -0.2866
vn 0.1314 0.9751 -0.1786
vn 0.0578 0.9963 -0.0638
vn 0.0040 1.0000 -0.0056
vn -0.1201 0.9855 -0.1201
vn 0.0525 0.9934 0.1025
vn -0.1566 0.9863 0.0524
vn 0.1508 0.9879 -0.0352
vn 0.0661 0.9976 -0.0197
vn -0.1975 0.9803 -0.0006
vn -0.0544 0.9951 -0.0820
vn 0.0937 0.9825 -0.1608
vn 0.2232 0.9478 -0.2279
vn 0.2811 0.9158 -0.2870
vn 0.2688 0.8975 -0.3495
vn 0.2266 0.8809 -0.4156
vn 0.1979 0.8583 -0.4735
vn 0.1856 0.8394 -0.5108
vn 0.1976 0.8416 -0.5027
vn 0.2422 0.8602 -0.4487
vn 0.2607 0.8892 -0.3760
vn 0.2417 0.9274 -0.2854
vn 0.1740 0.9693 -0.1740
vn 0.0473 0.9962 -0.0728
vn -0.0764 0.9953 -0.0593
vn -0.1831 0.9659 -0.1831
vn 0.1048 0.9890 0.1048
vn 0.1216 0.9778 0.1708
vn 0.0683 0.9758 0.2079
vn -0.0440 0.9819 0.1845
vn -0.1708 0.9778 0.1216
vn -0.1080 0.9928 0.0524
vn 0.3000 0.9533 -0.0334
vn 0.2782 0.9590 -0.0532
vn 0.2675 0.9596 -0.0869
vn 0.2347 0.9671 -0.0985
vn -0.2711 0.9615 -0.0454
vn -0.1358 0.9825 -0.1273
vn 0.0118 0.9776 -0.2103
vn 0.1498 0.9473 -0.2831
vn 0.2099 0.9138 -0.3477
vn 0.1898 0.8893 -0.4161
vn 0.1417 0.8621 -0.4865
vn 0.1237 0.8287 -0.5458
vn 0.1686 0.8091 -0.5629
vn 0.2424 0.8113 -0.5320
vn 0.3044 0.8241 -0.4777
vn 0.3369 0.8468 -0.4115
vn 0.3337 0.8816 -0.3337
vn 0.2827 0.9275 -0.2445
vn 0.1247 0.9790 -0.1614
vn -0.0909 0.9895 -0.1124
vn -0.1771 0.9765 -0.1228
vn -0.2013 0.9656 -0.1648
vn -0.2116 0.9542 -0.2116
vn 0.1742 0.9692 0.1742
vn 0.1187 0.9633 0.2409
vn -0.1809 0.9669 0.1800
vn -0.2079 0.9758 0.0674
vn -0.1568 0.9863 0.0513
vn -0.0579 0.9968 0.0558
vn -0.0257 0.9992 0.0317
vn 0.0051 0.9999 0.0111
vn 0.0605 0.9980 0.0173
vn 0.1557 0.9877 0.0143
vn 0.2068 0.9782 -0.0165
vn 0.2447 0.9664 -0.0790
vn 0.2782 0.9506 -0.1373
vn -0.3406 0.9355 -0.0941
vn -0.2179 0.9589 -0.1815
vn -0.0754 0.9594 -0.2718
vn 0.0689 0.9342 -0.3500
vn 0.1301 0.8999 -0.4162
vn 0.1014 0.8691 -0.4841
vn 0.0523 0.8339 -0.5494
vn 0.0787 0.8097 -0.5816
vn 0.1892 0.8022 -0.5662
vn 0.2912 0.8009 -0.5233
vn 0.3644 0.8051 -0.4681
vn 0.4055 0.8193 -0.4055
vn 0.4115 0.8468 -0.3369
vn 0.3623 0.8918 -0.2710
vn 0.1952 0.9569 -0.2148
vn -0.0436 0.9878 -0.1497
vn -0.2106 0.9697 -0.1235
vn -0.2385 0.9592 -0.1520
vn -0.2378 0.9535 -0.1851
vn -0.2088 0.9554 -0.2088
vn 0.0569 0.9968 0.0569
vn 0.0901 0.9920 0.0889
vn 0.0991 0.9881 0.1177
vn 0.0498 0.9924 0.1128
vn 0.1239 0.9878 0.0948
vn 0.1958 0.9788 0.0605
vn 0.1100 0.9939 -0.0006
vn -0.2650 0.9636 -0.0358
vn -0.2199 0.9753 -0.0198
vn -0.1628 0.9864 -0.0214
vn -0.0835 0.9949 -0.0572
vn -0.0205 0.9983 -0.0539
vn 0.0418 0.9991 0.0085
vn 0.0875 0.9940 0.0661
vn 0.1150 0.9919 0.0546
vn 0.1504 0.9885 -0.0143
vn 0.1925 0.9792 -0.0641
vn 0.2476 0.9645 -0.0920
vn 0.2723 0.9559 -0.1102
vn -0.4079 0.9011 -0.1470
vn -0.3006 0.9227 -0.2415
vn -0.1654 0.9261 -0.3392
vn -0.0147 0.9067 -0.4216
vn 0.0488 0.8731 -0.4852
vn 0.0280 0.8445 -0.5349
vn 0.0047 0.8299 -0.5579
vn 0.0796 0.8278 -0.5553
vn 0.2265 0.8190 -0.5272
vn 0.3431 0.8075 -0.4798
vn 0.4234 0.8009 -0.4234
vn 0.4681 0.8051 -0.3644
vn 0.4777 0.8241 -0.3044
vn 0.4197 0.8708 -0.2561
vn 0.2559 0.9421 -0.2169
vn 0.0250 0.9862 -0.1637
vn -0.2134 0.9696 -0.1199
vn -0.2688 0.9554 -0.1224
vn -0.2669 0.9522 -0.1485
vn -0.2432 0.9542 -0.1739
vn 0.0341 0.9954 0.0898
vn 0.0036 0.9973 0.0731
vn 0.0701 0.9970 -0.0331
vn 0.0914 0.9917 -0.0906
vn 0.0583 0.9947 -0.0852
vn 0.0900 0.9916 -0.0934
vn 0.1646 0.9785 -0.1239
vn 0.0276 0.9841 -0.1757
vn -0.2543 0.9448 -0.2068
vn -0.2095 0.9541 -0.2138
vn -0.1443 0.9702 -0.1946
vn -0.0735 0.9878 -0.1371
vn 0.0424 0.9967 -0.0697
vn 0.0797 0.9963 -0.0310
vn 0.1186 0.9928 -0.0193
vn 0.1090 0.9939 0.0171
vn 0.1468 0.9862 0.0761
vn 0.1572 0.9838 0.0866
vn 0.1767 0.9843 0.0039
vn 0.2247 0.9690 -0.1031
vn 0.2587 0.9558 -0.1398
vn -0.4716 0.8601 -0.1945
vn -0.3811 0.8775 -0.2911
vn -0.2501 0.8865 -0.3893
vn -0.0796 0.8852 -0.4583
vn 0.0050 0.8759 -0.4825
vn -0.0000 0.8738 -0.4863
vn 0.0962 0.8723 -0.4794
vn 0.2687 0.8532 -0.4471
vn 0.3971 0.8274 -0.3971
vn 0.4798 0.8075 -0.3431
vn 0.5233 0.8009 -0.2912
vn 0.5318 0.8114 -0.2427
vn 0.4642 0.8610 -0.2079
vn 0.3072 0.9347 -0.1786
vn 0.0831 0.9870 -0.1375
vn -0.1868 0.9781 -0.0917
vn -0.2904 0.9536 -0.0794
vn -0.2884 0.9526 -0.0964
vn -0.2644 0.9577 -0.1136
vn -0.2174 0.9673 -0.1307
vn 0.0521 0.9928 0.1077
vn 0.0163 0.9926 0.1206
vn 0.0210 0.9992 0.0344
vn -0.0854 0.9950 -0.0509
vn -0.0396 0.9889 -0.1429
vn 0.0412 0.9701 -0.2391
vn 0.0793 0.9604 -0.2670
vn 0.0697 0.9645 -0.2546
vn 0.1329 0.9546 -0.2665
vn -0.0690 0.9393 -0.3360
vn -0.2159 0.9107 -0.3521
vn -0.1541 0.9484 -0.2772
vn -0.0729 0.9808 -0.1809
vn -0.0189 0.9931 -0.1156
vn 0.0634 0.9922 -0.1077
vn 0.1176 0.9893 -0.0862
vn 0.1528 0.9880 -0.0245
vn 0.1650 0.9858 0.0308
vn 0.1553 0.9872 0.0370
vn 0.1452 0.9892 0.0218
vn 0.1264 0.9911 0.0407
vn 0.1569 0.9873 0.0261
vn 0.2187 0.9744 -0.0515
vn 0.2591 0.9580 -0.1227
vn -0.5220 0.8278 -0.2055
vn -0.4427 0.8571 -0.2633
vn -0.3125 0.8970 -0.3125
vn -0.1154 0.9315 -0.3448
vn -0.0000 0.9358 -0.3526
vn 0.1154 0.9315 -0.3448
vn 0.3126 0.8970 -0.3126
vn 0.4471 0.8532 -0.2687
vn 0.5272 0.8190 -0.2265
vn 0.5662 0.8022 -0.1892
vn 0.5711 0.8058 -0.1568
vn 0.4986 0.8565 -0.1334
vn 0.3471 0.9312 -0.1109
vn 0.1111 0.9890 -0.0976
vn -0.1399 0.9880 -0.0659
vn -0.2970 0.9543 -0.0328
vn -0.3000 0.9533 -0.0334
vn -0.2763 0.9603 -0.0396
vn -0.2292 0.9723 -0.0460
vn -0.1566 0.9863 -0.0524
vn 0.0832 0.9875 0.1335
vn -0.0716 0.9953 0.0653
vn -0.0960 0.9940 -0.0530
vn -0.1451 0.9788 -0.1445
vn -0.1435 0.9655 -0.2175
vn -0.0480 0.9500 -0.3085
vn 0.0575 0.9248 -0.3760
vn 0.0938 0.9208 -0.3787
vn 0.1053 0.9259 -0.3629
vn -0.1425 0.9120 -0.3846
vn -0.1270 0.9287 -0.3485
vn -0.0743 0.9592 -0.2727
vn -0.0136 0.9708 -0.2395
vn 0.0145 0.9764 -0.2153
vn 0.0838 0.9819 -0.1699
vn 0.1800 0.9780 -0.1055
vn 0.2101 0.9767 -0.0434
vn 0.1935 0.9811 -0.0101
vn 0.1571 0.9875 0.0150
vn 0.1661 0.9847 0.0535
vn 0.1389 0.9879 0.0693
vn 0.1041 0.9936 0.0434
vn 0.1264 0.9916 -0.0278
vn 0.2104 0.9724 -0.1010
vn 0.2647 0.9571 -0.1181
vn -0.5553 0.8278 -0.0796
vn -0.4794 0.8723 -0.0962
vn -0.3448 0.9315 -0.1154
vn -0.1322 0.9824 -0.1322
vn -0.0000 0.9905 -0.1373
vn 0.1322 0.9824 -0.1322
vn 0.3448 0.9315 -0.1154
vn 0.4794 0.8723 -0.0962
vn 0.5553 0.8278 -0.0796
vn 0.5903 0.8045 -0.0658
vn 0.5562 0.8242 -0.1065
vn 0.4891 0.8534 -0.1802
vn 0.3566 0.9090 -0.2157
vn 0.1563 0.9704 -0.1839
vn -0.0631 0.9936 -0.0940
vn -0.2745 0.9613 -0.0223
vn -0.3029 0.9530 -0.0000
vn -0.2792 0.9602 -0.0000
vn -0.2322 0.9727 -0.0000
vn -0.1596 0.9872 -0.0000
vn 0.1262 0.9839 0.1262
vn 0.0326 0.9971 0.0695
vn -0.1501 0.9886 0.0076
vn -0.2255 0.9704 -0.0865
vn -0.2094 0.9587 -0.1927
vn -0.2238 0.9376 -0.2660
vn -0.1315 0.9312 -0.3399
vn -0.0083 0.9135 -0.4067
vn 0.1065 0.8914 -0.4405
vn 0.0669 0.8803 -0.4697
vn -0.1174 0.8816 -0.4572
vn -0.0404 0.9113 -0.4097
vn -0.0058 0.9358 -0.3526
vn 0.0334 0.9588 -0.2821
vn 0.0590 0.9737 -0.2199
vn 0.1460 0.9763 -0.1595
vn 0.2435 0.9654 -0.0929
vn 0.2488 0.9674 -0.0477
vn 0.2233 0.9747 -0.0093
vn 0.1971 0.9796 0.0381
vn 0.1584 0.9868 0.0333
vn 0.1322 0.9912 0.0025
vn 0.0953 0.9954 0.0128
vn 0.0774 0.9967 0.0258
vn 0.1399 0.9899 -0.0230
vn 0.2357 0.9659 -0.1074
vn -0.5611 0.8277 -0.0000
vn -0.4863 0.8738 -0.0000
vn -0.3526 0.9358 -0.0000
vn -0.1373 0.9905 -0.0000
vn 0.1373 0.9905 -0.0000
vn 0.3526 0.9358 -0.0000
vn 0.4493 0.8921 -0.0472
vn 0.5024 0.8491 -0.1630
vn 0.5430 0.7958 -0.2680
vn 0.5227 0.8013 -0.2910
vn 0.4875 0.8375 -0.2469
vn 0.3874 0.9001 -0.1993
vn 0.2363 0.9614 -0.1407
vn 0.0233 0.9973 -0.0694
vn -0.2490 0.9682 -0.0249
vn -0.2800 0.9600 0.0054
vn -0.2735 0.9612 0.0366
vn -0.2292 0.9723 0.0460
vn 0.0665 0.9763 0.2061
vn 0.0386 0.9855 0.1651
vn -0.0667 0.9971 0.0373
vn -0.1952 0.9797 -0.0466
vn -0.3228 0.9409 -0.1022
vn -0.3011 0.9329 -0.1976
vn -0.2779 0.9211 -0.2728
vn -0.2101 0.9183 -0.3356
vn -0.0729 0.9116 -0.4046
vn 0.0784 0.8926 -0.4440
vn 0.0277 0.8817 -0.4710
vn -0.0381 0.8926 -0.4492
vn 0.0259 0.9251 -0.3789
vn 0.0737 0.9482 -0.3091
vn 0.1027 0.9643 -0.2439
vn 0.1173 0.9757 -0.1853
vn 0.1866 0.9715 -0.1460
vn 0.2689 0.9532 -0.1383
vn 0.2914 0.9506 -0.1072
vn 0.2775 0.9598 -0.0413
vn 0.2174 0.9760 -0.0096
vn 0.1482 0.9889 0.0062
vn 0.1357 0.9903 0.0302
vn 0.1027 0.9942 0.0312
vn 0.0557 0.9984 0.0040
vn 0.0607 0.9969 -0.0491
vn 0.1753 0.9790 -0.1044
vn 0.2633 0.9576 -0.1166
vn -0.5553 0.8278 0.0796
vn -0.4794 0.8723 0.0962
vn -0.3448 0.9315 0.1154
vn -0.1322 0.9824 0.1322
vn -0.0690 0.9952 0.0690
vn 0.2441 0.9625 -0.1185
vn 0.3642 0.8945 -0.2593
vn 0.5661 0.8024 -0.1890
vn 0.5377 0.8291 -0.1528
vn 0.4430 0.8897 -0.1101
vn 0.2992 0.9523 -0.0600
vn -0.0564 0.9871 -0.1500
vn -0.1960 0.9569 -0.2145
vn -0.1994 0.9733 -0.1133
vn -0.2442 0.9693 -0.0285
vn -0.1972 0.9800 0.0280
vn -0.1229 0.9883 0.0905
vn -0.0373 0.9895 0.1400
vn 0.0009 0.9873 0.1586
vn 0.1744 0.9691 0.1744
vn 0.0928 0.9711 0.2201
vn -0.0753 0.9811 0.1784
vn -0.1917 0.9793 0.0658
vn -0.2648 0.9630 -0.0505
vn -0.3630 0.9256 -0.1075
vn -0.3924 0.9064 -0.1563
vn -0.3351 0.9109 -0.2407
vn -0.2771 0.9106 -0.3066
vn -0.1387 0.9180 -0.3716
vn 0.0514 0.9095 -0.4125
vn 0.0128 0.9065 -0.4219
vn 0.0439 0.9200 -0.3893
vn 0.1028 0.9403 -0.3245
vn 0.1432 0.9542 -0.2625
vn 0.1486 0.9641 -0.2201
vn 0.1308 0.9665 -0.2210
vn 0.1976 0.9536 -0.2270
vn 0.2947 0.9378 -0.1836
vn 0.3580 0.9274 -0.1081
vn 0.3152 0.9471 -0.0597
vn 0.2406 0.9703 -0.0265
vn 0.1764 0.9843 0.0109
vn 0.1168 0.9932 -0.0033
vn 0.0848 0.9955 -0.0416
vn 0.0486 0.9980 -0.0394
vn 0.0267 0.9993 -0.0275
vn 0.1217 0.9908 -0.0601
vn 0.2437 0.9625 -0.1189
vn -0.5272 0.8190 0.2265
vn -0.4471 0.8532 0.2687
vn -0.3642 0.8945 0.2593
vn -0.2441 0.9625 0.1185
vn 0.0690 0.9952 -0.0690
vn 0.5721 0.8190 -0.0449
vn 0.4819 0.8761 -0.0115
vn 0.0970 0.9687 -0.2284
vn -0.1269 0.9066 -0.4023
vn -0.1006 0.9370 -0.3345
vn -0.0932 0.9638 -0.2496
vn -0.2020 0.9611 -0.1884
vn -0.1310 0.9812 -0.1418
vn -0.0464 0.9970 -0.0619
vn 0.0331 0.9988 0.0367
vn 0.0339 0.9921 0.1207
vn 0.0691 0.9829 0.1709
vn 0.1474 0.9693 0.1966
vn 0.1972 0.9613 0.1924
vn 0.0898 0.9811 0.1713
vn -0.1681 0.9787 0.1178
vn -0.2728 0.9608 0.0497
vn -0.3425 0.9395 -0.0061
vn -0.3983 0.9146 -0.0691
vn -0.4459 0.8874 -0.1174
vn -0.4063 0.8968 -0.1751
vn -0.3325 0.9108 -0.2448
vn -0.2065 0.9284 -0.3089
vn 0.0096 0.9279 -0.3726
vn 0.0484 0.9281 -0.3693
vn 0.1154 0.9439 -0.3093
vn 0.1578 0.9522 -0.2616
vn 0.1738 0.9540 -0.2443
vn 0.1632 0.9562 -0.2430
vn 0.1312 0.9647 -0.2283
vn 0.2227 0.9558 -0.1920
vn 0.3398 0.9279 -0.1534
vn 0.3854 0.9117 -0.1422
vn 0.3509 0.9289 -0.1188
vn 0.2824 0.9568 -0.0683
vn 0.1851 0.9813 -0.0521
vn 0.0989 0.9940 -0.0472
vn 0.0837 0.9961 -0.0281
vn 0.0520 0.9982 -0.0282
vn 0.0027 0.9981 -0.0607
vn 0.0638 0.9920 -0.1093
vn 0.2130 0.9678 -0.1344
vn -0.5429 0.7959 0.2679
vn -0.5024 0.8491 0.1630
vn -0.4493 0.8921 0.0472
vn 0.4863 0.8738 -0.0000
vn 0.5611 0.8277 -0.0000
vn 0.5953 0.8035 -0.0000
vn 0.5544 0.8312 -0.0426
vn 0.2779 0.9020 -0.3305
vn -0.1005 0.8517 -0.5143
vn -0.0559 0.8794 -0.4728
vn -0.0045 0.9134 -0.4070
vn -0.0344 0.9338 -0.3561
vn -0.1598 0.9330 -0.3224
vn -0.0593 0.9596 -0.2750
vn 0.0439 0.9785 -0.2014
vn 0.1353 0.9850 -0.1075
vn 0.0740 0.9960 -0.0495
vn 0.1219 0.9925 -0.0092
vn 0.1953 0.9789 0.0605
vn 0.1678 0.9829 0.0762
vn 0.0326 0.9994 0.0098
vn -0.1899 0.9817 -0.0161
vn -0.3285 0.9440 -0.0318
vn -0.3867 0.9180 -0.0883
vn -0.4178 0.9030 -0.1002
vn -0.4493 0.8903 -0.0744
vn -0.4671 0.8798 -0.0885
vn -0.3895 0.9082 -0.1533
vn -0.2713 0.9368 -0.2209
vn -0.0327 0.9628 -0.2681
vn 0.1093 0.9609 -0.2545
vn 0.1594 0.9621 -0.2213
vn 0.1866 0.9612 -0.2030
vn 0.1899 0.9651 -0.1803
vn 0.1830 0.9713 -0.1520
vn 0.1428 0.9793 -0.1434
vn 0.2180 0.9608 -0.1714
vn 0.3517 0.9174 -0.1862
vn 0.4042 0.9018 -0.1531
vn 0.3977 0.9116 -0.1038
vn 0.3001 0.9500 -0.0866
vn 0.1941 0.9779 -0.0771
vn 0.1204 0.9914 -0.0523
vn 0.0633 0.9955 -0.0702
vn 0.0352 0.9936 -0.1070
vn -0.0088 0.9947 -0.1026
vn 0.0383 0.9951 -0.0908
vn 0.2106 0.9734 -0.0897
vn -0.5721 0.8100 -0.1288
vn -0.5364 0.8409 -0.0711
vn -0.4716 0.8816 -0.0202
vn -0.3520 0.9360 -0.0006
vn 0.4703 0.8658 -0.1711
vn 0.4113 0.8135 -0.4113
vn 0.0053 0.8371 -0.5471
vn -0.0508 0.8332 -0.5506
vn 0.0163 0.8620 -0.5066
vn 0.0898 0.8938 -0.4394
vn -0.0366 0.9100 -0.4130
vn -0.1131 0.9073 -0.4049
vn 0.0076 0.9320 -0.3623
vn 0.1266 0.9473 -0.2942
vn 0.1865 0.9509 -0.2470
vn 0.1013 0.9695 -0.2233
vn 0.1823 0.9685 -0.1697
vn 0.2516 0.9611 -0.1141
vn 0.1083 0.9854 -0.1312
vn -0.0405 0.9797 -0.1962
vn -0.1755 0.9578 -0.2278
vn -0.3316 0.9209 -0.2048
vn -0.3996 0.8998 -0.1753
vn -0.4205 0.8871 -0.1902
vn -0.4327 0.8762 -0.2122
vn -0.4414 0.8826 -0.1620
vn -0.4047 0.9099 -0.0914
vn -0.3208 0.9425 -0.0942
vn -0.0426 0.9923 -0.1161
vn 0.1495 0.9837 -0.0998
vn 0.1861 0.9799 -0.0723
vn 0.2111 0.9764 -0.0452
vn 0.2090 0.9774 -0.0307
vn 0.1815 0.9822 -0.0474
vn 0.1278 0.9888 -0.0776
vn 0.1991 0.9764 -0.0841
vn 0.3652 0.9283 -0.0691
vn 0.4204 0.9044 -0.0732
vn 0.3923 0.9125 -0.1155
vn 0.3082 0.9416 -0.1357
vn 0.2193 0.9690 -0.1135
vn 0.1216 0.9862 -0.1120
vn 0.0451 0.9928 -0.1113
vn 0.0377 0.9952 -0.0901
vn 0.0149 0.9975 -0.0686
vn 0.0442 0.9977 -0.0510
vn 0.2170 0.9755 -0.0373
vn -0.4957 0.7566 -0.4265
vn -0.4359 0.8087 -0.3948
vn -0.3727 0.8785 -0.2990
vn -0.2755 0.9483 -0.1578
vn -0.1021 0.9937 -0.0453
vn 0.0049 1.0000 -0.0049
vn 0.3515 0.8998 -0.2585
vn 0.2655 0.8270 -0.4955
vn 0.2680 0.7958 -0.5430
vn -0.0134 0.8092 -0.5874
vn 0.0033 0.8283 -0.5603
vn 0.0916 0.8552 -0.5102
vn 0.1829 0.8804 -0.4376
vn -0.0880 0.8961 -0.4350
vn -0.0698 0.8906 -0.4495
vn 0.0695 0.9104 -0.4078
vn 0.2013 0.9180 -0.3417
vn 0.1681 0.9296 -0.3279
vn 0.1390 0.9338 -0.3297
vn 0.2359 0.9311 -0.2781
vn 0.2539 0.9316 -0.2601
vn 0.0505 0.9537 -0.2966
vn -0.0785 0.9431 -0.3231
vn -0.1837 0.9241 -0.3350
vn -0.2860 0.9046 -0.3162
vn -0.3815 0.8797 -0.2839
vn -0.4306 0.8597 -0.2747
vn -0.4233 0.8643 -0.2717
vn -0.3889 0.8797 -0.2737
vn -0.3475 0.9039 -0.2493
vn -0.2339 0.9656 -0.1138
vn -0.0511 0.9986 -0.0108
vn 0.1725 0.9849 -0.0113
vn 0.2043 0.9789 0.0028
vn 0.2157 0.9765 -0.0013
vn 0.2036 0.9789 -0.0171
vn 0.1666 0.9858 -0.0221
vn 0.1207 0.9926 -0.0155
vn 0.1893 0.9816 -0.0263
vn 0.3367 0.9383 -0.0789
vn 0.3900 0.9108 -0.1355
vn 0.3697 0.9165 -0.1526
vn 0.3280 0.9340 -0.1416
vn 0.2412 0.9623 -0.1254
vn 0.1259 0.9866 -0.1038
vn 0.0691 0.9946 -0.0780
vn 0.0612 0.9968 -0.0523
vn 0.0382 0.9989 -0.0273
vn 0.0633 0.9980 -0.0026
vn 0.2331 0.9722 0.0204
vn -0.3944 0.6457 -0.6539
vn -0.2889 0.7067 -0.6458
vn -0.1860 0.7886 -0.5860
vn -0.0912 0.8754 -0.4747
vn 0.0191 0.9426 -0.3334
vn 0.0943 0.9798 -0.1764
vn 0.0448 0.9978 -0.0485
vn 0.2589 0.9305 -0.2589
vn 0.1630 0.8491 -0.5024
vn -0.0006 0.8280 -0.5607
vn 0.0577 0.8386 -0.5417
vn 0.1718 0.8567 -0.4863
vn 0.1956 0.8580 -0.4750
vn -0.1037 0.8653 -0.4904
vn -0.0277 0.8861 -0.4627
vn 0.1288 0.8992 -0.4182
vn 0.2703 0.8965 -0.3510
vn 0.0990 0.9232 -0.3714
vn 0.1740 0.9041 -0.3904
vn 0.2844 0.8966 -0.3396
vn 0.1990 0.9133 -0.3554
vn 0.0301 0.9175 -0.3965
vn -0.0832 0.9160 -0.3924
vn -0.1800 0.9084 -0.3775
vn -0.2578 0.8974 -0.3581
vn -0.3761 0.8601 -0.3446
vn -0.4171 0.8435 -0.3384
vn -0.3919 0.8647 -0.3142
vn -0.3547 0.8999 -0.2539
vn -0.2801 0.9445 -0.1716
vn -0.1218 0.9838 -0.1312
vn -0.0130 0.9964 -0.0835
vn 0.1725 0.9840 -0.0441
vn 0.2036 0.9773 -0.0579
vn 0.2045 0.9767 -0.0653
vn 0.1939 0.9785 -0.0705
vn 0.1565 0.9840 -0.0854
vn 0.0936 0.9873 -0.1287
vn 0.1516 0.9723 -0.1778
vn 0.2925 0.9361 -0.1956
vn 0.3677 0.9093 -0.1949
vn 0.3762 0.9069 -0.1896
vn 0.3444 0.9223 -0.1755
vn 0.2665 0.9517 -0.1522
vn 0.1603 0.9801 -0.1173
vn 0.1053 0.9917 -0.0732
vn 0.0961 0.9950 -0.0278
vn 0.0709 0.9974 0.0150
vn 0.0941 0.9941 0.0540
vn 0.2512 0.9646 0.0798
vn -0.3164 0.5846 -0.7471
vn -0.1643 0.6466 -0.7450
vn -0.0189 0.7218 -0.6918
vn 0.0552 0.7890 -0.6119
vn 0.1730 0.8427 -0.5098
vn 0.1869 0.8860 -0.4244
vn 0.1899 0.9305 -0.3133
vn 0.0995 0.9873 -0.1237
vn 0.1509 0.9885 -0.0139
vn 0.1820 0.9663 -0.1820
vn 0.2593 0.8945 -0.3642
vn 0.0472 0.8921 -0.4493
vn 0.0945 0.8732 -0.4781
vn 0.2515 0.8668 -0.4305
vn 0.1191 0.8830 -0.4539
vn -0.0668 0.8741 -0.4812
vn 0.0159 0.8934 -0.4490
vn 0.1883 0.8976 -0.3987
vn 0.2562 0.8779 -0.4046
vn 0.0590 0.8926 -0.4471
vn 0.2082 0.8853 -0.4159
vn 0.3293 0.8708 -0.3651
vn 0.0961 0.9044 -0.4157
vn 0.0357 0.8864 -0.4615
vn -0.0614 0.8946 -0.4426
vn -0.1556 0.8973 -0.4131
vn -0.2528 0.8818 -0.3981
vn -0.3817 0.8372 -0.3917
vn -0.3826 0.8443 -0.3752
vn -0.3393 0.8815 -0.3285
vn -0.2699 0.9266 -0.2620
vn -0.1822 0.9690 -0.1666
vn -0.0690 0.9960 -0.0569
vn 0.0229 0.9996 -0.0163
vn 0.1373 0.9890 -0.0553
vn 0.1931 0.9773 -0.0868
vn 0.1913 0.9761 -0.1028
vn 0.1692 0.9763 -0.1352
vn 0.1237 0.9765 -0.1767
vn 0.1213 0.9829 -0.1388
vn 0.1205 0.9883 -0.0930
vn 0.2800 0.9531 -0.1150
vn 0.3629 0.9222 -0.1335
vn 0.3826 0.9128 -0.1428
vn 0.3627 0.9215 -0.1389
vn 0.2980 0.9470 -0.1196
vn 0.2058 0.9751 -0.0823
vn 0.1561 0.9873 -0.0306
vn 0.1447 0.9892 0.0245
vn 0.1139 0.9907 0.0747
vn 0.1350 0.9835 0.1205
vn 0.2565 0.9566 0.1381
vn -0.2605 0.5776 -0.7736
vn -0.0549 0.6371 -0.7689
vn 0.1357 0.6965 -0.7047
vn 0.1092 0.7403 -0.6634
vn 0.1970 0.7211 -0.6642
vn 0.2540 0.7384 -0.6247
vn 0.3455 0.7957 -0.4975
vn 0.2902 0.8938 -0.3420
vn 0.2000 0.9581 -0.2049
vn 0.0164 0.9880 -0.1533
vn 0.1185 0.9625 -0.2441
vn 0.2587 0.8949 -0.3637
vn 0.0340 0.8985 -0.4377
vn -0.0266 0.8937 -0.4478
vn 0.0632 0.9099 -0.4100
vn 0.2488 0.9020 -0.3529
vn 0.1489 0.9064 -0.3952
vn 0.0768 0.8906 -0.4483
vn 0.2423 0.8770 -0.4150
vn 0.2944 0.8498 -0.4372
vn 0.0239 0.8631 -0.5044
vn 0.0492 0.8620 -0.5045
vn -0.0274 0.8732 -0.4865
vn -0.1206 0.8817 -0.4562
vn -0.2766 0.8496 -0.4491
vn -0.3582 0.8252 -0.4367
vn -0.3338 0.8535 -0.4002
vn -0.2777 0.8902 -0.3611
vn -0.1884 0.9317 -0.3107
vn -0.0742 0.9689 -0.2361
vn 0.0455 0.9904 -0.1305
vn 0.0419 0.9984 -0.0383
vn 0.0764 0.9962 -0.0416
vn 0.1654 0.9813 -0.0981
vn 0.1644 0.9768 -0.1370
vn 0.1339 0.9768 -0.1671
vn 0.0938 0.9771 -0.1910
vn 0.1713 0.9639 -0.2039
vn 0.2229 0.9703 -0.0938
vn 0.2877 0.9568 0.0426
vn 0.3402 0.9394 0.0415
vn 0.3737 0.9275 0.0078
vn 0.3692 0.9293 -0.0092
vn 0.3223 0.9466 -0.0046
vn 0.2480 0.9685 0.0234
vn 0.2064 0.9761 0.0676
vn 0.1919 0.9747 0.1146
vn 0.1511 0.9765 0.1536
vn 0.1737 0.9671 0.1860
vn 0.2376 0.9536 0.1849
vn -0.2184 0.6059 -0.7650
vn 0.0104 0.6395 -0.7687
vn 0.1565 0.6208 -0.7682
vn 0.1036 0.6140 -0.7825
vn 0.1994 0.6317 -0.7491
vn 0.3590 0.6551 -0.6648
vn 0.4570 0.6925 -0.5581
vn 0.4374 0.7765 -0.4535
vn 0.3288 0.8904 -0.3149
vn 0.1355 0.9825 -0.1281
vn 0.0128 0.9998 -0.0128
vn -0.0028 0.9367 -0.3502
vn 0.1062 0.9374 -0.3315
vn 0.2520 0.9083 -0.3339
vn 0.0393 0.9138 -0.4043
vn 0.0956 0.8987 -0.4279
vn 0.2763 0.8772 -0.3926
vn 0.1713 0.8747 -0.4534
vn 0.0084 0.8511 -0.5249
vn 0.0613 0.8488 -0.5251
vn 0.0166 0.8646 -0.5023
vn -0.0998 0.8727 -0.4779
vn -0.2975 0.8389 -0.4558
vn -0.3158 0.8447 -0.4322
vn -0.2904 0.8713 -0.3955
vn -0.2283 0.9040 -0.3615
vn -0.1236 0.9389 -0.3213
vn 0.0135 0.9651 -0.2615
vn 0.1551 0.9725 -0.1738
vn 0.1288 0.9892 -0.0695
vn 0.0283 0.9992 -0.0270
vn 0.1065 0.9913 -0.0776
vn 0.1333 0.9826 -0.1294
vn 0.1081 0.9816 -0.1574
vn 0.1378 0.9836 -0.1168
vn 0.1552 0.9848 -0.0774
vn 0.3156 0.9433 -0.1026
vn 0.3528 0.9336 -0.0634
vn 0.3812 0.9228 0.0559
vn 0.3644 0.9223 0.1286
vn 0.3564 0.9256 0.1273
vn 0.3311 0.9353 0.1251
vn 0.2773 0.9496 0.1464
vn 0.2441 0.9528 0.1807
vn 0.2241 0.9508 0.2137
vn 0.1701 0.9567 0.2361
vn 0.1793 0.9560 0.2321
vn -0.1956 0.5989 -0.7766
vn 0.0633 0.6268 -0.7766
vn 0.0970 0.6318 -0.7690
vn 0.1236 0.6204 -0.7745
vn 0.2957 0.6268 -0.7209
vn 0.4681 0.6331 -0.6165
vn 0.5589 0.6502 -0.5146
vn 0.5471 0.7143 -0.4365
vn 0.4772 0.8104 -0.3399
vn 0.2865 0.9289 -0.2347
vn 0.1155 0.9888 -0.0947
vn 0.0023 1.0000 -0.0023
vn -0.0003 0.9359 -0.3523
vn 0.1151 0.9319 -0.3439
vn 0.2594 0.8949 -0.3630
vn 0.0476 0.8925 -0.4485
vn 0.0003 0.8739 -0.4861
vn 0.0850 0.8771 -0.4728
vn 0.0911 0.9012 -0.4237
vn -0.1303 0.9037 -0.4079
vn -0.2721 0.8809 -0.3872
vn -0.2750 0.9060 -0.3218
vn -0.2546 0.9306 -0.2631
vn -0.1910 0.9579 -0.2145
vn -0.0738 0.9829 -0.1690
vn 0.0840 0.9898 -0.1146
vn 0.2418 0.9692 -0.0457
vn 0.2266 0.9733 0.0359
vn 0.0389 0.9936 0.1063
vn 0.0365 0.9945 0.0978
vn 0.0914 0.9951 0.0369
vn 0.0841 0.9964 -0.0038
vn 0.1768 0.9838 -0.0310
vn 0.2377 0.9699 0.0538
vn 0.2834 0.9502 0.1299
vn 0.3816 0.9201 0.0887
vn 0.4272 0.9022 0.0588
vn 0.4039 0.9107 0.0867
vn 0.3888 0.9051 0.1720
vn 0.3462 0.9066 0.2413
vn 0.2917 0.9162 0.2748
vn 0.2634 0.9184 0.2951
vn 0.2288 0.9249 0.3038
vn 0.1475 0.9484 0.2807
vn -0.2098 0.7042 -0.6783
vn 0.1175 0.7265 -0.6770
vn 0.0099 0.6958 -0.7181
vn 0.1803 0.6713 -0.7190
vn 0.4148 0.6615 -0.6248
vn 0.5781 0.6377 -0.5091
vn 0.6338 0.6392 -0.4355
vn 0.6265 0.6771 -0.3862
vn 0.5094 0.7624 -0.3990
vn 0.4130 0.8378 -0.3572
vn 0.3004 0.9362 -0.1822
vn 0.0453 0.9981 -0.0408
vn 0.1141 0.9321 -0.3437
vn 0.1440 0.9315 -0.3340
vn -0.1589 0.9318 -0.3264
vn -0.1954 0.9427 -0.2705
vn -0.2029 0.9642 -0.1705
vn -0.1919 0.9784 -0.0769
vn -0.1338 0.9910 0.0044
vn -0.0157 0.9970 0.0760
vn 0.1452 0.9794 0.1400
vn 0.2976 0.9349 0.1931
vn 0.2879 0.9246 0.2495
vn 0.0870 0.9457 0.3133
vn 0.0018 0.9415 0.3371
vn 0.0304 0.9507 0.3087
vn 0.0502 0.9634 0.2634
vn 0.1431 0.9629 0.2289
vn 0.3051 0.9336 0.1879
vn 0.3251 0.9156 0.2367
vn 0.3374 0.8974 0.2844
vn 0.3951 0.8840 0.2500
vn 0.4216 0.8769 0.2310
vn 0.4270 0.8741 0.2315
vn 0.3877 0.8815 0.2694
vn 0.3263 0.8834 0.3364
vn 0.2583 0.8929 0.3688
vn 0.1711 0.9314 0.3212
vn 0.1017 0.9619 0.2539
vn -0.2077 0.8745 -0.4383
vn 0.0122 0.8500 -0.5267
vn -0.0737 0.7885 -0.6106
vn 0.2770 0.7683 -0.5771
vn 0.5311 0.7067 -0.4674
vn 0.6275 0.6573 -0.4174
vn 0.6681 0.6287 -0.3980
vn 0.6267 0.6556 -0.4212
vn 0.5523 0.7256 -0.4105
vn 0.5646 0.7814 -0.2659
vn 0.4698 0.8758 -0.1111
vn 0.0966 0.9952 -0.0134
vn 0.0014 1.0000 -0.0014
vn 0.0668 0.9748 -0.2131
vn -0.1040 0.9648 -0.2414
vn -0.0866 0.9878 -0.1295
vn -0.0969 0.9953 -0.0085
vn -0.0961 0.9899 0.1043
vn -0.0489 0.9782 0.2018
vn 0.0563 0.9579 0.2816
vn 0.1974 0.9200 0.3385
vn 0.3245 0.8705 0.3700
vn 0.3129 0.8601 0.4029
vn 0.1253 0.8841 0.4502
vn 0.0007 0.8832 0.4690
vn 0.0002 0.8830 0.4694
vn 0.0152 0.8885 0.4586
vn 0.1033 0.8954 0.4331
vn 0.2529 0.8835 0.3943
vn 0.3573 0.8652 0.3517
vn 0.3562 0.8528 0.3818
vn 0.3529 0.8375 0.4171
vn 0.3896 0.8302 0.3988
vn 0.4076 0.8255 0.3904
vn 0.3887 0.8362 0.3868
vn 0.3283 0.8709 0.3656
vn 0.2181 0.9234 0.3158
vn 0.0841 0.9643 0.2512
vn -0.2121 0.9769 0.0264
vn -0.3042 0.9387 -0.1622
vn -0.0934 0.9359 -0.3396
vn 0.3713 0.8813 -0.2922
vn 0.5420 0.7765 -0.3214
vn 0.6346 0.6851 -0.3577
vn 0.6910 0.6381 -0.3397
vn 0.6616 0.6760 -0.3245
vn 0.6823 0.6970 -0.2204
vn 0.6806 0.7281 -0.0812
vn 0.5269 0.8496 -0.0246
vn 0.1855 0.9821 0.0326
vn 0.0147 0.9920 0.1254
vn -0.0000 0.9905 0.1373
vn -0.0097 0.9918 -0.1277
vn 0.0013 0.9978 -0.0663
vn 0.0326 0.9985 0.0439
vn 0.0206 0.9872 0.1581
vn 0.0125 0.9642 0.2648
vn 0.0452 0.9331 0.3566
vn 0.1279 0.8951 0.4271
vn 0.2379 0.8501 0.4698
vn 0.3334 0.8082 0.4855
vn 0.3147 0.8052 0.5026
vn 0.1418 0.8343 0.5328
vn 0.0022 0.8396 0.5431
vn 0.0001 0.8393 0.5437
vn 0.0014 0.8393 0.5436
vn 0.0768 0.8394 0.5381
vn 0.2120 0.8292 0.5173
vn 0.3112 0.8140 0.4905
vn 0.3729 0.8037 0.4637
vn 0.3604 0.7989 0.4814
vn 0.3495 0.7965 0.4934
vn 0.3665 0.8142 0.4502
vn 0.3441 0.8537 0.3909
vn 0.2636 0.9100 0.3199
vn 0.1290 0.9643 0.2311
vn 0.0344 0.9859 0.1640
vn -0.3034 0.9267 0.2218
vn -0.4315 0.8897 0.1494
vn -0.0949 0.9762 0.1949
vn 0.2470 0.9690 0.0044
vn 0.4883 0.8547 -0.1763
vn 0.6930 0.7101 -0.1243
vn 0.7092 0.6943 -0.1226
vn 0.7377 0.6664 -0.1081
vn 0.7581 0.6521 -0.0092
vn 0.7295 0.6804 0.0698
vn 0.5267 0.8387 0.1387
vn 0.3104 0.9201 0.2388
vn 0.0489 0.9422 0.3315
vn -0.0000 0.9358 0.3526
vn -0.1185 0.9625 0.2441
vn 0.0885 0.9955 0.0348
vn 0.1442 0.9817 0.1241
vn 0.1336 0.9632 0.2334
vn 0.1199 0.9338 0.3371
vn 0.1384 0.8946 0.4249
vn 0.1970 0.8499 0.4888
vn 0.2757 0.8056 0.5244
vn 0.3407 0.7725 0.5359
vn 0.3097 0.7765 0.5488
vn 0.1433 0.8078 0.5718
vn 0.0029 0.8162 0.5778
vn 0.0001 0.8162 0.5778
vn 0.0012 0.8162 0.5778
vn 0.0638 0.8172 0.5728
vn 0.1836 0.8150 0.5495
vn 0.2800 0.8133 0.5100
vn 0.3436 0.8151 0.4664
vn 0.3788 0.8234 0.4225
vn 0.3503 0.8439 0.4063
vn 0.3129 0.8716 0.3774
vn 0.2678 0.9160 0.2987
vn 0.1673 0.9658 0.1982
vn 0.0397 0.9935 0.1063
vn -0.3337 0.8816 0.3337
vn -0.3369 0.8468 0.4115
vn -0.1934 0.9031 0.3833
vn 0.0425 0.9591 0.2800
vn 0.4839 0.8387 0.2498
vn 0.6792 0.7120 0.1782
vn 0.6970 0.7031 0.1404
vn 0.7581 0.6334 0.1552
vn 0.7749 0.6044 0.1851
vn 0.7171 0.6646 0.2099
vn 0.5591 0.7837 0.2706
vn 0.3822 0.8417 0.3815
vn 0.0913 0.8800 0.4660
vn -0.0472 0.8921 0.4493
vn -0.2593 0.8945 0.3642
vn -0.1154 0.9315 0.3448
vn 0.1301 0.9915 0.0073
vn 0.2556 0.9640 0.0736
vn 0.2520 0.9478 0.1952
vn 0.2338 0.9205 0.3131
vn 0.2372 0.8804 0.4107
vn 0.2714 0.8345 0.4795
vn 0.3204 0.7927 0.5186
vn 0.3566 0.7661 0.5347
vn 0.3104 0.7747 0.5509
vn 0.1433 0.8061 0.5741
vn 0.0029 0.8145 0.5802
vn 0.0001 0.8145 0.5802
vn 0.0010 0.8145 0.5801
vn 0.0525 0.8161 0.5755
vn 0.1517 0.8181 0.5548
vn 0.2351 0.8237 0.5160
vn 0.2950 0.8359 0.4628
vn 0.3259 0.8575 0.3980
vn 0.3216 0.8904 0.3222
vn 0.2549 0.9334 0.2525
vn 0.1660 0.9722 0.1653
vn 0.0596 0.9967 0.0557
vn 0.0019 1.0000 0.0026
vn -0.2417 0.9274 0.2854
vn -0.2607 0.8892 0.3760
vn -0.2422 0.8602 0.4487
vn 0.0472 0.8575 0.5124
vn 0.4633 0.7435 0.4822
vn 0.5732 0.7006 0.4250
vn 0.6724 0.6402 0.3716
vn 0.7228 0.5825 0.3717
vn 0.7394 0.5653 0.3657
vn 0.6599 0.6397 0.3940
vn 0.5585 0.7060 0.4354
vn 0.3960 0.7714 0.4981
vn 0.1172 0.8262 0.5510
vn -0.1630 0.8491 0.5024
vn -0.2687 0.8532 0.4471
vn -0.0962 0.8723 0.4794
vn -0.0000 0.8738 0.4863
vn 0.0690 0.9952 0.0690
vn 0.1322 0.9824 0.1322
vn 0.3231 0.9360 0.1394
vn 0.3607 0.9088 0.2095
vn 0.3397 0.8859 0.3160
vn 0.3294 0.8523 0.4063
vn 0.3402 0.8141 0.4707
vn 0.3615 0.7820 0.5078
vn 0.3713 0.7670 0.5234
vn 0.3105 0.7851 0.5360
vn 0.1407 0.8226 0.5510
vn 0.0022 0.8339 0.5519
vn -0.0000 0.8343 0.5514
vn 0.0008 0.8343 0.5513
vn 0.0422 0.8363 0.5467
vn 0.1220 0.8411 0.5269
vn 0.1885 0.8519 0.4887
vn 0.2340 0.8702 0.4336
vn 0.2513 0.8975 0.3625
vn 0.2323 0.9332 0.2742
vn 0.1665 0.9719 0.1665
vn 0.0583 0.9966 0.0577
vn 0.0042 1.0000 0.0042
vn -0.0032 1.0000 -0.0032
vn -0.0382 0.9984 -0.0422
vn -0.0879 0.9889 -0.1195
vn -0.1176 0.9737 -0.1953
vn -0.1204 0.9588 -0.2571
vn -0.1019 0.9471 -0.3044
vn -0.0676 0.9392 -0.3366
vn -0.0236 0.9354 -0.3529
vn -0.0000 0.9341 -0.3569
vn 0.0236 0.9354 -0.3529
vn 0.0676 0.9392 -0.3366
vn 0.1019 0.9471 -0.3044
vn 0.1204 0.9588 -0.2571
vn 0.1176 0.9737 -0.1953
vn 0.0879 0.9889 -0.1195
vt 0.984615 0.984615
vt 1.000000 0.984615
vt 1.000000 1.000000
vt 0.984615 1.000000
vt 0.984615 0.000000
vt 1.000000 0.000000
vt 1.000000 0.015385
vt 0.984615 0.015385
vt 1.000000 0.030769
vt 0.984615 0.030769
vt 1.000000 0.046154
vt 0.984615 0.046154
vt 1.000000 0.061538
vt 0.984615 0.061538
vt 1.000000 0.076923
vt 0.984615 0.076923
vt 1.000000 0.092308
vt 0.984615 0.092308
vt 1.000000 0.107692
vt 0.984615 0.107692
vt 1.000000 0.123077
vt 0.984615 0.123077
vt 1.000000 0.138462
vt 0.984615 0.138462
vt 1.000000 0.153846
vt 0.984615 0.153846
vt 1.000000 0.169231
vt 0.984615 0.169231
vt 1.000000 0.184615
vt 0.984615 0.184615
vt 1.000000 0.200000
vt 0.984615 0.200000
vt 1.000000 0.215385
vt 0.984615 0.215385
vt 1.000000 0.230769
vt 0.984615 0.230769
vt 1.000000 0.246154
vt 0.984615 0.246154
vt 1.000000 0.261538
vt 0.984615 0.261538
vt 1.000000 0.276923
vt 0.984615 0.276923
vt 1.000000 0.292308
vt 0.984615 0.292308
vt 1.000000 0.307692
vt 0.984615 0.307692
vt 1.000000 0.323077
vt 0.984615 0.323077
vt 1.000000 0.338462
vt 0.984615 0.338462
vt 1.000000 0.353846
vt 0.984615 0.353846
vt 1.000000 0.369231
vt 0.984615 0.369231
vt 1.000000 0.384615
vt 0.984615 0.384615
vt 1.000000 0.400000
vt 0.984615 0.400000
vt 1.000000 0.415385
vt 0.984615 0.415385
vt 1.000000 0.430769
vt 0.984615 0.430769
vt 1.000000 0.446154
vt 0.984615 0.446154
vt 1.000000 0.461539
vt 0.984615 0.461539
vt 1.000000 0.476923
vt 0.984615 0.476923
vt 1.000000 0.492308
vt 0.984615 0.492308
vt 1.000000 0.507692
vt 0.984615 0.507692
vt 1.000000 0.523077
vt 0.984615 0.523077
vt 1.000000 0.538462
vt 0.984615 0.538462
vt 1.000000 0.553846
vt 0.984615 0.553846
vt 1.000000 0.569231
vt 0.984615 0.569231
vt 1.000000 0.584615
vt 0.984615 0.584615
vt 1.000000 0.600000
vt 0.984615 0.600000
vt 1.000000 0.615385
vt 0.984615 0.615385
vt 1.000000 0.630769
vt 0.984615 0.630769
vt 1.000000 0.646154
vt 0.984615 0.646154
vt 1.000000 0.661538
vt 0.984615 0.661538
vt 1.000000 0.676923
vt 0.984615 0.676923
vt 1.000000 0.692308
vt 0.984615 0.692308
vt 1.000000 0.707692
vt 0.984615 0.707692
vt 1.000000 0.723077
vt 0.984615 0.723077
vt 1.000000 0.738462
vt 0.984615 0.738462
vt 1.000000 0.753846
vt 0.984615 0.753846
vt 1.000000 0.769231
vt 0.984615 0.769231
vt 1.000000 0.784615
vt 0.984615 0.784615
vt 1.000000 0.800000
vt 0.984615 0.800000
vt 1.000000 0.815385
vt 0.984615 0.815385
vt 1.000000 0.830769
vt 0.984615 0.830769
vt 1.000000 0.846154
vt 0.984615 0.846154
vt 1.000000 0.861539
vt 0.984615 0.861539
vt 1.000000 0.876923
vt 0.984615 0.876923
vt 1.000000 0.892308
vt 0.984615 0.892308
vt 1.000000 0.907692
vt 0.984615 0.907692
vt 1.000000 0.923077
vt 0.984615 0.923077
vt 1.000000 0.938462
vt 0.984615 0.938462
vt 1.000000 0.953846
vt 0.984615 0.953846
vt 1.000000 0.969231
vt 0.984615 0.969231
vt 0.000000 0.969231
vt 0.015385 0.969231
vt 0.015385 0.984615
vt 0.000000 0.984615
vt 0.030769 0.969231
vt 0.030769 0.984615
vt 0.046154 0.969231
vt 0.046154 0.984615
vt 0.061538 0.969231
vt 0.061538 0.984615
vt 0.076923 0.969231
vt 0.076923 0.984615
vt 0.092308 0.969231
vt 0.092308 0.984615
vt 0.107692 0.969231
vt 0.107692 0.984615
vt 0.123077 0.969231
vt 0.123077 0.984615
vt 0.138462 0.969231
vt 0.138462 0.984615
vt 0.153846 0.969231
vt 0.153846 0.984615
vt 0.169231 0.969231
vt 0.169231 0.984615
vt 0.184615 0.969231
vt 0.184615 0.984615
vt 0.200000 0.969231
vt 0.200000 0.984615
vt 0.215385 0.969231
vt 0.215385 0.984615
vt 0.230769 0.969231
vt 0.230769 0.984615
vt 0.246154 0.969231
vt 0.246154 0.984615
vt 0.261539 0.969231
vt 0.261539 0.984615
vt 0.276923 0.969231
vt 0.276923 0.984615
vt 0.292308 0.969231
vt 0.292308 0.984615
vt 0.307692 0.969231
vt 0.307692 0.984615
vt 0.323077 0.969231
vt 0.323077 0.984615
vt 0.338462 0.969231
vt 0.338462 0.984615
vt 0.353846 0.969231
vt 0.353846 0.984615
vt 0.369231 0.969231
vt 0.369231 0.984615
vt 0.384615 0.969231
vt 0.384615 0.984615
vt 0.400000 0.969231
vt 0.400000 0.984615
vt 0.415385 0.969231
vt 0.415385 0.984615
vt 0.430769 0.969231
vt 0.430769 0.984615
vt 0.446154 0.969231
vt 0.446154 0.984615
vt 0.461538 0.969231
vt 0.461538 0.984615
vt 0.476923 0.969231
vt 0.476923 0.984615
vt 0.492308 0.969231
vt 0.492308 0.984615
vt 0.507692 0.969231
vt 0.507692 0.984615
vt 0.523077 0.969231
vt 0.523077 0.984615
vt 0.538462 0.969231
vt 0.538462 0.984615
vt 0.553846 0.969231
vt 0.553846 0.984615
vt 0.569231 0.969231
vt 0.569231 0.984615
vt 0.584615 0.969231
vt 0.584615 0.984615
vt 0.600000 0.969231
vt 0.600000 0.984615
vt 0.615385 0.969231
vt 0.615385 0.984615
vt 0.630769 0.969231
vt 0.630769 0.984615
vt 0.646154 0.969231
vt 0.646154 0.984615
vt 0.661538 0.969231
vt 0.661538 0.984615
vt 0.676923 0.969231
vt 0.676923 0.984615
vt 0.692308 0.969231
vt 0.692308 0.984615
vt 0.707692 0.969231
vt 0.707692 0.984615
vt 0.723077 0.969231
vt 0.723077 0.984615
vt 0.738462 0.969231
vt 0.738462 0.984615
vt 0.753846 0.969231
vt 0.753846 0.984615
vt 0.769231 0.969231
vt 0.769231 0.984615
vt 0.784615 0.969231
vt 0.784615 0.984615
vt 0.800000 0.969231
vt 0.800000 0.984615
vt 0.815385 0.969231
vt 0.815385 0.984615
vt 0.830769 0.969231
vt 0.830769 0.984615
vt 0.846154 0.969231
vt 0.846154 0.984615
vt 0.861538 0.969231
vt 0.861538 0.984615
vt 0.876923 0.969231
vt 0.876923 0.984615
vt 0.892308 0.969231
vt 0.892308 0.984615
vt 0.907692 0.969231
vt 0.907692 0.984615
vt 0.923077 0.969231
vt 0.923077 0.984615
vt 0.938462 0.969231
vt 0.938462 0.984615
vt 0.953846 0.969231
vt 0.953846 0.984615
vt 0.969231 0.969231
vt 0.969231 0.984615
vt 0.000000 0.953846
vt 0.015385 0.953846
vt 0.030769 0.953846
vt 0.046154 0.953846
vt 0.061538 0.953846
vt 0.076923 0.953846
vt 0.092308 0.953846
vt 0.107692 0.953846
vt 0.123077 0.953846
vt 0.138462 0.953846
vt 0.153846 0.953846
vt 0.169231 0.953846
vt 0.184615 0.953846
vt 0.200000 0.953846
vt 0.215385 0.953846
vt 0.230769 0.953846
vt 0.246154 0.953846
vt 0.261539 0.953846
vt 0.276923 0.953846
vt 0.292308 0.953846
vt 0.307692 0.953846
vt 0.323077 0.953846
vt 0.338462 0.953846
vt 0.353846 0.953846
vt 0.369231 0.953846
vt 0.384615 0.953846
vt 0.400000 0.953846
vt 0.415385 0.953846
vt 0.430769 0.953846
vt 0.446154 0.953846
vt 0.461538 0.953846
vt 0.476923 0.953846
vt 0.492308 0.953846
vt 0.507692 0.953846
vt 0.523077 0.953846
vt 0.538462 0.953846
vt 0.553846 0.953846
vt 0.569231 0.953846
vt 0.584615 0.953846
vt 0.600000 0.953846
vt 0.615385 0.953846
vt 0.630769 0.953846
vt 0.646154 0.953846
vt 0.661538 0.953846
vt 0.676923 0.953846
vt 0.692308 0.953846
vt 0.707692 0.953846
vt 0.723077 0.953846
vt 0.738462 0.953846
vt 0.753846 0.953846
vt 0.769231 0.953846
vt 0.784615 0.953846
vt 0.800000 0.953846
vt 0.815385 0.953846
vt 0.830769 0.953846
vt 0.846154 0.953846
vt 0.861538 0.953846
vt 0.876923 0.953846
vt 0.892308 0.953846
vt 0.907692 0.953846
vt 0.923077 0.953846
vt 0.938462 0.953846
vt 0.953846 0.953846
vt 0.969231 0.953846
vt 0.000000 0.938462
vt 0.015385 0.938461
vt 0.030769 0.938461
vt 0.046154 0.938462
vt 0.061538 0.938462
vt 0.076923 0.938462
vt 0.092308 0.938462
vt 0.107692 0.938462
vt 0.123077 0.938461
vt 0.138462 0.938461
vt 0.153846 0.938462
vt 0.169231 0.938462
vt 0.184615 0.938462
vt 0.200000 0.938462
vt 0.215385 0.938462
vt 0.230769 0.938462
vt 0.246154 0.938462
vt 0.261539 0.938462
vt 0.276923 0.938462
vt 0.292308 0.938462
vt 0.307692 0.938462
vt 0.323077 0.938462
vt 0.338462 0.938462
vt 0.353846 0.938462
vt 0.369231 0.938462
vt 0.384615 0.938462
vt 0.400000 0.938462
vt 0.415385 0.938462
vt 0.430769 0.938462
vt 0.446154 0.938462
vt 0.461538 0.938462
vt 0.476923 0.938462
vt 0.492308 0.938462
vt 0.507692 0.938462
vt 0.523077 0.938462
vt 0.538462 0.938462
vt 0.553846 0.938462
vt 0.569231 0.938462
vt 0.584615 0.938462
vt 0.600000 0.938462
vt 0.615385 0.938462
vt 0.630769 0.938462
vt 0.646154 0.938462
vt 0.661538 0.938462
vt 0.676923 0.938462
vt 0.692308 0.938462
vt 0.707692 0.938462
vt 0.723077 0.938462
vt 0.738462 0.938462
vt 0.753846 0.938462
vt 0.769231 0.938462
vt 0.784615 0.938462
vt 0.800000 0.938462
vt 0.815385 0.938462
vt 0.830769 0.938462
vt 0.846154 0.938462
vt 0.861538 0.938462
vt 0.876923 0.938462
vt 0.892308 0.938462
vt 0.907692 0.938462
vt 0.923077 0.938462
vt 0.938462 0.938462
vt 0.953846 0.938462
vt 0.969231 0.938462
vt 0.000000 0.923077
vt 0.015385 0.923077
vt 0.030769 0.923077
vt 0.046154 0.923077
vt 0.061538 0.923077
vt 0.076923 0.923077
vt 0.092308 0.923077
vt 0.107692 0.923077
vt 0.123077 0.923077
vt 0.138462 0.923077
vt 0.153846 0.923077
vt 0.169231 0.923077
vt 0.184615 0.923077
vt 0.200000 0.923077
vt 0.215385 0.923077
vt 0.230769 0.923077
vt 0.246154 0.923077
vt 0.261539 0.923077
vt 0.276923 0.923077
vt 0.292308 0.923077
vt 0.307692 0.923077
vt 0.323077 0.923077
vt 0.338462 0.923077
vt 0.353846 0.923077
vt 0.369231 0.923077
vt 0.384615 0.923077
vt 0.400000 0.923077
vt 0.415385 0.923077
vt 0.430769 0.923077
vt 0.446154 0.923077
vt 0.461538 0.923077
vt 0.476923 0.923077
vt 0.492308 0.923077
vt 0.507692 0.923077
vt 0.523077 0.923077
vt 0.538462 0.923077
vt 0.553846 0.923077
vt 0.569231 0.923077
vt 0.584615 0.923077
vt 0.600000 0.923077
vt 0.615385 0.923077
vt 0.630769 0.923077
vt 0.646154 0.923077
vt 0.661538 0.923077
vt 0.676923 0.923077
vt 0.692308 0.923077
vt 0.707692 0.923077
vt 0.723077 0.923077
vt 0.738462 0.923077
vt 0.753846 0.923077
vt 0.769231 0.923077
vt 0.784615 0.923077
vt 0.800000 0.923077
vt 0.815385 0.923077
vt 0.830769 0.923077
vt 0.846154 0.923077
vt 0.861538 0.923077
vt 0.876923 0.923077
vt 0.892308 0.923077
vt 0.907692 0.923077
vt 0.923077 0.923077
vt 0.938462 0.923077
vt 0.953846 0.923077
vt 0.969231 0.923077
vt 0.000000 0.907692
vt 0.015385 0.907692
vt 0.030769 0.907692
vt 0.046154 0.907692
vt 0.061538 0.907692
vt 0.076923 0.907692
vt 0.092308 0.907692
vt 0.107692 0.907692
vt 0.123077 0.907692
vt 0.138462 0.907692
vt 0.153846 0.907692
vt 0.169231 0.907692
vt 0.184615 0.907692
vt 0.200000 0.907692
vt 0.215385 0.907692
vt 0.230769 0.907692
vt 0.246154 0.907692
vt 0.261539 0.907692
vt 0.276923 0.907692
vt 0.292308 0.907692
vt 0.307692 0.907692
vt 0.323077 0.907692
vt 0.338462 0.907692
vt 0.353846 0.907692
vt 0.369231 0.907692
vt 0.384615 0.907692
vt 0.400000 0.907692
vt 0.415385 0.907692
vt 0.430769 0.907692
vt 0.446154 0.907692
vt 0.461538 0.907692
vt 0.476923 0.907692
vt 0.492308 0.907692
vt 0.507692 0.907692
vt 0.523077 0.907692
vt 0.538462 0.907692
vt 0.553846 0.907692
vt 0.569231 0.907692
vt 0.584615 0.907692
vt 0.600000 0.907692
vt 0.615385 0.907692
vt 0.630769 0.907692
vt 0.646154 0.907692
vt 0.661538 0.907692
vt 0.676923 0.907692
vt 0.692308 0.907692
vt 0.707692 0.907692
vt 0.723077 0.907692
vt 0.738462 0.907692
vt 0.753846 0.907692
vt 0.769231 0.907692
vt 0.784615 0.907692
vt 0.800000 0.907692
vt 0.815385 0.907692
vt 0.830769 0.907692
vt 0.846154 0.907692
vt 0.861538 0.907692
vt 0.876923 0.907692
vt 0.892308 0.907692
vt 0.907692 0.907692
vt 0.923077 0.907692
vt 0.938462 0.907692
vt 0.953846 0.907692
vt 0.969231 0.907692
vt 0.000000 0.892308
vt 0.015385 0.892308
vt 0.030769 0.892308
vt 0.046154 0.892308
vt 0.061538 0.892308
vt 0.076923 0.892308
vt 0.092308 0.892308
vt 0.107692 0.892308
vt 0.123077 0.892308
vt 0.138462 0.892308
vt 0.153846 0.892308
vt 0.169231 0.892308
vt 0.184615 0.892308
vt 0.200000 0.892308
vt 0.215385 0.892308
vt 0.230769 0.892308
vt 0.246154 0.892308
vt 0.261539 0.892308
vt 0.276923 0.892308
vt 0.292308 0.892308
vt 0.307692 0.892308
vt 0.323077 0.892308
vt 0.338462 0.892308
vt 0.353846 0.892308
vt 0.369231 0.892308
vt 0.384615 0.892308
vt 0.400000 0.892308
vt 0.415385 0.892308
vt 0.430769 0.892308
vt 0.446154 0.892308
vt 0.461538 0.892308
vt 0.476923 0.892308
vt 0.492308 0.892308
vt 0.507692 0.892308
vt 0.523077 0.892308
vt 0.538462 0.892308
vt 0.553846 0.892308
vt 0.569231 0.892308
vt 0.584615 0.892308
vt 0.600000 0.892308
vt 0.615385 0.892308
vt 0.630769 0.892308
vt 0.646154 0.892308
vt 0.661538 0.892308
vt 0.676923 0.892308
vt 0.692308 0.892308
vt 0.707692 0.892308
vt 0.723077 0.892308
vt 0.738462 0.892308
vt 0.753846 0.892308
vt 0.769231 0.892308
vt 0.784615 0.892308
vt 0.800000 0.892308
vt 0.815385 0.892308
vt 0.830769 0.892308
vt 0.846154 0.892308
vt 0.861538 0.892308
vt 0.876923 0.892308
vt 0.892308 0.892308
vt 0.907692 0.892308
vt 0.923077 0.892308
vt 0.938462 0.892308
vt 0.953846 0.892308
vt 0.969231 0.892308
vt 0.000000 0.876923
vt 0.015385 0.876923
vt 0.030769 0.876923
vt 0.046154 0.876923
vt 0.061538 0.876923
vt 0.076923 0.876923
vt 0.092308 0.876923
vt 0.107692 0.876923
vt 0.123077 0.876923
vt 0.138462 0.876923
vt 0.153846 0.876923
vt 0.169231 0.876923
vt 0.184615 0.876923
vt 0.200000 0.876923
vt 0.215385 0.876923
vt 0.230769 0.876923
vt 0.246154 0.876923
vt 0.261539 0.876923
vt 0.276923 0.876923
vt 0.292308 0.876923
vt 0.307692 0.876923
vt 0.323077 0.876923
vt 0.338462 0.876923
vt 0.353846 0.876923
vt 0.369231 0.876923
vt 0.384615 0.876923
vt 0.400000 0.876923
vt 0.415385 0.876923
vt 0.430769 0.876923
vt 0.446154 0.876923
vt 0.461538 0.876923
vt 0.476923 0.876923
vt 0.492308 0.876923
vt 0.507692 0.876923
vt 0.523077 0.876923
vt 0.538462 0.876923
vt 0.553846 0.876923
vt 0.569231 0.876923
vt 0.584615 0.876923
vt 0.600000 0.876923
vt 0.615385 0.876923
vt 0.630769 0.876923
vt 0.646154 0.876923
vt 0.661538 0.876923
vt 0.676923 0.876923
vt 0.692308 0.876923
vt 0.707692 0.876923
vt 0.723077 0.876923
vt 0.738462 0.876923
vt 0.753846 0.876923
vt 0.769231 0.876923
vt 0.784615 0.876923
vt 0.800000 0.876923
vt 0.815385 0.876923
vt 0.830769 0.876923
vt 0.846154 0.876923
vt 0.861538 0.876923
vt 0.876923 0.876923
vt 0.892308 0.876923
vt 0.907692 0.876923
vt 0.923077 0.876923
vt 0.938462 0.876923
vt 0.953846 0.876923
vt 0.969231 0.876923
vt 0.000000 0.861539
vt 0.015385 0.861538
vt 0.030769 0.861538
vt 0.046154 0.861539
vt 0.061538 0.861539
vt 0.076923 0.861539
vt 0.092308 0.861539
vt 0.107692 0.861539
vt 0.123077 0.861539
vt 0.138462 0.861539
vt 0.153846 0.861539
vt 0.169231 0.861539
vt 0.184615 0.861539
vt 0.200000 0.861539
vt 0.215385 0.861539
vt 0.230769 0.861539
vt 0.246154 0.861539
vt 0.261539 0.861539
vt 0.276923 0.861539
vt 0.292308 0.861539
vt 0.307692 0.861539
vt 0.323077 0.861539
vt 0.338462 0.861539
vt 0.353846 0.861539
vt 0.369231 0.861539
vt 0.384615 0.861539
vt 0.400000 0.861539
vt 0.415385 0.861539
vt 0.430769 0.861539
vt 0.446154 0.861539
vt 0.461538 0.861539
vt 0.476923 0.861539
vt 0.492308 0.861539
vt 0.507692 0.861539
vt 0.523077 0.861539
vt 0.538462 0.861539
vt 0.553846 0.861539
vt 0.569231 0.861539
vt 0.584615 0.861539
vt 0.600000 0.861539
vt 0.615385 0.861539
vt 0.630769 0.861539
vt 0.646154 0.861539
vt 0.661538 0.861539
vt 0.676923 0.861539
vt 0.692308 0.861539
vt 0.707692 0.861539
vt 0.723077 0.861539
vt 0.738462 0.861539
vt 0.753846 0.861539
vt 0.769231 0.861539
vt 0.784615 0.861539
vt 0.800000 0.861539
vt 0.815385 0.861539
vt 0.830769 0.861539
vt 0.846154 0.861539
vt 0.861538 0.861539
vt 0.876923 0.861539
vt 0.892308 0.861539
vt 0.907692 0.861539
vt 0.923077 0.861539
vt 0.938462 0.861539
vt 0.953846 0.861539
vt 0.969231 0.861539
vt 0.000000 0.846154
vt 0.015385 0.846154
vt 0.030769 0.846154
vt 0.046154 0.846154
vt 0.061538 0.846154
vt 0.076923 0.846154
vt 0.092308 0.846154
vt 0.107692 0.846154
vt 0.123077 0.846154
vt 0.138462 0.846154
vt 0.153846 0.846154
vt 0.169231 0.846154
vt 0.184615 0.846154
vt 0.200000 0.846154
vt 0.215385 0.846154
vt 0.230769 0.846154
vt 0.246154 0.846154
vt 0.261539 0.846154
vt 0.276923 0.846154
vt 0.292308 0.846154
vt 0.307692 0.846154
vt 0.323077 0.846154
vt 0.338462 0.846154
vt 0.353846 0.846154
vt 0.369231 0.846154
vt 0.384615 0.846154
vt 0.400000 0.846154
vt 0.415385 0.846154
vt 0.430769 0.846154
vt 0.446154 0.846154
vt 0.461538 0.846154
vt 0.476923 0.846154
vt 0.492308 0.846154
vt 0.507692 0.846154
vt 0.523077 0.846154
vt 0.538462 0.846154
vt 0.553846 0.846154
vt 0.569231 0.846154
vt 0.584615 0.846154
vt 0.600000 0.846154
vt 0.615385 0.846154
vt 0.630769 0.846154
vt 0.646154 0.846154
vt 0.661538 0.846154
vt 0.676923 0.846154
vt 0.692308 0.846154
vt 0.707692 0.846154
vt 0.723077 0.846154
vt 0.738462 0.846154
vt 0.753846 0.846154
vt 0.769231 0.846154
vt 0.784615 0.846154
vt 0.800000 0.846154
vt 0.815385 0.846154
vt 0.830769 0.846154
vt 0.846154 0.846154
vt 0.861538 0.846154
vt 0.876923 0.846154
vt 0.892308 0.846154
vt 0.907692 0.846154
vt 0.923077 0.846154
vt 0.938462 0.846154
vt 0.953846 0.846154
vt 0.969231 0.846154
vt 0.000000 0.830769
vt 0.015385 0.830769
vt 0.030769 0.830769
vt 0.046154 0.830769
vt 0.061538 0.830769
vt 0.076923 0.830769
vt 0.092308 0.830769
vt 0.107692 0.830769
vt 0.123077 0.830769
vt 0.138462 0.830769
vt 0.153846 0.830769
vt 0.169231 0.830769
vt 0.184615 0.830769
vt 0.200000 0.830769
vt 0.215385 0.830769
vt 0.230769 0.830769
vt 0.246154 0.830769
vt 0.261539 0.830769
vt 0.276923 0.830769
vt 0.292308 0.830769
vt 0.307692 0.830769
vt 0.323077 0.830769
vt 0.338462 0.830769
vt 0.353846 0.830769
vt 0.369231 0.830769
vt 0.384615 0.830769
vt 0.400000 0.830769
vt 0.415385 0.830769
vt 0.430769 0.830769
vt 0.446154 0.830769
vt 0.461538 0.830769
vt 0.476923 0.830769
vt 0.492308 0.830769
vt 0.507692 0.830769
vt 0.523077 0.830769
vt 0.538462 0.830769
vt 0.553846 0.830769
vt 0.569231 0.830769
vt 0.584615 0.830769
vt 0.600000 0.830769
vt 0.615385 0.830769
vt 0.630769 0.830769
vt 0.646154 0.830769
vt 0.661538 0.830769
vt 0.676923 0.830769
vt 0.692308 0.830769
vt 0.707692 0.830769
vt 0.723077 0.830769
vt 0.738462 0.830769
vt 0.753846 0.830769
vt 0.769231 0.830769
vt 0.784615 0.830769
vt 0.800000 0.830769
vt 0.815385 0.830769
vt 0.830769 0.830769
vt 0.846154 0.830769
vt 0.861538 0.830769
vt 0.876923 0.830769
vt 0.892308 0.830769
vt 0.907692 0.830769
vt 0.923077 0.830769
vt 0.938462 0.830769
vt 0.953846 0.830769
vt 0.969231 0.830769
vt 0.000000 0.815385
vt 0.015385 0.815385
vt 0.030769 0.815385
vt 0.046154 0.815385
vt 0.061538 0.815385
vt 0.076923 0.815385
vt 0.092308 0.815385
vt 0.107692 0.815385
vt 0.123077 0.815385
vt 0.138462 0.815385
vt 0.153846 0.815385
vt 0.169231 0.815385
vt 0.184615 0.815385
vt 0.200000 0.815385
vt 0.215385 0.815385
vt 0.230769 0.815385
vt 0.246154 0.815385
vt 0.261539 0.815385
vt 0.276923 0.815385
vt 0.292308 0.815385
vt 0.307692 0.815385
vt 0.323077 0.815385
vt 0.338462 0.815385
vt 0.353846 0.815385
vt 0.369231 0.815385
vt 0.384615 0.815385
vt 0.400000 0.815385
vt 0.415385 0.815385
vt 0.430769 0.815385
vt 0.446154 0.815385
vt 0.461538 0.815385
vt 0.476923 0.815385
vt 0.492308 0.815385
vt 0.507692 0.815385
vt 0.523077 0.815385
vt 0.538462 0.815385
vt 0.553846 0.815385
vt 0.569231 0.815385
vt 0.584615 0.815385
vt 0.600000 0.815385
vt 0.615385 0.815385
vt 0.630769 0.815385
vt 0.646154 0.815385
vt 0.661538 0.815385
vt 0.676923 0.815385
vt 0.692308 0.815385
vt 0.707692 0.815385
vt 0.723077 0.815385
vt 0.738462 0.815385
vt 0.753846 0.815385
vt 0.769231 0.815385
vt 0.784615 0.815385
vt 0.800000 0.815385
vt 0.815385 0.815385
vt 0.830769 0.815385
vt 0.846154 0.815385
vt 0.861538 0.815385
vt 0.876923 0.815385
vt 0.892308 0.815385
vt 0.907692 0.815385
vt 0.923077 0.815385
vt 0.938462 0.815385
vt 0.953846 0.815385
vt 0.969231 0.815385
vt 0.000000 0.800000
vt 0.015385 0.800000
vt 0.030769 0.800000
vt 0.046154 0.800000
vt 0.061538 0.800000
vt 0.076923 0.800000
vt 0.092308 0.800000
vt 0.107692 0.800000
vt 0.123077 0.800000
vt 0.138462 0.800000
vt 0.153846 0.800000
vt 0.169231 0.800000
vt 0.184615 0.800000
vt 0.200000 0.800000
vt 0.215385 0.800000
vt 0.230769 0.800000
vt 0.246154 0.800000
vt 0.261539 0.800000
vt 0.276923 0.800000
vt 0.292308 0.800000
vt 0.307692 0.800000
vt 0.323077 0.800000
vt 0.338462 0.800000
vt 0.353846 0.800000
vt 0.369231 0.800000
vt 0.384615 0.800000
vt 0.400000 0.800000
vt 0.415385 0.800000
vt 0.430769 0.800000
vt 0.446154 0.800000
vt 0.461538 0.800000
vt 0.476923 0.800000
vt 0.492308 0.800000
vt 0.507692 0.800000
vt 0.523077 0.800000
vt 0.538462 0.800000
vt 0.553846 0.800000
vt 0.569231 0.800000
vt 0.584615 0.800000
vt 0.600000 0.800000
vt 0.615385 0.800000
vt 0.630769 0.800000
vt 0.646154 0.800000
vt 0.661538 0.800000
vt 0.676923 0.800000
vt 0.692308 0.800000
vt 0.707692 0.800000
vt 0.723077 0.800000
vt 0.738462 0.800000
vt 0.753846 0.800000
vt 0.769231 0.800000
vt 0.784615 0.800000
vt 0.800000 0.800000
vt 0.815385 0.800000
vt 0.830769 0.800000
vt 0.846154 0.800000
vt 0.861538 0.800000
vt 0.876923 0.800000
vt 0.892308 0.800000
vt 0.907692 0.800000
vt 0.923077 0.800000
vt 0.938462 0.800000
vt 0.953846 0.800000
vt 0.969231 0.800000
vt 0.000000 0.784615
vt 0.015385 0.784615
vt 0.030769 0.784615
vt 0.046154 0.784615
vt 0.061538 0.784615
vt 0.076923 0.784615
vt 0.092308 0.784615
vt 0.107692 0.784615
vt 0.123077 0.784615
vt 0.138462 0.784615
vt 0.153846 0.784615
vt 0.169231 0.784615
vt 0.184615 0.784615
vt 0.200000 0.784615
vt 0.215385 0.784615
vt 0.230769 0.784615
vt 0.246154 0.784615
vt 0.261539 0.784615
vt 0.276923 0.784615
vt 0.292308 0.784615
vt 0.307692 0.784615
vt 0.323077 0.784615
vt 0.338462 0.784615
vt 0.353846 0.784615
vt 0.369231 0.784615
vt 0.384615 0.784615
vt 0.400000 0.784615
vt 0.415385 0.784615
vt 0.430769 0.784615
vt 0.446154 0.784616
vt 0.461538 0.784616
vt 0.476923 0.784616
vt 0.492308 0.784616
vt 0.507692 0.784616
vt 0.523077 0.784616
vt 0.538462 0.784616
vt 0.553846 0.784616
vt 0.569231 0.784616
vt 0.584615 0.784616
vt 0.600000 0.784616
vt 0.615385 0.784616
vt 0.630769 0.784616
vt 0.646154 0.784616
vt 0.661538 0.784616
vt 0.676923 0.784616
vt 0.692308 0.784616
vt 0.707692 0.784616
vt 0.723077 0.784616
vt 0.738462 0.784616
vt 0.753846 0.784616
vt 0.769231 0.784616
vt 0.784615 0.784616
vt 0.800000 0.784616
vt 0.815385 0.784616
vt 0.830769 0.784616
vt 0.846154 0.784616
vt 0.861538 0.784616
vt 0.876923 0.784616
vt 0.892308 0.784615
vt 0.907692 0.784615
vt 0.923077 0.784615
vt 0.938462 0.784615
vt 0.953846 0.784615
vt 0.969231 0.784615
vt 0.000000 0.769231
vt 0.015385 0.769231
vt 0.030769 0.769231
vt 0.046154 0.769231
vt 0.061538 0.769231
vt 0.076923 0.769231
vt 0.092308 0.769231
vt 0.107692 0.769231
vt 0.123077 0.769231
vt 0.138462 0.769231
vt 0.153846 0.769231
vt 0.169231 0.769231
vt 0.184615 0.769231
vt 0.200000 0.769231
vt 0.215385 0.769231
vt 0.230769 0.769231
vt 0.246154 0.769231
vt 0.261539 0.769231
vt 0.276923 0.769231
vt 0.292308 0.769231
vt 0.307692 0.769231
vt 0.323077 0.769231
vt 0.338462 0.769231
vt 0.353846 0.769231
vt 0.369231 0.769231
vt 0.384615 0.769231
vt 0.400000 0.769231
vt 0.415385 0.769231
vt 0.430769 0.769231
vt 0.446154 0.769231
vt 0.461538 0.769231
vt 0.476923 0.769231
vt 0.492308 0.769231
vt 0.507692 0.769231
vt 0.523077 0.769231
vt 0.538462 0.769231
vt 0.553846 0.769231
vt 0.569231 0.769231
vt 0.584615 0.769231
vt 0.600000 0.769231
vt 0.615385 0.769231
vt 0.630769 0.769231
vt 0.646154 0.769231
vt 0.661538 0.769231
vt 0.676923 0.769231
vt 0.692308 0.769231
vt 0.707692 0.769231
vt 0.723077 0.769231
vt 0.738462 0.769231
vt 0.753846 0.769231
vt 0.769231 0.769231
vt 0.784615 0.769231
vt 0.800000 0.769231
vt 0.815385 0.769231
vt 0.830769 0.769231
vt 0.846154 0.769231
vt 0.861538 0.769231
vt 0.876923 0.769231
vt 0.892308 0.769231
vt 0.907692 0.769231
vt 0.923077 0.769231
vt 0.938462 0.769231
vt 0.953846 0.769231
vt 0.969231 0.769231
vt 0.000000 0.753846
vt 0.015385 0.753846
vt 0.030769 0.753846
vt 0.046154 0.753846
vt 0.061538 0.753846
vt 0.076923 0.753846
vt 0.092308 0.753846
vt 0.107692 0.753846
vt 0.123077 0.753846
vt 0.138462 0.753846
vt 0.153846 0.753846
vt 0.169231 0.753846
vt 0.184615 0.753846
vt 0.200000 0.753846
vt 0.215385 0.753846
vt 0.230769 0.753846
vt 0.246154 0.753846
vt 0.261538 0.753846
vt 0.276923 0.753846
vt 0.292308 0.753846
vt 0.307692 0.753846
vt 0.323077 0.753846
vt 0.338462 0.753846
vt 0.353846 0.753846
vt 0.369231 0.753846
vt 0.384615 0.753846
vt 0.400000 0.753846
vt 0.415385 0.753846
vt 0.430769 0.753846
vt 0.446154 0.753846
vt 0.461538 0.753846
vt 0.476923 0.753846
vt 0.492308 0.753846
vt 0.507692 0.753846
vt 0.523077 0.753846
vt 0.538461 0.753846
vt 0.553846 0.753846
vt 0.569231 0.753846
vt 0.584615 0.753846
vt 0.600000 0.753846
vt 0.615385 0.753846
vt 0.630769 0.753846
vt 0.646154 0.753846
vt 0.661538 0.753846
vt 0.676923 0.753846
vt 0.692308 0.753846
vt 0.707692 0.753846
vt 0.723077 0.753846
vt 0.738461 0.753846
vt 0.753846 0.753846
vt 0.769231 0.753846
vt 0.784615 0.753846
vt 0.800000 0.753846
vt 0.815385 0.753846
vt 0.830769 0.753846
vt 0.846154 0.753846
vt 0.861538 0.753846
vt 0.876923 0.753846
vt 0.892308 0.753846
vt 0.907692 0.753846
vt 0.923077 0.753846
vt 0.938461 0.753846
vt 0.953846 0.753846
vt 0.969231 0.753846
vt 0.000000 0.738462
vt 0.015385 0.738461
vt 0.030769 0.738461
vt 0.046154 0.738462
vt 0.061538 0.738462
vt 0.076923 0.738461
vt 0.092308 0.738461
vt 0.107692 0.738461
vt 0.123077 0.738461
vt 0.138462 0.738461
vt 0.153846 0.738461
vt 0.169231 0.738461
vt 0.184615 0.738461
vt 0.200000 0.738461
vt 0.215385 0.738461
vt 0.230769 0.738461
vt 0.246154 0.738461
vt 0.261539 0.738461
vt 0.276923 0.738461
vt 0.292308 0.738461
vt 0.307692 0.738462
vt 0.323077 0.738462
vt 0.338462 0.738462
vt 0.353846 0.738462
vt 0.369231 0.738462
vt 0.384615 0.738462
vt 0.400000 0.738462
vt 0.415385 0.738462
vt 0.430769 0.738462
vt 0.446154 0.738462
vt 0.461538 0.738462
vt 0.476923 0.738462
vt 0.492308 0.738462
vt 0.507692 0.738462
vt 0.523077 0.738462
vt 0.538462 0.738462
vt 0.553846 0.738462
vt 0.569231 0.738462
vt 0.584615 0.738462
vt 0.600000 0.738462
vt 0.615385 0.738462
vt 0.630769 0.738462
vt 0.646154 0.738462
vt 0.661538 0.738462
vt 0.676923 0.738462
vt 0.692308 0.738462
vt 0.707692 0.738462
vt 0.723077 0.738462
vt 0.738462 0.738462
vt 0.753846 0.738462
vt 0.769231 0.738462
vt 0.784615 0.738462
vt 0.800000 0.738462
vt 0.815385 0.738462
vt 0.830769 0.738462
vt 0.846154 0.738462
vt 0.861538 0.738462
vt 0.876923 0.738462
vt 0.892308 0.738462
vt 0.907692 0.738462
vt 0.923077 0.738462
vt 0.938462 0.738462
vt 0.953846 0.738462
vt 0.969231 0.738462
vt 0.000000 0.723077
vt 0.015385 0.723077
vt 0.030769 0.723077
vt 0.046154 0.723077
vt 0.061538 0.723077
vt 0.076923 0.723077
vt 0.092308 0.723077
vt 0.107692 0.723077
vt 0.123077 0.723077
vt 0.138462 0.723077
vt 0.153846 0.723077
vt 0.169231 0.723077
vt 0.184615 0.723077
vt 0.200000 0.723077
vt 0.215385 0.723077
vt 0.230769 0.723077
vt 0.246154 0.723077
vt 0.261539 0.723077
vt 0.276923 0.723077
vt 0.292308 0.723077
vt 0.307692 0.723077
vt 0.323077 0.723077
vt 0.338462 0.723077
vt 0.353846 0.723077
vt 0.369231 0.723077
vt 0.384615 0.723077
vt 0.400000 0.723077
vt 0.415385 0.723077
vt 0.430769 0.723077
vt 0.446154 0.723077
vt 0.461538 0.723077
vt 0.476923 0.723077
vt 0.492308 0.723077
vt 0.507692 0.723077
vt 0.523077 0.723077
vt 0.538462 0.723077
vt 0.553846 0.723077
vt 0.569231 0.723077
vt 0.584615 0.723077
vt 0.600000 0.723077
vt 0.615385 0.723077
vt 0.630769 0.723077
vt 0.646154 0.723077
vt 0.661538 0.723077
vt 0.676923 0.723077
vt 0.692308 0.723077
vt 0.707692 0.723077
vt 0.723077 0.723077
vt 0.738462 0.723077
vt 0.753846 0.723077
vt 0.769231 0.723077
vt 0.784615 0.723077
vt 0.800000 0.723077
vt 0.815385 0.723077
vt 0.830769 0.723077
vt 0.846154 0.723077
vt 0.861538 0.723077
vt 0.876923 0.723077
vt 0.892308 0.723077
vt 0.907692 0.723077
vt 0.923077 0.723077
vt 0.938462 0.723077
vt 0.953846 0.723077
vt 0.969231 0.723077
vt 0.000000 0.707692
vt 0.015385 0.707692
vt 0.030769 0.707692
vt 0.046154 0.707692
vt 0.061538 0.707692
vt 0.076923 0.707692
vt 0.092308 0.707692
vt 0.107692 0.707692
vt 0.123077 0.707692
vt 0.138462 0.707692
vt 0.153846 0.707692
vt 0.169231 0.707692
vt 0.184615 0.707692
vt 0.200000 0.707692
vt 0.215385 0.707692
vt 0.230769 0.707692
vt 0.246154 0.707692
vt 0.261539 0.707692
vt 0.276923 0.707692
vt 0.292308 0.707692
vt 0.307692 0.707692
vt 0.323077 0.707692
vt 0.338462 0.707692
vt 0.353846 0.707692
vt 0.369231 0.707692
vt 0.384615 0.707692
vt 0.400000 0.707692
vt 0.415385 0.707692
vt 0.430769 0.707692
vt 0.446154 0.707692
vt 0.461538 0.707693
vt 0.476923 0.707693
vt 0.492308 0.707693
vt 0.507692 0.707693
vt 0.523077 0.707693
vt 0.538462 0.707693
vt 0.553846 0.707693
vt 0.569231 0.707693
vt 0.584615 0.707693
vt 0.600000 0.707693
vt 0.615385 0.707692
vt 0.630769 0.707692
vt 0.646154 0.707692
vt 0.661538 0.707692
vt 0.676923 0.707692
vt 0.692308 0.707692
vt 0.707692 0.707692
vt 0.723077 0.707692
vt 0.738462 0.707692
vt 0.753846 0.707692
vt 0.769231 0.707692
vt 0.784615 0.707692
vt 0.800000 0.707692
vt 0.815385 0.707692
vt 0.830769 0.707692
vt 0.846154 0.707692
vt 0.861538 0.707692
vt 0.876923 0.707692
vt 0.892308 0.707692
vt 0.907692 0.707692
vt 0.923077 0.707692
vt 0.938462 0.707692
vt 0.953846 0.707692
vt 0.969231 0.707692
vt 0.000000 0.692308
vt 0.015385 0.692308
vt 0.030769 0.692308
vt 0.046154 0.692308
vt 0.061538 0.692308
vt 0.076923 0.692308
vt 0.092308 0.692308
vt 0.107692 0.692308
vt 0.123077 0.692308
vt 0.138462 0.692308
vt 0.153846 0.692308
vt 0.169231 0.692308
vt 0.184615 0.692308
vt 0.200000 0.692308
vt 0.215385 0.692308
vt 0.230769 0.692308
vt 0.246154 0.692308
vt 0.261539 0.692308
vt 0.276923 0.692308
vt 0.292308 0.692308
vt 0.307692 0.692308
vt 0.323077 0.692308
vt 0.338462 0.692308
vt 0.353846 0.692308
vt 0.369231 0.692308
vt 0.384615 0.692308
vt 0.400000 0.692308
vt 0.415385 0.692308
vt 0.430769 0.692308
vt 0.446154 0.692308
vt 0.461538 0.692308
vt 0.476923 0.692308
vt 0.492308 0.692308
vt 0.507692 0.692308
vt 0.523077 0.692308
vt 0.538462 0.692308
vt 0.553846 0.692308
vt 0.569231 0.692308
vt 0.584615 0.692308
vt 0.600000 0.692308
vt 0.615385 0.692308
vt 0.630769 0.692308
vt 0.646154 0.692308
vt 0.661538 0.692308
vt 0.676923 0.692308
vt 0.692308 0.692308
vt 0.707692 0.692308
vt 0.723077 0.692308
vt 0.738462 0.692308
vt 0.753846 0.692308
vt 0.769231 0.692308
vt 0.784615 0.692308
vt 0.800000 0.692308
vt 0.815385 0.692308
vt 0.830769 0.692308
vt 0.846154 0.692308
vt 0.861538 0.692308
vt 0.876923 0.692308
vt 0.892308 0.692308
vt 0.907692 0.692308
vt 0.923077 0.692308
vt 0.938462 0.692308
vt 0.953846 0.692308
vt 0.969231 0.692308
vt 0.000000 0.676923
vt 0.015385 0.676923
vt 0.030769 0.676923
vt 0.046154 0.676923
vt 0.061538 0.676923
vt 0.076923 0.676923
vt 0.092308 0.676923
vt 0.107692 0.676923
vt 0.123077 0.676923
vt 0.138462 0.676923
vt 0.153846 0.676923
vt 0.169231 0.676923
vt 0.184615 0.676923
vt 0.200000 0.676923
vt 0.215385 0.676923
vt 0.230769 0.676923
vt 0.246154 0.676923
vt 0.261539 0.676923
vt 0.276923 0.676923
vt 0.292308 0.676923
vt 0.307692 0.676923
vt 0.323077 0.676923
vt 0.338462 0.676923
vt 0.353846 0.676923
vt 0.369231 0.676923
vt 0.384615 0.676923
vt 0.400000 0.676923
vt 0.415385 0.676923
vt 0.430769 0.676923
vt 0.446154 0.676923
vt 0.461538 0.676923
vt 0.476923 0.676923
vt 0.492308 0.676923
vt 0.507692 0.676923
vt 0.523077 0.676923
vt 0.538462 0.676923
vt 0.553846 0.676923
vt 0.569231 0.676923
vt 0.584615 0.676923
vt 0.600000 0.676923
vt 0.615385 0.676923
vt 0.630769 0.676923
vt 0.646154 0.676923
vt 0.661538 0.676923
vt 0.676923 0.676923
vt 0.692308 0.676923
vt 0.707692 0.676923
vt 0.723077 0.676923
vt 0.738462 0.676923
vt 0.753846 0.676923
vt 0.769231 0.676923
vt 0.784615 0.676923
vt 0.800000 0.676923
vt 0.815385 0.676923
vt 0.830769 0.676923
vt 0.846154 0.676923
vt 0.861538 0.676923
vt 0.876923 0.676923
vt 0.892308 0.676923
vt 0.907692 0.676923
vt 0.923077 0.676923
vt 0.938462 0.676923
vt 0.953846 0.676923
vt 0.969231 0.676923
vt 0.000000 0.661538
vt 0.015385 0.661538
vt 0.030769 0.661538
vt 0.046154 0.661538
vt 0.061538 0.661538
vt 0.076923 0.661538
vt 0.092308 0.661538
vt 0.107692 0.661538
vt 0.123077 0.661538
vt 0.138462 0.661538
vt 0.153846 0.661538
vt 0.169231 0.661539
vt 0.184615 0.661539
vt 0.200000 0.661539
vt 0.215385 0.661539
vt 0.230769 0.661539
vt 0.246154 0.661539
vt 0.261539 0.661539
vt 0.276923 0.661539
vt 0.292308 0.661539
vt 0.307692 0.661539
vt 0.323077 0.661539
vt 0.338462 0.661539
vt 0.353846 0.661539
vt 0.369231 0.661539
vt 0.384615 0.661539
vt 0.400000 0.661539
vt 0.415385 0.661538
vt 0.430769 0.661538
vt 0.446154 0.661539
vt 0.461538 0.661539
vt 0.476923 0.661539
vt 0.492308 0.661539
vt 0.507692 0.661539
vt 0.523077 0.661539
vt 0.538462 0.661539
vt 0.553846 0.661539
vt 0.569231 0.661539
vt 0.584615 0.661539
vt 0.600000 0.661539
vt 0.615385 0.661539
vt 0.630769 0.661539
vt 0.646154 0.661539
vt 0.661538 0.661539
vt 0.676923 0.661539
vt 0.692308 0.661539
vt 0.707692 0.661539
vt 0.723077 0.661539
vt 0.738462 0.661539
vt 0.753846 0.661539
vt 0.769231 0.661539
vt 0.784615 0.661539
vt 0.800000 0.661539
vt 0.815385 0.661539
vt 0.830769 0.661539
vt 0.846154 0.661539
vt 0.861538 0.661539
vt 0.876923 0.661539
vt 0.892308 0.661539
vt 0.907692 0.661539
vt 0.923077 0.661538
vt 0.938462 0.661538
vt 0.953846 0.661538
vt 0.969231 0.661538
vt 0.000000 0.646154
vt 0.015385 0.646154
vt 0.030769 0.646154
vt 0.046154 0.646154
vt 0.061538 0.646154
vt 0.076923 0.646154
vt 0.092308 0.646154
vt 0.107692 0.646154
vt 0.123077 0.646154
vt 0.138462 0.646154
vt 0.153846 0.646154
vt 0.169231 0.646154
vt 0.184615 0.646154
vt 0.200000 0.646154
vt 0.215385 0.646154
vt 0.230769 0.646154
vt 0.246154 0.646154
vt 0.261539 0.646154
vt 0.276923 0.646154
vt 0.292308 0.646154
vt 0.307692 0.646154
vt 0.323077 0.646154
vt 0.338462 0.646154
vt 0.353846 0.646154
vt 0.369231 0.646154
vt 0.384615 0.646154
vt 0.400000 0.646154
vt 0.415385 0.646154
vt 0.430769 0.646154
vt 0.446154 0.646154
vt 0.461538 0.646154
vt 0.476923 0.646154
vt 0.492308 0.646154
vt 0.507692 0.646154
vt 0.523077 0.646154
vt 0.538462 0.646154
vt 0.553846 0.646154
vt 0.569231 0.646154
vt 0.584615 0.646154
vt 0.600000 0.646154
vt 0.615385 0.646154
vt 0.630769 0.646154
vt 0.646154 0.646154
vt 0.661538 0.646154
vt 0.676923 0.646154
vt 0.692308 0.646154
vt 0.707692 0.646154
vt 0.723077 0.646154
vt 0.738462 0.646154
vt 0.753846 0.646154
vt 0.769231 0.646154
vt 0.784615 0.646154
vt 0.800000 0.646154
vt 0.815385 0.646154
vt 0.830769 0.646154
vt 0.846154 0.646154
vt 0.861538 0.646154
vt 0.876923 0.646154
vt 0.892308 0.646154
vt 0.907692 0.646154
vt 0.923077 0.646154
vt 0.938462 0.646154
vt 0.953846 0.646154
vt 0.969231 0.646154
vt 0.000000 0.630769
vt 0.015385 0.630769
vt 0.030769 0.630769
vt 0.046154 0.630769
vt 0.061538 0.630769
vt 0.076923 0.630769
vt 0.092308 0.630769
vt 0.107692 0.630769
vt 0.123077 0.630769
vt 0.138462 0.630769
vt 0.153846 0.630769
vt 0.169231 0.630769
vt 0.184615 0.630769
vt 0.200000 0.630769
vt 0.215385 0.630769
vt 0.230769 0.630769
vt 0.246154 0.630769
vt 0.261539 0.630769
vt 0.276923 0.630769
vt 0.292308 0.630769
vt 0.307692 0.630769
vt 0.323077 0.630769
vt 0.338462 0.630769
vt 0.353846 0.630769
vt 0.369231 0.630769
vt 0.384615 0.630769
vt 0.400000 0.630769
vt 0.415385 0.630769
vt 0.430769 0.630769
vt 0.446154 0.630769
vt 0.461538 0.630769
vt 0.476923 0.630769
vt 0.492308 0.630769
vt 0.507692 0.630769
vt 0.523077 0.630769
vt 0.538462 0.630769
vt 0.553846 0.630769
vt 0.569231 0.630769
vt 0.584615 0.630769
vt 0.600000 0.630769
vt 0.615385 0.630769
vt 0.630769 0.630769
vt 0.646154 0.630769
vt 0.661538 0.630769
vt 0.676923 0.630769
vt 0.692308 0.630769
vt 0.707692 0.630769
vt 0.723077 0.630769
vt 0.738462 0.630769
vt 0.753846 0.630769
vt 0.769231 0.630769
vt 0.784615 0.630769
vt 0.800000 0.630769
vt 0.815385 0.630769
vt 0.830769 0.630769
vt 0.846154 0.630769
vt 0.861538 0.630769
vt 0.876923 0.630769
vt 0.892308 0.630769
vt 0.907692 0.630769
vt 0.923077 0.630769
vt 0.938462 0.630769
vt 0.953846 0.630769
vt 0.969231 0.630769
vt 0.000000 0.615385
vt 0.015385 0.615385
vt 0.030769 0.615385
vt 0.046154 0.615385
vt 0.061538 0.615385
vt 0.076923 0.615385
vt 0.092308 0.615385
vt 0.107692 0.615385
vt 0.123077 0.615385
vt 0.138462 0.615385
vt 0.153846 0.615385
vt 0.169231 0.615385
vt 0.184615 0.615385
vt 0.200000 0.615385
vt 0.215385 0.615385
vt 0.230769 0.615385
vt 0.246154 0.615385
vt 0.261539 0.615385
vt 0.276923 0.615385
vt 0.292308 0.615385
vt 0.307692 0.615385
vt 0.323077 0.615385
vt 0.338462 0.615385
vt 0.353846 0.615385
vt 0.369231 0.615385
vt 0.384615 0.615385
vt 0.400000 0.615385
vt 0.415385 0.615385
vt 0.430769 0.615385
vt 0.446154 0.615385
vt 0.461538 0.615385
vt 0.476923 0.615385
vt 0.492308 0.615385
vt 0.507692 0.615385
vt 0.523077 0.615385
vt 0.538462 0.615385
vt 0.553846 0.615385
vt 0.569231 0.615385
vt 0.584615 0.615385
vt 0.600000 0.615385
vt 0.615385 0.615385
vt 0.630769 0.615385
vt 0.646154 0.615385
vt 0.661538 0.615385
vt 0.676923 0.615385
vt 0.692308 0.615385
vt 0.707692 0.615385
vt 0.723077 0.615385
vt 0.738462 0.615385
vt 0.753846 0.615385
vt 0.769231 0.615385
vt 0.784615 0.615385
vt 0.800000 0.615385
vt 0.815385 0.615385
vt 0.830769 0.615385
vt 0.846154 0.615385
vt 0.861538 0.615385
vt 0.876923 0.615385
vt 0.892308 0.615385
vt 0.907692 0.615385
vt 0.923077 0.615385
vt 0.938462 0.615385
vt 0.953846 0.615385
vt 0.969231 0.615385
vt 0.000000 0.600000
vt 0.015385 0.600000
vt 0.030769 0.600000
vt 0.046154 0.600000
vt 0.061538 0.600000
vt 0.076923 0.600000
vt 0.092308 0.600000
vt 0.107692 0.600000
vt 0.123077 0.600000
vt 0.138462 0.600000
vt 0.153846 0.600000
vt 0.169231 0.600000
vt 0.184615 0.600000
vt 0.200000 0.600000
vt 0.215385 0.600000
vt 0.230769 0.600000
vt 0.246154 0.600000
vt 0.261539 0.600000
vt 0.276923 0.600000
vt 0.292308 0.600000
vt 0.307692 0.600000
vt 0.323077 0.600000
vt 0.338462 0.600000
vt 0.353846 0.600000
vt 0.369231 0.600000
vt 0.384615 0.600000
vt 0.400000 0.600000
vt 0.415385 0.600000
vt 0.430769 0.600000
vt 0.446154 0.600000
vt 0.461538 0.600000
vt 0.476923 0.600000
vt 0.492308 0.600000
vt 0.507692 0.600000
vt 0.523077 0.600000
vt 0.538462 0.600000
vt 0.553846 0.600000
vt 0.569231 0.600000
vt 0.584615 0.600000
vt 0.600000 0.600000
vt 0.615385 0.600000
vt 0.630769 0.600000
vt 0.646154 0.600000
vt 0.661538 0.600000
vt 0.676923 0.600000
vt 0.692308 0.600000
vt 0.707692 0.600000
vt 0.723077 0.600000
vt 0.738462 0.600000
vt 0.753846 0.600000
vt 0.769231 0.600000
vt 0.784615 0.600000
vt 0.800000 0.600000
vt 0.815385 0.600000
vt 0.830769 0.600000
vt 0.846154 0.600000
vt 0.861538 0.600000
vt 0.876923 0.600000
vt 0.892308 0.600000
vt 0.907692 0.600000
vt 0.923077 0.600000
vt 0.938462 0.600000
vt 0.953846 0.600000
vt 0.969231 0.600000
vt 0.000000 0.584615
vt 0.015385 0.584615
vt 0.030769 0.584615
vt 0.046154 0.584615
vt 0.061538 0.584615
vt 0.076923 0.584615
vt 0.092308 0.584615
vt 0.107692 0.584615
vt 0.123077 0.584615
vt 0.138462 0.584615
vt 0.153846 0.584615
vt 0.169231 0.584615
vt 0.184615 0.584615
vt 0.200000 0.584615
vt 0.215385 0.584615
vt 0.230769 0.584615
vt 0.246154 0.584615
vt 0.261539 0.584615
vt 0.276923 0.584615
vt 0.292308 0.584615
vt 0.307692 0.584615
vt 0.323077 0.584615
vt 0.338462 0.584615
vt 0.353846 0.584615
vt 0.369231 0.584615
vt 0.384615 0.584615
vt 0.400000 0.584615
vt 0.415385 0.584615
vt 0.430769 0.584615
vt 0.446154 0.584615
vt 0.461538 0.584615
vt 0.476923 0.584615
vt 0.492308 0.584615
vt 0.507692 0.584615
vt 0.523077 0.584615
vt 0.538462 0.584615
vt 0.553846 0.584615
vt 0.569231 0.584615
vt 0.584615 0.584615
vt 0.600000 0.584615
vt 0.615385 0.584615
vt 0.630769 0.584615
vt 0.646154 0.584615
vt 0.661538 0.584615
vt 0.676923 0.584615
vt 0.692308 0.584615
vt 0.707692 0.584615
vt 0.723077 0.584615
vt 0.738462 0.584615
vt 0.753846 0.584615
vt 0.769231 0.584615
vt 0.784615 0.584615
vt 0.800000 0.584615
vt 0.815385 0.584615
vt 0.830769 0.584615
vt 0.846154 0.584615
vt 0.861538 0.584615
vt 0.876923 0.584615
vt 0.892308 0.584615
vt 0.907692 0.584615
vt 0.923077 0.584615
vt 0.938462 0.584615
vt 0.953846 0.584615
vt 0.969231 0.584615
vt 0.000000 0.569231
vt 0.015385 0.569231
vt 0.030769 0.569231
vt 0.046154 0.569231
vt 0.061538 0.569231
vt 0.076923 0.569231
vt 0.092308 0.569231
vt 0.107692 0.569231
vt 0.123077 0.569231
vt 0.138462 0.569231
vt 0.153846 0.569231
vt 0.169231 0.569231
vt 0.184615 0.569231
vt 0.200000 0.569231
vt 0.215385 0.569231
vt 0.230769 0.569231
vt 0.246154 0.569231
vt 0.261538 0.569231
vt 0.276923 0.569231
vt 0.292308 0.569231
vt 0.307692 0.569231
vt 0.323077 0.569231
vt 0.338462 0.569231
vt 0.353846 0.569231
vt 0.369231 0.569231
vt 0.384615 0.569231
vt 0.400000 0.569231
vt 0.415385 0.569231
vt 0.430769 0.569231
vt 0.446154 0.569231
vt 0.461538 0.569231
vt 0.476923 0.569231
vt 0.492308 0.569231
vt 0.507692 0.569231
vt 0.523077 0.569231
vt 0.538461 0.569231
vt 0.553846 0.569231
vt 0.569231 0.569231
vt 0.584615 0.569231
vt 0.600000 0.569231
vt 0.615385 0.569231
vt 0.630769 0.569231
vt 0.646154 0.569231
vt 0.661538 0.569231
vt 0.676923 0.569231
vt 0.692308 0.569231
vt 0.707692 0.569231
vt 0.723077 0.569231
vt 0.738461 0.569231
vt 0.753846 0.569231
vt 0.769231 0.569231
vt 0.784615 0.569231
vt 0.800000 0.569231
vt 0.815385 0.569231
vt 0.830769 0.569231
vt 0.846154 0.569231
vt 0.861538 0.569231
vt 0.876923 0.569231
vt 0.892308 0.569231
vt 0.907692 0.569231
vt 0.923077 0.569231
vt 0.938461 0.569231
vt 0.953846 0.569231
vt 0.969231 0.569231
vt 0.000000 0.553846
vt 0.015385 0.553846
vt 0.030769 0.553846
vt 0.046154 0.553846
vt 0.061538 0.553846
vt 0.076923 0.553846
vt 0.092308 0.553846
vt 0.107692 0.553846
vt 0.123077 0.553846
vt 0.138462 0.553846
vt 0.153846 0.553846
vt 0.169231 0.553846
vt 0.184615 0.553846
vt 0.200000 0.553846
vt 0.215385 0.553846
vt 0.230769 0.553846
vt 0.246154 0.553846
vt 0.261538 0.553846
vt 0.276923 0.553846
vt 0.292308 0.553846
vt 0.307692 0.553846
vt 0.323077 0.553846
vt 0.338462 0.553846
vt 0.353846 0.553846
vt 0.369231 0.553846
vt 0.384615 0.553846
vt 0.400000 0.553846
vt 0.415385 0.553846
vt 0.430769 0.553846
vt 0.446154 0.553846
vt 0.461539 0.553846
vt 0.476923 0.553846
vt 0.492308 0.553846
vt 0.507692 0.553846
vt 0.523077 0.553846
vt 0.538462 0.553846
vt 0.553846 0.553846
vt 0.569231 0.553846
vt 0.584615 0.553846
vt 0.600000 0.553846
vt 0.615385 0.553846
vt 0.630769 0.553846
vt 0.646154 0.553846
vt 0.661538 0.553846
vt 0.676923 0.553846
vt 0.692308 0.553846
vt 0.707692 0.553846
vt 0.723077 0.553846
vt 0.738462 0.553846
vt 0.753846 0.553846
vt 0.769231 0.553846
vt 0.784615 0.553846
vt 0.800000 0.553846
vt 0.815385 0.553846
vt 0.830769 0.553846
vt 0.846154 0.553846
vt 0.861538 0.553846
vt 0.876923 0.553846
vt 0.892308 0.553846
vt 0.907692 0.553846
vt 0.923077 0.553846
vt 0.938462 0.553846
vt 0.953846 0.553846
vt 0.969231 0.553846
vt 0.000000 0.538462
vt 0.015385 0.538462
vt 0.030769 0.538462
vt 0.046154 0.538462
vt 0.061538 0.538462
vt 0.076923 0.538462
vt 0.092308 0.538462
vt 0.107692 0.538462
vt 0.123077 0.538462
vt 0.138462 0.538462
vt 0.153846 0.538462
vt 0.169231 0.538462
vt 0.184615 0.538462
vt 0.200000 0.538462
vt 0.215385 0.538462
vt 0.230769 0.538462
vt 0.246154 0.538462
vt 0.261538 0.538462
vt 0.276923 0.538462
vt 0.292308 0.538462
vt 0.307692 0.538462
vt 0.323077 0.538462
vt 0.338462 0.538462
vt 0.353846 0.538462
vt 0.369231 0.538462
vt 0.384615 0.538462
vt 0.400000 0.538462
vt 0.415385 0.538462
vt 0.430769 0.538462
vt 0.446154 0.538462
vt 0.461538 0.538462
vt 0.476923 0.538462
vt 0.492308 0.538462
vt 0.507692 0.538462
vt 0.523077 0.538462
vt 0.538462 0.538462
vt 0.553846 0.538462
vt 0.569231 0.538462
vt 0.584615 0.538462
vt 0.600000 0.538462
vt 0.615385 0.538462
vt 0.630769 0.538462
vt 0.646154 0.538462
vt 0.661538 0.538462
vt 0.676923 0.538462
vt 0.692308 0.538462
vt 0.707692 0.538462
vt 0.723077 0.538462
vt 0.738462 0.538462
vt 0.753846 0.538462
vt 0.769231 0.538462
vt 0.784615 0.538462
vt 0.800000 0.538462
vt 0.815385 0.538462
vt 0.830769 0.538462
vt 0.846154 0.538462
vt 0.861538 0.538462
vt 0.876923 0.538462
vt 0.892308 0.538462
vt 0.907692 0.538462
vt 0.923077 0.538462
vt 0.938462 0.538462
vt 0.953846 0.538462
vt 0.969231 0.538462
vt 0.000000 0.523077
vt 0.015385 0.523077
vt 0.030769 0.523077
vt 0.046154 0.523077
vt 0.061538 0.523077
vt 0.076923 0.523077
vt 0.092308 0.523077
vt 0.107692 0.523077
vt 0.123077 0.523077
vt 0.138462 0.523077
vt 0.153846 0.523077
vt 0.169231 0.523077
vt 0.184615 0.523077
vt 0.200000 0.523077
vt 0.215385 0.523077
vt 0.230769 0.523077
vt 0.246154 0.523077
vt 0.261538 0.523077
vt 0.276923 0.523077
vt 0.292308 0.523077
vt 0.307692 0.523077
vt 0.323077 0.523077
vt 0.338462 0.523077
vt 0.353846 0.523077
vt 0.369231 0.523077
vt 0.384615 0.523077
vt 0.400000 0.523077
vt 0.415385 0.523077
vt 0.430769 0.523077
vt 0.446154 0.523077
vt 0.461538 0.523077
vt 0.476923 0.523077
vt 0.492308 0.523077
vt 0.507692 0.523077
vt 0.523077 0.523077
vt 0.538461 0.523077
vt 0.553846 0.523077
vt 0.569231 0.523077
vt 0.584615 0.523077
vt 0.600000 0.523077
vt 0.615384 0.523077
vt 0.630769 0.523077
vt 0.646154 0.523077
vt 0.661538 0.523077
vt 0.676923 0.523077
vt 0.692308 0.523077
vt 0.707692 0.523077
vt 0.723077 0.523077
vt 0.738461 0.523077
vt 0.753846 0.523077
vt 0.769231 0.523077
vt 0.784615 0.523077
vt 0.800000 0.523077
vt 0.815385 0.523077
vt 0.830769 0.523077
vt 0.846154 0.523077
vt 0.861538 0.523077
vt 0.876923 0.523077
vt 0.892308 0.523077
vt 0.907692 0.523077
vt 0.923077 0.523077
vt 0.938461 0.523077
vt 0.953846 0.523077
vt 0.969231 0.523077
vt 0.000000 0.507692
vt 0.015385 0.507692
vt 0.030769 0.507692
vt 0.046154 0.507692
vt 0.061538 0.507692
vt 0.076923 0.507692
vt 0.092308 0.507692
vt 0.107692 0.507692
vt 0.123077 0.507692
vt 0.138462 0.507692
vt 0.153846 0.507692
vt 0.169231 0.507692
vt 0.184615 0.507692
vt 0.200000 0.507692
vt 0.215385 0.507692
vt 0.230769 0.507692
vt 0.246154 0.507692
vt 0.261539 0.507692
vt 0.276923 0.507692
vt 0.292308 0.507692
vt 0.307692 0.507692
vt 0.323077 0.507692
vt 0.338462 0.507692
vt 0.353846 0.507692
vt 0.369231 0.507692
vt 0.384615 0.507692
vt 0.400000 0.507692
vt 0.415385 0.507692
vt 0.430769 0.507692
vt 0.446154 0.507692
vt 0.461539 0.507692
vt 0.476923 0.507692
vt 0.492308 0.507692
vt 0.507692 0.507692
vt 0.523077 0.507692
vt 0.538462 0.507692
vt 0.553846 0.507692
vt 0.569231 0.507692
vt 0.584615 0.507692
vt 0.600000 0.507692
vt 0.615385 0.507692
vt 0.630769 0.507692
vt 0.646154 0.507692
vt 0.661538 0.507692
vt 0.676923 0.507692
vt 0.692308 0.507692
vt 0.707692 0.507692
vt 0.723077 0.507692
vt 0.738462 0.507692
vt 0.753846 0.507692
vt 0.769231 0.507692
vt 0.784615 0.507692
vt 0.800000 0.507692
vt 0.815385 0.507692
vt 0.830769 0.507692
vt 0.846154 0.507692
vt 0.861539 0.507692
vt 0.876923 0.507692
vt 0.892308 0.507692
vt 0.907692 0.507692
vt 0.923077 0.507692
vt 0.938462 0.507692
vt 0.953846 0.507692
vt 0.969231 0.507692
vt 0.000000 0.492308
vt 0.015385 0.492308
vt 0.030769 0.492308
vt 0.046154 0.492308
vt 0.061538 0.492308
vt 0.076923 0.492308
vt 0.092308 0.492308
vt 0.107692 0.492308
vt 0.123077 0.492308
vt 0.138462 0.492308
vt 0.153846 0.492308
vt 0.169231 0.492308
vt 0.184615 0.492308
vt 0.200000 0.492308
vt 0.215385 0.492308
vt 0.230769 0.492308
vt 0.246154 0.492308
vt 0.261539 0.492308
vt 0.276923 0.492308
vt 0.292308 0.492308
vt 0.307692 0.492308
vt 0.323077 0.492308
vt 0.338462 0.492308
vt 0.353846 0.492308
vt 0.369231 0.492308
vt 0.384615 0.492308
vt 0.400000 0.492308
vt 0.415385 0.492308
vt 0.430769 0.492308
vt 0.446154 0.492308
vt 0.461538 0.492308
vt 0.476923 0.492308
vt 0.492308 0.492308
vt 0.507692 0.492308
vt 0.523077 0.492308
vt 0.538462 0.492308
vt 0.553846 0.492308
vt 0.569231 0.492308
vt 0.584615 0.492308
vt 0.600000 0.492308
vt 0.615385 0.492308
vt 0.630769 0.492308
vt 0.646154 0.492308
vt 0.661538 0.492308
vt 0.676923 0.492308
vt 0.692308 0.492308
vt 0.707692 0.492308
vt 0.723077 0.492308
vt 0.738462 0.492308
vt 0.753846 0.492308
vt 0.769231 0.492308
vt 0.784615 0.492308
vt 0.800000 0.492308
vt 0.815385 0.492308
vt 0.830769 0.492308
vt 0.846154 0.492308
vt 0.861539 0.492308
vt 0.876923 0.492308
vt 0.892308 0.492308
vt 0.907692 0.492308
vt 0.923077 0.492308
vt 0.938462 0.492308
vt 0.953846 0.492308
vt 0.969231 0.492308
vt 0.000000 0.476923
vt 0.015385 0.476923
vt 0.030769 0.476923
vt 0.046154 0.476923
vt 0.061538 0.476923
vt 0.076923 0.476923
vt 0.092308 0.476923
vt 0.107692 0.476923
vt 0.123077 0.476923
vt 0.138462 0.476923
vt 0.153846 0.476923
vt 0.169231 0.476923
vt 0.184615 0.476923
vt 0.200000 0.476923
vt 0.215385 0.476923
vt 0.230769 0.476923
vt 0.246154 0.476923
vt 0.261539 0.476923
vt 0.276923 0.476923
vt 0.292308 0.476923
vt 0.307692 0.476923
vt 0.323077 0.476923
vt 0.338462 0.476923
vt 0.353846 0.476923
vt 0.369231 0.476923
vt 0.384615 0.476923
vt 0.400000 0.476923
vt 0.415385 0.476923
vt 0.430769 0.476923
vt 0.446154 0.476923
vt 0.461538 0.476923
vt 0.476923 0.476923
vt 0.492308 0.476923
vt 0.507692 0.476923
vt 0.523077 0.476923
vt 0.538462 0.476923
vt 0.553846 0.476923
vt 0.569231 0.476923
vt 0.584615 0.476923
vt 0.600000 0.476923
vt 0.615385 0.476923
vt 0.630769 0.476923
vt 0.646154 0.476923
vt 0.661538 0.476923
vt 0.676923 0.476923
vt 0.692308 0.476923
vt 0.707692 0.476923
vt 0.723077 0.476923
vt 0.738462 0.476923
vt 0.753846 0.476923
vt 0.769231 0.476923
vt 0.784615 0.476923
vt 0.800000 0.476923
vt 0.815385 0.476923
vt 0.830769 0.476923
vt 0.846154 0.476923
vt 0.861538 0.476923
vt 0.876923 0.476923
vt 0.892308 0.476923
vt 0.907692 0.476923
vt 0.923077 0.476923
vt 0.938462 0.476923
vt 0.953846 0.476923
vt 0.969231 0.476923
vt 0.000000 0.461538
vt 0.015385 0.461539
vt 0.030769 0.461538
vt 0.046154 0.461538
vt 0.061538 0.461538
vt 0.076923 0.461539
vt 0.092308 0.461538
vt 0.107692 0.461538
vt 0.123077 0.461538
vt 0.138462 0.461538
vt 0.153846 0.461538
vt 0.169231 0.461539
vt 0.184615 0.461539
vt 0.200000 0.461539
vt 0.215385 0.461539
vt 0.230769 0.461539
vt 0.246154 0.461539
vt 0.261539 0.461539
vt 0.276923 0.461539
vt 0.292308 0.461539
vt 0.307692 0.461539
vt 0.323077 0.461539
vt 0.338462 0.461539
vt 0.353846 0.461539
vt 0.369231 0.461539
vt 0.384615 0.461539
vt 0.400000 0.461539
vt 0.415385 0.461539
vt 0.430769 0.461539
vt 0.446154 0.461539
vt 0.461538 0.461539
vt 0.476923 0.461539
vt 0.492308 0.461539
vt 0.507692 0.461539
vt 0.523077 0.461539
vt 0.538462 0.461539
vt 0.553846 0.461539
vt 0.569231 0.461539
vt 0.584615 0.461539
vt 0.600000 0.461539
vt 0.615385 0.461539
vt 0.630769 0.461539
vt 0.646154 0.461539
vt 0.661538 0.461539
vt 0.676923 0.461539
vt 0.692308 0.461539
vt 0.707692 0.461539
vt 0.723077 0.461539
vt 0.738462 0.461539
vt 0.753846 0.461539
vt 0.769231 0.461539
vt 0.784615 0.461539
vt 0.800000 0.461539
vt 0.815385 0.461539
vt 0.830769 0.461539
vt 0.846154 0.461539
vt 0.861538 0.461539
vt 0.876923 0.461539
vt 0.892308 0.461539
vt 0.907692 0.461539
vt 0.923077 0.461539
vt 0.938462 0.461539
vt 0.953846 0.461539
vt 0.969231 0.461539
vt 0.000000 0.446154
vt 0.015385 0.446154
vt 0.030769 0.446154
vt 0.046154 0.446154
vt 0.061538 0.446154
vt 0.076923 0.446154
vt 0.092308 0.446154
vt 0.107692 0.446154
vt 0.123077 0.446154
vt 0.138462 0.446154
vt 0.153846 0.446154
vt 0.169231 0.446154
vt 0.184615 0.446154
vt 0.200000 0.446154
vt 0.215385 0.446154
vt 0.230769 0.446154
vt 0.246154 0.446154
vt 0.261539 0.446154
vt 0.276923 0.446154
vt 0.292308 0.446154
vt 0.307692 0.446154
vt 0.323077 0.446154
vt 0.338462 0.446154
vt 0.353846 0.446154
vt 0.369231 0.446154
vt 0.384615 0.446154
vt 0.400000 0.446154
vt 0.415385 0.446154
vt 0.430769 0.446154
vt 0.446154 0.446154
vt 0.461538 0.446154
vt 0.476923 0.446154
vt 0.492308 0.446154
vt 0.507692 0.446154
vt 0.523077 0.446154
vt 0.538462 0.446154
vt 0.553846 0.446154
vt 0.569231 0.446154
vt 0.584615 0.446154
vt 0.600000 0.446154
vt 0.615385 0.446154
vt 0.630769 0.446154
vt 0.646154 0.446154
vt 0.661538 0.446154
vt 0.676923 0.446154
vt 0.692308 0.446154
vt 0.707692 0.446154
vt 0.723077 0.446154
vt 0.738462 0.446154
vt 0.753846 0.446154
vt 0.769231 0.446154
vt 0.784615 0.446154
vt 0.800000 0.446154
vt 0.815385 0.446154
vt 0.830769 0.446154
vt 0.846154 0.446154
vt 0.861538 0.446154
vt 0.876923 0.446154
vt 0.892308 0.446154
vt 0.907692 0.446154
vt 0.923077 0.446154
vt 0.938462 0.446154
vt 0.953846 0.446154
vt 0.969231 0.446154
vt 0.000000 0.430769
vt 0.015385 0.430769
vt 0.030769 0.430769
vt 0.046154 0.430769
vt 0.061538 0.430769
vt 0.076923 0.430769
vt 0.092308 0.430769
vt 0.107692 0.430769
vt 0.123077 0.430769
vt 0.138462 0.430769
vt 0.153846 0.430769
vt 0.169231 0.430769
vt 0.184615 0.430769
vt 0.200000 0.430769
vt 0.215385 0.430769
vt 0.230769 0.430769
vt 0.246154 0.430769
vt 0.261539 0.430769
vt 0.276923 0.430769
vt 0.292308 0.430769
vt 0.307692 0.430769
vt 0.323077 0.430769
vt 0.338462 0.430769
vt 0.353846 0.430769
vt 0.369231 0.430769
vt 0.384615 0.430769
vt 0.400000 0.430769
vt 0.415385 0.430769
vt 0.430769 0.430769
vt 0.446154 0.430769
vt 0.461538 0.430769
vt 0.476923 0.430769
vt 0.492308 0.430769
vt 0.507692 0.430769
vt 0.523077 0.430769
vt 0.538462 0.430769
vt 0.553846 0.430769
vt 0.569231 0.430769
vt 0.584615 0.430769
vt 0.600000 0.430769
vt 0.615385 0.430769
vt 0.630769 0.430769
vt 0.646154 0.430769
vt 0.661538 0.430769
vt 0.676923 0.430769
vt 0.692308 0.430769
vt 0.707692 0.430769
vt 0.723077 0.430769
vt 0.738462 0.430769
vt 0.753846 0.430769
vt 0.769231 0.430769
vt 0.784615 0.430769
vt 0.800000 0.430769
vt 0.815385 0.430769
vt 0.830769 0.430769
vt 0.846154 0.430769
vt 0.861538 0.430769
vt 0.876923 0.430769
vt 0.892308 0.430769
vt 0.907692 0.430769
vt 0.923077 0.430769
vt 0.938462 0.430769
vt 0.953846 0.430769
vt 0.969231 0.430769
vt 0.000000 0.415385
vt 0.015385 0.415385
vt 0.030769 0.415385
vt 0.046154 0.415385
vt 0.061538 0.415385
vt 0.076923 0.415385
vt 0.092308 0.415385
vt 0.107692 0.415385
vt 0.123077 0.415385
vt 0.138462 0.415385
vt 0.153846 0.415385
vt 0.169231 0.415385
vt 0.184615 0.415385
vt 0.200000 0.415385
vt 0.215385 0.415385
vt 0.230769 0.415385
vt 0.246154 0.415385
vt 0.261539 0.415385
vt 0.276923 0.415385
vt 0.292308 0.415385
vt 0.307692 0.415385
vt 0.323077 0.415385
vt 0.338462 0.415385
vt 0.353846 0.415385
vt 0.369231 0.415385
vt 0.384615 0.415385
vt 0.400000 0.415385
vt 0.415385 0.415385
vt 0.430769 0.415385
vt 0.446154 0.415385
vt 0.461538 0.415385
vt 0.476923 0.415385
vt 0.492308 0.415385
vt 0.507692 0.415385
vt 0.523077 0.415385
vt 0.538462 0.415385
vt 0.553846 0.415385
vt 0.569231 0.415385
vt 0.584615 0.415385
vt 0.600000 0.415385
vt 0.615385 0.415385
vt 0.630769 0.415385
vt 0.646154 0.415385
vt 0.661538 0.415385
vt 0.676923 0.415385
vt 0.692308 0.415385
vt 0.707692 0.415385
vt 0.723077 0.415385
vt 0.738462 0.415385
vt 0.753846 0.415385
vt 0.769231 0.415385
vt 0.784615 0.415385
vt 0.800000 0.415385
vt 0.815385 0.415385
vt 0.830769 0.415385
vt 0.846154 0.415385
vt 0.861538 0.415385
vt 0.876923 0.415385
vt 0.892308 0.415385
vt 0.907692 0.415385
vt 0.923077 0.415385
vt 0.938462 0.415385
vt 0.953846 0.415385
vt 0.969231 0.415385
vt 0.000000 0.400000
vt 0.015385 0.400000
vt 0.030769 0.400000
vt 0.046154 0.400000
vt 0.061538 0.400000
vt 0.076923 0.400000
vt 0.092308 0.400000
vt 0.107692 0.400000
vt 0.123077 0.400000
vt 0.138462 0.400000
vt 0.153846 0.400000
vt 0.169231 0.400000
vt 0.184615 0.400000
vt 0.200000 0.400000
vt 0.215385 0.400000
vt 0.230769 0.400000
vt 0.246154 0.400000
vt 0.261539 0.400000
vt 0.276923 0.400000
vt 0.292308 0.400000
vt 0.307692 0.400000
vt 0.323077 0.400000
vt 0.338462 0.400000
vt 0.353846 0.400000
vt 0.369231 0.400000
vt 0.384615 0.400000
vt 0.400000 0.400000
vt 0.415385 0.400000
vt 0.430769 0.400000
vt 0.446154 0.400000
vt 0.461538 0.400000
vt 0.476923 0.400000
vt 0.492308 0.400000
vt 0.507692 0.400000
vt 0.523077 0.400000
vt 0.538462 0.400000
vt 0.553846 0.400000
vt 0.569231 0.400000
vt 0.584615 0.400000
vt 0.600000 0.400000
vt 0.615385 0.400000
vt 0.630769 0.400000
vt 0.646154 0.400000
vt 0.661538 0.400000
vt 0.676923 0.400000
vt 0.692308 0.400000
vt 0.707692 0.400000
vt 0.723077 0.400000
vt 0.738462 0.400000
vt 0.753846 0.400000
vt 0.769231 0.400000
vt 0.784615 0.400000
vt 0.800000 0.400000
vt 0.815385 0.400000
vt 0.830769 0.400000
vt 0.846154 0.400000
vt 0.861538 0.400000
vt 0.876923 0.400000
vt 0.892308 0.400000
vt 0.907692 0.400000
vt 0.923077 0.400000
vt 0.938462 0.400000
vt 0.953846 0.400000
vt 0.969231 0.400000
vt 0.000000 0.384615
vt 0.015385 0.384615
vt 0.030769 0.384615
vt 0.046154 0.384615
vt 0.061538 0.384615
vt 0.076923 0.384615
vt 0.092308 0.384615
vt 0.107692 0.384615
vt 0.123077 0.384615
vt 0.138462 0.384615
vt 0.153846 0.384615
vt 0.169231 0.384615
vt 0.184615 0.384615
vt 0.200000 0.384615
vt 0.215385 0.384615
vt 0.230769 0.384615
vt 0.246154 0.384615
vt 0.261539 0.384615
vt 0.276923 0.384615
vt 0.292308 0.384615
vt 0.307692 0.384615
vt 0.323077 0.384615
vt 0.338462 0.384615
vt 0.353846 0.384615
vt 0.369231 0.384615
vt 0.384615 0.384615
vt 0.400000 0.384616
vt 0.415385 0.384616
vt 0.430769 0.384615
vt 0.446154 0.384615
vt 0.461538 0.384615
vt 0.476923 0.384615
vt 0.492308 0.384616
vt 0.507692 0.384616
vt 0.523077 0.384616
vt 0.538462 0.384616
vt 0.553846 0.384616
vt 0.569231 0.384616
vt 0.584615 0.384616
vt 0.600000 0.384616
vt 0.615385 0.384616
vt 0.630769 0.384616
vt 0.646154 0.384616
vt 0.661538 0.384616
vt 0.676923 0.384616
vt 0.692308 0.384616
vt 0.707692 0.384616
vt 0.723077 0.384616
vt 0.738462 0.384616
vt 0.753846 0.384616
vt 0.769231 0.384616
vt 0.784615 0.384616
vt 0.800000 0.384616
vt 0.815385 0.384616
vt 0.830769 0.384616
vt 0.846154 0.384616
vt 0.861538 0.384616
vt 0.876923 0.384616
vt 0.892308 0.384615
vt 0.907692 0.384616
vt 0.923077 0.384615
vt 0.938462 0.384615
vt 0.953846 0.384615
vt 0.969231 0.384615
vt 0.000000 0.369231
vt 0.015385 0.369231
vt 0.030769 0.369231
vt 0.046154 0.369231
vt 0.061538 0.369231
vt 0.076923 0.369231
vt 0.092308 0.369231
vt 0.107692 0.369231
vt 0.123077 0.369231
vt 0.138462 0.369231
vt 0.153846 0.369231
vt 0.169231 0.369231
vt 0.184615 0.369231
vt 0.200000 0.369231
vt 0.215385 0.369231
vt 0.230769 0.369231
vt 0.246154 0.369231
vt 0.261539 0.369231
vt 0.276923 0.369231
vt 0.292308 0.369231
vt 0.307692 0.369231
vt 0.323077 0.369231
vt 0.338462 0.369231
vt 0.353846 0.369231
vt 0.369231 0.369231
vt 0.384615 0.369231
vt 0.400000 0.369231
vt 0.415385 0.369231
vt 0.430769 0.369231
vt 0.446154 0.369231
vt 0.461538 0.369231
vt 0.476923 0.369231
vt 0.492308 0.369231
vt 0.507692 0.369231
vt 0.523077 0.369231
vt 0.538462 0.369231
vt 0.553846 0.369231
vt 0.569231 0.369231
vt 0.584615 0.369231
vt 0.600000 0.369231
vt 0.615385 0.369231
vt 0.630769 0.369231
vt 0.646154 0.369231
vt 0.661538 0.369231
vt 0.676923 0.369231
vt 0.692308 0.369231
vt 0.707692 0.369231
vt 0.723077 0.369231
vt 0.738462 0.369231
vt 0.753846 0.369231
vt 0.769231 0.369231
vt 0.784615 0.369231
vt 0.800000 0.369231
vt 0.815385 0.369231
vt 0.830769 0.369231
vt 0.846154 0.369231
vt 0.861538 0.369231
vt 0.876923 0.369231
vt 0.892308 0.369231
vt 0.907692 0.369231
vt 0.923077 0.369231
vt 0.938462 0.369231
vt 0.953846 0.369231
vt 0.969231 0.369231
vt 0.000000 0.353846
vt 0.015385 0.353846
vt 0.030769 0.353846
vt 0.046154 0.353846
vt 0.061538 0.353846
vt 0.076923 0.353846
vt 0.092308 0.353846
vt 0.107692 0.353846
vt 0.123077 0.353846
vt 0.138462 0.353846
vt 0.153846 0.353846
vt 0.169231 0.353846
vt 0.184615 0.353846
vt 0.200000 0.353846
vt 0.215385 0.353846
vt 0.230769 0.353846
vt 0.246154 0.353846
vt 0.261539 0.353846
vt 0.276923 0.353846
vt 0.292308 0.353846
vt 0.307692 0.353846
vt 0.323077 0.353846
vt 0.338462 0.353846
vt 0.353846 0.353846
vt 0.369231 0.353846
vt 0.384615 0.353846
vt 0.400000 0.353846
vt 0.415385 0.353846
vt 0.430769 0.353846
vt 0.446154 0.353846
vt 0.461538 0.353846
vt 0.476923 0.353846
vt 0.492308 0.353846
vt 0.507692 0.353846
vt 0.523077 0.353846
vt 0.538462 0.353846
vt 0.553846 0.353846
vt 0.569231 0.353846
vt 0.584615 0.353846
vt 0.600000 0.353846
vt 0.615385 0.353846
vt 0.630769 0.353846
vt 0.646154 0.353846
vt 0.661538 0.353846
vt 0.676923 0.353846
vt 0.692308 0.353846
vt 0.707692 0.353846
vt 0.723077 0.353846
vt 0.738462 0.353846
vt 0.753846 0.353846
vt 0.769231 0.353846
vt 0.784615 0.353846
vt 0.800000 0.353846
vt 0.815385 0.353846
vt 0.830769 0.353846
vt 0.846154 0.353846
vt 0.861538 0.353846
vt 0.876923 0.353846
vt 0.892308 0.353846
vt 0.907692 0.353846
vt 0.923077 0.353846
vt 0.938462 0.353846
vt 0.953846 0.353846
vt 0.969231 0.353846
vt 0.000000 0.338462
vt 0.015385 0.338462
vt 0.030769 0.338462
vt 0.046154 0.338462
vt 0.061538 0.338462
vt 0.076923 0.338462
vt 0.092308 0.338462
vt 0.107692 0.338462
vt 0.123077 0.338462
vt 0.138462 0.338462
vt 0.153846 0.338462
vt 0.169231 0.338462
vt 0.184615 0.338462
vt 0.200000 0.338462
vt 0.215385 0.338462
vt 0.230769 0.338462
vt 0.246154 0.338462
vt 0.261539 0.338462
vt 0.276923 0.338462
vt 0.292308 0.338462
vt 0.307692 0.338462
vt 0.323077 0.338462
vt 0.338462 0.338462
vt 0.353846 0.338462
vt 0.369231 0.338462
vt 0.384615 0.338462
vt 0.400000 0.338462
vt 0.415385 0.338462
vt 0.430769 0.338462
vt 0.446154 0.338462
vt 0.461538 0.338462
vt 0.476923 0.338462
vt 0.492308 0.338462
vt 0.507692 0.338462
vt 0.523077 0.338462
vt 0.538462 0.338462
vt 0.553846 0.338462
vt 0.569231 0.338462
vt 0.584615 0.338462
vt 0.600000 0.338462
vt 0.615385 0.338462
vt 0.630769 0.338462
vt 0.646154 0.338462
vt 0.661538 0.338462
vt 0.676923 0.338462
vt 0.692308 0.338462
vt 0.707692 0.338462
vt 0.723077 0.338462
vt 0.738462 0.338462
vt 0.753846 0.338462
vt 0.769231 0.338462
vt 0.784615 0.338462
vt 0.800000 0.338462
vt 0.815385 0.338462
vt 0.830769 0.338462
vt 0.846154 0.338462
vt 0.861538 0.338462
vt 0.876923 0.338462
vt 0.892308 0.338462
vt 0.907692 0.338462
vt 0.923077 0.338462
vt 0.938462 0.338462
vt 0.953846 0.338462
vt 0.969231 0.338462
vt 0.000000 0.323077
vt 0.015385 0.323077
vt 0.030769 0.323077
vt 0.046154 0.323077
vt 0.061538 0.323077
vt 0.076923 0.323077
vt 0.092308 0.323077
vt 0.107692 0.323077
vt 0.123077 0.323077
vt 0.138462 0.323077
vt 0.153846 0.323077
vt 0.169231 0.323077
vt 0.184615 0.323077
vt 0.200000 0.323077
vt 0.215385 0.323077
vt 0.230769 0.323077
vt 0.246154 0.323077
vt 0.261539 0.323077
vt 0.276923 0.323077
vt 0.292308 0.323077
vt 0.307692 0.323077
vt 0.323077 0.323077
vt 0.338462 0.323077
vt 0.353846 0.323077
vt 0.369231 0.323077
vt 0.384615 0.323077
vt 0.400000 0.323077
vt 0.415385 0.323077
vt 0.430769 0.323077
vt 0.446154 0.323077
vt 0.461538 0.323077
vt 0.476923 0.323077
vt 0.492308 0.323077
vt 0.507692 0.323077
vt 0.523077 0.323077
vt 0.538462 0.323077
vt 0.553846 0.323077
vt 0.569231 0.323077
vt 0.584615 0.323077
vt 0.600000 0.323077
vt 0.615385 0.323077
vt 0.630769 0.323077
vt 0.646154 0.323077
vt 0.661538 0.323077
vt 0.676923 0.323077
vt 0.692308 0.323077
vt 0.707692 0.323077
vt 0.723077 0.323077
vt 0.738462 0.323077
vt 0.753846 0.323077
vt 0.769231 0.323077
vt 0.784615 0.323077
vt 0.800000 0.323077
vt 0.815385 0.323077
vt 0.830769 0.323077
vt 0.846154 0.323077
vt 0.861538 0.323077
vt 0.876923 0.323077
vt 0.892308 0.323077
vt 0.907692 0.323077
vt 0.923077 0.323077
vt 0.938462 0.323077
vt 0.953846 0.323077
vt 0.969231 0.323077
vt 0.000000 0.307692
vt 0.015385 0.307692
vt 0.030769 0.307692
vt 0.046154 0.307692
vt 0.061538 0.307692
vt 0.076923 0.307692
vt 0.092308 0.307692
vt 0.107692 0.307692
vt 0.123077 0.307692
vt 0.138462 0.307692
vt 0.153846 0.307692
vt 0.169231 0.307692
vt 0.184615 0.307692
vt 0.200000 0.307692
vt 0.215385 0.307692
vt 0.230769 0.307692
vt 0.246154 0.307692
vt 0.261539 0.307692
vt 0.276923 0.307692
vt 0.292308 0.307692
vt 0.307692 0.307692
vt 0.323077 0.307692
vt 0.338462 0.307692
vt 0.353846 0.307692
vt 0.369231 0.307692
vt 0.384615 0.307692
vt 0.400000 0.307692
vt 0.415385 0.307692
vt 0.430769 0.307692
vt 0.446154 0.307692
vt 0.461538 0.307692
vt 0.476923 0.307692
vt 0.492308 0.307692
vt 0.507692 0.307692
vt 0.523077 0.307692
vt 0.538462 0.307692
vt 0.553846 0.307692
vt 0.569231 0.307692
vt 0.584615 0.307692
vt 0.600000 0.307692
vt 0.615385 0.307692
vt 0.630769 0.307692
vt 0.646154 0.307692
vt 0.661538 0.307692
vt 0.676923 0.307692
vt 0.692308 0.307692
vt 0.707692 0.307692
vt 0.723077 0.307692
vt 0.738462 0.307692
vt 0.753846 0.307692
vt 0.769231 0.307692
vt 0.784615 0.307692
vt 0.800000 0.307692
vt 0.815385 0.307692
vt 0.830769 0.307692
vt 0.846154 0.307692
vt 0.861538 0.307692
vt 0.876923 0.307692
vt 0.892308 0.307692
vt 0.907692 0.307692
vt 0.923077 0.307692
vt 0.938462 0.307692
vt 0.953846 0.307692
vt 0.969231 0.307692
vt 0.000000 0.292308
vt 0.015385 0.292308
vt 0.030769 0.292308
vt 0.046154 0.292308
vt 0.061538 0.292308
vt 0.076923 0.292308
vt 0.092308 0.292308
vt 0.107692 0.292308
vt 0.123077 0.292308
vt 0.138462 0.292308
vt 0.153846 0.292308
vt 0.169231 0.292308
vt 0.184615 0.292308
vt 0.200000 0.292308
vt 0.215385 0.292308
vt 0.230769 0.292308
vt 0.246154 0.292308
vt 0.261539 0.292308
vt 0.276923 0.292308
vt 0.292308 0.292308
vt 0.307692 0.292308
vt 0.323077 0.292308
vt 0.338462 0.292308
vt 0.353846 0.292308
vt 0.369231 0.292308
vt 0.384615 0.292308
vt 0.400000 0.292308
vt 0.415385 0.292308
vt 0.430769 0.292308
vt 0.446154 0.292308
vt 0.461538 0.292308
vt 0.476923 0.292308
vt 0.492308 0.292308
vt 0.507692 0.292308
vt 0.523077 0.292308
vt 0.538462 0.292308
vt 0.553846 0.292308
vt 0.569231 0.292308
vt 0.584615 0.292308
vt 0.600000 0.292308
vt 0.615385 0.292308
vt 0.630769 0.292308
vt 0.646154 0.292308
vt 0.661538 0.292308
vt 0.676923 0.292308
vt 0.692308 0.292308
vt 0.707692 0.292308
vt 0.723077 0.292308
vt 0.738462 0.292308
vt 0.753846 0.292308
vt 0.769231 0.292308
vt 0.784615 0.292308
vt 0.800000 0.292308
vt 0.815385 0.292308
vt 0.830769 0.292308
vt 0.846154 0.292308
vt 0.861538 0.292308
vt 0.876923 0.292308
vt 0.892308 0.292308
vt 0.907692 0.292308
vt 0.923077 0.292308
vt 0.938462 0.292308
vt 0.953846 0.292308
vt 0.969231 0.292308
vt 0.000000 0.276923
vt 0.015385 0.276923
vt 0.030769 0.276923
vt 0.046154 0.276923
vt 0.061538 0.276923
vt 0.076923 0.276923
vt 0.092308 0.276923
vt 0.107692 0.276923
vt 0.123077 0.276923
vt 0.138462 0.276923
vt 0.153846 0.276923
vt 0.169231 0.276923
vt 0.184615 0.276923
vt 0.200000 0.276923
vt 0.215385 0.276923
vt 0.230769 0.276923
vt 0.246154 0.276923
vt 0.261539 0.276923
vt 0.276923 0.276923
vt 0.292308 0.276923
vt 0.307692 0.276923
vt 0.323077 0.276923
vt 0.338462 0.276923
vt 0.353846 0.276923
vt 0.369231 0.276923
vt 0.384615 0.276923
vt 0.400000 0.276923
vt 0.415385 0.276923
vt 0.430769 0.276923
vt 0.446154 0.276923
vt 0.461538 0.276923
vt 0.476923 0.276923
vt 0.492308 0.276923
vt 0.507692 0.276923
vt 0.523077 0.276923
vt 0.538462 0.276923
vt 0.553846 0.276923
vt 0.569231 0.276923
vt 0.584615 0.276923
vt 0.600000 0.276923
vt 0.615385 0.276923
vt 0.630769 0.276923
vt 0.646154 0.276923
vt 0.661538 0.276923
vt 0.676923 0.276923
vt 0.692308 0.276923
vt 0.707692 0.276923
vt 0.723077 0.276923
vt 0.738462 0.276923
vt 0.753846 0.276923
vt 0.769231 0.276923
vt 0.784615 0.276923
vt 0.800000 0.276923
vt 0.815385 0.276923
vt 0.830769 0.276923
vt 0.846154 0.276923
vt 0.861538 0.276923
vt 0.876923 0.276923
vt 0.892308 0.276923
vt 0.907692 0.276923
vt 0.923077 0.276923
vt 0.938462 0.276923
vt 0.953846 0.276923
vt 0.969231 0.276923
vt 0.000000 0.261539
vt 0.015385 0.261539
vt 0.030769 0.261539
vt 0.046154 0.261539
vt 0.061538 0.261539
vt 0.076923 0.261539
vt 0.092308 0.261539
vt 0.107692 0.261539
vt 0.123077 0.261539
vt 0.138462 0.261539
vt 0.153846 0.261539
vt 0.169231 0.261539
vt 0.184615 0.261539
vt 0.200000 0.261539
vt 0.215385 0.261539
vt 0.230769 0.261539
vt 0.246154 0.261539
vt 0.261539 0.261539
vt 0.276923 0.261539
vt 0.292308 0.261539
vt 0.307692 0.261539
vt 0.323077 0.261539
vt 0.338462 0.261539
vt 0.353846 0.261539
vt 0.369231 0.261539
vt 0.384615 0.261539
vt 0.400000 0.261539
vt 0.415385 0.261539
vt 0.430769 0.261539
vt 0.446154 0.261539
vt 0.461538 0.261539
vt 0.476923 0.261539
vt 0.492308 0.261539
vt 0.507692 0.261539
vt 0.523077 0.261539
vt 0.538462 0.261539
vt 0.553846 0.261539
vt 0.569231 0.261539
vt 0.584615 0.261539
vt 0.600000 0.261539
vt 0.615385 0.261539
vt 0.630769 0.261539
vt 0.646154 0.261539
vt 0.661538 0.261539
vt 0.676923 0.261539
vt 0.692308 0.261539
vt 0.707692 0.261539
vt 0.723077 0.261539
vt 0.738462 0.261539
vt 0.753846 0.261539
vt 0.769231 0.261539
vt 0.784615 0.261539
vt 0.800000 0.261539
vt 0.815385 0.261539
vt 0.830769 0.261539
vt 0.846154 0.261539
vt 0.861538 0.261539
vt 0.876923 0.261539
vt 0.892308 0.261539
vt 0.907692 0.261539
vt 0.923077 0.261539
vt 0.938462 0.261539
vt 0.953846 0.261539
vt 0.969231 0.261539
vt 0.000000 0.246154
vt 0.015385 0.246154
vt 0.030769 0.246154
vt 0.046154 0.246154
vt 0.061538 0.246154
vt 0.076923 0.246154
vt 0.092308 0.246154
vt 0.107692 0.246154
vt 0.123077 0.246154
vt 0.138462 0.246154
vt 0.153846 0.246154
vt 0.169231 0.246154
vt 0.184615 0.246154
vt 0.200000 0.246154
vt 0.215385 0.246154
vt 0.230769 0.246154
vt 0.246154 0.246154
vt 0.261539 0.246154
vt 0.276923 0.246154
vt 0.292308 0.246154
vt 0.307692 0.246154
vt 0.323077 0.246154
vt 0.338462 0.246154
vt 0.353846 0.246154
vt 0.369231 0.246154
vt 0.384615 0.246154
vt 0.400000 0.246154
vt 0.415385 0.246154
vt 0.430769 0.246154
vt 0.446154 0.246154
vt 0.461538 0.246154
vt 0.476923 0.246154
vt 0.492308 0.246154
vt 0.507692 0.246154
vt 0.523077 0.246154
vt 0.538462 0.246154
vt 0.553846 0.246154
vt 0.569231 0.246154
vt 0.584615 0.246154
vt 0.600000 0.246154
vt 0.615385 0.246154
vt 0.630769 0.246154
vt 0.646154 0.246154
vt 0.661538 0.246154
vt 0.676923 0.246154
vt 0.692308 0.246154
vt 0.707692 0.246154
vt 0.723077 0.246154
vt 0.738462 0.246154
vt 0.753846 0.246154
vt 0.769231 0.246154
vt 0.784615 0.246154
vt 0.800000 0.246154
vt 0.815385 0.246154
vt 0.830769 0.246154
vt 0.846154 0.246154
vt 0.861538 0.246154
vt 0.876923 0.246154
vt 0.892308 0.246154
vt 0.907692 0.246154
vt 0.923077 0.246154
vt 0.938462 0.246154
vt 0.953846 0.246154
vt 0.969231 0.246154
vt 0.000000 0.230769
vt 0.015385 0.230769
vt 0.030769 0.230769
vt 0.046154 0.230769
vt 0.061538 0.230769
vt 0.076923 0.230769
vt 0.092308 0.230769
vt 0.107692 0.230769
vt 0.123077 0.230769
vt 0.138462 0.230769
vt 0.153846 0.230769
vt 0.169231 0.230769
vt 0.184615 0.230769
vt 0.200000 0.230769
vt 0.215385 0.230769
vt 0.230769 0.230769
vt 0.246154 0.230769
vt 0.261539 0.230769
vt 0.276923 0.230769
vt 0.292308 0.230769
vt 0.307692 0.230769
vt 0.323077 0.230769
vt 0.338462 0.230769
vt 0.353846 0.230769
vt 0.369231 0.230769
vt 0.384615 0.230769
vt 0.400000 0.230769
vt 0.415385 0.230769
vt 0.430769 0.230769
vt 0.446154 0.230769
vt 0.461538 0.230769
vt 0.476923 0.230769
vt 0.492308 0.230769
vt 0.507692 0.230769
vt 0.523077 0.230769
vt 0.538462 0.230769
vt 0.553846 0.230769
vt 0.569231 0.230769
vt 0.584615 0.230769
vt 0.600000 0.230769
vt 0.615385 0.230769
vt 0.630769 0.230769
vt 0.646154 0.230769
vt 0.661538 0.230769
vt 0.676923 0.230769
vt 0.692308 0.230769
vt 0.707692 0.230769
vt 0.723077 0.230769
vt 0.738462 0.230769
vt 0.753846 0.230769
vt 0.769231 0.230769
vt 0.784615 0.230769
vt 0.800000 0.230769
vt 0.815385 0.230769
vt 0.830769 0.230769
vt 0.846154 0.230769
vt 0.861538 0.230769
vt 0.876923 0.230769
vt 0.892308 0.230769
vt 0.907692 0.230769
vt 0.923077 0.230769
vt 0.938462 0.230769
vt 0.953846 0.230769
vt 0.969231 0.230769
vt 0.000000 0.215385
vt 0.015385 0.215385
vt 0.030769 0.215385
vt 0.046154 0.215385
vt 0.061538 0.215385
vt 0.076923 0.215385
vt 0.092308 0.215385
vt 0.107692 0.215385
vt 0.123077 0.215385
vt 0.138462 0.215385
vt 0.153846 0.215385
vt 0.169231 0.215385
vt 0.184615 0.215385
vt 0.200000 0.215385
vt 0.215385 0.215385
vt 0.230769 0.215385
vt 0.246154 0.215385
vt 0.261539 0.215385
vt 0.276923 0.215385
vt 0.292308 0.215385
vt 0.307692 0.215385
vt 0.323077 0.215385
vt 0.338462 0.215385
vt 0.353846 0.215385
vt 0.369231 0.215385
vt 0.384615 0.215385
vt 0.400000 0.215385
vt 0.415385 0.215385
vt 0.430769 0.215385
vt 0.446154 0.215385
vt 0.461538 0.215385
vt 0.476923 0.215385
vt 0.492308 0.215385
vt 0.507692 0.215385
vt 0.523077 0.215385
vt 0.538462 0.215385
vt 0.553846 0.215385
vt 0.569231 0.215385
vt 0.584615 0.215385
vt 0.600000 0.215385
vt 0.615385 0.215385
vt 0.630769 0.215385
vt 0.646154 0.215385
vt 0.661538 0.215385
vt 0.676923 0.215385
vt 0.692308 0.215385
vt 0.707692 0.215385
vt 0.723077 0.215385
vt 0.738462 0.215385
vt 0.753846 0.215385
vt 0.769231 0.215385
vt 0.784615 0.215385
vt 0.800000 0.215385
vt 0.815385 0.215385
vt 0.830769 0.215385
vt 0.846154 0.215385
vt 0.861538 0.215385
vt 0.876923 0.215385
vt 0.892308 0.215385
vt 0.907692 0.215385
vt 0.923077 0.215385
vt 0.938462 0.215385
vt 0.953846 0.215385
vt 0.969231 0.215385
vt 0.000000 0.200000
vt 0.015385 0.200000
vt 0.030769 0.200000
vt 0.046154 0.200000
vt 0.061538 0.200000
vt 0.076923 0.200000
vt 0.092308 0.200000
vt 0.107692 0.200000
vt 0.123077 0.200000
vt 0.138462 0.200000
vt 0.153846 0.200000
vt 0.169231 0.200000
vt 0.184615 0.200000
vt 0.200000 0.200000
vt 0.215385 0.200000
vt 0.230769 0.200000
vt 0.246154 0.200000
vt 0.261539 0.200000
vt 0.276923 0.200000
vt 0.292308 0.200000
vt 0.307692 0.200000
vt 0.323077 0.200000
vt 0.338462 0.200000
vt 0.353846 0.200000
vt 0.369231 0.200000
vt 0.384615 0.200000
vt 0.400000 0.200000
vt 0.415385 0.200000
vt 0.430769 0.200000
vt 0.446154 0.200000
vt 0.461538 0.200000
vt 0.476923 0.200000
vt 0.492308 0.200000
vt 0.507692 0.200000
vt 0.523077 0.200000
vt 0.538462 0.200000
vt 0.553846 0.200000
vt 0.569231 0.200000
vt 0.584615 0.200000
vt 0.600000 0.200000
vt 0.615385 0.200000
vt 0.630769 0.200000
vt 0.646154 0.200000
vt 0.661538 0.200000
vt 0.676923 0.200000
vt 0.692308 0.200000
vt 0.707692 0.200000
vt 0.723077 0.200000
vt 0.738462 0.200000
vt 0.753846 0.200000
vt 0.769231 0.200000
vt 0.784615 0.200000
vt 0.800000 0.200000
vt 0.815385 0.200000
vt 0.830769 0.200000
vt 0.846154 0.200000
vt 0.861538 0.200000
vt 0.876923 0.200000
vt 0.892308 0.200000
vt 0.907692 0.200000
vt 0.923077 0.200000
vt 0.938462 0.200000
vt 0.953846 0.200000
vt 0.969231 0.200000
vt 0.000000 0.184615
vt 0.015385 0.184615
vt 0.030769 0.184615
vt 0.046154 0.184615
vt 0.061538 0.184615
vt 0.076923 0.184615
vt 0.092308 0.184615
vt 0.107692 0.184615
vt 0.123077 0.184615
vt 0.138462 0.184615
vt 0.153846 0.184615
vt 0.169231 0.184615
vt 0.184615 0.184615
vt 0.200000 0.184615
vt 0.215385 0.184615
vt 0.230769 0.184615
vt 0.246154 0.184615
vt 0.261539 0.184615
vt 0.276923 0.184615
vt 0.292308 0.184615
vt 0.307692 0.184615
vt 0.323077 0.184615
vt 0.338462 0.184615
vt 0.353846 0.184615
vt 0.369231 0.184615
vt 0.384615 0.184615
vt 0.400000 0.184615
vt 0.415385 0.184615
vt 0.430769 0.184615
vt 0.446154 0.184615
vt 0.461538 0.184615
vt 0.476923 0.184615
vt 0.492308 0.184615
vt 0.507692 0.184615
vt 0.523077 0.184615
vt 0.538462 0.184615
vt 0.553846 0.184615
vt 0.569231 0.184615
vt 0.584615 0.184615
vt 0.600000 0.184615
vt 0.615385 0.184615
vt 0.630769 0.184615
vt 0.646154 0.184615
vt 0.661538 0.184615
vt 0.676923 0.184615
vt 0.692308 0.184615
vt 0.707692 0.184615
vt 0.723077 0.184615
vt 0.738462 0.184615
vt 0.753846 0.184615
vt 0.769231 0.184615
vt 0.784615 0.184615
vt 0.800000 0.184615
vt 0.815385 0.184615
vt 0.830769 0.184615
vt 0.846154 0.184615
vt 0.861538 0.184615
vt 0.876923 0.184615
vt 0.892308 0.184615
vt 0.907692 0.184615
vt 0.923077 0.184615
vt 0.938462 0.184615
vt 0.953846 0.184615
vt 0.969231 0.184615
vt 0.000000 0.169231
vt 0.015385 0.169231
vt 0.030769 0.169231
vt 0.046154 0.169231
vt 0.061538 0.169231
vt 0.076923 0.169231
vt 0.092308 0.169231
vt 0.107692 0.169231
vt 0.123077 0.169231
vt 0.138462 0.169231
vt 0.153846 0.169231
vt 0.169231 0.169231
vt 0.184615 0.169231
vt 0.200000 0.169231
vt 0.215385 0.169231
vt 0.230769 0.169231
vt 0.246154 0.169231
vt 0.261539 0.169231
vt 0.276923 0.169231
vt 0.292308 0.169231
vt 0.307692 0.169231
vt 0.323077 0.169231
vt 0.338462 0.169231
vt 0.353846 0.169231
vt 0.369231 0.169231
vt 0.384615 0.169231
vt 0.400000 0.169231
vt 0.415385 0.169231
vt 0.430769 0.169231
vt 0.446154 0.169231
vt 0.461538 0.169231
vt 0.476923 0.169231
vt 0.492308 0.169231
vt 0.507692 0.169231
vt 0.523077 0.169231
vt 0.538462 0.169231
vt 0.553846 0.169231
vt 0.569231 0.169231
vt 0.584615 0.169231
vt 0.600000 0.169231
vt 0.615385 0.169231
vt 0.630769 0.169231
vt 0.646154 0.169231
vt 0.661538 0.169231
vt 0.676923 0.169231
vt 0.692308 0.169231
vt 0.707692 0.169231
vt 0.723077 0.169231
vt 0.738462 0.169231
vt 0.753846 0.169231
vt 0.769231 0.169231
vt 0.784615 0.169231
vt 0.800000 0.169231
vt 0.815385 0.169231
vt 0.830769 0.169231
vt 0.846154 0.169231
vt 0.861538 0.169231
vt 0.876923 0.169231
vt 0.892308 0.169231
vt 0.907692 0.169231
vt 0.923077 0.169231
vt 0.938462 0.169231
vt 0.953846 0.169231
vt 0.969231 0.169231
vt 0.000000 0.153846
vt 0.015385 0.153846
vt 0.030769 0.153846
vt 0.046154 0.153846
vt 0.061538 0.153846
vt 0.076923 0.153846
vt 0.092308 0.153846
vt 0.107692 0.153846
vt 0.123077 0.153846
vt 0.138462 0.153846
vt 0.153846 0.153846
vt 0.169231 0.153846
vt 0.184615 0.153846
vt 0.200000 0.153846
vt 0.215385 0.153846
vt 0.230769 0.153846
vt 0.246154 0.153846
vt 0.261539 0.153846
vt 0.276923 0.153846
vt 0.292308 0.153846
vt 0.307692 0.153846
vt 0.323077 0.153846
vt 0.338462 0.153846
vt 0.353846 0.153846
vt 0.369231 0.153846
vt 0.384615 0.153846
vt 0.400000 0.153846
vt 0.415385 0.153846
vt 0.430769 0.153846
vt 0.446154 0.153846
vt 0.461538 0.153846
vt 0.476923 0.153846
vt 0.492308 0.153846
vt 0.507692 0.153846
vt 0.523077 0.153846
vt 0.538462 0.153846
vt 0.553846 0.153846
vt 0.569231 0.153846
vt 0.584615 0.153846
vt 0.600000 0.153846
vt 0.615385 0.153846
vt 0.630769 0.153846
vt 0.646154 0.153846
vt 0.661538 0.153846
vt 0.676923 0.153846
vt 0.692308 0.153846
vt 0.707692 0.153846
vt 0.723077 0.153846
vt 0.738462 0.153846
vt 0.753846 0.153846
vt 0.769231 0.153846
vt 0.784615 0.153846
vt 0.800000 0.153846
vt 0.815385 0.153846
vt 0.830769 0.153846
vt 0.846154 0.153846
vt 0.861538 0.153846
vt 0.876923 0.153846
vt 0.892308 0.153846
vt 0.907692 0.153846
vt 0.923077 0.153846
vt 0.938462 0.153846
vt 0.953846 0.153846
vt 0.969231 0.153846
vt 0.000000 0.138462
vt 0.015385 0.138462
vt 0.030769 0.138462
vt 0.046154 0.138462
vt 0.061538 0.138462
vt 0.076923 0.138462
vt 0.092308 0.138462
vt 0.107692 0.138462
vt 0.123077 0.138462
vt 0.138462 0.138462
vt 0.153846 0.138462
vt 0.169231 0.138462
vt 0.184615 0.138462
vt 0.200000 0.138462
vt 0.215385 0.138462
vt 0.230769 0.138462
vt 0.246154 0.138462
vt 0.261539 0.138462
vt 0.276923 0.138462
vt 0.292308 0.138462
vt 0.307692 0.138462
vt 0.323077 0.138462
vt 0.338462 0.138462
vt 0.353846 0.138462
vt 0.369231 0.138462
vt 0.384615 0.138462
vt 0.400000 0.138462
vt 0.415385 0.138462
vt 0.430769 0.138462
vt 0.446154 0.138462
vt 0.461538 0.138462
vt 0.476923 0.138462
vt 0.492308 0.138462
vt 0.507692 0.138462
vt 0.523077 0.138462
vt 0.538462 0.138462
vt 0.553846 0.138462
vt 0.569231 0.138462
vt 0.584615 0.138462
vt 0.600000 0.138462
vt 0.615385 0.138462
vt 0.630769 0.138462
vt 0.646154 0.138462
vt 0.661538 0.138462
vt 0.676923 0.138462
vt 0.692308 0.138462
vt 0.707692 0.138462
vt 0.723077 0.138462
vt 0.738462 0.138462
vt 0.753846 0.138462
vt 0.769231 0.138462
vt 0.784615 0.138462
vt 0.800000 0.138462
vt 0.815385 0.138462
vt 0.830769 0.138462
vt 0.846154 0.138462
vt 0.861538 0.138462
vt 0.876923 0.138462
vt 0.892308 0.138462
vt 0.907692 0.138462
vt 0.923077 0.138462
vt 0.938462 0.138462
vt 0.953846 0.138462
vt 0.969231 0.138462
vt 0.000000 0.123077
vt 0.015385 0.123077
vt 0.030769 0.123077
vt 0.046154 0.123077
vt 0.061538 0.123077
vt 0.076923 0.123077
vt 0.092308 0.123077
vt 0.107692 0.123077
vt 0.123077 0.123077
vt 0.138462 0.123077
vt 0.153846 0.123077
vt 0.169231 0.123077
vt 0.184615 0.123077
vt 0.200000 0.123077
vt 0.215385 0.123077
vt 0.230769 0.123077
vt 0.246154 0.123077
vt 0.261539 0.123077
vt 0.276923 0.123077
vt 0.292308 0.123077
vt 0.307692 0.123077
vt 0.323077 0.123077
vt 0.338462 0.123077
vt 0.353846 0.123077
vt 0.369231 0.123077
vt 0.384615 0.123077
vt 0.400000 0.123077
vt 0.415385 0.123077
vt 0.430769 0.123077
vt 0.446154 0.123077
vt 0.461538 0.123077
vt 0.476923 0.123077
vt 0.492308 0.123077
vt 0.507692 0.123077
vt 0.523077 0.123077
vt 0.538462 0.123077
vt 0.553846 0.123077
vt 0.569231 0.123077
vt 0.584615 0.123077
vt 0.600000 0.123077
vt 0.615385 0.123077
vt 0.630769 0.123077
vt 0.646154 0.123077
vt 0.661538 0.123077
vt 0.676923 0.123077
vt 0.692308 0.123077
vt 0.707692 0.123077
vt 0.723077 0.123077
vt 0.738462 0.123077
vt 0.753846 0.123077
vt 0.769231 0.123077
vt 0.784615 0.123077
vt 0.800000 0.123077
vt 0.815385 0.123077
vt 0.830769 0.123077
vt 0.846154 0.123077
vt 0.861538 0.123077
vt 0.876923 0.123077
vt 0.892308 0.123077
vt 0.907692 0.123077
vt 0.923077 0.123077
vt 0.938462 0.123077
vt 0.953846 0.123077
vt 0.969231 0.123077
vt 0.000000 0.107692
vt 0.015385 0.107692
vt 0.030769 0.107692
vt 0.046154 0.107692
vt 0.061538 0.107692
vt 0.076923 0.107692
vt 0.092308 0.107692
vt 0.107692 0.107692
vt 0.123077 0.107692
vt 0.138462 0.107692
vt 0.153846 0.107692
vt 0.169231 0.107692
vt 0.184615 0.107692
vt 0.200000 0.107692
vt 0.215385 0.107692
vt 0.230769 0.107692
vt 0.246154 0.107692
vt 0.261539 0.107692
vt 0.276923 0.107692
vt 0.292308 0.107692
vt 0.307692 0.107692
vt 0.323077 0.107692
vt 0.338462 0.107692
vt 0.353846 0.107692
vt 0.369231 0.107692
vt 0.384615 0.107692
vt 0.400000 0.107692
vt 0.415385 0.107692
vt 0.430769 0.107692
vt 0.446154 0.107692
vt 0.461538 0.107692
vt 0.476923 0.107692
vt 0.492308 0.107692
vt 0.507692 0.107692
vt 0.523077 0.107692
vt 0.538462 0.107692
vt 0.553846 0.107692
vt 0.569231 0.107692
vt 0.584615 0.107692
vt 0.600000 0.107692
vt 0.615385 0.107692
vt 0.630769 0.107692
vt 0.646154 0.107692
vt 0.661538 0.107692
vt 0.676923 0.107692
vt 0.692308 0.107692
vt 0.707692 0.107692
vt 0.723077 0.107692
vt 0.738462 0.107692
vt 0.753846 0.107692
vt 0.769231 0.107692
vt 0.784615 0.107692
vt 0.800000 0.107692
vt 0.815385 0.107692
vt 0.830769 0.107692
vt 0.846154 0.107692
vt 0.861538 0.107692
vt 0.876923 0.107692
vt 0.892308 0.107692
vt 0.907692 0.107692
vt 0.923077 0.107692
vt 0.938462 0.107692
vt 0.953846 0.107692
vt 0.969231 0.107692
vt 0.000000 0.092308
vt 0.015385 0.092308
vt 0.030769 0.092308
vt 0.046154 0.092308
vt 0.061538 0.092308
vt 0.076923 0.092308
vt 0.092308 0.092308
vt 0.107692 0.092308
vt 0.123077 0.092308
vt 0.138462 0.092308
vt 0.153846 0.092308
vt 0.169231 0.092308
vt 0.184615 0.092308
vt 0.200000 0.092308
vt 0.215385 0.092308
vt 0.230769 0.092308
vt 0.246154 0.092308
vt 0.261539 0.092308
vt 0.276923 0.092308
vt 0.292308 0.092308
vt 0.307692 0.092308
vt 0.323077 0.092308
vt 0.338462 0.092308
vt 0.353846 0.092308
vt 0.369231 0.092308
vt 0.384615 0.092308
vt 0.400000 0.092308
vt 0.415385 0.092308
vt 0.430769 0.092308
vt 0.446154 0.092308
vt 0.461538 0.092308
vt 0.476923 0.092308
vt 0.492308 0.092308
vt 0.507692 0.092308
vt 0.523077 0.092308
vt 0.538462 0.092308
vt 0.553846 0.092308
vt 0.569231 0.092308
vt 0.584615 0.092308
vt 0.600000 0.092308
vt 0.615385 0.092308
vt 0.630769 0.092308
vt 0.646154 0.092308
vt 0.661538 0.092308
vt 0.676923 0.092308
vt 0.692308 0.092308
vt 0.707692 0.092308
vt 0.723077 0.092308
vt 0.738462 0.092308
vt 0.753846 0.092308
vt 0.769231 0.092308
vt 0.784615 0.092308
vt 0.800000 0.092308
vt 0.815385 0.092308
vt 0.830769 0.092308
vt 0.846154 0.092308
vt 0.861538 0.092308
vt 0.876923 0.092308
vt 0.892308 0.092308
vt 0.907692 0.092308
vt 0.923077 0.092308
vt 0.938462 0.092308
vt 0.953846 0.092308
vt 0.969231 0.092308
vt 0.000000 0.076923
vt 0.015385 0.076923
vt 0.030769 0.076923
vt 0.046154 0.076923
vt 0.061538 0.076923
vt 0.076923 0.076923
vt 0.092308 0.076923
vt 0.107692 0.076923
vt 0.123077 0.076923
vt 0.138462 0.076923
vt 0.153846 0.076923
vt 0.169231 0.076923
vt 0.184615 0.076923
vt 0.200000 0.076923
vt 0.215385 0.076923
vt 0.230769 0.076923
vt 0.246154 0.076923
vt 0.261539 0.076923
vt 0.276923 0.076923
vt 0.292308 0.076923
vt 0.307692 0.076923
vt 0.323077 0.076923
vt 0.338462 0.076923
vt 0.353846 0.076923
vt 0.369231 0.076923
vt 0.384615 0.076923
vt 0.400000 0.076923
vt 0.415385 0.076923
vt 0.430769 0.076923
vt 0.446154 0.076923
vt 0.461538 0.076923
vt 0.476923 0.076923
vt 0.492308 0.076923
vt 0.507692 0.076923
vt 0.523077 0.076923
vt 0.538462 0.076923
vt 0.553846 0.076923
vt 0.569231 0.076923
vt 0.584615 0.076923
vt 0.600000 0.076923
vt 0.615385 0.076923
vt 0.630769 0.076923
vt 0.646154 0.076923
vt 0.661538 0.076923
vt 0.676923 0.076923
vt 0.692308 0.076923
vt 0.707692 0.076923
vt 0.723077 0.076923
vt 0.738462 0.076923
vt 0.753846 0.076923
vt 0.769231 0.076923
vt 0.784615 0.076923
vt 0.800000 0.076923
vt 0.815385 0.076923
vt 0.830769 0.076923
vt 0.846154 0.076923
vt 0.861538 0.076923
vt 0.876923 0.076923
vt 0.892308 0.076923
vt 0.907692 0.076923
vt 0.923077 0.076923
vt 0.938462 0.076923
vt 0.953846 0.076923
vt 0.969231 0.076923
vt 0.000000 0.061538
vt 0.015385 0.061538
vt 0.030769 0.061538
vt 0.046154 0.061538
vt 0.061538 0.061538
vt 0.076923 0.061538
vt 0.092308 0.061538
vt 0.107692 0.061538
vt 0.123077 0.061538
vt 0.138462 0.061538
vt 0.153846 0.061538
vt 0.169231 0.061538
vt 0.184615 0.061538
vt 0.200000 0.061538
vt 0.215385 0.061538
vt 0.230769 0.061538
vt 0.246154 0.061538
vt 0.261539 0.061538
vt 0.276923 0.061538
vt 0.292308 0.061538
vt 0.307692 0.061538
vt 0.323077 0.061538
vt 0.338462 0.061538
vt 0.353846 0.061538
vt 0.369231 0.061538
vt 0.384615 0.061538
vt 0.400000 0.061538
vt 0.415385 0.061538
vt 0.430769 0.061538
vt 0.446154 0.061538
vt 0.461538 0.061538
vt 0.476923 0.061538
vt 0.492308 0.061538
vt 0.507692 0.061538
vt 0.523077 0.061538
vt 0.538462 0.061538
vt 0.553846 0.061538
vt 0.569231 0.061538
vt 0.584615 0.061538
vt 0.600000 0.061538
vt 0.615385 0.061538
vt 0.630769 0.061538
vt 0.646154 0.061538
vt 0.661538 0.061538
vt 0.676923 0.061538
vt 0.692308 0.061538
vt 0.707692 0.061538
vt 0.723077 0.061538
vt 0.738462 0.061538
vt 0.753846 0.061538
vt 0.769231 0.061538
vt 0.784615 0.061538
vt 0.800000 0.061538
vt 0.815385 0.061538
vt 0.830769 0.061538
vt 0.846154 0.061538
vt 0.861538 0.061538
vt 0.876923 0.061538
vt 0.892308 0.061538
vt 0.907692 0.061538
vt 0.923077 0.061538
vt 0.938462 0.061538
vt 0.953846 0.061538
vt 0.969231 0.061538
vt 0.000000 0.046154
vt 0.015385 0.046154
vt 0.030769 0.046154
vt 0.046154 0.046154
vt 0.061538 0.046154
vt 0.076923 0.046154
vt 0.092308 0.046154
vt 0.107692 0.046154
vt 0.123077 0.046154
vt 0.138462 0.046154
vt 0.153846 0.046154
vt 0.169231 0.046154
vt 0.184615 0.046154
vt 0.200000 0.046154
vt 0.215385 0.046154
vt 0.230769 0.046154
vt 0.246154 0.046154
vt 0.261539 0.046154
vt 0.276923 0.046154
vt 0.292308 0.046154
vt 0.307692 0.046154
vt 0.323077 0.046154
vt 0.338462 0.046154
vt 0.353846 0.046154
vt 0.369231 0.046154
vt 0.384615 0.046154
vt 0.400000 0.046154
vt 0.415385 0.046154
vt 0.430769 0.046154
vt 0.446154 0.046154
vt 0.461538 0.046154
vt 0.476923 0.046154
vt 0.492308 0.046154
vt 0.507692 0.046154
vt 0.523077 0.046154
vt 0.538462 0.046154
vt 0.553846 0.046154
vt 0.569231 0.046154
vt 0.584615 0.046154
vt 0.600000 0.046154
vt 0.615385 0.046154
vt 0.630769 0.046154
vt 0.646154 0.046154
vt 0.661538 0.046154
vt 0.676923 0.046154
vt 0.692308 0.046154
vt 0.707692 0.046154
vt 0.723077 0.046154
vt 0.738462 0.046154
vt 0.753846 0.046154
vt 0.769231 0.046154
vt 0.784615 0.046154
vt 0.800000 0.046154
vt 0.815385 0.046154
vt 0.830769 0.046154
vt 0.846154 0.046154
vt 0.861538 0.046154
vt 0.876923 0.046154
vt 0.892308 0.046154
vt 0.907692 0.046154
vt 0.923077 0.046154
vt 0.938462 0.046154
vt 0.953846 0.046154
vt 0.969231 0.046154
vt 0.000000 0.030769
vt 0.015385 0.030769
vt 0.030769 0.030769
vt 0.046154 0.030769
vt 0.061538 0.030769
vt 0.076923 0.030769
vt 0.092308 0.030769
vt 0.107692 0.030769
vt 0.123077 0.030769
vt 0.138462 0.030769
vt 0.153846 0.030769
vt 0.169231 0.030769
vt 0.184615 0.030769
vt 0.200000 0.030769
vt 0.215385 0.030769
vt 0.230769 0.030769
vt 0.246154 0.030769
vt 0.261539 0.030769
vt 0.276923 0.030769
vt 0.292308 0.030769
vt 0.307692 0.030769
vt 0.323077 0.030769
vt 0.338462 0.030769
vt 0.353846 0.030769
vt 0.369231 0.030769
vt 0.384615 0.030769
vt 0.400000 0.030769
vt 0.415385 0.030769
vt 0.430769 0.030769
vt 0.446154 0.030769
vt 0.461538 0.030769
vt 0.476923 0.030769
vt 0.492308 0.030769
vt 0.507692 0.030769
vt 0.523077 0.030769
vt 0.538462 0.030769
vt 0.553846 0.030769
vt 0.569231 0.030769
vt 0.584615 0.030769
vt 0.600000 0.030769
vt 0.615385 0.030769
vt 0.630769 0.030769
vt 0.646154 0.030769
vt 0.661538 0.030769
vt 0.676923 0.030769
vt 0.692308 0.030769
vt 0.707692 0.030769
vt 0.723077 0.030769
vt 0.738462 0.030769
vt 0.753846 0.030769
vt 0.769231 0.030769
vt 0.784615 0.030769
vt 0.800000 0.030769
vt 0.815385 0.030769
vt 0.830769 0.030769
vt 0.846154 0.030769
vt 0.861538 0.030769
vt 0.876923 0.030769
vt 0.892308 0.030769
vt 0.907692 0.030769
vt 0.923077 0.030769
vt 0.938462 0.030769
vt 0.953846 0.030769
vt 0.969231 0.030769
vt 0.000000 0.015385
vt 0.015385 0.015385
vt 0.030769 0.015385
vt 0.046154 0.015385
vt 0.061538 0.015385
vt 0.076923 0.015385
vt 0.092308 0.015385
vt 0.107692 0.015385
vt 0.123077 0.015385
vt 0.138462 0.015385
vt 0.153846 0.015385
vt 0.169231 0.015385
vt 0.184615 0.015385
vt 0.200000 0.015385
vt 0.215385 0.015385
vt 0.230769 0.015385
vt 0.246154 0.015385
vt 0.261539 0.015385
vt 0.276923 0.015385
vt 0.292308 0.015385
vt 0.307692 0.015385
vt 0.323077 0.015385
vt 0.338462 0.015385
vt 0.353846 0.015385
vt 0.369231 0.015385
vt 0.384615 0.015385
vt 0.400000 0.015385
vt 0.415385 0.015385
vt 0.430769 0.015385
vt 0.446154 0.015385
vt 0.461538 0.015385
vt 0.476923 0.015385
vt 0.492308 0.015385
vt 0.507692 0.015385
vt 0.523077 0.015385
vt 0.538462 0.015385
vt 0.553846 0.015385
vt 0.569231 0.015385
vt 0.584615 0.015385
vt 0.600000 0.015385
vt 0.615385 0.015385
vt 0.630769 0.015385
vt 0.646154 0.015385
vt 0.661538 0.015385
vt 0.676923 0.015385
vt 0.692308 0.015385
vt 0.707692 0.015385
vt 0.723077 0.015385
vt 0.738462 0.015385
vt 0.753846 0.015385
vt 0.769231 0.015385
vt 0.784615 0.015385
vt 0.800000 0.015385
vt 0.815385 0.015385
vt 0.830769 0.015385
vt 0.846154 0.015385
vt 0.861538 0.015385
vt 0.876923 0.015385
vt 0.892308 0.015385
vt 0.907692 0.015385
vt 0.923077 0.015385
vt 0.938462 0.015385
vt 0.953846 0.015385
vt 0.969231 0.015385
vt 0.000000 0.000000
vt 0.015385 0.000000
vt 0.030769 0.000000
vt 0.046154 0.000000
vt 0.061538 0.000000
vt 0.076923 0.000000
vt 0.092308 0.000000
vt 0.107692 0.000000
vt 0.123077 0.000000
vt 0.138462 0.000000
vt 0.153846 0.000000
vt 0.169231 0.000000
vt 0.184615 0.000000
vt 0.200000 0.000000
vt 0.215385 0.000000
vt 0.230769 0.000000
vt 0.246154 0.000000
vt 0.261538 0.000000
vt 0.276923 0.000000
vt 0.292308 0.000000
vt 0.307692 0.000000
vt 0.323077 0.000000
vt 0.338462 0.000000
vt 0.353846 0.000000
vt 0.369231 0.000000
vt 0.384615 0.000000
vt 0.400000 0.000000
vt 0.415385 0.000000
vt 0.430769 0.000000
vt 0.446154 0.000000
vt 0.461538 0.000000
vt 0.476923 0.000000
vt 0.492308 0.000000
vt 0.507692 0.000000
vt 0.523077 0.000000
vt 0.538462 0.000000
vt 0.553846 0.000000
vt 0.569231 0.000000
vt 0.584615 0.000000
vt 0.600000 0.000000
vt 0.615385 0.000000
vt 0.630769 0.000000
vt 0.646154 0.000000
vt 0.661538 0.000000
vt 0.676923 0.000000
vt 0.692308 0.000000
vt 0.707692 0.000000
vt 0.723077 0.000000
vt 0.738462 0.000000
vt 0.753846 0.000000
vt 0.769231 0.000000
vt 0.784615 0.000000
vt 0.800000 0.000000
vt 0.815385 0.000000
vt 0.830769 0.000000
vt 0.846154 0.000000
vt 0.861538 0.000000
vt 0.876923 0.000000
vt 0.892308 0.000000
vt 0.907692 0.000000
vt 0.923077 0.000000
vt 0.938462 0.000000
vt 0.953846 0.000000
vt 0.969231 0.000000
vt 0.015385 1.000000
vt 0.000000 1.000000
vt 0.030769 1.000000
vt 0.046154 1.000000
vt 0.061538 1.000000
vt 0.076923 1.000000
vt 0.092308 1.000000
vt 0.107692 1.000000
vt 0.123077 1.000000
vt 0.138462 1.000000
vt 0.153846 1.000000
vt 0.169231 1.000000
vt 0.184615 1.000000
vt 0.200000 1.000000
vt 0.215385 1.000000
vt 0.230769 1.000000
vt 0.246154 1.000000
vt 0.261539 1.000000
vt 0.276923 1.000000
vt 0.292308 1.000000
vt 0.307692 1.000000
vt 0.323077 1.000000
vt 0.338462 1.000000
vt 0.353846 1.000000
vt 0.369231 1.000000
vt 0.384615 1.000000
vt 0.400000 1.000000
vt 0.415385 1.000000
vt 0.430769 1.000000
vt 0.446154 1.000000
vt 0.461538 1.000000
vt 0.476923 1.000000
vt 0.492308 1.000000
vt 0.507692 1.000000
vt 0.523077 1.000000
vt 0.538462 1.000000
vt 0.553846 1.000000
vt 0.569231 1.000000
vt 0.584615 1.000000
vt 0.600000 1.000000
vt 0.615385 1.000000
vt 0.630769 1.000000
vt 0.646154 1.000000
vt 0.661538 1.000000
vt 0.676923 1.000000
vt 0.692308 1.000000
vt 0.707692 1.000000
vt 0.723077 1.000000
vt 0.738462 1.000000
vt 0.753846 1.000000
vt 0.769231 1.000000
vt 0.784615 1.000000
vt 0.800000 1.000000
vt 0.815385 1.000000
vt 0.830769 1.000000
vt 0.846154 1.000000
vt 0.861538 1.000000
vt 0.876923 1.000000
vt 0.892308 1.000000
vt 0.907692 1.000000
vt 0.923077 1.000000
vt 0.938462 1.000000
vt 0.953846 1.000000
vt 0.969231 1.000000
s 0
f 4293/1/1 132/2/1 4/3/1 197/4/1
f 196/5/2 2/6/2 69/7/2 261/8/2
f 261/8/2 69/7/2 70/9/2 325/10/2
f 325/10/2 70/9/2 71/11/2 389/12/2
f 389/12/2 71/11/2 72/13/2 453/14/2
f 453/14/2 72/13/2 73/15/2 517/16/2
f 517/16/2 73/15/2 74/17/2 581/18/2
f 581/18/2 74/17/2 75/19/2 645/20/2
f 645/20/2 75/19/2 76/21/2 709/22/2
f 709/22/2 76/21/2 77/23/2 773/24/2
f 773/24/2 77/23/2 78/25/2 837/26/2
f 837/26/2 78/25/2 79/27/2 901/28/2
f 901/28/2 79/27/2 80/29/2 965/30/2
f 965/30/2 80/29/2 81/31/2 1029/32/2
f 1029/32/2 81/31/2 82/33/2 1093/34/2
f 1093/34/2 82/33/2 83/35/2 1157/36/2
f 1157/36/2 83/35/2 84/37/2 1221/38/2
f 1221/38/2 84/37/2 85/39/2 1285/40/2
f 1285/40/2 85/39/2 86/41/2 1349/42/2
f 1349/42/2 86/41/2 87/43/2 1413/44/2
f 1413/44/2 87/43/2 88/45/2 1477/46/2
f 1477/46/2 88/45/2 89/47/2 1541/48/2
f 1541/48/2 89/47/2 90/49/2 1605/50/2
f 1605/50/2 90/49/2 91/51/2 1669/52/2
f 1669/52/2 91/51/2 92/53/2 1733/54/2
f 1733/54/2 92/53/2 93/55/2 1797/56/2
f 1797/56/2 93/55/2 94/57/2 1861/58/2
f 1861/58/2 94/57/2 95/59/2 1925/60/2
f 1925/60/2 95/59/2 96/61/2 1989/62/2
f 1989/62/2 96/61/2 97/63/2 2053/64/2
f 2053/64/2 97/63/2 98/65/2 2117/66/2
f 2117/66/2 98/65/2 99/67/2 2181/68/2
f 2181/68/2 99/67/2 100/69/2 2245/70/2
f 2245/70/2 100/69/2 101/71/2 2309/72/2
f 2309/72/2 101/71/2 102/73/2 2373/74/2
f 2373/74/2 102/73/2 103/75/2 2437/76/2
f 2437/76/2 103/75/2 104/77/2 2501/78/2
f 2501/78/2 104/77/2 105/79/2 2565/80/2
f 2565/80/2 105/79/2 106/81/2 2629/82/2
f 2629/82/2 106/81/2 107/83/2 2693/84/2
f 2693/84/2 107/83/2 108/85/2 2757/86/2
f 2757/86/2 108/85/2 109/87/2 2821/88/2
f 2821/88/2 109/87/2 110/89/2 2885/90/2
f 2885/90/3 110/89/3 111/91/3 2949/92/3
f 2949/92/4 111/91/4 112/93/4 3013/94/4
f 3013/94/5 112/93/5 113/95/5 3077/96/5
f 3077/96/6 113/95/6 114/97/6 3141/98/6
f 3141/98/7 114/97/7 115/99/7 3205/100/7
f 3205/100/8 115/99/8 116/101/8 3269/102/8
f 3269/102/9 116/101/9 117/103/9 3333/104/9
f 3333/104/10 117/103/10 118/105/10 3397/106/10
f 3397/106/11 118/105/11 119/107/11 3461/108/11
f 3461/108/12 119/107/12 120/109/12 3525/110/12
f 3525/110/13 120/109/13 121/111/13 3589/112/13
f 3589/112/14 121/111/14 122/113/14 3653/114/14
f 3653/114/15 122/113/15 123/115/15 3717/116/15
f 3717/116/16 123/115/16 124/117/16 3781/118/16
f 3781/118/17 124/117/17 125/119/17 3845/120/17
f 3845/120/18 125/119/18 126/121/18 3909/122/18
f 3909/122/19 126/121/19 127/123/19 3973/124/19
f 3973/124/20 127/123/20 128/125/20 4037/126/20
f 4037/126/21 128/125/21 129/127/21 4101/128/21
f 4101/128/22 129/127/22 130/129/22 4165/130/22
f 4165/130/23 130/129/23 131/131/23 4229/132/23
f 4229/132/24 131/131/24 132/2/24 4293/1/24
f 6/133/2 4292/134/2 4356/135/2 5/136/2
f 4292/134/2 4291/137/2 4355/138/2 4356/135/2
f 4291/137/2 4290/139/2 4354/140/2 4355/138/2
f 4290/139/2 4289/141/2 4353/142/2 4354/140/2
f 4289/141/2 4288/143/2 4352/144/2 4353/142/2
f 4288/143/2 4287/145/2 4351/146/2 4352/144/2
f 4287/145/2 4286/147/2 4350/148/2 4351/146/2
f 4286/147/25 4285/149/25 4349/150/25 4350/148/25
f 4285/149/26 4284/151/26 4348/152/26 4349/150/26
f 4284/151/27 4283/153/27 4347/154/27 4348/152/27
f 4283/153/27 4282/155/27 4346/156/27 4347/154/27
f 4282/155/27 4281/157/27 4345/158/27 4346/156/27
f 4281/157/27 4280/159/27 4344/160/27 4345/158/27
f 4280/159/27 4279/161/27 4343/162/27 4344/160/27
f 4279/161/27 4278/163/27 4342/164/27 4343/162/27
f 4278/163/27 4277/165/27 4341/166/27 4342/164/27
f 4277/165/28 4276/167/28 4340/168/28 4341/166/28
f 4276/167/29 4275/169/29 4339/170/29 4340/168/29
f 4275/169/2 4274/171/2 4338/172/2 4339/170/2
f 4274/171/2 4273/173/2 4337/174/2 4338/172/2
f 4273/173/2 4272/175/2 4336/176/2 4337/174/2
f 4272/175/2 4271/177/2 4335/178/2 4336/176/2
f 4271/177/2 4270/179/2 4334/180/2 4335/178/2
f 4270/179/2 4269/181/2 4333/182/2 4334/180/2
f 4269/181/2 4268/183/2 4332/184/2 4333/182/2
f 4268/183/2 4267/185/2 4331/186/2 4332/184/2
f 4267/185/2 4266/187/2 4330/188/2 4331/186/2
f 4266/187/2 4265/189/2 4329/190/2 4330/188/2
f 4265/189/2 4264/191/2 4328/192/2 4329/190/2
f 4264/191/2 4263/193/2 4327/194/2 4328/192/2
f 4263/193/2 4262/195/2 4326/196/2 4327/194/2
f 4262/195/2 4261/197/2 4325/198/2 4326/196/2
f 4261/197/2 4260/199/2 4324/200/2 4325/198/2
f 4260/199/2 4259/201/2 4323/202/2 4324/200/2
f 4259/201/2 4258/203/2 4322/204/2 4323/202/2
f 4258/203/2 4257/205/2 4321/206/2 4322/204/2
f 4257/205/2 4256/207/2 4320/208/2 4321/206/2
f 4256/207/2 4255/209/2 4319/210/2 4320/208/2
f 4255/209/2 4254/211/2 4318/212/2 4319/210/2
f 4254/211/2 4253/213/2 4317/214/2 4318/212/2
f 4253/213/2 4252/215/2 4316/216/2 4317/214/2
f 4252/215/2 4251/217/2 4315/218/2 4316/216/2
f 4251/217/2 4250/219/2 4314/220/2 4315/218/2
f 4250/219/2 4249/221/2 4313/222/2 4314/220/2
f 4249/221/30 4248/223/30 4312/224/30 4313/222/30
f 4248/223/31 4247/225/31 4311/226/31 4312/224/31
f 4247/225/32 4246/227/32 4310/228/32 4311/226/32
f 4246/227/33 4245/229/33 4309/230/33 4310/228/33
f 4245/229/34 4244/231/34 4308/232/34 4309/230/34
f 4244/231/35 4243/233/35 4307/234/35 4308/232/35
f 4243/233/36 4242/235/36 4306/236/36 4307/234/36
f 4242/235/37 4241/237/37 4305/238/37 4306/236/37
f 4241/237/38 4240/239/38 4304/240/38 4305/238/38
f 4240/239/39 4239/241/39 4303/242/39 4304/240/39
f 4239/241/40 4238/243/40 4302/244/40 4303/242/40
f 4238/243/41 4237/245/41 4301/246/41 4302/244/41
f 4237/245/42 4236/247/42 4300/248/42 4301/246/42
f 4236/247/43 4235/249/43 4299/250/43 4300/248/43
f 4235/249/44 4234/251/44 4298/252/44 4299/250/44
f 4234/251/45 4233/253/45 4297/254/45 4298/252/45
f 4233/253/46 4232/255/46 4296/256/46 4297/254/46
f 4232/255/47 4231/257/47 4295/258/47 4296/256/47
f 4231/257/48 4230/259/48 4294/260/48 4295/258/48
f 4230/259/49 4229/132/49 4293/1/49 4294/260/49
f 7/261/2 4228/262/2 4292/134/2 6/133/2
f 4228/262/2 4227/263/2 4291/137/2 4292/134/2
f 4227/263/2 4226/264/2 4290/139/2 4291/137/2
f 4226/264/2 4225/265/2 4289/141/2 4290/139/2
f 4225/265/50 4224/266/50 4288/143/50 4289/141/50
f 4224/266/51 4223/267/51 4287/145/51 4288/143/51
f 4223/267/52 4222/268/52 4286/147/52 4287/145/52
f 4222/268/53 4221/269/53 4285/149/53 4286/147/53
f 4221/269/54 4220/270/54 4284/151/54 4285/149/54
f 4220/270/55 4219/271/55 4283/153/55 4284/151/55
f 4219/271/55 4218/272/55 4282/155/55 4283/153/55
f 4218/272/55 4217/273/55 4281/157/55 4282/155/55
f 4217/273/55 4216/274/55 4280/159/55 4281/157/55
f 4216/274/55 4215/275/55 4279/161/55 4280/159/55
f 4215/275/55 4214/276/55 4278/163/55 4279/161/55
f 4214/276/55 4213/277/55 4277/165/55 4278/163/55
f 4213/277/56 4212/278/56 4276/167/56 4277/165/56
f 4212/278/57 4211/279/57 4275/169/57 4276/167/57
f 4211/279/58 4210/280/58 4274/171/58 4275/169/58
f 4210/280/59 4209/281/59 4273/173/59 4274/171/59
f 4209/281/60 4208/282/60 4272/175/60 4273/173/60
f 4208/282/27 4207/283/27 4271/177/27 4272/175/27
f 4207/283/27 4206/284/27 4270/179/27 4271/177/27
f 4206/284/27 4205/285/27 4269/181/27 4270/179/27
f 4205/285/27 4204/286/27 4268/183/27 4269/181/27
f 4204/286/27 4203/287/27 4267/185/27 4268/183/27
f 4203/287/27 4202/288/27 4266/187/27 4267/185/27
f 4202/288/27 4201/289/27 4265/189/27 4266/187/27
f 4201/289/28 4200/290/28 4264/191/28 4265/189/28
f 4200/290/29 4199/291/29 4263/193/29 4264/191/29
f 4199/291/2 4198/292/2 4262/195/2 4263/193/2
f 4198/292/2 4197/293/2 4261/197/2 4262/195/2
f 4197/293/2 4196/294/2 4260/199/2 4261/197/2
f 4196/294/2 4195/295/2 4259/201/2 4260/199/2
f 4195/295/2 4194/296/2 4258/203/2 4259/201/2
f 4194/296/2 4193/297/2 4257/205/2 4258/203/2
f 4193/297/2 4192/298/2 4256/207/2 4257/205/2
f 4192/298/2 4191/299/2 4255/209/2 4256/207/2
f 4191/299/2 4190/300/2 4254/211/2 4255/209/2
f 4190/300/2 4189/301/2 4253/213/2 4254/211/2
f 4189/301/2 4188/302/2 4252/215/2 4253/213/2
f 4188/302/2 4187/303/2 4251/217/2 4252/215/2
f 4187/303/2 4186/304/2 4250/219/2 4251/217/2
f 4186/304/2 4185/305/2 4249/221/2 4250/219/2
f 4185/305/61 4184/306/61 4248/223/61 4249/221/61
f 4184/306/62 4183/307/62 4247/225/62 4248/223/62
f 4183/307/63 4182/308/63 4246/227/63 4247/225/63
f 4182/308/64 4181/309/64 4245/229/64 4246/227/64
f 4181/309/65 4180/310/65 4244/231/65 4245/229/65
f 4180/310/66 4179/311/66 4243/233/66 4244/231/66
f 4179/311/67 4178/312/67 4242/235/67 4243/233/67
f 4178/312/68 4177/313/68 4241/237/68 4242/235/68
f 4177/313/69 4176/314/69 4240/239/69 4241/237/69
f 4176/314/70 4175/315/70 4239/241/70 4240/239/70
f 4175/315/71 4174/316/71 4238/243/71 4239/241/71
f 4174/316/72 4173/317/72 4237/245/72 4238/243/72
f 4173/317/73 4172/318/73 4236/247/73 4237/245/73
f 4172/318/74 4171/319/74 4235/249/74 4236/247/74
f 4171/319/75 4170/320/75 4234/251/75 4235/249/75
f 4170/320/76 4169/321/76 4233/253/76 4234/251/76
f 4169/321/77 4168/322/77 4232/255/77 4233/253/77
f 4168/322/78 4167/323/78 4231/257/78 4232/255/78
f 4167/323/79 4166/324/79 4230/259/79 4231/257/79
f 4166/324/80 4165/130/80 4229/132/80 4230/259/80
f 8/325/2 4164/326/2 4228/262/2 7/261/2
f 4164/326/2 4163/327/2 4227/263/2 4228/262/2
f 4163/327/81 4162/328/81 4226/264/81 4227/263/81
f 4162/328/82 4161/329/82 4225/265/82 4226/264/82
f 4161/329/83 4160/330/83 4224/266/83 4225/265/83
f 4160/330/84 4159/331/84 4223/267/84 4224/266/84
f 4159/331/85 4158/332/85 4222/268/85 4223/267/85
f 4158/332/86 4157/333/86 4221/269/86 4222/268/86
f 4157/333/87 4156/334/87 4220/270/87 4221/269/87
f 4156/334/88 4155/335/88 4219/271/88 4220/270/88
f 4155/335/88 4154/336/88 4218/272/88 4219/271/88
f 4154/336/88 4153/337/88 4217/273/88 4218/272/88
f 4153/337/88 4152/338/88 4216/274/88 4217/273/88
f 4152/338/88 4151/339/88 4215/275/88 4216/274/88
f 4151/339/88 4150/340/88 4214/276/88 4215/275/88
f 4150/340/88 4149/341/88 4213/277/88 4214/276/88
f 4149/341/89 4148/342/89 4212/278/89 4213/277/89
f 4148/342/90 4147/343/90 4211/279/90 4212/278/90
f 4147/343/91 4146/344/91 4210/280/91 4211/279/91
f 4146/344/92 4145/345/92 4209/281/92 4210/280/92
f 4145/345/93 4144/346/93 4208/282/93 4209/281/93
f 4144/346/55 4143/347/55 4207/283/55 4208/282/55
f 4143/347/55 4142/348/55 4206/284/55 4207/283/55
f 4142/348/55 4141/349/55 4205/285/55 4206/284/55
f 4141/349/55 4140/350/55 4204/286/55 4205/285/55
f 4140/350/55 4139/351/55 4203/287/55 4204/286/55
f 4139/351/55 4138/352/55 4202/288/55 4203/287/55
f 4138/352/55 4137/353/55 4201/289/55 4202/288/55
f 4137/353/56 4136/354/56 4200/290/56 4201/289/56
f 4136/354/57 4135/355/57 4199/291/57 4200/290/57
f 4135/355/58 4134/356/58 4198/292/58 4199/291/58
f 4134/356/59 4133/357/59 4197/293/59 4198/292/59
f 4133/357/94 4132/358/94 4196/294/94 4197/293/94
f 4132/358/2 4131/359/2 4195/295/2 4196/294/2
f 4131/359/2 4130/360/2 4194/296/2 4195/295/2
f 4130/360/2 4129/361/2 4193/297/2 4194/296/2
f 4129/361/2 4128/362/2 4192/298/2 4193/297/2
f 4128/362/2 4127/363/2 4191/299/2 4192/298/2
f 4127/363/2 4126/364/2 4190/300/2 4191/299/2
f 4126/364/2 4125/365/2 4189/301/2 4190/300/2
f 4125/365/2 4124/366/2 4188/302/2 4189/301/2
f 4124/366/2 4123/367/2 4187/303/2 4188/302/2
f 4123/367/2 4122/368/2 4186/304/2 4187/303/2
f 4122/368/95 4121/369/95 4185/305/95 4186/304/95
f 4121/369/96 4120/370/96 4184/306/96 4185/305/96
f 4120/370/97 4119/371/97 4183/307/97 4184/306/97
f 4119/371/98 4118/372/98 4182/308/98 4183/307/98
f 4118/372/99 4117/373/99 4181/309/99 4182/308/99
f 4117/373/100 4116/374/100 4180/310/100 4181/309/100
f 4116/374/101 4115/375/101 4179/311/101 4180/310/101
f 4115/375/102 4114/376/102 4178/312/102 4179/311/102
f 4114/376/103 4113/377/103 4177/313/103 4178/312/103
f 4113/377/104 4112/378/104 4176/314/104 4177/313/104
f 4112/378/105 4111/379/105 4175/315/105 4176/314/105
f 4111/379/106 4110/380/106 4174/316/106 4175/315/106
f 4110/380/107 4109/381/107 4173/317/107 4174/316/107
f 4109/381/108 4108/382/108 4172/318/108 4173/317/108
f 4108/382/109 4107/383/109 4171/319/109 4172/318/109
f 4107/383/110 4106/384/110 4170/320/110 4171/319/110
f 4106/384/111 4105/385/111 4169/321/111 4170/320/111
f 4105/385/112 4104/386/112 4168/322/112 4169/321/112
f 4104/386/113 4103/387/113 4167/323/113 4168/322/113
f 4103/387/114 4102/388/114 4166/324/114 4167/323/114
f 4102/388/115 4101/128/115 4165/130/115 4166/324/115
f 9/389/2 4100/390/2 4164/326/2 8/325/2
f 4100/390/116 4099/391/116 4163/327/116 4164/326/116
f 4099/391/117 4098/392/117 4162/328/117 4163/327/117
f 4098/392/118 4097/393/118 4161/329/118 4162/328/118
f 4097/393/119 4096/394/119 4160/330/119 4161/329/119
f 4096/394/120 4095/395/120 4159/331/120 4160/330/120
f 4095/395/121 4094/396/121 4158/332/121 4159/331/121
f 4094/396/122 4093/397/122 4157/333/122 4158/332/122
f 4093/397/123 4092/398/123 4156/334/123 4157/333/123
f 4092/398/124 4091/399/124 4155/335/124 4156/334/124
f 4091/399/124 4090/400/124 4154/336/124 4155/335/124
f 4090/400/124 4089/401/124 4153/337/124 4154/336/124
f 4089/401/124 4088/402/124 4152/338/124 4153/337/124
f 4088/402/124 4087/403/124 4151/339/124 4152/338/124
f 4087/403/124 4086/404/124 4150/340/124 4151/339/124
f 4086/404/124 4085/405/124 4149/341/124 4150/340/124
f 4085/405/125 4084/406/125 4148/342/125 4149/341/125
f 4084/406/126 4083/407/126 4147/343/126 4148/342/126
f 4083/407/127 4082/408/127 4146/344/127 4147/343/127
f 4082/408/128 4081/409/128 4145/345/128 4146/344/128
f 4081/409/129 4080/410/129 4144/346/129 4145/345/129
f 4080/410/88 4079/411/88 4143/347/88 4144/346/88
f 4079/411/88 4078/412/88 4142/348/88 4143/347/88
f 4078/412/88 4077/413/88 4141/349/88 4142/348/88
f 4077/413/88 4076/414/88 4140/350/88 4141/349/88
f 4076/414/88 4075/415/88 4139/351/88 4140/350/88
f 4075/415/88 4074/416/88 4138/352/88 4139/351/88
f 4074/416/88 4073/417/88 4137/353/88 4138/352/88
f 4073/417/89 4072/418/89 4136/354/89 4137/353/89
f 4072/418/90 4071/419/90 4135/355/90 4136/354/90
f 4071/419/91 4070/420/91 4134/356/91 4135/355/91
f 4070/420/92 4069/421/92 4133/357/92 4134/356/92
f 4069/421/130 4068/422/130 4132/358/130 4133/357/130
f 4068/422/131 4067/423/131 4131/359/131 4132/358/131
f 4067/423/132 4066/424/132 4130/360/132 4131/359/132
f 4066/424/2 4065/425/2 4129/361/2 4130/360/2
f 4065/425/2 4064/426/2 4128/362/2 4129/361/2
f 4064/426/2 4063/427/2 4127/363/2 4128/362/2
f 4063/427/2 4062/428/2 4126/364/2 4127/363/2
f 4062/428/2 4061/429/2 4125/365/2 4126/364/2
f 4061/429/2 4060/430/2 4124/366/2 4125/365/2
f 4060/430/2 4059/431/2 4123/367/2 4124/366/2
f 4059/431/2 4058/432/2 4122/368/2 4123/367/2
f 4058/432/133 4057/433/133 4121/369/133 4122/368/133
f 4057/433/134 4056/434/134 4120/370/134 4121/369/134
f 4056/434/135 4055/435/135 4119/371/135 4120/370/135
f 4055/435/136 4054/436/136 4118/372/136 4119/371/136
f 4054/436/137 4053/437/137 4117/373/137 4118/372/137
f 4053/437/138 4052/438/138 4116/374/138 4117/373/138
f 4052/438/139 4051/439/139 4115/375/139 4116/374/139
f 4051/439/140 4050/440/140 4114/376/140 4115/375/140
f 4050/440/141 4049/441/141 4113/377/141 4114/376/141
f 4049/441/142 4048/442/142 4112/378/142 4113/377/142
f 4048/442/143 4047/443/143 4111/379/143 4112/378/143
f 4047/443/144 4046/444/144 4110/380/144 4111/379/144
f 4046/444/145 4045/445/145 4109/381/145 4110/380/145
f 4045/445/146 4044/446/146 4108/382/146 4109/381/146
f 4044/446/147 4043/447/147 4107/383/147 4108/382/147
f 4043/447/148 4042/448/148 4106/384/148 4107/383/148
f 4042/448/149 4041/449/149 4105/385/149 4106/384/149
f 4041/449/150 4040/450/150 4104/386/150 4105/385/150
f 4040/450/151 4039/451/151 4103/387/151 4104/386/151
f 4039/451/152 4038/452/152 4102/388/152 4103/387/152
f 4038/452/153 4037/126/153 4101/128/153 4102/388/153
f 10/453/81 4036/454/81 4100/390/81 9/389/81
f 4036/454/154 4035/455/154 4099/391/154 4100/390/154
f 4035/455/155 4034/456/155 4098/392/155 4099/391/155
f 4034/456/156 4033/457/156 4097/393/156 4098/392/156
f 4033/457/157 4032/458/157 4096/394/157 4097/393/157
f 4032/458/158 4031/459/158 4095/395/158 4096/394/158
f 4031/459/159 4030/460/159 4094/396/159 4095/395/159
f 4030/460/160 4029/461/160 4093/397/160 4094/396/160
f 4029/461/161 4028/462/161 4092/398/161 4093/397/161
f 4028/462/162 4027/463/162 4091/399/162 4092/398/162
f 4027/463/162 4026/464/162 4090/400/162 4091/399/162
f 4026/464/162 4025/465/162 4089/401/162 4090/400/162
f 4025/465/162 4024/466/162 4088/402/162 4089/401/162
f 4024/466/162 4023/467/162 4087/403/162 4088/402/162
f 4023/467/162 4022/468/162 4086/404/162 4087/403/162
f 4022/468/162 4021/469/162 4085/405/162 4086/404/162
f 4021/469/163 4020/470/163 4084/406/163 4085/405/163
f 4020/470/164 4019/471/164 4083/407/164 4084/406/164
f 4019/471/165 4018/472/165 4082/408/165 4083/407/165
f 4018/472/166 4017/473/166 4081/409/166 4082/408/166
f 4017/473/124 4016/474/124 4080/410/124 4081/409/124
f 4016/474/124 4015/475/124 4079/411/124 4080/410/124
f 4015/475/124 4014/476/124 4078/412/124 4079/411/124
f 4014/476/124 4013/477/124 4077/413/124 4078/412/124
f 4013/477/124 4012/478/124 4076/414/124 4077/413/124
f 4012/478/124 4011/479/124 4075/415/124 4076/414/124
f 4011/479/124 4010/480/124 4074/416/124 4075/415/124
f 4010/480/124 4009/481/124 4073/417/124 4074/416/124
f 4009/481/125 4008/482/125 4072/418/125 4073/417/125
f 4008/482/126 4007/483/126 4071/419/126 4072/418/126
f 4007/483/127 4006/484/127 4070/420/127 4071/419/127
f 4006/484/167 4005/485/167 4069/421/167 4070/420/167
f 4005/485/168 4004/486/168 4068/422/168 4069/421/168
f 4004/486/169 4003/487/169 4067/423/169 4068/422/169
f 4003/487/170 4002/488/170 4066/424/170 4067/423/170
f 4002/488/171 4001/489/171 4065/425/171 4066/424/171
f 4001/489/2 4000/490/2 4064/426/2 4065/425/2
f 4000/490/2 3999/491/2 4063/427/2 4064/426/2
f 3999/491/2 3998/492/2 4062/428/2 4063/427/2
f 3998/492/2 3997/493/2 4061/429/2 4062/428/2
f 3997/493/2 3996/494/2 4060/430/2 4061/429/2
f 3996/494/2 3995/495/2 4059/431/2 4060/430/2
f 3995/495/2 3994/496/2 4058/432/2 4059/431/2
f 3994/496/172 3993/497/172 4057/433/172 4058/432/172
f 3993/497/173 3992/498/173 4056/434/173 4057/433/173
f 3992/498/174 3991/499/174 4055/435/174 4056/434/174
f 3991/499/175 3990/500/175 4054/436/175 4055/435/175
f 3990/500/176 3989/501/176 4053/437/176 4054/436/176
f 3989/501/177 3988/502/177 4052/438/177 4053/437/177
f 3988/502/178 3987/503/178 4051/439/178 4052/438/178
f 3987/503/179 3986/504/179 4050/440/179 4051/439/179
f 3986/504/180 3985/505/180 4049/441/180 4050/440/180
f 3985/505/181 3984/506/181 4048/442/181 4049/441/181
f 3984/506/182 3983/507/182 4047/443/182 4048/442/182
f 3983/507/183 3982/508/183 4046/444/183 4047/443/183
f 3982/508/184 3981/509/184 4045/445/184 4046/444/184
f 3981/509/185 3980/510/185 4044/446/185 4045/445/185
f 3980/510/186 3979/511/186 4043/447/186 4044/446/186
f 3979/511/187 3978/512/187 4042/448/187 4043/447/187
f 3978/512/188 3977/513/188 4041/449/188 4042/448/188
f 3977/513/189 3976/514/189 4040/450/189 4041/449/189
f 3976/514/190 3975/515/190 4039/451/190 4040/450/190
f 3975/515/191 3974/516/191 4038/452/191 4039/451/191
f 3974/516/192 3973/124/192 4037/126/192 4038/452/192
f 11/517/193 3972/518/193 4036/454/193 10/453/193
f 3972/518/194 3971/519/194 4035/455/194 4036/454/194
f 3971/519/195 3970/520/195 4034/456/195 4035/455/195
f 3970/520/196 3969/521/196 4033/457/196 4034/456/196
f 3969/521/197 3968/522/197 4032/458/197 4033/457/197
f 3968/522/198 3967/523/198 4031/459/198 4032/458/198
f 3967/523/199 3966/524/199 4030/460/199 4031/459/199
f 3966/524/200 3965/525/200 4029/461/200 4030/460/200
f 3965/525/201 3964/526/201 4028/462/201 4029/461/201
f 3964/526/202 3963/527/202 4027/463/202 4028/462/202
f 3963/527/202 3962/528/202 4026/464/202 4027/463/202
f 3962/528/202 3961/529/202 4025/465/202 4026/464/202
f 3961/529/202 3960/530/202 4024/466/202 4025/465/202
f 3960/530/202 3959/531/202 4023/467/202 4024/466/202
f 3959/531/202 3958/532/202 4022/468/202 4023/467/202
f 3958/532/202 3957/533/202 4021/469/202 4022/468/202
f 3957/533/203 3956/534/203 4020/470/203 4021/469/203
f 3956/534/204 3955/535/204 4019/471/204 4020/470/204
f 3955/535/205 3954/536/205 4018/472/205 4019/471/205
f 3954/536/206 3953/537/206 4017/473/206 4018/472/206
f 3953/537/162 3952/538/162 4016/474/162 4017/473/162
f 3952/538/162 3951/539/162 4015/475/162 4016/474/162
f 3951/539/162 3950/540/162 4014/476/162 4015/475/162
f 3950/540/162 3949/541/162 4013/477/162 4014/476/162
f 3949/541/162 3948/542/162 4012/478/162 4013/477/162
f 3948/542/162 3947/543/162 4011/479/162 4012/478/162
f 3947/543/162 3946/544/162 4010/480/162 4011/479/162
f 3946/544/162 3945/545/162 4009/481/162 4010/480/162
f 3945/545/163 3944/546/163 4008/482/163 4009/481/163
f 3944/546/164 3943/547/164 4007/483/164 4008/482/164
f 3943/547/165 3942/548/165 4006/484/165 4007/483/165
f 3942/548/207 3941/549/207 4005/485/207 4006/484/207
f 3941/549/208 3940/550/208 4004/486/208 4005/485/208
f 3940/550/209 3939/551/209 4003/487/209 4004/486/209
f 3939/551/210 3938/552/210 4002/488/210 4003/487/210
f 3938/552/211 3937/553/211 4001/489/211 4002/488/211
f 3937/553/132 3936/554/132 4000/490/132 4001/489/132
f 3936/554/2 3935/555/2 3999/491/2 4000/490/2
f 3935/555/2 3934/556/2 3998/492/2 3999/491/2
f 3934/556/2 3933/557/2 3997/493/2 3998/492/2
f 3933/557/2 3932/558/2 3996/494/2 3997/493/2
f 3932/558/2 3931/559/2 3995/495/2 3996/494/2
f 3931/559/212 3930/560/212 3994/496/212 3995/495/212
f 3930/560/213 3929/561/213 3993/497/213 3994/496/213
f 3929/561/214 3928/562/214 3992/498/214 3993/497/214
f 3928/562/215 3927/563/215 3991/499/215 3992/498/215
f 3927/563/216 3926/564/216 3990/500/216 3991/499/216
f 3926/564/217 3925/565/217 3989/501/217 3990/500/217
f 3925/565/218 3924/566/218 3988/502/218 3989/501/218
f 3924/566/219 3923/567/219 3987/503/219 3988/502/219
f 3923/567/220 3922/568/220 3986/504/220 3987/503/220
f 3922/568/221 3921/569/221 3985/505/221 3986/504/221
f 3921/569/222 3920/570/222 3984/506/222 3985/505/222
f 3920/570/223 3919/571/223 3983/507/223 3984/506/223
f 3919/571/224 3918/572/224 3982/508/224 3983/507/224
f 3918/572/225 3917/573/225 3981/509/225 3982/508/225
f 3917/573/226 3916/574/226 3980/510/226 3981/509/226
f 3916/574/227 3915/575/227 3979/511/227 3980/510/227
f 3915/575/228 3914/576/228 3978/512/228 3979/511/228
f 3914/576/229 3913/577/229 3977/513/229 3978/512/229
f 3913/577/230 3912/578/230 3976/514/230 3977/513/230
f 3912/578/231 3911/579/231 3975/515/231 3976/514/231
f 3911/579/232 3910/580/232 3974/516/232 3975/515/232
f 3910/580/233 3909/122/233 3973/124/233 3974/516/233
f 12/581/234 3908/582/234 3972/518/234 11/517/234
f 3908/582/235 3907/583/235 3971/519/235 3972/518/235
f 3907/583/236 3906/584/236 3970/520/236 3971/519/236
f 3906/584/237 3905/585/237 3969/521/237 3970/520/237
f 3905/585/238 3904/586/238 3968/522/238 3969/521/238
f 3904/586/239 3903/587/239 3967/523/239 3968/522/239
f 3903/587/240 3902/588/240 3966/524/240 3967/523/240
f 3902/588/241 3901/589/241 3965/525/241 3966/524/241
f 3901/589/242 3900/590/242 3964/526/242 3965/525/242
f 3900/590/243 3899/591/243 3963/527/243 3964/526/243
f 3899/591/243 3898/592/243 3962/528/243 3963/527/243
f 3898/592/243 3897/593/243 3961/529/243 3962/528/243
f 3897/593/243 3896/594/243 3960/530/243 3961/529/243
f 3896/594/243 3895/595/243 3959/531/243 3960/530/243
f 3895/595/243 3894/596/243 3958/532/243 3959/531/243
f 3894/596/243 3893/597/243 3957/533/243 3958/532/243
f 3893/597/244 3892/598/244 3956/534/244 3957/533/244
f 3892/598/245 3891/599/245 3955/535/245 3956/534/245
f 3891/599/246 3890/600/246 3954/536/246 3955/535/246
f 3890/600/247 3889/601/247 3953/537/247 3954/536/247
f 3889/601/202 3888/602/202 3952/538/202 3953/537/202
f 3888/602/202 3887/603/202 3951/539/202 3952/538/202
f 3887/603/202 3886/604/202 3950/540/202 3951/539/202
f 3886/604/202 3885/605/202 3949/541/202 3950/540/202
f 3885/605/202 3884/606/202 3948/542/202 3949/541/202
f 3884/606/202 3883/607/202 3947/543/202 3948/542/202
f 3883/607/202 3882/608/202 3946/544/202 3947/543/202
f 3882/608/202 3881/609/202 3945/545/202 3946/544/202
f 3881/609/203 3880/610/203 3944/546/203 3945/545/203
f 3880/610/204 3879/611/204 3943/547/204 3944/546/204
f 3879/611/205 3878/612/205 3942/548/205 3943/547/205
f 3878/612/248 3877/613/248 3941/549/248 3942/548/248
f 3877/613/249 3876/614/249 3940/550/249 3941/549/249
f 3876/614/250 3875/615/250 3939/551/250 3940/550/250
f 3875/615/251 3874/616/251 3938/552/251 3939/551/251
f 3874/616/252 3873/617/252 3937/553/252 3938/552/252
f 3873/617/253 3872/618/253 3936/554/253 3937/553/253
f 3872/618/2 3871/619/2 3935/555/2 3936/554/2
f 3871/619/2 3870/620/2 3934/556/2 3935/555/2
f 3870/620/2 3869/621/2 3933/557/2 3934/556/2
f 3869/621/2 3868/622/2 3932/558/2 3933/557/2
f 3868/622/2 3867/623/2 3931/559/2 3932/558/2
f 3867/623/254 3866/624/254 3930/560/254 3931/559/254
f 3866/624/255 3865/625/255 3929/561/255 3930/560/255
f 3865/625/256 3864/626/256 3928/562/256 3929/561/256
f 3864/626/257 3863/627/257 3927/563/257 3928/562/257
f 3863/627/258 3862/628/258 3926/564/258 3927/563/258
f 3862/628/259 3861/629/259 3925/565/259 3926/564/259
f 3861/629/260 3860/630/260 3924/566/260 3925/565/260
f 3860/630/261 3859/631/261 3923/567/261 3924/566/261
f 3859/631/262 3858/632/262 3922/568/262 3923/567/262
f 3858/632/263 3857/633/263 3921/569/263 3922/568/263
f 3857/633/264 3856/634/264 3920/570/264 3921/569/264
f 3856/634/265 3855/635/265 3919/571/265 3920/570/265
f 3855/635/266 3854/636/266 3918/572/266 3919/571/266
f 3854/636/267 3853/637/267 3917/573/267 3918/572/267
f 3853/637/268 3852/638/268 3916/574/268 3917/573/268
f 3852/638/269 3851/639/269 3915/575/269 3916/574/269
f 3851/639/270 3850/640/270 3914/576/270 3915/575/270
f 3850/640/271 3849/641/271 3913/577/271 3914/576/271
f 3849/641/272 3848/642/272 3912/578/272 3913/577/272
f 3848/642/273 3847/643/273 3911/579/273 3912/578/273
f 3847/643/274 3846/644/274 3910/580/274 3911/579/274
f 3846/644/275 3845/120/275 3909/122/275 3910/580/275
f 13/645/276 3844/646/276 3908/582/276 12/581/276
f 3844/646/277 3843/647/277 3907/583/277 3908/582/277
f 3843/647/278 3842/648/278 3906/584/278 3907/583/278
f 3842/648/279 3841/649/279 3905/585/279 3906/584/279
f 3841/649/280 3840/650/280 3904/586/280 3905/585/280
f 3840/650/281 3839/651/281 3903/587/281 3904/586/281
f 3839/651/282 3838/652/282 3902/588/282 3903/587/282
f 3838/652/283 3837/653/283 3901/589/283 3902/588/283
f 3837/653/284 3836/654/284 3900/590/284 3901/589/284
f 3836/654/285 3835/655/285 3899/591/285 3900/590/285
f 3835/655/285 3834/656/285 3898/592/285 3899/591/285
f 3834/656/285 3833/657/285 3897/593/285 3898/592/285
f 3833/657/285 3832/658/285 3896/594/285 3897/593/285
f 3832/658/285 3831/659/285 3895/595/285 3896/594/285
f 3831/659/285 3830/660/285 3894/596/285 3895/595/285
f 3830/660/285 3829/661/285 3893/597/285 3894/596/285
f 3829/661/286 3828/662/286 3892/598/286 3893/597/286
f 3828/662/287 3827/663/287 3891/599/287 3892/598/287
f 3827/663/288 3826/664/288 3890/600/288 3891/599/288
f 3826/664/243 3825/665/243 3889/601/243 3890/600/243
f 3825/665/243 3824/666/243 3888/602/243 3889/601/243
f 3824/666/243 3823/667/243 3887/603/243 3888/602/243
f 3823/667/243 3822/668/243 3886/604/243 3887/603/243
f 3822/668/243 3821/669/243 3885/605/243 3886/604/243
f 3821/669/243 3820/670/243 3884/606/243 3885/605/243
f 3820/670/243 3819/671/243 3883/607/243 3884/606/243
f 3819/671/243 3818/672/243 3882/608/243 3883/607/243
f 3818/672/243 3817/673/243 3881/609/243 3882/608/243
f 3817/673/289 3816/674/289 3880/610/289 3881/609/289
f 3816/674/245 3815/675/245 3879/611/245 3880/610/245
f 3815/675/246 3814/676/246 3878/612/246 3879/611/246
f 3814/676/290 3813/677/290 3877/613/290 3878/612/290
f 3813/677/291 3812/678/291 3876/614/291 3877/613/291
f 3812/678/292 3811/679/292 3875/615/292 3876/614/292
f 3811/679/293 3810/680/293 3874/616/293 3875/615/293
f 3810/680/294 3809/681/294 3873/617/294 3874/616/294
f 3809/681/295 3808/682/295 3872/618/295 3873/617/295
f 3808/682/94 3807/683/94 3871/619/94 3872/618/94
f 3807/683/2 3806/684/2 3870/620/2 3871/619/2
f 3806/684/2 3805/685/2 3869/621/2 3870/620/2
f 3805/685/2 3804/686/2 3868/622/2 3869/621/2
f 3804/686/2 3803/687/2 3867/623/2 3868/622/2
f 3803/687/296 3802/688/296 3866/624/296 3867/623/296
f 3802/688/297 3801/689/297 3865/625/297 3866/624/297
f 3801/689/298 3800/690/298 3864/626/298 3865/625/298
f 3800/690/299 3799/691/299 3863/627/299 3864/626/299
f 3799/691/300 3798/692/300 3862/628/300 3863/627/300
f 3798/692/301 3797/693/301 3861/629/301 3862/628/301
f 3797/693/302 3796/694/302 3860/630/302 3861/629/302
f 3796/694/303 3795/695/303 3859/631/303 3860/630/303
f 3795/695/304 3794/696/304 3858/632/304 3859/631/304
f 3794/696/305 3793/697/305 3857/633/305 3858/632/305
f 3793/697/306 3792/698/306 3856/634/306 3857/633/306
f 3792/698/307 3791/699/307 3855/635/307 3856/634/307
f 3791/699/308 3790/700/308 3854/636/308 3855/635/308
f 3790/700/309 3789/701/309 3853/637/309 3854/636/309
f 3789/701/310 3788/702/310 3852/638/310 3853/637/310
f 3788/702/311 3787/703/311 3851/639/311 3852/638/311
f 3787/703/312 3786/704/312 3850/640/312 3851/639/312
f 3786/704/313 3785/705/313 3849/641/313 3850/640/313
f 3785/705/314 3784/706/314 3848/642/314 3849/641/314
f 3784/706/315 3783/707/315 3847/643/315 3848/642/315
f 3783/707/316 3782/708/316 3846/644/316 3847/643/316
f 3782/708/317 3781/118/317 3845/120/317 3846/644/317
f 14/709/318 3780/710/318 3844/646/318 13/645/318
f 3780/710/319 3779/711/319 3843/647/319 3844/646/319
f 3779/711/320 3778/712/320 3842/648/320 3843/647/320
f 3778/712/321 3777/713/321 3841/649/321 3842/648/321
f 3777/713/322 3776/714/322 3840/650/322 3841/649/322
f 3776/714/323 3775/715/323 3839/651/323 3840/650/323
f 3775/715/324 3774/716/324 3838/652/324 3839/651/324
f 3774/716/325 3773/717/325 3837/653/325 3838/652/325
f 3773/717/326 3772/718/326 3836/654/326 3837/653/326
f 3772/718/327 3771/719/327 3835/655/327 3836/654/327
f 3771/719/327 3770/720/327 3834/656/327 3835/655/327
f 3770/720/327 3769/721/327 3833/657/327 3834/656/327
f 3769/721/327 3768/722/327 3832/658/327 3833/657/327
f 3768/722/327 3767/723/327 3831/659/327 3832/658/327
f 3767/723/327 3766/724/327 3830/660/327 3831/659/327
f 3766/724/327 3765/725/327 3829/661/327 3830/660/327
f 3765/725/328 3764/726/328 3828/662/328 3829/661/328
f 3764/726/329 3763/727/329 3827/663/329 3828/662/329
f 3763/727/330 3762/728/330 3826/664/330 3827/663/330
f 3762/728/285 3761/729/285 3825/665/285 3826/664/285
f 3761/729/285 3760/730/285 3824/666/285 3825/665/285
f 3760/730/285 3759/731/285 3823/667/285 3824/666/285
f 3759/731/285 3758/732/285 3822/668/285 3823/667/285
f 3758/732/285 3757/733/285 3821/669/285 3822/668/285
f 3757/733/285 3756/734/285 3820/670/285 3821/669/285
f 3756/734/285 3755/735/285 3819/671/285 3820/670/285
f 3755/735/285 3754/736/285 3818/672/285 3819/671/285
f 3754/736/285 3753/737/285 3817/673/285 3818/672/285
f 3753/737/286 3752/738/286 3816/674/286 3817/673/286
f 3752/738/287 3751/739/287 3815/675/287 3816/674/287
f 3751/739/331 3750/740/331 3814/676/331 3815/675/331
f 3750/740/332 3749/741/332 3813/677/332 3814/676/332
f 3749/741/333 3748/742/333 3812/678/333 3813/677/333
f 3748/742/334 3747/743/334 3811/679/334 3812/678/334
f 3747/743/335 3746/744/335 3810/680/335 3811/679/335
f 3746/744/336 3745/745/336 3809/681/336 3810/680/336
f 3745/745/337 3744/746/337 3808/682/337 3809/681/337
f 3744/746/338 3743/747/338 3807/683/338 3808/682/338
f 3743/747/2 3742/748/2 3806/684/2 3807/683/2
f 3742/748/2 3741/749/2 3805/685/2 3806/684/2
f 3741/749/2 3740/750/2 3804/686/2 3805/685/2
f 3740/750/2 3739/751/2 3803/687/2 3804/686/2
f 3739/751/296 3738/752/296 3802/688/296 3803/687/296
f 3738/752/297 3737/753/297 3801/689/297 3802/688/297
f 3737/753/298 3736/754/298 3800/690/298 3801/689/298
f 3736/754/299 3735/755/299 3799/691/299 3800/690/299
f 3735/755/339 3734/756/339 3798/692/339 3799/691/339
f 3734/756/340 3733/757/340 3797/693/340 3798/692/340
f 3733/757/341 3732/758/341 3796/694/341 3797/693/341
f 3732/758/342 3731/759/342 3795/695/342 3796/694/342
f 3731/759/343 3730/760/343 3794/696/343 3795/695/343
f 3730/760/344 3729/761/344 3793/697/344 3794/696/344
f 3729/761/345 3728/762/345 3792/698/345 3793/697/345
f 3728/762/346 3727/763/346 3791/699/346 3792/698/346
f 3727/763/347 3726/764/347 3790/700/347 3791/699/347
f 3726/764/348 3725/765/348 3789/701/348 3790/700/348
f 3725/765/349 3724/766/349 3788/702/349 3789/701/349
f 3724/766/350 3723/767/350 3787/703/350 3788/702/350
f 3723/767/351 3722/768/351 3786/704/351 3787/703/351
f 3722/768/352 3721/769/352 3785/705/352 3786/704/352
f 3721/769/353 3720/770/353 3784/706/353 3785/705/353
f 3720/770/354 3719/771/354 3783/707/354 3784/706/354
f 3719/771/355 3718/772/355 3782/708/355 3783/707/355
f 3718/772/356 3717/116/356 3781/118/356 3782/708/356
f 15/773/357 3716/774/357 3780/710/357 14/709/357
f 3716/774/358 3715/775/358 3779/711/358 3780/710/358
f 3715/775/359 3714/776/359 3778/712/359 3779/711/359
f 3714/776/360 3713/777/360 3777/713/360 3778/712/360
f 3713/777/361 3712/778/361 3776/714/361 3777/713/361
f 3712/778/362 3711/779/362 3775/715/362 3776/714/362
f 3711/779/363 3710/780/363 3774/716/363 3775/715/363
f 3710/780/364 3709/781/364 3773/717/364 3774/716/364
f 3709/781/365 3708/782/365 3772/718/365 3773/717/365
f 3708/782/366 3707/783/366 3771/719/366 3772/718/366
f 3707/783/367 3706/784/367 3770/720/367 3771/719/367
f 3706/784/367 3705/785/367 3769/721/367 3770/720/367
f 3705/785/367 3704/786/367 3768/722/367 3769/721/367
f 3704/786/367 3703/787/367 3767/723/367 3768/722/367
f 3703/787/367 3702/788/367 3766/724/367 3767/723/367
f 3702/788/367 3701/789/367 3765/725/367 3766/724/367
f 3701/789/368 3700/790/368 3764/726/368 3765/725/368
f 3700/790/369 3699/791/369 3763/727/369 3764/726/369
f 3699/791/370 3698/792/370 3762/728/370 3763/727/370
f 3698/792/327 3697/793/327 3761/729/327 3762/728/327
f 3697/793/327 3696/794/327 3760/730/327 3761/729/327
f 3696/794/327 3695/795/327 3759/731/327 3760/730/327
f 3695/795/327 3694/796/327 3758/732/327 3759/731/327
f 3694/796/327 3693/797/327 3757/733/327 3758/732/327
f 3693/797/327 3692/798/327 3756/734/327 3757/733/327
f 3692/798/327 3691/799/327 3755/735/327 3756/734/327
f 3691/799/327 3690/800/327 3754/736/327 3755/735/327
f 3690/800/327 3689/801/327 3753/737/327 3754/736/327
f 3689/801/328 3688/802/328 3752/738/328 3753/737/328
f 3688/802/329 3687/803/329 3751/739/329 3752/738/329
f 3687/803/371 3686/804/371 3750/740/371 3751/739/371
f 3686/804/372 3685/805/372 3749/741/372 3750/740/372
f 3685/805/373 3684/806/373 3748/742/373 3749/741/373
f 3684/806/374 3683/807/374 3747/743/374 3748/742/374
f 3683/807/375 3682/808/375 3746/744/375 3747/743/375
f 3682/808/376 3681/809/376 3745/745/376 3746/744/376
f 3681/809/377 3680/810/377 3744/746/377 3745/745/377
f 3680/810/378 3679/811/378 3743/747/378 3744/746/378
f 3679/811/2 3678/812/2 3742/748/2 3743/747/2
f 3678/812/2 3677/813/2 3741/749/2 3742/748/2
f 3677/813/2 3676/814/2 3740/750/2 3741/749/2
f 3676/814/2 3675/815/2 3739/751/2 3740/750/2
f 3675/815/296 3674/816/296 3738/752/296 3739/751/296
f 3674/816/297 3673/817/297 3737/753/297 3738/752/297
f 3673/817/298 3672/818/298 3736/754/298 3737/753/298
f 3672/818/299 3671/819/299 3735/755/299 3736/754/299
f 3671/819/379 3670/820/379 3734/756/379 3735/755/379
f 3670/820/380 3669/821/380 3733/757/380 3734/756/380
f 3669/821/381 3668/822/381 3732/758/381 3733/757/381
f 3668/822/382 3667/823/382 3731/759/382 3732/758/382
f 3667/823/383 3666/824/383 3730/760/383 3731/759/383
f 3666/824/384 3665/825/384 3729/761/384 3730/760/384
f 3665/825/385 3664/826/385 3728/762/385 3729/761/385
f 3664/826/386 3663/827/386 3727/763/386 3728/762/386
f 3663/827/387 3662/828/387 3726/764/387 3727/763/387
f 3662/828/388 3661/829/388 3725/765/388 3726/764/388
f 3661/829/389 3660/830/389 3724/766/389 3725/765/389
f 3660/830/390 3659/831/390 3723/767/390 3724/766/390
f 3659/831/391 3658/832/391 3722/768/391 3723/767/391
f 3658/832/392 3657/833/392 3721/769/392 3722/768/392
f 3657/833/393 3656/834/393 3720/770/393 3721/769/393
f 3656/834/394 3655/835/394 3719/771/394 3720/770/394
f 3655/835/395 3654/836/395 3718/772/395 3719/771/395
f 3654/836/396 3653/114/396 3717/116/396 3718/772/396
f 16/837/397 3652/838/397 3716/774/397 15/773/397
f 3652/838/398 3651/839/398 3715/775/398 3716/774/398
f 3651/839/399 3650/840/399 3714/776/399 3715/775/399
f 3650/840/400 3649/841/400 3713/777/400 3714/776/400
f 3649/841/401 3648/842/401 3712/778/401 3713/777/401
f 3648/842/402 3647/843/402 3711/779/402 3712/778/402
f 3647/843/403 3646/844/403 3710/780/403 3711/779/403
f 3646/844/404 3645/845/404 3709/781/404 3710/780/404
f 3645/845/405 3644/846/405 3708/782/405 3709/781/405
f 3644/846/406 3643/847/406 3707/783/406 3708/782/406
f 3643/847/407 3642/848/407 3706/784/407 3707/783/407
f 3642/848/408 3641/849/408 3705/785/408 3706/784/408
f 3641/849/408 3640/850/408 3704/786/408 3705/785/408
f 3640/850/408 3639/851/408 3703/787/408 3704/786/408
f 3639/851/408 3638/852/408 3702/788/408 3703/787/408
f 3638/852/408 3637/853/408 3701/789/408 3702/788/408
f 3637/853/409 3636/854/409 3700/790/409 3701/789/409
f 3636/854/410 3635/855/410 3699/791/410 3700/790/410
f 3635/855/367 3634/856/367 3698/792/367 3699/791/367
f 3634/856/367 3633/857/367 3697/793/367 3698/792/367
f 3633/857/367 3632/858/367 3696/794/367 3697/793/367
f 3632/858/367 3631/859/367 3695/795/367 3696/794/367
f 3631/859/367 3630/860/367 3694/796/367 3695/795/367
f 3630/860/367 3629/861/367 3693/797/367 3694/796/367
f 3629/861/367 3628/862/367 3692/798/367 3693/797/367
f 3628/862/367 3627/863/367 3691/799/367 3692/798/367
f 3627/863/367 3626/864/367 3690/800/367 3691/799/367
f 3626/864/367 3625/865/367 3689/801/367 3690/800/367
f 3625/865/368 3624/866/368 3688/802/368 3689/801/368
f 3624/866/411 3623/867/411 3687/803/411 3688/802/411
f 3623/867/412 3622/868/412 3686/804/412 3687/803/412
f 3622/868/413 3621/869/413 3685/805/413 3686/804/413
f 3621/869/414 3620/870/414 3684/806/414 3685/805/414
f 3620/870/415 3619/871/415 3683/807/415 3684/806/415
f 3619/871/416 3618/872/416 3682/808/416 3683/807/416
f 3618/872/417 3617/873/417 3681/809/417 3682/808/417
f 3617/873/418 3616/874/418 3680/810/418 3681/809/418
f 3616/874/419 3615/875/419 3679/811/419 3680/810/419
f 3615/875/29 3614/876/29 3678/812/29 3679/811/29
f 3614/876/2 3613/877/2 3677/813/2 3678/812/2
f 3613/877/2 3612/878/2 3676/814/2 3677/813/2
f 3612/878/2 3611/879/2 3675/815/2 3676/814/2
f 3611/879/296 3610/880/296 3674/816/296 3675/815/296
f 3610/880/297 3609/881/297 3673/817/297 3674/816/297
f 3609/881/298 3608/882/298 3672/818/298 3673/817/298
f 3608/882/299 3607/883/299 3671/819/299 3672/818/299
f 3607/883/420 3606/884/420 3670/820/420 3671/819/420
f 3606/884/421 3605/885/421 3669/821/421 3670/820/421
f 3605/885/422 3604/886/422 3668/822/422 3669/821/422
f 3604/886/423 3603/887/423 3667/823/423 3668/822/423
f 3603/887/424 3602/888/424 3666/824/424 3667/823/424
f 3602/888/425 3601/889/425 3665/825/425 3666/824/425
f 3601/889/426 3600/890/426 3664/826/426 3665/825/426
f 3600/890/427 3599/891/427 3663/827/427 3664/826/427
f 3599/891/428 3598/892/428 3662/828/428 3663/827/428
f 3598/892/429 3597/893/429 3661/829/429 3662/828/429
f 3597/893/430 3596/894/430 3660/830/430 3661/829/430
f 3596/894/431 3595/895/431 3659/831/431 3660/830/431
f 3595/895/432 3594/896/432 3658/832/432 3659/831/432
f 3594/896/433 3593/897/433 3657/833/433 3658/832/433
f 3593/897/434 3592/898/434 3656/834/434 3657/833/434
f 3592/898/435 3591/899/435 3655/835/435 3656/834/435
f 3591/899/436 3590/900/436 3654/836/436 3655/835/436
f 3590/900/437 3589/112/437 3653/114/437 3654/836/437
f 17/901/438 3588/902/438 3652/838/438 16/837/438
f 3588/902/439 3587/903/439 3651/839/439 3652/838/439
f 3587/903/440 3586/904/440 3650/840/440 3651/839/440
f 3586/904/441 3585/905/441 3649/841/441 3650/840/441
f 3585/905/442 3584/906/442 3648/842/442 3649/841/442
f 3584/906/443 3583/907/443 3647/843/443 3648/842/443
f 3583/907/444 3582/908/444 3646/844/444 3647/843/444
f 3582/908/445 3581/909/445 3645/845/445 3646/844/445
f 3581/909/446 3580/910/446 3644/846/446 3645/845/446
f 3580/910/447 3579/911/447 3643/847/447 3644/846/447
f 3579/911/448 3578/912/448 3642/848/448 3643/847/448
f 3578/912/2 3577/913/2 3641/849/2 3642/848/2
f 3577/913/2 3576/914/2 3640/850/2 3641/849/2
f 3576/914/2 3575/915/2 3639/851/2 3640/850/2
f 3575/915/2 3574/916/2 3638/852/2 3639/851/2
f 3574/916/2 3573/917/2 3637/853/2 3638/852/2
f 3573/917/449 3572/918/449 3636/854/449 3637/853/449
f 3572/918/408 3571/919/408 3635/855/408 3636/854/408
f 3571/919/408 3570/920/408 3634/856/408 3635/855/408
f 3570/920/408 3569/921/408 3633/857/408 3634/856/408
f 3569/921/408 3568/922/408 3632/858/408 3633/857/408
f 3568/922/408 3567/923/408 3631/859/408 3632/858/408
f 3567/923/408 3566/924/408 3630/860/408 3631/859/408
f 3566/924/408 3565/925/408 3629/861/408 3630/860/408
f 3565/925/408 3564/926/408 3628/862/408 3629/861/408
f 3564/926/408 3563/927/408 3627/863/408 3628/862/408
f 3563/927/408 3562/928/408 3626/864/408 3627/863/408
f 3562/928/408 3561/929/408 3625/865/408 3626/864/408
f 3561/929/409 3560/930/409 3624/866/409 3625/865/409
f 3560/930/450 3559/931/450 3623/867/450 3624/866/450
f 3559/931/451 3558/932/451 3622/868/451 3623/867/451
f 3558/932/452 3557/933/452 3621/869/452 3622/868/452
f 3557/933/453 3556/934/453 3620/870/453 3621/869/453
f 3556/934/454 3555/935/454 3619/871/454 3620/870/454
f 3555/935/455 3554/936/455 3618/872/455 3619/871/455
f 3554/936/456 3553/937/456 3617/873/456 3618/872/456
f 3553/937/457 3552/938/457 3616/874/457 3617/873/457
f 3552/938/458 3551/939/458 3615/875/458 3616/874/458
f 3551/939/459 3550/940/459 3614/876/459 3615/875/459
f 3550/940/2 3549/941/2 3613/877/2 3614/876/2
f 3549/941/2 3548/942/2 3612/878/2 3613/877/2
f 3548/942/2 3547/943/2 3611/879/2 3612/878/2
f 3547/943/296 3546/944/296 3610/880/296 3611/879/296
f 3546/944/297 3545/945/297 3609/881/297 3610/880/297
f 3545/945/298 3544/946/298 3608/882/298 3609/881/298
f 3544/946/299 3543/947/299 3607/883/299 3608/882/299
f 3543/947/460 3542/948/460 3606/884/460 3607/883/460
f 3542/948/461 3541/949/461 3605/885/461 3606/884/461
f 3541/949/462 3540/950/462 3604/886/462 3605/885/462
f 3540/950/463 3539/951/463 3603/887/463 3604/886/463
f 3539/951/464 3538/952/464 3602/888/464 3603/887/464
f 3538/952/465 3537/953/465 3601/889/465 3602/888/465
f 3537/953/466 3536/954/466 3600/890/466 3601/889/466
f 3536/954/467 3535/955/467 3599/891/467 3600/890/467
f 3535/955/468 3534/956/468 3598/892/468 3599/891/468
f 3534/956/469 3533/957/469 3597/893/469 3598/892/469
f 3533/957/470 3532/958/470 3596/894/470 3597/893/470
f 3532/958/471 3531/959/471 3595/895/471 3596/894/471
f 3531/959/472 3530/960/472 3594/896/472 3595/895/472
f 3530/960/473 3529/961/473 3593/897/473 3594/896/473
f 3529/961/474 3528/962/474 3592/898/474 3593/897/474
f 3528/962/475 3527/963/475 3591/899/475 3592/898/475
f 3527/963/476 3526/964/476 3590/900/476 3591/899/476
f 3526/964/477 3525/110/477 3589/112/477 3590/900/477
f 18/965/478 3524/966/478 3588/902/478 17/901/478
f 3524/966/479 3523/967/479 3587/903/479 3588/902/479
f 3523/967/480 3522/968/480 3586/904/480 3587/903/480
f 3522/968/481 3521/969/481 3585/905/481 3586/904/481
f 3521/969/482 3520/970/482 3584/906/482 3585/905/482
f 3520/970/483 3519/971/483 3583/907/483 3584/906/483
f 3519/971/484 3518/972/484 3582/908/484 3583/907/484
f 3518/972/485 3517/973/485 3581/909/485 3582/908/485
f 3517/973/486 3516/974/486 3580/910/486 3581/909/486
f 3516/974/487 3515/975/487 3579/911/487 3580/910/487
f 3515/975/488 3514/976/488 3578/912/488 3579/911/488
f 3514/976/489 3513/977/489 3577/913/489 3578/912/489
f 3513/977/2 3512/978/2 3576/914/2 3577/913/2
f 3512/978/2 3511/979/2 3575/915/2 3576/914/2
f 3511/979/2 3510/980/2 3574/916/2 3575/915/2
f 3510/980/2 3509/981/2 3573/917/2 3574/916/2
f 3509/981/2 3508/982/2 3572/918/2 3573/917/2
f 3508/982/2 3507/983/2 3571/919/2 3572/918/2
f 3507/983/2 3506/984/2 3570/920/2 3571/919/2
f 3506/984/2 3505/985/2 3569/921/2 3570/920/2
f 3505/985/2 3504/986/2 3568/922/2 3569/921/2
f 3504/986/2 3503/987/2 3567/923/2 3568/922/2
f 3503/987/2 3502/988/2 3566/924/2 3567/923/2
f 3502/988/2 3501/989/2 3565/925/2 3566/924/2
f 3501/989/2 3500/990/2 3564/926/2 3565/925/2
f 3500/990/2 3499/991/2 3563/927/2 3564/926/2
f 3499/991/2 3498/992/2 3562/928/2 3563/927/2
f 3498/992/2 3497/993/2 3561/929/2 3562/928/2
f 3497/993/490 3496/994/490 3560/930/490 3561/929/490
f 3496/994/491 3495/995/491 3559/931/491 3560/930/491
f 3495/995/492 3494/996/492 3558/932/492 3559/931/492
f 3494/996/493 3493/997/493 3557/933/493 3558/932/493
f 3493/997/494 3492/998/494 3556/934/494 3557/933/494
f 3492/998/495 3491/999/495 3555/935/495 3556/934/495
f 3491/999/496 3490/1000/496 3554/936/496 3555/935/496
f 3490/1000/497 3489/1001/497 3553/937/497 3554/936/497
f 3489/1001/498 3488/1002/498 3552/938/498 3553/937/498
f 3488/1002/499 3487/1003/499 3551/939/499 3552/938/499
f 3487/1003/500 3486/1004/500 3550/940/500 3551/939/500
f 3486/1004/2 3485/1005/2 3549/941/2 3550/940/2
f 3485/1005/2 3484/1006/2 3548/942/2 3549/941/2
f 3484/1006/2 3483/1007/2 3547/943/2 3548/942/2
f 3483/1007/296 3482/1008/296 3546/944/296 3547/943/296
f 3482/1008/297 3481/1009/297 3545/945/297 3546/944/297
f 3481/1009/298 3480/1010/298 3544/946/298 3545/945/298
f 3480/1010/299 3479/1011/299 3543/947/299 3544/946/299
f 3479/1011/501 3478/1012/501 3542/948/501 3543/947/501
f 3478/1012/502 3477/1013/502 3541/949/502 3542/948/502
f 3477/1013/503 3476/1014/503 3540/950/503 3541/949/503
f 3476/1014/504 3475/1015/504 3539/951/504 3540/950/504
f 3475/1015/505 3474/1016/505 3538/952/505 3539/951/505
f 3474/1016/506 3473/1017/506 3537/953/506 3538/952/506
f 3473/1017/507 3472/1018/507 3536/954/507 3537/953/507
f 3472/1018/508 3471/1019/508 3535/955/508 3536/954/508
f 3471/1019/509 3470/1020/509 3534/956/509 3535/955/509
f 3470/1020/510 3469/1021/510 3533/957/510 3534/956/510
f 3469/1021/511 3468/1022/511 3532/958/511 3533/957/511
f 3468/1022/512 3467/1023/512 3531/959/512 3532/958/512
f 3467/1023/513 3466/1024/513 3530/960/513 3531/959/513
f 3466/1024/514 3465/1025/514 3529/961/514 3530/960/514
f 3465/1025/515 3464/1026/515 3528/962/515 3529/961/515
f 3464/1026/516 3463/1027/516 3527/963/516 3528/962/516
f 3463/1027/517 3462/1028/517 3526/964/517 3527/963/517
f 3462/1028/518 3461/108/518 3525/110/518 3526/964/518
f 19/1029/519 3460/1030/519 3524/966/519 18/965/519
f 3460/1030/520 3459/1031/520 3523/967/520 3524/966/520
f 3459/1031/521 3458/1032/521 3522/968/521 3523/967/521
f 3458/1032/522 3457/1033/522 3521/969/522 3522/968/522
f 3457/1033/523 3456/1034/523 3520/970/523 3521/969/523
f 3456/1034/524 3455/1035/524 3519/971/524 3520/970/524
f 3455/1035/525 3454/1036/525 3518/972/525 3519/971/525
f 3454/1036/526 3453/1037/526 3517/973/526 3518/972/526
f 3453/1037/527 3452/1038/527 3516/974/527 3517/973/527
f 3452/1038/528 3451/1039/528 3515/975/528 3516/974/528
f 3451/1039/529 3450/1040/529 3514/976/529 3515/975/529
f 3450/1040/530 3449/1041/530 3513/977/530 3514/976/530
f 3449/1041/531 3448/1042/531 3512/978/531 3513/977/531
f 3448/1042/532 3447/1043/532 3511/979/532 3512/978/532
f 3447/1043/532 3446/1044/532 3510/980/532 3511/979/532
f 3446/1044/532 3445/1045/532 3509/981/532 3510/980/532
f 3445/1045/532 3444/1046/532 3508/982/532 3509/981/532
f 3444/1046/532 3443/1047/532 3507/983/532 3508/982/532
f 3443/1047/532 3442/1048/532 3506/984/532 3507/983/532
f 3442/1048/532 3441/1049/532 3505/985/532 3506/984/532
f 3441/1049/532 3440/1050/532 3504/986/532 3505/985/532
f 3440/1050/532 3439/1051/532 3503/987/532 3504/986/532
f 3439/1051/533 3438/1052/533 3502/988/533 3503/987/533
f 3438/1052/2 3437/1053/2 3501/989/2 3502/988/2
f 3437/1053/2 3436/1054/2 3500/990/2 3501/989/2
f 3436/1054/2 3435/1055/2 3499/991/2 3500/990/2
f 3435/1055/2 3434/1056/2 3498/992/2 3499/991/2
f 3434/1056/2 3433/1057/2 3497/993/2 3498/992/2
f 3433/1057/490 3432/1058/490 3496/994/490 3497/993/490
f 3432/1058/491 3431/1059/491 3495/995/491 3496/994/491
f 3431/1059/492 3430/1060/492 3494/996/492 3495/995/492
f 3430/1060/493 3429/1061/493 3493/997/493 3494/996/493
f 3429/1061/494 3428/1062/494 3492/998/494 3493/997/494
f 3428/1062/495 3427/1063/495 3491/999/495 3492/998/495
f 3427/1063/496 3426/1064/496 3490/1000/496 3491/999/496
f 3426/1064/497 3425/1065/497 3489/1001/497 3490/1000/497
f 3425/1065/498 3424/1066/498 3488/1002/498 3489/1001/498
f 3424/1066/499 3423/1067/499 3487/1003/499 3488/1002/499
f 3423/1067/500 3422/1068/500 3486/1004/500 3487/1003/500
f 3422/1068/2 3421/1069/2 3485/1005/2 3486/1004/2
f 3421/1069/2 3420/1070/2 3484/1006/2 3485/1005/2
f 3420/1070/2 3419/1071/2 3483/1007/2 3484/1006/2
f 3419/1071/534 3418/1072/534 3482/1008/534 3483/1007/534
f 3418/1072/535 3417/1073/535 3481/1009/535 3482/1008/535
f 3417/1073/536 3416/1074/536 3480/1010/536 3481/1009/536
f 3416/1074/537 3415/1075/537 3479/1011/537 3480/1010/537
f 3415/1075/538 3414/1076/538 3478/1012/538 3479/1011/538
f 3414/1076/539 3413/1077/539 3477/1013/539 3478/1012/539
f 3413/1077/540 3412/1078/540 3476/1014/540 3477/1013/540
f 3412/1078/541 3411/1079/541 3475/1015/541 3476/1014/541
f 3411/1079/542 3410/1080/542 3474/1016/542 3475/1015/542
f 3410/1080/543 3409/1081/543 3473/1017/543 3474/1016/543
f 3409/1081/544 3408/1082/544 3472/1018/544 3473/1017/544
f 3408/1082/545 3407/1083/545 3471/1019/545 3472/1018/545
f 3407/1083/546 3406/1084/546 3470/1020/546 3471/1019/546
f 3406/1084/547 3405/1085/547 3469/1021/547 3470/1020/547
f 3405/1085/548 3404/1086/548 3468/1022/548 3469/1021/548
f 3404/1086/549 3403/1087/549 3467/1023/549 3468/1022/549
f 3403/1087/550 3402/1088/550 3466/1024/550 3467/1023/550
f 3402/1088/551 3401/1089/551 3465/1025/551 3466/1024/551
f 3401/1089/552 3400/1090/552 3464/1026/552 3465/1025/552
f 3400/1090/553 3399/1091/553 3463/1027/553 3464/1026/553
f 3399/1091/554 3398/1092/554 3462/1028/554 3463/1027/554
f 3398/1092/555 3397/106/555 3461/108/555 3462/1028/555
f 20/1093/556 3396/1094/556 3460/1030/556 19/1029/556
f 3396/1094/557 3395/1095/557 3459/1031/557 3460/1030/557
f 3395/1095/558 3394/1096/558 3458/1032/558 3459/1031/558
f 3394/1096/559 3393/1097/559 3457/1033/559 3458/1032/559
f 3393/1097/560 3392/1098/560 3456/1034/560 3457/1033/560
f 3392/1098/561 3391/1099/561 3455/1035/561 3456/1034/561
f 3391/1099/562 3390/1100/562 3454/1036/562 3455/1035/562
f 3390/1100/563 3389/1101/563 3453/1037/563 3454/1036/563
f 3389/1101/564 3388/1102/564 3452/1038/564 3453/1037/564
f 3388/1102/565 3387/1103/565 3451/1039/565 3452/1038/565
f 3387/1103/566 3386/1104/566 3450/1040/566 3451/1039/566
f 3386/1104/567 3385/1105/567 3449/1041/567 3450/1040/567
f 3385/1105/568 3384/1106/568 3448/1042/568 3449/1041/568
f 3384/1106/569 3383/1107/569 3447/1043/569 3448/1042/569
f 3383/1107/569 3382/1108/569 3446/1044/569 3447/1043/569
f 3382/1108/569 3381/1109/569 3445/1045/569 3446/1044/569
f 3381/1109/569 3380/1110/569 3444/1046/569 3445/1045/569
f 3380/1110/569 3379/1111/569 3443/1047/569 3444/1046/569
f 3379/1111/569 3378/1112/569 3442/1048/569 3443/1047/569
f 3378/1112/569 3377/1113/569 3441/1049/569 3442/1048/569
f 3377/1113/569 3376/1114/569 3440/1050/569 3441/1049/569
f 3376/1114/570 3375/1115/570 3439/1051/570 3440/1050/570
f 3375/1115/571 3374/1116/571 3438/1052/571 3439/1051/571
f 3374/1116/532 3373/1117/532 3437/1053/532 3438/1052/532
f 3373/1117/532 3372/1118/532 3436/1054/532 3437/1053/532
f 3372/1118/532 3371/1119/532 3435/1055/532 3436/1054/532
f 3371/1119/532 3370/1120/532 3434/1056/532 3435/1055/532
f 3370/1120/532 3369/1121/532 3433/1057/532 3434/1056/532
f 3369/1121/572 3368/1122/572 3432/1058/572 3433/1057/572
f 3368/1122/573 3367/1123/573 3431/1059/573 3432/1058/573
f 3367/1123/574 3366/1124/574 3430/1060/574 3431/1059/574
f 3366/1124/575 3365/1125/575 3429/1061/575 3430/1060/575
f 3365/1125/576 3364/1126/576 3428/1062/576 3429/1061/576
f 3364/1126/577 3363/1127/577 3427/1063/577 3428/1062/577
f 3363/1127/578 3362/1128/578 3426/1064/578 3427/1063/578
f 3362/1128/579 3361/1129/579 3425/1065/579 3426/1064/579
f 3361/1129/580 3360/1130/580 3424/1066/580 3425/1065/580
f 3360/1130/581 3359/1131/581 3423/1067/581 3424/1066/581
f 3359/1131/582 3358/1132/582 3422/1068/582 3423/1067/582
f 3358/1132/2 3357/1133/2 3421/1069/2 3422/1068/2
f 3357/1133/2 3356/1134/2 3420/1070/2 3421/1069/2
f 3356/1134/2 3355/1135/2 3419/1071/2 3420/1070/2
f 3355/1135/583 3354/1136/583 3418/1072/583 3419/1071/583
f 3354/1136/584 3353/1137/584 3417/1073/584 3418/1072/584
f 3353/1137/585 3352/1138/585 3416/1074/585 3417/1073/585
f 3352/1138/586 3351/1139/586 3415/1075/586 3416/1074/586
f 3351/1139/587 3350/1140/587 3414/1076/587 3415/1075/587
f 3350/1140/588 3349/1141/588 3413/1077/588 3414/1076/588
f 3349/1141/589 3348/1142/589 3412/1078/589 3413/1077/589
f 3348/1142/590 3347/1143/590 3411/1079/590 3412/1078/590
f 3347/1143/591 3346/1144/591 3410/1080/591 3411/1079/591
f 3346/1144/592 3345/1145/592 3409/1081/592 3410/1080/592
f 3345/1145/593 3344/1146/593 3408/1082/593 3409/1081/593
f 3344/1146/594 3343/1147/594 3407/1083/594 3408/1082/594
f 3343/1147/595 3342/1148/595 3406/1084/595 3407/1083/595
f 3342/1148/596 3341/1149/596 3405/1085/596 3406/1084/596
f 3341/1149/597 3340/1150/597 3404/1086/597 3405/1085/597
f 3340/1150/598 3339/1151/598 3403/1087/598 3404/1086/598
f 3339/1151/599 3338/1152/599 3402/1088/599 3403/1087/599
f 3338/1152/600 3337/1153/600 3401/1089/600 3402/1088/600
f 3337/1153/601 3336/1154/601 3400/1090/601 3401/1089/601
f 3336/1154/602 3335/1155/602 3399/1091/602 3400/1090/602
f 3335/1155/603 3334/1156/603 3398/1092/603 3399/1091/603
f 3334/1156/604 3333/104/604 3397/106/604 3398/1092/604
f 21/1157/605 3332/1158/605 3396/1094/605 20/1093/605
f 3332/1158/606 3331/1159/606 3395/1095/606 3396/1094/606
f 3331/1159/607 3330/1160/607 3394/1096/607 3395/1095/607
f 3330/1160/608 3329/1161/608 3393/1097/608 3394/1096/608
f 3329/1161/609 3328/1162/609 3392/1098/609 3393/1097/609
f 3328/1162/610 3327/1163/610 3391/1099/610 3392/1098/610
f 3327/1163/611 3326/1164/611 3390/1100/611 3391/1099/611
f 3326/1164/612 3325/1165/612 3389/1101/612 3390/1100/612
f 3325/1165/613 3324/1166/613 3388/1102/613 3389/1101/613
f 3324/1166/614 3323/1167/614 3387/1103/614 3388/1102/614
f 3323/1167/615 3322/1168/615 3386/1104/615 3387/1103/615
f 3322/1168/616 3321/1169/616 3385/1105/616 3386/1104/616
f 3321/1169/617 3320/1170/617 3384/1106/617 3385/1105/617
f 3320/1170/618 3319/1171/618 3383/1107/618 3384/1106/618
f 3319/1171/618 3318/1172/618 3382/1108/618 3383/1107/618
f 3318/1172/618 3317/1173/618 3381/1109/618 3382/1108/618
f 3317/1173/618 3316/1174/618 3380/1110/618 3381/1109/618
f 3316/1174/618 3315/1175/618 3379/1111/618 3380/1110/618
f 3315/1175/618 3314/1176/618 3378/1112/618 3379/1111/618
f 3314/1176/618 3313/1177/618 3377/1113/618 3378/1112/618
f 3313/1177/619 3312/1178/619 3376/1114/619 3377/1113/619
f 3312/1178/620 3311/1179/620 3375/1115/620 3376/1114/620
f 3311/1179/621 3310/1180/621 3374/1116/621 3375/1115/621
f 3310/1180/569 3309/1181/569 3373/1117/569 3374/1116/569
f 3309/1181/569 3308/1182/569 3372/1118/569 3373/1117/569
f 3308/1182/569 3307/1183/569 3371/1119/569 3372/1118/569
f 3307/1183/569 3306/1184/569 3370/1120/569 3371/1119/569
f 3306/1184/569 3305/1185/569 3369/1121/569 3370/1120/569
f 3305/1185/622 3304/1186/622 3368/1122/622 3369/1121/622
f 3304/1186/623 3303/1187/623 3367/1123/623 3368/1122/623
f 3303/1187/624 3302/1188/624 3366/1124/624 3367/1123/624
f 3302/1188/625 3301/1189/625 3365/1125/625 3366/1124/625
f 3301/1189/626 3300/1190/626 3364/1126/626 3365/1125/626
f 3300/1190/627 3299/1191/627 3363/1127/627 3364/1126/627
f 3299/1191/628 3298/1192/628 3362/1128/628 3363/1127/628
f 3298/1192/629 3297/1193/629 3361/1129/629 3362/1128/629
f 3297/1193/630 3296/1194/630 3360/1130/630 3361/1129/630
f 3296/1194/631 3295/1195/631 3359/1131/631 3360/1130/631
f 3295/1195/632 3294/1196/632 3358/1132/632 3359/1131/632
f 3294/1196/2 3293/1197/2 3357/1133/2 3358/1132/2
f 3293/1197/2 3292/1198/2 3356/1134/2 3357/1133/2
f 3292/1198/2 3291/1199/2 3355/1135/2 3356/1134/2
f 3291/1199/2 3290/1200/2 3354/1136/2 3355/1135/2
f 3290/1200/633 3289/1201/633 3353/1137/633 3354/1136/633
f 3289/1201/634 3288/1202/634 3352/1138/634 3353/1137/634
f 3288/1202/635 3287/1203/635 3351/1139/635 3352/1138/635
f 3287/1203/636 3286/1204/636 3350/1140/636 3351/1139/636
f 3286/1204/637 3285/1205/637 3349/1141/637 3350/1140/637
f 3285/1205/638 3284/1206/638 3348/1142/638 3349/1141/638
f 3284/1206/639 3283/1207/639 3347/1143/639 3348/1142/639
f 3283/1207/640 3282/1208/640 3346/1144/640 3347/1143/640
f 3282/1208/641 3281/1209/641 3345/1145/641 3346/1144/641
f 3281/1209/642 3280/1210/642 3344/1146/642 3345/1145/642
f 3280/1210/643 3279/1211/643 3343/1147/643 3344/1146/643
f 3279/1211/644 3278/1212/644 3342/1148/644 3343/1147/644
f 3278/1212/645 3277/1213/645 3341/1149/645 3342/1148/645
f 3277/1213/646 3276/1214/646 3340/1150/646 3341/1149/646
f 3276/1214/647 3275/1215/647 3339/1151/647 3340/1150/647
f 3275/1215/648 3274/1216/648 3338/1152/648 3339/1151/648
f 3274/1216/649 3273/1217/649 3337/1153/649 3338/1152/649
f 3273/1217/650 3272/1218/650 3336/1154/650 3337/1153/650
f 3272/1218/651 3271/1219/651 3335/1155/651 3336/1154/651
f 3271/1219/652 3270/1220/652 3334/1156/652 3335/1155/652
f 3270/1220/653 3269/102/653 3333/104/653 3334/1156/653
f 22/1221/654 3268/1222/654 3332/1158/654 21/1157/654
f 3268/1222/655 3267/1223/655 3331/1159/655 3332/1158/655
f 3267/1223/656 3266/1224/656 3330/1160/656 3331/1159/656
f 3266/1224/657 3265/1225/657 3329/1161/657 3330/1160/657
f 3265/1225/658 3264/1226/658 3328/1162/658 3329/1161/658
f 3264/1226/659 3263/1227/659 3327/1163/659 3328/1162/659
f 3263/1227/660 3262/1228/660 3326/1164/660 3327/1163/660
f 3262/1228/661 3261/1229/661 3325/1165/661 3326/1164/661
f 3261/1229/662 3260/1230/662 3324/1166/662 3325/1165/662
f 3260/1230/663 3259/1231/663 3323/1167/663 3324/1166/663
f 3259/1231/664 3258/1232/664 3322/1168/664 3323/1167/664
f 3258/1232/665 3257/1233/665 3321/1169/665 3322/1168/665
f 3257/1233/666 3256/1234/666 3320/1170/666 3321/1169/666
f 3256/1234/667 3255/1235/667 3319/1171/667 3320/1170/667
f 3255/1235/667 3254/1236/667 3318/1172/667 3319/1171/667
f 3254/1236/667 3253/1237/667 3317/1173/667 3318/1172/667
f 3253/1237/667 3252/1238/667 3316/1174/667 3317/1173/667
f 3252/1238/667 3251/1239/667 3315/1175/667 3316/1174/667
f 3251/1239/667 3250/1240/667 3314/1176/667 3315/1175/667
f 3250/1240/667 3249/1241/667 3313/1177/667 3314/1176/667
f 3249/1241/668 3248/1242/668 3312/1178/668 3313/1177/668
f 3248/1242/669 3247/1243/669 3311/1179/669 3312/1178/669
f 3247/1243/670 3246/1244/670 3310/1180/670 3311/1179/670
f 3246/1244/618 3245/1245/618 3309/1181/618 3310/1180/618
f 3245/1245/618 3244/1246/618 3308/1182/618 3309/1181/618
f 3244/1246/618 3243/1247/618 3307/1183/618 3308/1182/618
f 3243/1247/618 3242/1248/618 3306/1184/618 3307/1183/618
f 3242/1248/618 3241/1249/618 3305/1185/618 3306/1184/618
f 3241/1249/671 3240/1250/671 3304/1186/671 3305/1185/671
f 3240/1250/672 3239/1251/672 3303/1187/672 3304/1186/672
f 3239/1251/673 3238/1252/673 3302/1188/673 3303/1187/673
f 3238/1252/674 3237/1253/674 3301/1189/674 3302/1188/674
f 3237/1253/675 3236/1254/675 3300/1190/675 3301/1189/675
f 3236/1254/676 3235/1255/676 3299/1191/676 3300/1190/676
f 3235/1255/677 3234/1256/677 3298/1192/677 3299/1191/677
f 3234/1256/678 3233/1257/678 3297/1193/678 3298/1192/678
f 3233/1257/679 3232/1258/679 3296/1194/679 3297/1193/679
f 3232/1258/680 3231/1259/680 3295/1195/680 3296/1194/680
f 3231/1259/2 3230/1260/2 3294/1196/2 3295/1195/2
f 3230/1260/2 3229/1261/2 3293/1197/2 3294/1196/2
f 3229/1261/2 3228/1262/2 3292/1198/2 3293/1197/2
f 3228/1262/2 3227/1263/2 3291/1199/2 3292/1198/2
f 3227/1263/2 3226/1264/2 3290/1200/2 3291/1199/2
f 3226/1264/681 3225/1265/681 3289/1201/681 3290/1200/681
f 3225/1265/682 3224/1266/682 3288/1202/682 3289/1201/682
f 3224/1266/683 3223/1267/683 3287/1203/683 3288/1202/683
f 3223/1267/684 3222/1268/684 3286/1204/684 3287/1203/684
f 3222/1268/685 3221/1269/685 3285/1205/685 3286/1204/685
f 3221/1269/686 3220/1270/686 3284/1206/686 3285/1205/686
f 3220/1270/687 3219/1271/687 3283/1207/687 3284/1206/687
f 3219/1271/688 3218/1272/688 3282/1208/688 3283/1207/688
f 3218/1272/689 3217/1273/689 3281/1209/689 3282/1208/689
f 3217/1273/690 3216/1274/690 3280/1210/690 3281/1209/690
f 3216/1274/691 3215/1275/691 3279/1211/691 3280/1210/691
f 3215/1275/692 3214/1276/692 3278/1212/692 3279/1211/692
f 3214/1276/693 3213/1277/693 3277/1213/693 3278/1212/693
f 3213/1277/694 3212/1278/694 3276/1214/694 3277/1213/694
f 3212/1278/695 3211/1279/695 3275/1215/695 3276/1214/695
f 3211/1279/696 3210/1280/696 3274/1216/696 3275/1215/696
f 3210/1280/697 3209/1281/697 3273/1217/697 3274/1216/697
f 3209/1281/698 3208/1282/698 3272/1218/698 3273/1217/698
f 3208/1282/699 3207/1283/699 3271/1219/699 3272/1218/699
f 3207/1283/700 3206/1284/700 3270/1220/700 3271/1219/700
f 3206/1284/701 3205/100/701 3269/102/701 3270/1220/701
f 23/1285/702 3204/1286/702 3268/1222/702 22/1221/702
f 3204/1286/703 3203/1287/703 3267/1223/703 3268/1222/703
f 3203/1287/704 3202/1288/704 3266/1224/704 3267/1223/704
f 3202/1288/705 3201/1289/705 3265/1225/705 3266/1224/705
f 3201/1289/706 3200/1290/706 3264/1226/706 3265/1225/706
f 3200/1290/707 3199/1291/707 3263/1227/707 3264/1226/707
f 3199/1291/708 3198/1292/708 3262/1228/708 3263/1227/708
f 3198/1292/709 3197/1293/709 3261/1229/709 3262/1228/709
f 3197/1293/710 3196/1294/710 3260/1230/710 3261/1229/710
f 3196/1294/711 3195/1295/711 3259/1231/711 3260/1230/711
f 3195/1295/712 3194/1296/712 3258/1232/712 3259/1231/712
f 3194/1296/713 3193/1297/713 3257/1233/713 3258/1232/713
f 3193/1297/714 3192/1298/714 3256/1234/714 3257/1233/714
f 3192/1298/715 3191/1299/715 3255/1235/715 3256/1234/715
f 3191/1299/716 3190/1300/716 3254/1236/716 3255/1235/716
f 3190/1300/716 3189/1301/716 3253/1237/716 3254/1236/716
f 3189/1301/716 3188/1302/716 3252/1238/716 3253/1237/716
f 3188/1302/716 3187/1303/716 3251/1239/716 3252/1238/716
f 3187/1303/716 3186/1304/716 3250/1240/716 3251/1239/716
f 3186/1304/716 3185/1305/716 3249/1241/716 3250/1240/716
f 3185/1305/717 3184/1306/717 3248/1242/717 3249/1241/717
f 3184/1306/718 3183/1307/718 3247/1243/718 3248/1242/718
f 3183/1307/719 3182/1308/719 3246/1244/719 3247/1243/719
f 3182/1308/667 3181/1309/667 3245/1245/667 3246/1244/667
f 3181/1309/667 3180/1310/667 3244/1246/667 3245/1245/667
f 3180/1310/667 3179/1311/667 3243/1247/667 3244/1246/667
f 3179/1311/667 3178/1312/667 3242/1248/667 3243/1247/667
f 3178/1312/667 3177/1313/667 3241/1249/667 3242/1248/667
f 3177/1313/720 3176/1314/720 3240/1250/720 3241/1249/720
f 3176/1314/721 3175/1315/721 3239/1251/721 3240/1250/721
f 3175/1315/722 3174/1316/722 3238/1252/722 3239/1251/722
f 3174/1316/723 3173/1317/723 3237/1253/723 3238/1252/723
f 3173/1317/724 3172/1318/724 3236/1254/724 3237/1253/724
f 3172/1318/725 3171/1319/725 3235/1255/725 3236/1254/725
f 3171/1319/726 3170/1320/726 3234/1256/726 3235/1255/726
f 3170/1320/727 3169/1321/727 3233/1257/727 3234/1256/727
f 3169/1321/728 3168/1322/728 3232/1258/728 3233/1257/728
f 3168/1322/729 3167/1323/729 3231/1259/729 3232/1258/729
f 3167/1323/2 3166/1324/2 3230/1260/2 3231/1259/2
f 3166/1324/2 3165/1325/2 3229/1261/2 3230/1260/2
f 3165/1325/2 3164/1326/2 3228/1262/2 3229/1261/2
f 3164/1326/2 3163/1327/2 3227/1263/2 3228/1262/2
f 3163/1327/2 3162/1328/2 3226/1264/2 3227/1263/2
f 3162/1328/730 3161/1329/730 3225/1265/730 3226/1264/730
f 3161/1329/731 3160/1330/731 3224/1266/731 3225/1265/731
f 3160/1330/732 3159/1331/732 3223/1267/732 3224/1266/732
f 3159/1331/733 3158/1332/733 3222/1268/733 3223/1267/733
f 3158/1332/734 3157/1333/734 3221/1269/734 3222/1268/734
f 3157/1333/735 3156/1334/735 3220/1270/735 3221/1269/735
f 3156/1334/736 3155/1335/736 3219/1271/736 3220/1270/736
f 3155/1335/737 3154/1336/737 3218/1272/737 3219/1271/737
f 3154/1336/738 3153/1337/738 3217/1273/738 3218/1272/738
f 3153/1337/739 3152/1338/739 3216/1274/739 3217/1273/739
f 3152/1338/740 3151/1339/740 3215/1275/740 3216/1274/740
f 3151/1339/741 3150/1340/741 3214/1276/741 3215/1275/741
f 3150/1340/742 3149/1341/742 3213/1277/742 3214/1276/742
f 3149/1341/743 3148/1342/743 3212/1278/743 3213/1277/743
f 3148/1342/744 3147/1343/744 3211/1279/744 3212/1278/744
f 3147/1343/745 3146/1344/745 3210/1280/745 3211/1279/745
f 3146/1344/746 3145/1345/746 3209/1281/746 3210/1280/746
f 3145/1345/747 3144/1346/747 3208/1282/747 3209/1281/747
f 3144/1346/748 3143/1347/748 3207/1283/748 3208/1282/748
f 3143/1347/749 3142/1348/749 3206/1284/749 3207/1283/749
f 3142/1348/750 3141/98/750 3205/100/750 3206/1284/750
f 24/1349/751 3140/1350/751 3204/1286/751 23/1285/751
f 3140/1350/752 3139/1351/752 3203/1287/752 3204/1286/752
f 3139/1351/753 3138/1352/753 3202/1288/753 3203/1287/753
f 3138/1352/754 3137/1353/754 3201/1289/754 3202/1288/754
f 3137/1353/755 3136/1354/755 3200/1290/755 3201/1289/755
f 3136/1354/756 3135/1355/756 3199/1291/756 3200/1290/756
f 3135/1355/757 3134/1356/757 3198/1292/757 3199/1291/757
f 3134/1356/758 3133/1357/758 3197/1293/758 3198/1292/758
f 3133/1357/759 3132/1358/759 3196/1294/759 3197/1293/759
f 3132/1358/760 3131/1359/760 3195/1295/760 3196/1294/760
f 3131/1359/761 3130/1360/761 3194/1296/761 3195/1295/761
f 3130/1360/762 3129/1361/762 3193/1297/762 3194/1296/762
f 3129/1361/763 3128/1362/763 3192/1298/763 3193/1297/763
f 3128/1362/764 3127/1363/764 3191/1299/764 3192/1298/764
f 3127/1363/765 3126/1364/765 3190/1300/765 3191/1299/765
f 3126/1364/765 3125/1365/765 3189/1301/765 3190/1300/765
f 3125/1365/765 3124/1366/765 3188/1302/765 3189/1301/765
f 3124/1366/765 3123/1367/765 3187/1303/765 3188/1302/765
f 3123/1367/765 3122/1368/765 3186/1304/765 3187/1303/765
f 3122/1368/766 3121/1369/766 3185/1305/766 3186/1304/766
f 3121/1369/767 3120/1370/767 3184/1306/767 3185/1305/767
f 3120/1370/768 3119/1371/768 3183/1307/768 3184/1306/768
f 3119/1371/769 3118/1372/769 3182/1308/769 3183/1307/769
f 3118/1372/716 3117/1373/716 3181/1309/716 3182/1308/716
f 3117/1373/716 3116/1374/716 3180/1310/716 3181/1309/716
f 3116/1374/716 3115/1375/716 3179/1311/716 3180/1310/716
f 3115/1375/716 3114/1376/716 3178/1312/716 3179/1311/716
f 3114/1376/716 3113/1377/716 3177/1313/716 3178/1312/716
f 3113/1377/770 3112/1378/770 3176/1314/770 3177/1313/770
f 3112/1378/771 3111/1379/771 3175/1315/771 3176/1314/771
f 3111/1379/772 3110/1380/772 3174/1316/772 3175/1315/772
f 3110/1380/773 3109/1381/773 3173/1317/773 3174/1316/773
f 3109/1381/774 3108/1382/774 3172/1318/774 3173/1317/774
f 3108/1382/775 3107/1383/775 3171/1319/775 3172/1318/775
f 3107/1383/776 3106/1384/776 3170/1320/776 3171/1319/776
f 3106/1384/777 3105/1385/777 3169/1321/777 3170/1320/777
f 3105/1385/778 3104/1386/778 3168/1322/778 3169/1321/778
f 3104/1386/779 3103/1387/779 3167/1323/779 3168/1322/779
f 3103/1387/2 3102/1388/2 3166/1324/2 3167/1323/2
f 3102/1388/2 3101/1389/2 3165/1325/2 3166/1324/2
f 3101/1389/2 3100/1390/2 3164/1326/2 3165/1325/2
f 3100/1390/2 3099/1391/2 3163/1327/2 3164/1326/2
f 3099/1391/2 3098/1392/2 3162/1328/2 3163/1327/2
f 3098/1392/2 3097/1393/2 3161/1329/2 3162/1328/2
f 3097/1393/780 3096/1394/780 3160/1330/780 3161/1329/780
f 3096/1394/781 3095/1395/781 3159/1331/781 3160/1330/781
f 3095/1395/782 3094/1396/782 3158/1332/782 3159/1331/782
f 3094/1396/783 3093/1397/783 3157/1333/783 3158/1332/783
f 3093/1397/784 3092/1398/784 3156/1334/784 3157/1333/784
f 3092/1398/785 3091/1399/785 3155/1335/785 3156/1334/785
f 3091/1399/786 3090/1400/786 3154/1336/786 3155/1335/786
f 3090/1400/787 3089/1401/787 3153/1337/787 3154/1336/787
f 3089/1401/788 3088/1402/788 3152/1338/788 3153/1337/788
f 3088/1402/789 3087/1403/789 3151/1339/789 3152/1338/789
f 3087/1403/790 3086/1404/790 3150/1340/790 3151/1339/790
f 3086/1404/791 3085/1405/791 3149/1341/791 3150/1340/791
f 3085/1405/792 3084/1406/792 3148/1342/792 3149/1341/792
f 3084/1406/793 3083/1407/793 3147/1343/793 3148/1342/793
f 3083/1407/794 3082/1408/794 3146/1344/794 3147/1343/794
f 3082/1408/795 3081/1409/795 3145/1345/795 3146/1344/795
f 3081/1409/796 3080/1410/796 3144/1346/796 3145/1345/796
f 3080/1410/797 3079/1411/797 3143/1347/797 3144/1346/797
f 3079/1411/798 3078/1412/798 3142/1348/798 3143/1347/798
f 3078/1412/799 3077/96/799 3141/98/799 3142/1348/799
f 25/1413/800 3076/1414/800 3140/1350/800 24/1349/800
f 3076/1414/801 3075/1415/801 3139/1351/801 3140/1350/801
f 3075/1415/802 3074/1416/802 3138/1352/802 3139/1351/802
f 3074/1416/803 3073/1417/803 3137/1353/803 3138/1352/803
f 3073/1417/804 3072/1418/804 3136/1354/804 3137/1353/804
f 3072/1418/805 3071/1419/805 3135/1355/805 3136/1354/805
f 3071/1419/806 3070/1420/806 3134/1356/806 3135/1355/806
f 3070/1420/807 3069/1421/807 3133/1357/807 3134/1356/807
f 3069/1421/808 3068/1422/808 3132/1358/808 3133/1357/808
f 3068/1422/809 3067/1423/809 3131/1359/809 3132/1358/809
f 3067/1423/810 3066/1424/810 3130/1360/810 3131/1359/810
f 3066/1424/811 3065/1425/811 3129/1361/811 3130/1360/811
f 3065/1425/812 3064/1426/812 3128/1362/812 3129/1361/812
f 3064/1426/813 3063/1427/813 3127/1363/813 3128/1362/813
f 3063/1427/814 3062/1428/814 3126/1364/814 3127/1363/814
f 3062/1428/814 3061/1429/814 3125/1365/814 3126/1364/814
f 3061/1429/814 3060/1430/814 3124/1366/814 3125/1365/814
f 3060/1430/814 3059/1431/814 3123/1367/814 3124/1366/814
f 3059/1431/814 3058/1432/814 3122/1368/814 3123/1367/814
f 3058/1432/815 3057/1433/815 3121/1369/815 3122/1368/815
f 3057/1433/816 3056/1434/816 3120/1370/816 3121/1369/816
f 3056/1434/817 3055/1435/817 3119/1371/817 3120/1370/817
f 3055/1435/818 3054/1436/818 3118/1372/818 3119/1371/818
f 3054/1436/765 3053/1437/765 3117/1373/765 3118/1372/765
f 3053/1437/765 3052/1438/765 3116/1374/765 3117/1373/765
f 3052/1438/765 3051/1439/765 3115/1375/765 3116/1374/765
f 3051/1439/765 3050/1440/765 3114/1376/765 3115/1375/765
f 3050/1440/765 3049/1441/765 3113/1377/765 3114/1376/765
f 3049/1441/819 3048/1442/819 3112/1378/819 3113/1377/819
f 3048/1442/820 3047/1443/820 3111/1379/820 3112/1378/820
f 3047/1443/821 3046/1444/821 3110/1380/821 3111/1379/821
f 3046/1444/822 3045/1445/822 3109/1381/822 3110/1380/822
f 3045/1445/823 3044/1446/823 3108/1382/823 3109/1381/823
f 3044/1446/824 3043/1447/824 3107/1383/824 3108/1382/824
f 3043/1447/825 3042/1448/825 3106/1384/825 3107/1383/825
f 3042/1448/826 3041/1449/826 3105/1385/826 3106/1384/826
f 3041/1449/827 3040/1450/827 3104/1386/827 3105/1385/827
f 3040/1450/2 3039/1451/2 3103/1387/2 3104/1386/2
f 3039/1451/2 3038/1452/2 3102/1388/2 3103/1387/2
f 3038/1452/2 3037/1453/2 3101/1389/2 3102/1388/2
f 3037/1453/2 3036/1454/2 3100/1390/2 3101/1389/2
f 3036/1454/2 3035/1455/2 3099/1391/2 3100/1390/2
f 3035/1455/2 3034/1456/2 3098/1392/2 3099/1391/2
f 3034/1456/2 3033/1457/2 3097/1393/2 3098/1392/2
f 3033/1457/828 3032/1458/828 3096/1394/828 3097/1393/828
f 3032/1458/829 3031/1459/829 3095/1395/829 3096/1394/829
f 3031/1459/830 3030/1460/830 3094/1396/830 3095/1395/830
f 3030/1460/831 3029/1461/831 3093/1397/831 3094/1396/831
f 3029/1461/832 3028/1462/832 3092/1398/832 3093/1397/832
f 3028/1462/833 3027/1463/833 3091/1399/833 3092/1398/833
f 3027/1463/834 3026/1464/834 3090/1400/834 3091/1399/834
f 3026/1464/835 3025/1465/835 3089/1401/835 3090/1400/835
f 3025/1465/836 3024/1466/836 3088/1402/836 3089/1401/836
f 3024/1466/837 3023/1467/837 3087/1403/837 3088/1402/837
f 3023/1467/838 3022/1468/838 3086/1404/838 3087/1403/838
f 3022/1468/839 3021/1469/839 3085/1405/839 3086/1404/839
f 3021/1469/840 3020/1470/840 3084/1406/840 3085/1405/840
f 3020/1470/841 3019/1471/841 3083/1407/841 3084/1406/841
f 3019/1471/842 3018/1472/842 3082/1408/842 3083/1407/842
f 3018/1472/843 3017/1473/843 3081/1409/843 3082/1408/843
f 3017/1473/844 3016/1474/844 3080/1410/844 3081/1409/844
f 3016/1474/845 3015/1475/845 3079/1411/845 3080/1410/845
f 3015/1475/846 3014/1476/846 3078/1412/846 3079/1411/846
f 3014/1476/847 3013/94/847 3077/96/847 3078/1412/847
f 26/1477/848 3012/1478/848 3076/1414/848 25/1413/848
f 3012/1478/849 3011/1479/849 3075/1415/849 3076/1414/849
f 3011/1479/850 3010/1480/850 3074/1416/850 3075/1415/850
f 3010/1480/851 3009/1481/851 3073/1417/851 3074/1416/851
f 3009/1481/852 3008/1482/852 3072/1418/852 3073/1417/852
f 3008/1482/853 3007/1483/853 3071/1419/853 3072/1418/853
f 3007/1483/854 3006/1484/854 3070/1420/854 3071/1419/854
f 3006/1484/855 3005/1485/855 3069/1421/855 3070/1420/855
f 3005/1485/856 3004/1486/856 3068/1422/856 3069/1421/856
f 3004/1486/857 3003/1487/857 3067/1423/857 3068/1422/857
f 3003/1487/858 3002/1488/858 3066/1424/858 3067/1423/858
f 3002/1488/859 3001/1489/859 3065/1425/859 3066/1424/859
f 3001/1489/860 3000/1490/860 3064/1426/860 3065/1425/860
f 3000/1490/861 2999/1491/861 3063/1427/861 3064/1426/861
f 2999/1491/862 2998/1492/862 3062/1428/862 3063/1427/862
f 2998/1492/862 2997/1493/862 3061/1429/862 3062/1428/862
f 2997/1493/862 2996/1494/862 3060/1430/862 3061/1429/862
f 2996/1494/862 2995/1495/862 3059/1431/862 3060/1430/862
f 2995/1495/862 2994/1496/862 3058/1432/862 3059/1431/862
f 2994/1496/863 2993/1497/863 3057/1433/863 3058/1432/863
f 2993/1497/864 2992/1498/864 3056/1434/864 3057/1433/864
f 2992/1498/865 2991/1499/865 3055/1435/865 3056/1434/865
f 2991/1499/866 2990/1500/866 3054/1436/866 3055/1435/866
f 2990/1500/814 2989/1501/814 3053/1437/814 3054/1436/814
f 2989/1501/814 2988/1502/814 3052/1438/814 3053/1437/814
f 2988/1502/814 2987/1503/814 3051/1439/814 3052/1438/814
f 2987/1503/814 2986/1504/814 3050/1440/814 3051/1439/814
f 2986/1504/814 2985/1505/814 3049/1441/814 3050/1440/814
f 2985/1505/867 2984/1506/867 3048/1442/867 3049/1441/867
f 2984/1506/868 2983/1507/868 3047/1443/868 3048/1442/868
f 2983/1507/869 2982/1508/869 3046/1444/869 3047/1443/869
f 2982/1508/870 2981/1509/870 3045/1445/870 3046/1444/870
f 2981/1509/871 2980/1510/871 3044/1446/871 3045/1445/871
f 2980/1510/872 2979/1511/872 3043/1447/872 3044/1446/872
f 2979/1511/873 2978/1512/873 3042/1448/873 3043/1447/873
f 2978/1512/874 2977/1513/874 3041/1449/874 3042/1448/874
f 2977/1513/875 2976/1514/875 3040/1450/875 3041/1449/875
f 2976/1514/2 2975/1515/2 3039/1451/2 3040/1450/2
f 2975/1515/2 2974/1516/2 3038/1452/2 3039/1451/2
f 2974/1516/2 2973/1517/2 3037/1453/2 3038/1452/2
f 2973/1517/2 2972/1518/2 3036/1454/2 3037/1453/2
f 2972/1518/2 2971/1519/2 3035/1455/2 3036/1454/2
f 2971/1519/2 2970/1520/2 3034/1456/2 3035/1455/2
f 2970/1520/2 2969/1521/2 3033/1457/2 3034/1456/2
f 2969/1521/2 2968/1522/2 3032/1458/2 3033/1457/2
f 2968/1522/876 2967/1523/876 3031/1459/876 3032/1458/876
f 2967/1523/877 2966/1524/877 3030/1460/877 3031/1459/877
f 2966/1524/878 2965/1525/878 3029/1461/878 3030/1460/878
f 2965/1525/879 2964/1526/879 3028/1462/879 3029/1461/879
f 2964/1526/880 2963/1527/880 3027/1463/880 3028/1462/880
f 2963/1527/881 2962/1528/881 3026/1464/881 3027/1463/881
f 2962/1528/882 2961/1529/882 3025/1465/882 3026/1464/882
f 2961/1529/883 2960/1530/883 3024/1466/883 3025/1465/883
f 2960/1530/884 2959/1531/884 3023/1467/884 3024/1466/884
f 2959/1531/884 2958/1532/884 3022/1468/884 3023/1467/884
f 2958/1532/884 2957/1533/884 3021/1469/884 3022/1468/884
f 2957/1533/884 2956/1534/884 3020/1470/884 3021/1469/884
f 2956/1534/884 2955/1535/884 3019/1471/884 3020/1470/884
f 2955/1535/884 2954/1536/884 3018/1472/884 3019/1471/884
f 2954/1536/885 2953/1537/885 3017/1473/885 3018/1472/885
f 2953/1537/886 2952/1538/886 3016/1474/886 3017/1473/886
f 2952/1538/887 2951/1539/887 3015/1475/887 3016/1474/887
f 2951/1539/888 2950/1540/888 3014/1476/888 3015/1475/888
f 2950/1540/889 2949/92/889 3013/94/889 3014/1476/889
f 27/1541/890 2948/1542/890 3012/1478/890 26/1477/890
f 2948/1542/891 2947/1543/891 3011/1479/891 3012/1478/891
f 2947/1543/892 2946/1544/892 3010/1480/892 3011/1479/892
f 2946/1544/893 2945/1545/893 3009/1481/893 3010/1480/893
f 2945/1545/894 2944/1546/894 3008/1482/894 3009/1481/894
f 2944/1546/895 2943/1547/895 3007/1483/895 3008/1482/895
f 2943/1547/896 2942/1548/896 3006/1484/896 3007/1483/896
f 2942/1548/897 2941/1549/897 3005/1485/897 3006/1484/897
f 2941/1549/898 2940/1550/898 3004/1486/898 3005/1485/898
f 2940/1550/899 2939/1551/899 3003/1487/899 3004/1486/899
f 2939/1551/900 2938/1552/900 3002/1488/900 3003/1487/900
f 2938/1552/901 2937/1553/901 3001/1489/901 3002/1488/901
f 2937/1553/902 2936/1554/902 3000/1490/902 3001/1489/902
f 2936/1554/903 2935/1555/903 2999/1491/903 3000/1490/903
f 2935/1555/904 2934/1556/904 2998/1492/904 2999/1491/904
f 2934/1556/904 2933/1557/904 2997/1493/904 2998/1492/904
f 2933/1557/904 2932/1558/904 2996/1494/904 2997/1493/904
f 2932/1558/904 2931/1559/904 2995/1495/904 2996/1494/904
f 2931/1559/905 2930/1560/905 2994/1496/905 2995/1495/905
f 2930/1560/906 2929/1561/906 2993/1497/906 2994/1496/906
f 2929/1561/907 2928/1562/907 2992/1498/907 2993/1497/907
f 2928/1562/908 2927/1563/908 2991/1499/908 2992/1498/908
f 2927/1563/909 2926/1564/909 2990/1500/909 2991/1499/909
f 2926/1564/862 2925/1565/862 2989/1501/862 2990/1500/862
f 2925/1565/862 2924/1566/862 2988/1502/862 2989/1501/862
f 2924/1566/862 2923/1567/862 2987/1503/862 2988/1502/862
f 2923/1567/862 2922/1568/862 2986/1504/862 2987/1503/862
f 2922/1568/862 2921/1569/862 2985/1505/862 2986/1504/862
f 2921/1569/910 2920/1570/910 2984/1506/910 2985/1505/910
f 2920/1570/911 2919/1571/911 2983/1507/911 2984/1506/911
f 2919/1571/912 2918/1572/912 2982/1508/912 2983/1507/912
f 2918/1572/913 2917/1573/913 2981/1509/913 2982/1508/913
f 2917/1573/914 2916/1574/914 2980/1510/914 2981/1509/914
f 2916/1574/915 2915/1575/915 2979/1511/915 2980/1510/915
f 2915/1575/916 2914/1576/916 2978/1512/916 2979/1511/916
f 2914/1576/917 2913/1577/917 2977/1513/917 2978/1512/917
f 2913/1577/2 2912/1578/2 2976/1514/2 2977/1513/2
f 2912/1578/2 2911/1579/2 2975/1515/2 2976/1514/2
f 2911/1579/2 2910/1580/2 2974/1516/2 2975/1515/2
f 2910/1580/2 2909/1581/2 2973/1517/2 2974/1516/2
f 2909/1581/2 2908/1582/2 2972/1518/2 2973/1517/2
f 2908/1582/2 2907/1583/2 2971/1519/2 2972/1518/2
f 2907/1583/2 2906/1584/2 2970/1520/2 2971/1519/2
f 2906/1584/2 2905/1585/2 2969/1521/2 2970/1520/2
f 2905/1585/2 2904/1586/2 2968/1522/2 2969/1521/2
f 2904/1586/2 2903/1587/2 2967/1523/2 2968/1522/2
f 2903/1587/828 2902/1588/828 2966/1524/828 2967/1523/828
f 2902/1588/918 2901/1589/918 2965/1525/918 2966/1524/918
f 2901/1589/919 2900/1590/919 2964/1526/919 2965/1525/919
f 2900/1590/920 2899/1591/920 2963/1527/920 2964/1526/920
f 2899/1591/921 2898/1592/921 2962/1528/921 2963/1527/921
f 2898/1592/922 2897/1593/922 2961/1529/922 2962/1528/922
f 2897/1593/923 2896/1594/923 2960/1530/923 2961/1529/923
f 2896/1594/924 2895/1595/924 2959/1531/924 2960/1530/924
f 2895/1595/924 2894/1596/924 2958/1532/924 2959/1531/924
f 2894/1596/924 2893/1597/924 2957/1533/924 2958/1532/924
f 2893/1597/924 2892/1598/924 2956/1534/924 2957/1533/924
f 2892/1598/924 2891/1599/924 2955/1535/924 2956/1534/924
f 2891/1599/924 2890/1600/924 2954/1536/924 2955/1535/924
f 2890/1600/925 2889/1601/925 2953/1537/925 2954/1536/925
f 2889/1601/926 2888/1602/926 2952/1538/926 2953/1537/926
f 2888/1602/927 2887/1603/927 2951/1539/927 2952/1538/927
f 2887/1603/928 2886/1604/928 2950/1540/928 2951/1539/928
f 2886/1604/929 2885/90/929 2949/92/929 2950/1540/929
f 28/1605/930 2884/1606/930 2948/1542/930 27/1541/930
f 2884/1606/931 2883/1607/931 2947/1543/931 2948/1542/931
f 2883/1607/932 2882/1608/932 2946/1544/932 2947/1543/932
f 2882/1608/933 2881/1609/933 2945/1545/933 2946/1544/933
f 2881/1609/934 2880/1610/934 2944/1546/934 2945/1545/934
f 2880/1610/935 2879/1611/935 2943/1547/935 2944/1546/935
f 2879/1611/936 2878/1612/936 2942/1548/936 2943/1547/936
f 2878/1612/937 2877/1613/937 2941/1549/937 2942/1548/937
f 2877/1613/938 2876/1614/938 2940/1550/938 2941/1549/938
f 2876/1614/939 2875/1615/939 2939/1551/939 2940/1550/939
f 2875/1615/940 2874/1616/940 2938/1552/940 2939/1551/940
f 2874/1616/941 2873/1617/941 2937/1553/941 2938/1552/941
f 2873/1617/942 2872/1618/942 2936/1554/942 2937/1553/942
f 2872/1618/943 2871/1619/943 2935/1555/943 2936/1554/943
f 2871/1619/944 2870/1620/944 2934/1556/944 2935/1555/944
f 2870/1620/944 2869/1621/944 2933/1557/944 2934/1556/944
f 2869/1621/944 2868/1622/944 2932/1558/944 2933/1557/944
f 2868/1622/944 2867/1623/944 2931/1559/944 2932/1558/944
f 2867/1623/945 2866/1624/945 2930/1560/945 2931/1559/945
f 2866/1624/946 2865/1625/946 2929/1561/946 2930/1560/946
f 2865/1625/947 2864/1626/947 2928/1562/947 2929/1561/947
f 2864/1626/948 2863/1627/948 2927/1563/948 2928/1562/948
f 2863/1627/949 2862/1628/949 2926/1564/949 2927/1563/949
f 2862/1628/904 2861/1629/904 2925/1565/904 2926/1564/904
f 2861/1629/904 2860/1630/904 2924/1566/904 2925/1565/904
f 2860/1630/904 2859/1631/904 2923/1567/904 2924/1566/904
f 2859/1631/904 2858/1632/904 2922/1568/904 2923/1567/904
f 2858/1632/904 2857/1633/904 2921/1569/904 2922/1568/904
f 2857/1633/950 2856/1634/950 2920/1570/950 2921/1569/950
f 2856/1634/951 2855/1635/951 2919/1571/951 2920/1570/951
f 2855/1635/952 2854/1636/952 2918/1572/952 2919/1571/952
f 2854/1636/953 2853/1637/953 2917/1573/953 2918/1572/953
f 2853/1637/954 2852/1638/954 2916/1574/954 2917/1573/954
f 2852/1638/955 2851/1639/955 2915/1575/955 2916/1574/955
f 2851/1639/875 2850/1640/875 2914/1576/875 2915/1575/875
f 2850/1640/2 2849/1641/2 2913/1577/2 2914/1576/2
f 2849/1641/2 2848/1642/2 2912/1578/2 2913/1577/2
f 2848/1642/2 2847/1643/2 2911/1579/2 2912/1578/2
f 2847/1643/2 2846/1644/2 2910/1580/2 2911/1579/2
f 2846/1644/2 2845/1645/2 2909/1581/2 2910/1580/2
f 2845/1645/2 2844/1646/2 2908/1582/2 2909/1581/2
f 2844/1646/2 2843/1647/2 2907/1583/2 2908/1582/2
f 2843/1647/2 2842/1648/2 2906/1584/2 2907/1583/2
f 2842/1648/2 2841/1649/2 2905/1585/2 2906/1584/2
f 2841/1649/2 2840/1650/2 2904/1586/2 2905/1585/2
f 2840/1650/2 2839/1651/2 2903/1587/2 2904/1586/2
f 2839/1651/2 2838/1652/2 2902/1588/2 2903/1587/2
f 2838/1652/2 2837/1653/2 2901/1589/2 2902/1588/2
f 2837/1653/730 2836/1654/730 2900/1590/730 2901/1589/730
f 2836/1654/956 2835/1655/956 2899/1591/956 2900/1590/956
f 2835/1655/957 2834/1656/957 2898/1592/957 2899/1591/957
f 2834/1656/958 2833/1657/958 2897/1593/958 2898/1592/958
f 2833/1657/959 2832/1658/959 2896/1594/959 2897/1593/959
f 2832/1658/960 2831/1659/960 2895/1595/960 2896/1594/960
f 2831/1659/960 2830/1660/960 2894/1596/960 2895/1595/960
f 2830/1660/960 2829/1661/960 2893/1597/960 2894/1596/960
f 2829/1661/960 2828/1662/960 2892/1598/960 2893/1597/960
f 2828/1662/960 2827/1663/960 2891/1599/960 2892/1598/960
f 2827/1663/960 2826/1664/960 2890/1600/960 2891/1599/960
f 2826/1664/961 2825/1665/961 2889/1601/961 2890/1600/961
f 2825/1665/962 2824/1666/962 2888/1602/962 2889/1601/962
f 2824/1666/963 2823/1667/963 2887/1603/963 2888/1602/963
f 2823/1667/964 2822/1668/964 2886/1604/964 2887/1603/964
f 2822/1668/965 2821/88/965 2885/90/965 2886/1604/965
f 29/1669/966 2820/1670/966 2884/1606/966 28/1605/966
f 2820/1670/967 2819/1671/967 2883/1607/967 2884/1606/967
f 2819/1671/968 2818/1672/968 2882/1608/968 2883/1607/968
f 2818/1672/969 2817/1673/969 2881/1609/969 2882/1608/969
f 2817/1673/970 2816/1674/970 2880/1610/970 2881/1609/970
f 2816/1674/971 2815/1675/971 2879/1611/971 2880/1610/971
f 2815/1675/972 2814/1676/972 2878/1612/972 2879/1611/972
f 2814/1676/973 2813/1677/973 2877/1613/973 2878/1612/973
f 2813/1677/974 2812/1678/974 2876/1614/974 2877/1613/974
f 2812/1678/975 2811/1679/975 2875/1615/975 2876/1614/975
f 2811/1679/976 2810/1680/976 2874/1616/976 2875/1615/976
f 2810/1680/977 2809/1681/977 2873/1617/977 2874/1616/977
f 2809/1681/978 2808/1682/978 2872/1618/978 2873/1617/978
f 2808/1682/979 2807/1683/979 2871/1619/979 2872/1618/979
f 2807/1683/980 2806/1684/980 2870/1620/980 2871/1619/980
f 2806/1684/980 2805/1685/980 2869/1621/980 2870/1620/980
f 2805/1685/980 2804/1686/980 2868/1622/980 2869/1621/980
f 2804/1686/980 2803/1687/980 2867/1623/980 2868/1622/980
f 2803/1687/981 2802/1688/981 2866/1624/981 2867/1623/981
f 2802/1688/982 2801/1689/982 2865/1625/982 2866/1624/982
f 2801/1689/983 2800/1690/983 2864/1626/983 2865/1625/983
f 2800/1690/984 2799/1691/984 2863/1627/984 2864/1626/984
f 2799/1691/985 2798/1692/985 2862/1628/985 2863/1627/985
f 2798/1692/944 2797/1693/944 2861/1629/944 2862/1628/944
f 2797/1693/944 2796/1694/944 2860/1630/944 2861/1629/944
f 2796/1694/944 2795/1695/944 2859/1631/944 2860/1630/944
f 2795/1695/944 2794/1696/944 2858/1632/944 2859/1631/944
f 2794/1696/944 2793/1697/944 2857/1633/944 2858/1632/944
f 2793/1697/986 2792/1698/986 2856/1634/986 2857/1633/986
f 2792/1698/987 2791/1699/987 2855/1635/987 2856/1634/987
f 2791/1699/988 2790/1700/988 2854/1636/988 2855/1635/988
f 2790/1700/989 2789/1701/989 2853/1637/989 2854/1636/989
f 2789/1701/779 2788/1702/779 2852/1638/779 2853/1637/779
f 2788/1702/2 2787/1703/2 2851/1639/2 2852/1638/2
f 2787/1703/2 2786/1704/2 2850/1640/2 2851/1639/2
f 2786/1704/2 2785/1705/2 2849/1641/2 2850/1640/2
f 2785/1705/2 2784/1706/2 2848/1642/2 2849/1641/2
f 2784/1706/2 2783/1707/2 2847/1643/2 2848/1642/2
f 2783/1707/2 2782/1708/2 2846/1644/2 2847/1643/2
f 2782/1708/2 2781/1709/2 2845/1645/2 2846/1644/2
f 2781/1709/2 2780/1710/2 2844/1646/2 2845/1645/2
f 2780/1710/2 2779/1711/2 2843/1647/2 2844/1646/2
f 2779/1711/2 2778/1712/2 2842/1648/2 2843/1647/2
f 2778/1712/2 2777/1713/2 2841/1649/2 2842/1648/2
f 2777/1713/2 2776/1714/2 2840/1650/2 2841/1649/2
f 2776/1714/2 2775/1715/2 2839/1651/2 2840/1650/2
f 2775/1715/2 2774/1716/2 2838/1652/2 2839/1651/2
f 2774/1716/2 2773/1717/2 2837/1653/2 2838/1652/2
f 2773/1717/2 2772/1718/2 2836/1654/2 2837/1653/2
f 2772/1718/2 2771/1719/2 2835/1655/2 2836/1654/2
f 2771/1719/2 2770/1720/2 2834/1656/2 2835/1655/2
f 2770/1720/583 2769/1721/583 2833/1657/583 2834/1656/583
f 2769/1721/990 2768/1722/990 2832/1658/990 2833/1657/990
f 2768/1722/991 2767/1723/991 2831/1659/991 2832/1658/991
f 2767/1723/991 2766/1724/991 2830/1660/991 2831/1659/991
f 2766/1724/991 2765/1725/991 2829/1661/991 2830/1660/991
f 2765/1725/991 2764/1726/991 2828/1662/991 2829/1661/991
f 2764/1726/991 2763/1727/991 2827/1663/991 2828/1662/991
f 2763/1727/991 2762/1728/991 2826/1664/991 2827/1663/991
f 2762/1728/992 2761/1729/992 2825/1665/992 2826/1664/992
f 2761/1729/993 2760/1730/993 2824/1666/993 2825/1665/993
f 2760/1730/2 2759/1731/2 2823/1667/2 2824/1666/2
f 2759/1731/2 2758/1732/2 2822/1668/2 2823/1667/2
f 2758/1732/2 2757/86/2 2821/88/2 2822/1668/2
f 30/1733/994 2756/1734/994 2820/1670/994 29/1669/994
f 2756/1734/995 2755/1735/995 2819/1671/995 2820/1670/995
f 2755/1735/996 2754/1736/996 2818/1672/996 2819/1671/996
f 2754/1736/997 2753/1737/997 2817/1673/997 2818/1672/997
f 2753/1737/998 2752/1738/998 2816/1674/998 2817/1673/998
f 2752/1738/999 2751/1739/999 2815/1675/999 2816/1674/999
f 2751/1739/1000 2750/1740/1000 2814/1676/1000 2815/1675/1000
f 2750/1740/1001 2749/1741/1001 2813/1677/1001 2814/1676/1001
f 2749/1741/1002 2748/1742/1002 2812/1678/1002 2813/1677/1002
f 2748/1742/1003 2747/1743/1003 2811/1679/1003 2812/1678/1003
f 2747/1743/1004 2746/1744/1004 2810/1680/1004 2811/1679/1004
f 2746/1744/1005 2745/1745/1005 2809/1681/1005 2810/1680/1005
f 2745/1745/1006 2744/1746/1006 2808/1682/1006 2809/1681/1006
f 2744/1746/2 2743/1747/2 2807/1683/2 2808/1682/2
f 2743/1747/2 2742/1748/2 2806/1684/2 2807/1683/2
f 2742/1748/2 2741/1749/2 2805/1685/2 2806/1684/2
f 2741/1749/2 2740/1750/2 2804/1686/2 2805/1685/2
f 2740/1750/2 2739/1751/2 2803/1687/2 2804/1686/2
f 2739/1751/2 2738/1752/2 2802/1688/2 2803/1687/2
f 2738/1752/2 2737/1753/2 2801/1689/2 2802/1688/2
f 2737/1753/2 2736/1754/2 2800/1690/2 2801/1689/2
f 2736/1754/1007 2735/1755/1007 2799/1691/1007 2800/1690/1007
f 2735/1755/1008 2734/1756/1008 2798/1692/1008 2799/1691/1008
f 2734/1756/980 2733/1757/980 2797/1693/980 2798/1692/980
f 2733/1757/980 2732/1758/980 2796/1694/980 2797/1693/980
f 2732/1758/980 2731/1759/980 2795/1695/980 2796/1694/980
f 2731/1759/980 2730/1760/980 2794/1696/980 2795/1695/980
f 2730/1760/980 2729/1761/980 2793/1697/980 2794/1696/980
f 2729/1761/1009 2728/1762/1009 2792/1698/1009 2793/1697/1009
f 2728/1762/632 2727/1763/632 2791/1699/632 2792/1698/632
f 2727/1763/2 2726/1764/2 2790/1700/2 2791/1699/2
f 2726/1764/2 2725/1765/2 2789/1701/2 2790/1700/2
f 2725/1765/2 2724/1766/2 2788/1702/2 2789/1701/2
f 2724/1766/2 2723/1767/2 2787/1703/2 2788/1702/2
f 2723/1767/2 2722/1768/2 2786/1704/2 2787/1703/2
f 2722/1768/2 2721/1769/2 2785/1705/2 2786/1704/2
f 2721/1769/2 2720/1770/2 2784/1706/2 2785/1705/2
f 2720/1770/2 2719/1771/2 2783/1707/2 2784/1706/2
f 2719/1771/25 2718/1772/25 2782/1708/25 2783/1707/25
f 2718/1772/26 2717/1773/26 2781/1709/26 2782/1708/26
f 2717/1773/27 2716/1774/27 2780/1710/27 2781/1709/27
f 2716/1774/27 2715/1775/27 2779/1711/27 2780/1710/27
f 2715/1775/28 2714/1776/28 2778/1712/28 2779/1711/28
f 2714/1776/29 2713/1777/29 2777/1713/29 2778/1712/29
f 2713/1777/2 2712/1778/2 2776/1714/2 2777/1713/2
f 2712/1778/2 2711/1779/2 2775/1715/2 2776/1714/2
f 2711/1779/2 2710/1780/2 2774/1716/2 2775/1715/2
f 2710/1780/2 2709/1781/2 2773/1717/2 2774/1716/2
f 2709/1781/2 2708/1782/2 2772/1718/2 2773/1717/2
f 2708/1782/2 2707/1783/2 2771/1719/2 2772/1718/2
f 2707/1783/2 2706/1784/2 2770/1720/2 2771/1719/2
f 2706/1784/2 2705/1785/2 2769/1721/2 2770/1720/2
f 2705/1785/2 2704/1786/2 2768/1722/2 2769/1721/2
f 2704/1786/2 2703/1787/2 2767/1723/2 2768/1722/2
f 2703/1787/2 2702/1788/2 2766/1724/2 2767/1723/2
f 2702/1788/2 2701/1789/2 2765/1725/2 2766/1724/2
f 2701/1789/2 2700/1790/2 2764/1726/2 2765/1725/2
f 2700/1790/2 2699/1791/2 2763/1727/2 2764/1726/2
f 2699/1791/2 2698/1792/2 2762/1728/2 2763/1727/2
f 2698/1792/2 2697/1793/2 2761/1729/2 2762/1728/2
f 2697/1793/2 2696/1794/2 2760/1730/2 2761/1729/2
f 2696/1794/2 2695/1795/2 2759/1731/2 2760/1730/2
f 2695/1795/2 2694/1796/2 2758/1732/2 2759/1731/2
f 2694/1796/2 2693/84/2 2757/86/2 2758/1732/2
f 31/1797/1010 2692/1798/1010 2756/1734/1010 30/1733/1010
f 2692/1798/1011 2691/1799/1011 2755/1735/1011 2756/1734/1011
f 2691/1799/1012 2690/1800/1012 2754/1736/1012 2755/1735/1012
f 2690/1800/1013 2689/1801/1013 2753/1737/1013 2754/1736/1013
f 2689/1801/1014 2688/1802/1014 2752/1738/1014 2753/1737/1014
f 2688/1802/1015 2687/1803/1015 2751/1739/1015 2752/1738/1015
f 2687/1803/1016 2686/1804/1016 2750/1740/1016 2751/1739/1016
f 2686/1804/1017 2685/1805/1017 2749/1741/1017 2750/1740/1017
f 2685/1805/1018 2684/1806/1018 2748/1742/1018 2749/1741/1018
f 2684/1806/1019 2683/1807/1019 2747/1743/1019 2748/1742/1019
f 2683/1807/1020 2682/1808/1020 2746/1744/1020 2747/1743/1020
f 2682/1808/1021 2681/1809/1021 2745/1745/1021 2746/1744/1021
f 2681/1809/1022 2680/1810/1022 2744/1746/1022 2745/1745/1022
f 2680/1810/2 2679/1811/2 2743/1747/2 2744/1746/2
f 2679/1811/2 2678/1812/2 2742/1748/2 2743/1747/2
f 2678/1812/2 2677/1813/2 2741/1749/2 2742/1748/2
f 2677/1813/2 2676/1814/2 2740/1750/2 2741/1749/2
f 2676/1814/2 2675/1815/2 2739/1751/2 2740/1750/2
f 2675/1815/2 2674/1816/2 2738/1752/2 2739/1751/2
f 2674/1816/2 2673/1817/2 2737/1753/2 2738/1752/2
f 2673/1817/2 2672/1818/2 2736/1754/2 2737/1753/2
f 2672/1818/2 2671/1819/2 2735/1755/2 2736/1754/2
f 2671/1819/2 2670/1820/2 2734/1756/2 2735/1755/2
f 2670/1820/2 2669/1821/2 2733/1757/2 2734/1756/2
f 2669/1821/2 2668/1822/2 2732/1758/2 2733/1757/2
f 2668/1822/2 2667/1823/2 2731/1759/2 2732/1758/2
f 2667/1823/2 2666/1824/2 2730/1760/2 2731/1759/2
f 2666/1824/2 2665/1825/2 2729/1761/2 2730/1760/2
f 2665/1825/2 2664/1826/2 2728/1762/2 2729/1761/2
f 2664/1826/2 2663/1827/2 2727/1763/2 2728/1762/2
f 2663/1827/2 2662/1828/2 2726/1764/2 2727/1763/2
f 2662/1828/2 2661/1829/2 2725/1765/2 2726/1764/2
f 2661/1829/2 2660/1830/2 2724/1766/2 2725/1765/2
f 2660/1830/2 2659/1831/2 2723/1767/2 2724/1766/2
f 2659/1831/2 2658/1832/2 2722/1768/2 2723/1767/2
f 2658/1832/50 2657/1833/50 2721/1769/50 2722/1768/50
f 2657/1833/51 2656/1834/51 2720/1770/51 2721/1769/51
f 2656/1834/52 2655/1835/52 2719/1771/52 2720/1770/52
f 2655/1835/53 2654/1836/53 2718/1772/53 2719/1771/53
f 2654/1836/54 2653/1837/54 2717/1773/54 2718/1772/54
f 2653/1837/55 2652/1838/55 2716/1774/55 2717/1773/55
f 2652/1838/55 2651/1839/55 2715/1775/55 2716/1774/55
f 2651/1839/56 2650/1840/56 2714/1776/56 2715/1775/56
f 2650/1840/57 2649/1841/57 2713/1777/57 2714/1776/57
f 2649/1841/58 2648/1842/58 2712/1778/58 2713/1777/58
f 2648/1842/59 2647/1843/59 2711/1779/59 2712/1778/59
f 2647/1843/94 2646/1844/94 2710/1780/94 2711/1779/94
f 2646/1844/2 2645/1845/2 2709/1781/2 2710/1780/2
f 2645/1845/2 2644/1846/2 2708/1782/2 2709/1781/2
f 2644/1846/2 2643/1847/2 2707/1783/2 2708/1782/2
f 2643/1847/2 2642/1848/2 2706/1784/2 2707/1783/2
f 2642/1848/2 2641/1849/2 2705/1785/2 2706/1784/2
f 2641/1849/2 2640/1850/2 2704/1786/2 2705/1785/2
f 2640/1850/2 2639/1851/2 2703/1787/2 2704/1786/2
f 2639/1851/2 2638/1852/2 2702/1788/2 2703/1787/2
f 2638/1852/2 2637/1853/2 2701/1789/2 2702/1788/2
f 2637/1853/2 2636/1854/2 2700/1790/2 2701/1789/2
f 2636/1854/2 2635/1855/2 2699/1791/2 2700/1790/2
f 2635/1855/2 2634/1856/2 2698/1792/2 2699/1791/2
f 2634/1856/2 2633/1857/2 2697/1793/2 2698/1792/2
f 2633/1857/2 2632/1858/2 2696/1794/2 2697/1793/2
f 2632/1858/2 2631/1859/2 2695/1795/2 2696/1794/2
f 2631/1859/2 2630/1860/2 2694/1796/2 2695/1795/2
f 2630/1860/2 2629/82/2 2693/84/2 2694/1796/2
f 32/1861/1023 2628/1862/1023 2692/1798/1023 31/1797/1023
f 2628/1862/1024 2627/1863/1024 2691/1799/1024 2692/1798/1024
f 2627/1863/1025 2626/1864/1025 2690/1800/1025 2691/1799/1025
f 2626/1864/1026 2625/1865/1026 2689/1801/1026 2690/1800/1026
f 2625/1865/1027 2624/1866/1027 2688/1802/1027 2689/1801/1027
f 2624/1866/1028 2623/1867/1028 2687/1803/1028 2688/1802/1028
f 2623/1867/1029 2622/1868/1029 2686/1804/1029 2687/1803/1029
f 2622/1868/1030 2621/1869/1030 2685/1805/1030 2686/1804/1030
f 2621/1869/1031 2620/1870/1031 2684/1806/1031 2685/1805/1031
f 2620/1870/1032 2619/1871/1032 2683/1807/1032 2684/1806/1032
f 2619/1871/1033 2618/1872/1033 2682/1808/1033 2683/1807/1033
f 2618/1872/1034 2617/1873/1034 2681/1809/1034 2682/1808/1034
f 2617/1873/1035 2616/1874/1035 2680/1810/1035 2681/1809/1035
f 2616/1874/2 2615/1875/2 2679/1811/2 2680/1810/2
f 2615/1875/2 2614/1876/2 2678/1812/2 2679/1811/2
f 2614/1876/2 2613/1877/2 2677/1813/2 2678/1812/2
f 2613/1877/2 2612/1878/2 2676/1814/2 2677/1813/2
f 2612/1878/2 2611/1879/2 2675/1815/2 2676/1814/2
f 2611/1879/2 2610/1880/2 2674/1816/2 2675/1815/2
f 2610/1880/2 2609/1881/2 2673/1817/2 2674/1816/2
f 2609/1881/2 2608/1882/2 2672/1818/2 2673/1817/2
f 2608/1882/2 2607/1883/2 2671/1819/2 2672/1818/2
f 2607/1883/2 2606/1884/2 2670/1820/2 2671/1819/2
f 2606/1884/2 2605/1885/2 2669/1821/2 2670/1820/2
f 2605/1885/2 2604/1886/2 2668/1822/2 2669/1821/2
f 2604/1886/2 2603/1887/2 2667/1823/2 2668/1822/2
f 2603/1887/2 2602/1888/2 2666/1824/2 2667/1823/2
f 2602/1888/2 2601/1889/2 2665/1825/2 2666/1824/2
f 2601/1889/2 2600/1890/2 2664/1826/2 2665/1825/2
f 2600/1890/2 2599/1891/2 2663/1827/2 2664/1826/2
f 2599/1891/2 2598/1892/2 2662/1828/2 2663/1827/2
f 2598/1892/2 2597/1893/2 2661/1829/2 2662/1828/2
f 2597/1893/2 2596/1894/2 2660/1830/2 2661/1829/2
f 2596/1894/81 2595/1895/81 2659/1831/81 2660/1830/81
f 2595/1895/82 2594/1896/82 2658/1832/82 2659/1831/82
f 2594/1896/83 2593/1897/83 2657/1833/83 2658/1832/83
f 2593/1897/84 2592/1898/84 2656/1834/84 2657/1833/84
f 2592/1898/85 2591/1899/85 2655/1835/85 2656/1834/85
f 2591/1899/86 2590/1900/86 2654/1836/86 2655/1835/86
f 2590/1900/87 2589/1901/87 2653/1837/87 2654/1836/87
f 2589/1901/88 2588/1902/88 2652/1838/88 2653/1837/88
f 2588/1902/88 2587/1903/88 2651/1839/88 2652/1838/88
f 2587/1903/89 2586/1904/89 2650/1840/89 2651/1839/89
f 2586/1904/90 2585/1905/90 2649/1841/90 2650/1840/90
f 2585/1905/91 2584/1906/91 2648/1842/91 2649/1841/91
f 2584/1906/92 2583/1907/92 2647/1843/92 2648/1842/92
f 2583/1907/130 2582/1908/130 2646/1844/130 2647/1843/130
f 2582/1908/131 2581/1909/131 2645/1845/131 2646/1844/131
f 2581/1909/132 2580/1910/132 2644/1846/132 2645/1845/132
f 2580/1910/2 2579/1911/2 2643/1847/2 2644/1846/2
f 2579/1911/2 2578/1912/2 2642/1848/2 2643/1847/2
f 2578/1912/2 2577/1913/2 2641/1849/2 2642/1848/2
f 2577/1913/2 2576/1914/2 2640/1850/2 2641/1849/2
f 2576/1914/2 2575/1915/2 2639/1851/2 2640/1850/2
f 2575/1915/2 2574/1916/2 2638/1852/2 2639/1851/2
f 2574/1916/2 2573/1917/2 2637/1853/2 2638/1852/2
f 2573/1917/2 2572/1918/2 2636/1854/2 2637/1853/2
f 2572/1918/2 2571/1919/2 2635/1855/2 2636/1854/2
f 2571/1919/2 2570/1920/2 2634/1856/2 2635/1855/2
f 2570/1920/2 2569/1921/2 2633/1857/2 2634/1856/2
f 2569/1921/2 2568/1922/2 2632/1858/2 2633/1857/2
f 2568/1922/2 2567/1923/2 2631/1859/2 2632/1858/2
f 2567/1923/2 2566/1924/2 2630/1860/2 2631/1859/2
f 2566/1924/2 2565/80/2 2629/82/2 2630/1860/2
f 33/1925/1036 2564/1926/1036 2628/1862/1036 32/1861/1036
f 2564/1926/1037 2563/1927/1037 2627/1863/1037 2628/1862/1037
f 2563/1927/1038 2562/1928/1038 2626/1864/1038 2627/1863/1038
f 2562/1928/1039 2561/1929/1039 2625/1865/1039 2626/1864/1039
f 2561/1929/1040 2560/1930/1040 2624/1866/1040 2625/1865/1040
f 2560/1930/1041 2559/1931/1041 2623/1867/1041 2624/1866/1041
f 2559/1931/1042 2558/1932/1042 2622/1868/1042 2623/1867/1042
f 2558/1932/1043 2557/1933/1043 2621/1869/1043 2622/1868/1043
f 2557/1933/1044 2556/1934/1044 2620/1870/1044 2621/1869/1044
f 2556/1934/1045 2555/1935/1045 2619/1871/1045 2620/1870/1045
f 2555/1935/1046 2554/1936/1046 2618/1872/1046 2619/1871/1046
f 2554/1936/1047 2553/1937/1047 2617/1873/1047 2618/1872/1047
f 2553/1937/1048 2552/1938/1048 2616/1874/1048 2617/1873/1048
f 2552/1938/2 2551/1939/2 2615/1875/2 2616/1874/2
f 2551/1939/2 2550/1940/2 2614/1876/2 2615/1875/2
f 2550/1940/2 2549/1941/2 2613/1877/2 2614/1876/2
f 2549/1941/2 2548/1942/2 2612/1878/2 2613/1877/2
f 2548/1942/2 2547/1943/2 2611/1879/2 2612/1878/2
f 2547/1943/2 2546/1944/2 2610/1880/2 2611/1879/2
f 2546/1944/2 2545/1945/2 2609/1881/2 2610/1880/2
f 2545/1945/2 2544/1946/2 2608/1882/2 2609/1881/2
f 2544/1946/2 2543/1947/2 2607/1883/2 2608/1882/2
f 2543/1947/2 2542/1948/2 2606/1884/2 2607/1883/2
f 2542/1948/2 2541/1949/2 2605/1885/2 2606/1884/2
f 2541/1949/2 2540/1950/2 2604/1886/2 2605/1885/2
f 2540/1950/2 2539/1951/2 2603/1887/2 2604/1886/2
f 2539/1951/2 2538/1952/2 2602/1888/2 2603/1887/2
f 2538/1952/2 2537/1953/2 2601/1889/2 2602/1888/2
f 2537/1953/2 2536/1954/2 2600/1890/2 2601/1889/2
f 2536/1954/2 2535/1955/2 2599/1891/2 2600/1890/2
f 2535/1955/2 2534/1956/2 2598/1892/2 2599/1891/2
f 2534/1956/2 2533/1957/2 2597/1893/2 2598/1892/2
f 2533/1957/50 2532/1958/50 2596/1894/50 2597/1893/50
f 2532/1958/1049 2531/1959/1049 2595/1895/1049 2596/1894/1049
f 2531/1959/118 2530/1960/118 2594/1896/118 2595/1895/118
f 2530/1960/119 2529/1961/119 2593/1897/119 2594/1896/119
f 2529/1961/120 2528/1962/120 2592/1898/120 2593/1897/120
f 2528/1962/121 2527/1963/121 2591/1899/121 2592/1898/121
f 2527/1963/122 2526/1964/122 2590/1900/122 2591/1899/122
f 2526/1964/123 2525/1965/123 2589/1901/123 2590/1900/123
f 2525/1965/124 2524/1966/124 2588/1902/124 2589/1901/124
f 2524/1966/124 2523/1967/124 2587/1903/124 2588/1902/124
f 2523/1967/125 2522/1968/125 2586/1904/125 2587/1903/125
f 2522/1968/126 2521/1969/126 2585/1905/126 2586/1904/126
f 2521/1969/127 2520/1970/127 2584/1906/127 2585/1905/127
f 2520/1970/167 2519/1971/167 2583/1907/167 2584/1906/167
f 2519/1971/168 2518/1972/168 2582/1908/168 2583/1907/168
f 2518/1972/169 2517/1973/169 2581/1909/169 2582/1908/169
f 2517/1973/170 2516/1974/170 2580/1910/170 2581/1909/170
f 2516/1974/171 2515/1975/171 2579/1911/171 2580/1910/171
f 2515/1975/2 2514/1976/2 2578/1912/2 2579/1911/2
f 2514/1976/2 2513/1977/2 2577/1913/2 2578/1912/2
f 2513/1977/2 2512/1978/2 2576/1914/2 2577/1913/2
f 2512/1978/2 2511/1979/2 2575/1915/2 2576/1914/2
f 2511/1979/2 2510/1980/2 2574/1916/2 2575/1915/2
f 2510/1980/2 2509/1981/2 2573/1917/2 2574/1916/2
f 2509/1981/2 2508/1982/2 2572/1918/2 2573/1917/2
f 2508/1982/2 2507/1983/2 2571/1919/2 2572/1918/2
f 2507/1983/2 2506/1984/2 2570/1920/2 2571/1919/2
f 2506/1984/2 2505/1985/2 2569/1921/2 2570/1920/2
f 2505/1985/2 2504/1986/2 2568/1922/2 2569/1921/2
f 2504/1986/2 2503/1987/2 2567/1923/2 2568/1922/2
f 2503/1987/2 2502/1988/2 2566/1924/2 2567/1923/2
f 2502/1988/2 2501/78/2 2565/80/2 2566/1924/2
f 34/1989/1050 2500/1990/1050 2564/1926/1050 33/1925/1050
f 2500/1990/1051 2499/1991/1051 2563/1927/1051 2564/1926/1051
f 2499/1991/1052 2498/1992/1052 2562/1928/1052 2563/1927/1052
f 2498/1992/1053 2497/1993/1053 2561/1929/1053 2562/1928/1053
f 2497/1993/1054 2496/1994/1054 2560/1930/1054 2561/1929/1054
f 2496/1994/1055 2495/1995/1055 2559/1931/1055 2560/1930/1055
f 2495/1995/1056 2494/1996/1056 2558/1932/1056 2559/1931/1056
f 2494/1996/1057 2493/1997/1057 2557/1933/1057 2558/1932/1057
f 2493/1997/1058 2492/1998/1058 2556/1934/1058 2557/1933/1058
f 2492/1998/1059 2491/1999/1059 2555/1935/1059 2556/1934/1059
f 2491/1999/1060 2490/2000/1060 2554/1936/1060 2555/1935/1060
f 2490/2000/1061 2489/2001/1061 2553/1937/1061 2554/1936/1061
f 2489/2001/993 2488/2002/993 2552/1938/993 2553/1937/993
f 2488/2002/2 2487/2003/2 2551/1939/2 2552/1938/2
f 2487/2003/2 2486/2004/2 2550/1940/2 2551/1939/2
f 2486/2004/2 2485/2005/2 2549/1941/2 2550/1940/2
f 2485/2005/2 2484/2006/2 2548/1942/2 2549/1941/2
f 2484/2006/2 2483/2007/2 2547/1943/2 2548/1942/2
f 2483/2007/2 2482/2008/2 2546/1944/2 2547/1943/2
f 2482/2008/2 2481/2009/2 2545/1945/2 2546/1944/2
f 2481/2009/2 2480/2010/2 2544/1946/2 2545/1945/2
f 2480/2010/2 2479/2011/2 2543/1947/2 2544/1946/2
f 2479/2011/2 2478/2012/2 2542/1948/2 2543/1947/2
f 2478/2012/2 2477/2013/2 2541/1949/2 2542/1948/2
f 2477/2013/2 2476/2014/2 2540/1950/2 2541/1949/2
f 2476/2014/2 2475/2015/2 2539/1951/2 2540/1950/2
f 2475/2015/2 2474/2016/2 2538/1952/2 2539/1951/2
f 2474/2016/2 2473/2017/2 2537/1953/2 2538/1952/2
f 2473/2017/2 2472/2018/2 2536/1954/2 2537/1953/2
f 2472/2018/2 2471/2019/2 2535/1955/2 2536/1954/2
f 2471/2019/81 2470/2020/81 2534/1956/81 2535/1955/81
f 2470/2020/82 2469/2021/82 2533/1957/82 2534/1956/82
f 2469/2021/83 2468/2022/83 2532/1958/83 2533/1957/83
f 2468/2022/1062 2467/2023/1062 2531/1959/1062 2532/1958/1062
f 2467/2023/156 2466/2024/156 2530/1960/156 2531/1959/156
f 2466/2024/157 2465/2025/157 2529/1961/157 2530/1960/157
f 2465/2025/158 2464/2026/158 2528/1962/158 2529/1961/158
f 2464/2026/159 2463/2027/159 2527/1963/159 2528/1962/159
f 2463/2027/160 2462/2028/160 2526/1964/160 2527/1963/160
f 2462/2028/161 2461/2029/161 2525/1965/161 2526/1964/161
f 2461/2029/162 2460/2030/162 2524/1966/162 2525/1965/162
f 2460/2030/162 2459/2031/162 2523/1967/162 2524/1966/162
f 2459/2031/163 2458/2032/163 2522/1968/163 2523/1967/163
f 2458/2032/164 2457/2033/164 2521/1969/164 2522/1968/164
f 2457/2033/165 2456/2034/165 2520/1970/165 2521/1969/165
f 2456/2034/207 2455/2035/207 2519/1971/207 2520/1970/207
f 2455/2035/208 2454/2036/208 2518/1972/208 2519/1971/208
f 2454/2036/209 2453/2037/209 2517/1973/209 2518/1972/209
f 2453/2037/210 2452/2038/210 2516/1974/210 2517/1973/210
f 2452/2038/211 2451/2039/211 2515/1975/211 2516/1974/211
f 2451/2039/132 2450/2040/132 2514/1976/132 2515/1975/132
f 2450/2040/2 2449/2041/2 2513/1977/2 2514/1976/2
f 2449/2041/2 2448/2042/2 2512/1978/2 2513/1977/2
f 2448/2042/2 2447/2043/2 2511/1979/2 2512/1978/2
f 2447/2043/2 2446/2044/2 2510/1980/2 2511/1979/2
f 2446/2044/2 2445/2045/2 2509/1981/2 2510/1980/2
f 2445/2045/2 2444/2046/2 2508/1982/2 2509/1981/2
f 2444/2046/2 2443/2047/2 2507/1983/2 2508/1982/2
f 2443/2047/2 2442/2048/2 2506/1984/2 2507/1983/2
f 2442/2048/2 2441/2049/2 2505/1985/2 2506/1984/2
f 2441/2049/2 2440/2050/2 2504/1986/2 2505/1985/2
f 2440/2050/2 2439/2051/2 2503/1987/2 2504/1986/2
f 2439/2051/2 2438/2052/2 2502/1988/2 2503/1987/2
f 2438/2052/2 2437/76/2 2501/78/2 2502/1988/2
f 35/2053/1063 2436/2054/1063 2500/1990/1063 34/1989/1063
f 2436/2054/1064 2435/2055/1064 2499/1991/1064 2500/1990/1064
f 2435/2055/1065 2434/2056/1065 2498/1992/1065 2499/1991/1065
f 2434/2056/1066 2433/2057/1066 2497/1993/1066 2498/1992/1066
f 2433/2057/1067 2432/2058/1067 2496/1994/1067 2497/1993/1067
f 2432/2058/1068 2431/2059/1068 2495/1995/1068 2496/1994/1068
f 2431/2059/1069 2430/2060/1069 2494/1996/1069 2495/1995/1069
f 2430/2060/1070 2429/2061/1070 2493/1997/1070 2494/1996/1070
f 2429/2061/1071 2428/2062/1071 2492/1998/1071 2493/1997/1071
f 2428/2062/1004 2427/2063/1004 2491/1999/1004 2492/1998/1004
f 2427/2063/1005 2426/2064/1005 2490/2000/1005 2491/1999/1005
f 2426/2064/1006 2425/2065/1006 2489/2001/1006 2490/2000/1006
f 2425/2065/2 2424/2066/2 2488/2002/2 2489/2001/2
f 2424/2066/2 2423/2067/2 2487/2003/2 2488/2002/2
f 2423/2067/2 2422/2068/2 2486/2004/2 2487/2003/2
f 2422/2068/2 2421/2069/2 2485/2005/2 2486/2004/2
f 2421/2069/2 2420/2070/2 2484/2006/2 2485/2005/2
f 2420/2070/2 2419/2071/2 2483/2007/2 2484/2006/2
f 2419/2071/2 2418/2072/2 2482/2008/2 2483/2007/2
f 2418/2072/2 2417/2073/2 2481/2009/2 2482/2008/2
f 2417/2073/2 2416/2074/2 2480/2010/2 2481/2009/2
f 2416/2074/2 2415/2075/2 2479/2011/2 2480/2010/2
f 2415/2075/2 2414/2076/2 2478/2012/2 2479/2011/2
f 2414/2076/2 2413/2077/2 2477/2013/2 2478/2012/2
f 2413/2077/2 2412/2078/2 2476/2014/2 2477/2013/2
f 2412/2078/2 2411/2079/2 2475/2015/2 2476/2014/2
f 2411/2079/2 2410/2080/2 2474/2016/2 2475/2015/2
f 2410/2080/2 2409/2081/2 2473/2017/2 2474/2016/2
f 2409/2081/2 2408/2082/2 2472/2018/2 2473/2017/2
f 2408/2082/50 2407/2083/50 2471/2019/50 2472/2018/50
f 2407/2083/1049 2406/2084/1049 2470/2020/1049 2471/2019/1049
f 2406/2084/118 2405/2085/118 2469/2021/118 2470/2020/118
f 2405/2085/119 2404/2086/119 2468/2022/119 2469/2021/119
f 2404/2086/1072 2403/2087/1072 2467/2023/1072 2468/2022/1072
f 2403/2087/1073 2402/2088/1073 2466/2024/1073 2467/2023/1073
f 2402/2088/197 2401/2089/197 2465/2025/197 2466/2024/197
f 2401/2089/198 2400/2090/198 2464/2026/198 2465/2025/198
f 2400/2090/199 2399/2091/199 2463/2027/199 2464/2026/199
f 2399/2091/200 2398/2092/200 2462/2028/200 2463/2027/200
f 2398/2092/201 2397/2093/201 2461/2029/201 2462/2028/201
f 2397/2093/202 2396/2094/202 2460/2030/202 2461/2029/202
f 2396/2094/202 2395/2095/202 2459/2031/202 2460/2030/202
f 2395/2095/203 2394/2096/203 2458/2032/203 2459/2031/203
f 2394/2096/204 2393/2097/204 2457/2033/204 2458/2032/204
f 2393/2097/205 2392/2098/205 2456/2034/205 2457/2033/205
f 2392/2098/248 2391/2099/248 2455/2035/248 2456/2034/248
f 2391/2099/249 2390/2100/249 2454/2036/249 2455/2035/249
f 2390/2100/250 2389/2101/250 2453/2037/250 2454/2036/250
f 2389/2101/251 2388/2102/251 2452/2038/251 2453/2037/251
f 2388/2102/252 2387/2103/252 2451/2039/252 2452/2038/252
f 2387/2103/253 2386/2104/253 2450/2040/253 2451/2039/253
f 2386/2104/2 2385/2105/2 2449/2041/2 2450/2040/2
f 2385/2105/2 2384/2106/2 2448/2042/2 2449/2041/2
f 2384/2106/2 2383/2107/2 2447/2043/2 2448/2042/2
f 2383/2107/2 2382/2108/2 2446/2044/2 2447/2043/2
f 2382/2108/2 2381/2109/2 2445/2045/2 2446/2044/2
f 2381/2109/2 2380/2110/2 2444/2046/2 2445/2045/2
f 2380/2110/2 2379/2111/2 2443/2047/2 2444/2046/2
f 2379/2111/2 2378/2112/2 2442/2048/2 2443/2047/2
f 2378/2112/2 2377/2113/2 2441/2049/2 2442/2048/2
f 2377/2113/2 2376/2114/2 2440/2050/2 2441/2049/2
f 2376/2114/2 2375/2115/2 2439/2051/2 2440/2050/2
f 2375/2115/2 2374/2116/2 2438/2052/2 2439/2051/2
f 2374/2116/2 2373/74/2 2437/76/2 2438/2052/2
f 36/2117/1074 2372/2118/1074 2436/2054/1074 35/2053/1074
f 2372/2118/1075 2371/2119/1075 2435/2055/1075 2436/2054/1075
f 2371/2119/1076 2370/2120/1076 2434/2056/1076 2435/2055/1076
f 2370/2120/1077 2369/2121/1077 2433/2057/1077 2434/2056/1077
f 2369/2121/1078 2368/2122/1078 2432/2058/1078 2433/2057/1078
f 2368/2122/1079 2367/2123/1079 2431/2059/1079 2432/2058/1079
f 2367/2123/1080 2366/2124/1080 2430/2060/1080 2431/2059/1080
f 2366/2124/1081 2365/2125/1081 2429/2061/1081 2430/2060/1081
f 2365/2125/1082 2364/2126/1082 2428/2062/1082 2429/2061/1082
f 2364/2126/1020 2363/2127/1020 2427/2063/1020 2428/2062/1020
f 2363/2127/1021 2362/2128/1021 2426/2064/1021 2427/2063/1021
f 2362/2128/1022 2361/2129/1022 2425/2065/1022 2426/2064/1022
f 2361/2129/2 2360/2130/2 2424/2066/2 2425/2065/2
f 2360/2130/2 2359/2131/2 2423/2067/2 2424/2066/2
f 2359/2131/2 2358/2132/2 2422/2068/2 2423/2067/2
f 2358/2132/2 2357/2133/2 2421/2069/2 2422/2068/2
f 2357/2133/2 2356/2134/2 2420/2070/2 2421/2069/2
f 2356/2134/2 2355/2135/2 2419/2071/2 2420/2070/2
f 2355/2135/2 2354/2136/2 2418/2072/2 2419/2071/2
f 2354/2136/2 2353/2137/2 2417/2073/2 2418/2072/2
f 2353/2137/2 2352/2138/2 2416/2074/2 2417/2073/2
f 2352/2138/2 2351/2139/2 2415/2075/2 2416/2074/2
f 2351/2139/2 2350/2140/2 2414/2076/2 2415/2075/2
f 2350/2140/2 2349/2141/2 2413/2077/2 2414/2076/2
f 2349/2141/2 2348/2142/2 2412/2078/2 2413/2077/2
f 2348/2142/2 2347/2143/2 2411/2079/2 2412/2078/2
f 2347/2143/2 2346/2144/2 2410/2080/2 2411/2079/2
f 2346/2144/50 2345/2145/50 2409/2081/50 2410/2080/50
f 2345/2145/1083 2344/2146/1083 2408/2082/1083 2409/2081/1083
f 2344/2146/83 2343/2147/83 2407/2083/83 2408/2082/83
f 2343/2147/1062 2342/2148/1062 2406/2084/1062 2407/2083/1062
f 2342/2148/156 2341/2149/156 2405/2085/156 2406/2084/156
f 2341/2149/157 2340/2150/157 2404/2086/157 2405/2085/157
f 2340/2150/158 2339/2151/158 2403/2087/158 2404/2086/158
f 2339/2151/1084 2338/2152/1084 2402/2088/1084 2403/2087/1084
f 2338/2152/1085 2337/2153/1085 2401/2089/1085 2402/2088/1085
f 2337/2153/239 2336/2154/239 2400/2090/239 2401/2089/239
f 2336/2154/240 2335/2155/240 2399/2091/240 2400/2090/240
f 2335/2155/241 2334/2156/241 2398/2092/241 2399/2091/241
f 2334/2156/242 2333/2157/242 2397/2093/242 2398/2092/242
f 2333/2157/243 2332/2158/243 2396/2094/243 2397/2093/243
f 2332/2158/243 2331/2159/243 2395/2095/243 2396/2094/243
f 2331/2159/244 2330/2160/244 2394/2096/244 2395/2095/244
f 2330/2160/245 2329/2161/245 2393/2097/245 2394/2096/245
f 2329/2161/246 2328/2162/246 2392/2098/246 2393/2097/246
f 2328/2162/290 2327/2163/290 2391/2099/290 2392/2098/290
f 2327/2163/291 2326/2164/291 2390/2100/291 2391/2099/291
f 2326/2164/292 2325/2165/292 2389/2101/292 2390/2100/292
f 2325/2165/293 2324/2166/293 2388/2102/293 2389/2101/293
f 2324/2166/294 2323/2167/294 2387/2103/294 2388/2102/294
f 2323/2167/295 2322/2168/295 2386/2104/295 2387/2103/295
f 2322/2168/94 2321/2169/94 2385/2105/94 2386/2104/94
f 2321/2169/2 2320/2170/2 2384/2106/2 2385/2105/2
f 2320/2170/2 2319/2171/2 2383/2107/2 2384/2106/2
f 2319/2171/2 2318/2172/2 2382/2108/2 2383/2107/2
f 2318/2172/2 2317/2173/2 2381/2109/2 2382/2108/2
f 2317/2173/2 2316/2174/2 2380/2110/2 2381/2109/2
f 2316/2174/2 2315/2175/2 2379/2111/2 2380/2110/2
f 2315/2175/2 2314/2176/2 2378/2112/2 2379/2111/2
f 2314/2176/2 2313/2177/2 2377/2113/2 2378/2112/2
f 2313/2177/2 2312/2178/2 2376/2114/2 2377/2113/2
f 2312/2178/2 2311/2179/2 2375/2115/2 2376/2114/2
f 2311/2179/2 2310/2180/2 2374/2116/2 2375/2115/2
f 2310/2180/2 2309/72/2 2373/74/2 2374/2116/2
f 37/2181/1086 2308/2182/1086 2372/2118/1086 36/2117/1086
f 2308/2182/1087 2307/2183/1087 2371/2119/1087 2372/2118/1087
f 2307/2183/1088 2306/2184/1088 2370/2120/1088 2371/2119/1088
f 2306/2184/1089 2305/2185/1089 2369/2121/1089 2370/2120/1089
f 2305/2185/1090 2304/2186/1090 2368/2122/1090 2369/2121/1090
f 2304/2186/1091 2303/2187/1091 2367/2123/1091 2368/2122/1091
f 2303/2187/1092 2302/2188/1092 2366/2124/1092 2367/2123/1092
f 2302/2188/1093 2301/2189/1093 2365/2125/1093 2366/2124/1093
f 2301/2189/1094 2300/2190/1094 2364/2126/1094 2365/2125/1094
f 2300/2190/1033 2299/2191/1033 2363/2127/1033 2364/2126/1033
f 2299/2191/1034 2298/2192/1034 2362/2128/1034 2363/2127/1034
f 2298/2192/1035 2297/2193/1035 2361/2129/1035 2362/2128/1035
f 2297/2193/2 2296/2194/2 2360/2130/2 2361/2129/2
f 2296/2194/2 2295/2195/2 2359/2131/2 2360/2130/2
f 2295/2195/2 2294/2196/2 2358/2132/2 2359/2131/2
f 2294/2196/2 2293/2197/2 2357/2133/2 2358/2132/2
f 2293/2197/2 2292/2198/2 2356/2134/2 2357/2133/2
f 2292/2198/2 2291/2199/2 2355/2135/2 2356/2134/2
f 2291/2199/2 2290/2200/2 2354/2136/2 2355/2135/2
f 2290/2200/2 2289/2201/2 2353/2137/2 2354/2136/2
f 2289/2201/2 2288/2202/2 2352/2138/2 2353/2137/2
f 2288/2202/2 2287/2203/2 2351/2139/2 2352/2138/2
f 2287/2203/2 2286/2204/2 2350/2140/2 2351/2139/2
f 2286/2204/2 2285/2205/2 2349/2141/2 2350/2140/2
f 2285/2205/2 2284/2206/2 2348/2142/2 2349/2141/2
f 2284/2206/81 2283/2207/81 2347/2143/81 2348/2142/81
f 2283/2207/82 2282/2208/82 2346/2144/82 2347/2143/82
f 2282/2208/83 2281/2209/83 2345/2145/83 2346/2144/83
f 2281/2209/1095 2280/2210/1095 2344/2146/1095 2345/2145/1095
f 2280/2210/1096 2279/2211/1096 2343/2147/1096 2344/2146/1096
f 2279/2211/1072 2278/2212/1072 2342/2148/1072 2343/2147/1072
f 2278/2212/1073 2277/2213/1073 2341/2149/1073 2342/2148/1073
f 2277/2213/197 2276/2214/197 2340/2150/197 2341/2149/197
f 2276/2214/198 2275/2215/198 2339/2151/198 2340/2150/198
f 2275/2215/199 2274/2216/199 2338/2152/199 2339/2151/199
f 2274/2216/1097 2273/2217/1097 2337/2153/1097 2338/2152/1097
f 2273/2217/1098 2272/2218/1098 2336/2154/1098 2337/2153/1098
f 2272/2218/1099 2271/2219/1099 2335/2155/1099 2336/2154/1099
f 2271/2219/283 2270/2220/283 2334/2156/283 2335/2155/283
f 2270/2220/284 2269/2221/284 2333/2157/284 2334/2156/284
f 2269/2221/285 2268/2222/285 2332/2158/285 2333/2157/285
f 2268/2222/285 2267/2223/285 2331/2159/285 2332/2158/285
f 2267/2223/286 2266/2224/286 2330/2160/286 2331/2159/286
f 2266/2224/287 2265/2225/287 2329/2161/287 2330/2160/287
f 2265/2225/331 2264/2226/331 2328/2162/331 2329/2161/331
f 2264/2226/332 2263/2227/332 2327/2163/332 2328/2162/332
f 2263/2227/333 2262/2228/333 2326/2164/333 2327/2163/333
f 2262/2228/334 2261/2229/334 2325/2165/334 2326/2164/334
f 2261/2229/335 2260/2230/335 2324/2166/335 2325/2165/335
f 2260/2230/336 2259/2231/336 2323/2167/336 2324/2166/336
f 2259/2231/1100 2258/2232/1100 2322/2168/1100 2323/2167/1100
f 2258/2232/1101 2257/2233/1101 2321/2169/1101 2322/2168/1101
f 2257/2233/2 2256/2234/2 2320/2170/2 2321/2169/2
f 2256/2234/2 2255/2235/2 2319/2171/2 2320/2170/2
f 2255/2235/2 2254/2236/2 2318/2172/2 2319/2171/2
f 2254/2236/2 2253/2237/2 2317/2173/2 2318/2172/2
f 2253/2237/2 2252/2238/2 2316/2174/2 2317/2173/2
f 2252/2238/2 2251/2239/2 2315/2175/2 2316/2174/2
f 2251/2239/2 2250/2240/2 2314/2176/2 2315/2175/2
f 2250/2240/2 2249/2241/2 2313/2177/2 2314/2176/2
f 2249/2241/2 2248/2242/2 2312/2178/2 2313/2177/2
f 2248/2242/2 2247/2243/2 2311/2179/2 2312/2178/2
f 2247/2243/2 2246/2244/2 2310/2180/2 2311/2179/2
f 2246/2244/2 2245/70/2 2309/72/2 2310/2180/2
f 38/2245/1102 2244/2246/1102 2308/2182/1102 37/2181/1102
f 2244/2246/1103 2243/2247/1103 2307/2183/1103 2308/2182/1103
f 2243/2247/1104 2242/2248/1104 2306/2184/1104 2307/2183/1104
f 2242/2248/1105 2241/2249/1105 2305/2185/1105 2306/2184/1105
f 2241/2249/1106 2240/2250/1106 2304/2186/1106 2305/2185/1106
f 2240/2250/1107 2239/2251/1107 2303/2187/1107 2304/2186/1107
f 2239/2251/1108 2238/2252/1108 2302/2188/1108 2303/2187/1108
f 2238/2252/1109 2237/2253/1109 2301/2189/1109 2302/2188/1109
f 2237/2253/1094 2236/2254/1094 2300/2190/1094 2301/2189/1094
f 2236/2254/1110 2235/2255/1110 2299/2191/1110 2300/2190/1110
f 2235/2255/1111 2234/2256/1111 2298/2192/1111 2299/2191/1111
f 2234/2256/1112 2233/2257/1112 2297/2193/1112 2298/2192/1112
f 2233/2257/2 2232/2258/2 2296/2194/2 2297/2193/2
f 2232/2258/2 2231/2259/2 2295/2195/2 2296/2194/2
f 2231/2259/2 2230/2260/2 2294/2196/2 2295/2195/2
f 2230/2260/2 2229/2261/2 2293/2197/2 2294/2196/2
f 2229/2261/2 2228/2262/2 2292/2198/2 2293/2197/2
f 2228/2262/2 2227/2263/2 2291/2199/2 2292/2198/2
f 2227/2263/2 2226/2264/2 2290/2200/2 2291/2199/2
f 2226/2264/2 2225/2265/2 2289/2201/2 2290/2200/2
f 2225/2265/2 2224/2266/2 2288/2202/2 2289/2201/2
f 2224/2266/2 2223/2267/2 2287/2203/2 2288/2202/2
f 2223/2267/2 2222/2268/2 2286/2204/2 2287/2203/2
f 2222/2268/2 2221/2269/2 2285/2205/2 2286/2204/2
f 2221/2269/50 2220/2270/50 2284/2206/50 2285/2205/50
f 2220/2270/1049 2219/2271/1049 2283/2207/1049 2284/2206/1049
f 2219/2271/118 2218/2272/118 2282/2208/118 2283/2207/118
f 2218/2272/119 2217/2273/119 2281/2209/119 2282/2208/119
f 2217/2273/120 2216/2274/120 2280/2210/120 2281/2209/120
f 2216/2274/1113 2215/2275/1113 2279/2211/1113 2280/2210/1113
f 2215/2275/158 2214/2276/158 2278/2212/158 2279/2211/158
f 2214/2276/1084 2213/2277/1084 2277/2213/1084 2278/2212/1084
f 2213/2277/1085 2212/2278/1085 2276/2214/1085 2277/2213/1085
f 2212/2278/239 2211/2279/239 2275/2215/239 2276/2214/239
f 2211/2279/240 2210/2280/240 2274/2216/240 2275/2215/240
f 2210/2280/1114 2209/2281/1114 2273/2217/1114 2274/2216/1114
f 2209/2281/1115 2208/2282/1115 2272/2218/1115 2273/2217/1115
f 2208/2282/1116 2207/2283/1116 2271/2219/1116 2272/2218/1116
f 2207/2283/1117 2206/2284/1117 2270/2220/1117 2271/2219/1117
f 2206/2284/326 2205/2285/326 2269/2221/326 2270/2220/326
f 2205/2285/327 2204/2286/327 2268/2222/327 2269/2221/327
f 2204/2286/327 2203/2287/327 2267/2223/327 2268/2222/327
f 2203/2287/328 2202/2288/328 2266/2224/328 2267/2223/328
f 2202/2288/329 2201/2289/329 2265/2225/329 2266/2224/329
f 2201/2289/371 2200/2290/371 2264/2226/371 2265/2225/371
f 2200/2290/372 2199/2291/372 2263/2227/372 2264/2226/372
f 2199/2291/373 2198/2292/373 2262/2228/373 2263/2227/373
f 2198/2292/374 2197/2293/374 2261/2229/374 2262/2228/374
f 2197/2293/1118 2196/2294/1118 2260/2230/1118 2261/2229/1118
f 2196/2294/1119 2195/2295/1119 2259/2231/1119 2260/2230/1119
f 2195/2295/1120 2194/2296/1120 2258/2232/1120 2259/2231/1120
f 2194/2296/295 2193/2297/295 2257/2233/295 2258/2232/295
f 2193/2297/94 2192/2298/94 2256/2234/94 2257/2233/94
f 2192/2298/2 2191/2299/2 2255/2235/2 2256/2234/2
f 2191/2299/2 2190/2300/2 2254/2236/2 2255/2235/2
f 2190/2300/2 2189/2301/2 2253/2237/2 2254/2236/2
f 2189/2301/2 2188/2302/2 2252/2238/2 2253/2237/2
f 2188/2302/2 2187/2303/2 2251/2239/2 2252/2238/2
f 2187/2303/2 2186/2304/2 2250/2240/2 2251/2239/2
f 2186/2304/2 2185/2305/2 2249/2241/2 2250/2240/2
f 2185/2305/2 2184/2306/2 2248/2242/2 2249/2241/2
f 2184/2306/2 2183/2307/2 2247/2243/2 2248/2242/2
f 2183/2307/2 2182/2308/2 2246/2244/2 2247/2243/2
f 2182/2308/2 2181/68/2 2245/70/2 2246/2244/2
f 39/2309/1121 2180/2310/1121 2244/2246/1121 38/2245/1121
f 2180/2310/1122 2179/2311/1122 2243/2247/1122 2244/2246/1122
f 2179/2311/1123 2178/2312/1123 2242/2248/1123 2243/2247/1123
f 2178/2312/1124 2177/2313/1124 2241/2249/1124 2242/2248/1124
f 2177/2313/1125 2176/2314/1125 2240/2250/1125 2241/2249/1125
f 2176/2314/1126 2175/2315/1126 2239/2251/1126 2240/2250/1126
f 2175/2315/1127 2174/2316/1127 2238/2252/1127 2239/2251/1127
f 2174/2316/1128 2173/2317/1128 2237/2253/1128 2238/2252/1128
f 2173/2317/1129 2172/2318/1129 2236/2254/1129 2237/2253/1129
f 2172/2318/1046 2171/2319/1046 2235/2255/1046 2236/2254/1046
f 2171/2319/1047 2170/2320/1047 2234/2256/1047 2235/2255/1047
f 2170/2320/1048 2169/2321/1048 2233/2257/1048 2234/2256/1048
f 2169/2321/2 2168/2322/2 2232/2258/2 2233/2257/2
f 2168/2322/2 2167/2323/2 2231/2259/2 2232/2258/2
f 2167/2323/2 2166/2324/2 2230/2260/2 2231/2259/2
f 2166/2324/2 2165/2325/2 2229/2261/2 2230/2260/2
f 2165/2325/2 2164/2326/2 2228/2262/2 2229/2261/2
f 2164/2326/2 2163/2327/2 2227/2263/2 2228/2262/2
f 2163/2327/2 2162/2328/2 2226/2264/2 2227/2263/2
f 2162/2328/2 2161/2329/2 2225/2265/2 2226/2264/2
f 2161/2329/2 2160/2330/2 2224/2266/2 2225/2265/2
f 2160/2330/2 2159/2331/2 2223/2267/2 2224/2266/2
f 2159/2331/81 2158/2332/81 2222/2268/81 2223/2267/81
f 2158/2332/82 2157/2333/82 2221/2269/82 2222/2268/82
f 2157/2333/83 2156/2334/83 2220/2270/83 2221/2269/83
f 2156/2334/1062 2155/2335/1062 2219/2271/1062 2220/2270/1062
f 2155/2335/156 2154/2336/156 2218/2272/156 2219/2271/156
f 2154/2336/157 2153/2337/157 2217/2273/157 2218/2272/157
f 2153/2337/158 2152/2338/158 2216/2274/158 2217/2273/158
f 2152/2338/1130 2151/2339/1130 2215/2275/1130 2216/2274/1130
f 2151/2339/1131 2150/2340/1131 2214/2276/1131 2215/2275/1131
f 2150/2340/199 2149/2341/199 2213/2277/199 2214/2276/199
f 2149/2341/1097 2148/2342/1097 2212/2278/1097 2213/2277/1097
f 2148/2342/1098 2147/2343/1098 2211/2279/1098 2212/2278/1098
f 2147/2343/1099 2146/2344/1099 2210/2280/1099 2211/2279/1099
f 2146/2344/283 2145/2345/283 2209/2281/283 2210/2280/283
f 2145/2345/1132 2144/2346/1132 2208/2282/1132 2209/2281/1132
f 2144/2346/1133 2143/2347/1133 2207/2283/1133 2208/2282/1133
f 2143/2347/1134 2142/2348/1134 2206/2284/1134 2207/2283/1134
f 2142/2348/1135 2141/2349/1135 2205/2285/1135 2206/2284/1135
f 2141/2349/367 2140/2350/367 2204/2286/367 2205/2285/367
f 2140/2350/367 2139/2351/367 2203/2287/367 2204/2286/367
f 2139/2351/368 2138/2352/368 2202/2288/368 2203/2287/368
f 2138/2352/411 2137/2353/411 2201/2289/411 2202/2288/411
f 2137/2353/412 2136/2354/412 2200/2290/412 2201/2289/412
f 2136/2354/413 2135/2355/413 2199/2291/413 2200/2290/413
f 2135/2355/1136 2134/2356/1136 2198/2292/1136 2199/2291/1136
f 2134/2356/1137 2133/2357/1137 2197/2293/1137 2198/2292/1137
f 2133/2357/1138 2132/2358/1138 2196/2294/1138 2197/2293/1138
f 2132/2358/335 2131/2359/335 2195/2295/335 2196/2294/335
f 2131/2359/336 2130/2360/336 2194/2296/336 2195/2295/336
f 2130/2360/1100 2129/2361/1100 2193/2297/1100 2194/2296/1100
f 2129/2361/1101 2128/2362/1101 2192/2298/1101 2193/2297/1101
f 2128/2362/2 2127/2363/2 2191/2299/2 2192/2298/2
f 2127/2363/2 2126/2364/2 2190/2300/2 2191/2299/2
f 2126/2364/2 2125/2365/2 2189/2301/2 2190/2300/2
f 2125/2365/2 2124/2366/2 2188/2302/2 2189/2301/2
f 2124/2366/2 2123/2367/2 2187/2303/2 2188/2302/2
f 2123/2367/2 2122/2368/2 2186/2304/2 2187/2303/2
f 2122/2368/2 2121/2369/2 2185/2305/2 2186/2304/2
f 2121/2369/2 2120/2370/2 2184/2306/2 2185/2305/2
f 2120/2370/2 2119/2371/2 2183/2307/2 2184/2306/2
f 2119/2371/2 2118/2372/2 2182/2308/2 2183/2307/2
f 2118/2372/2 2117/66/2 2181/68/2 2182/2308/2
f 40/2373/1139 2116/2374/1139 2180/2310/1139 39/2309/1139
f 2116/2374/1140 2115/2375/1140 2179/2311/1140 2180/2310/1140
f 2115/2375/1141 2114/2376/1141 2178/2312/1141 2179/2311/1141
f 2114/2376/1142 2113/2377/1142 2177/2313/1142 2178/2312/1142
f 2113/2377/1143 2112/2378/1143 2176/2314/1143 2177/2313/1143
f 2112/2378/1144 2111/2379/1144 2175/2315/1144 2176/2314/1144
f 2111/2379/1145 2110/2380/1145 2174/2316/1145 2175/2315/1145
f 2110/2380/1146 2109/2381/1146 2173/2317/1146 2174/2316/1146
f 2109/2381/1147 2108/2382/1147 2172/2318/1147 2173/2317/1147
f 2108/2382/1060 2107/2383/1060 2171/2319/1060 2172/2318/1060
f 2107/2383/1061 2106/2384/1061 2170/2320/1061 2171/2319/1061
f 2106/2384/993 2105/2385/993 2169/2321/993 2170/2320/993
f 2105/2385/2 2104/2386/2 2168/2322/2 2169/2321/2
f 2104/2386/2 2103/2387/2 2167/2323/2 2168/2322/2
f 2103/2387/2 2102/2388/2 2166/2324/2 2167/2323/2
f 2102/2388/2 2101/2389/2 2165/2325/2 2166/2324/2
f 2101/2389/2 2100/2390/2 2164/2326/2 2165/2325/2
f 2100/2390/2 2099/2391/2 2163/2327/2 2164/2326/2
f 2099/2391/2 2098/2392/2 2162/2328/2 2163/2327/2
f 2098/2392/2 2097/2393/2 2161/2329/2 2162/2328/2
f 2097/2393/2 2096/2394/2 2160/2330/2 2161/2329/2
f 2096/2394/50 2095/2395/50 2159/2331/50 2160/2330/50
f 2095/2395/1049 2094/2396/1049 2158/2332/1049 2159/2331/1049
f 2094/2396/118 2093/2397/118 2157/2333/118 2158/2332/118
f 2093/2397/119 2092/2398/119 2156/2334/119 2157/2333/119
f 2092/2398/1072 2091/2399/1072 2155/2335/1072 2156/2334/1072
f 2091/2399/1073 2090/2400/1073 2154/2336/1073 2155/2335/1073
f 2090/2400/197 2089/2401/197 2153/2337/197 2154/2336/197
f 2089/2401/198 2088/2402/198 2152/2338/198 2153/2337/198
f 2088/2402/199 2087/2403/199 2151/2339/199 2152/2338/199
f 2087/2403/1148 2086/2404/1148 2150/2340/1148 2151/2339/1148
f 2086/2404/240 2085/2405/240 2149/2341/240 2150/2340/240
f 2085/2405/1114 2084/2406/1114 2148/2342/1114 2149/2341/1114
f 2084/2406/1115 2083/2407/1115 2147/2343/1115 2148/2342/1115
f 2083/2407/1116 2082/2408/1116 2146/2344/1116 2147/2343/1116
f 2082/2408/1117 2081/2409/1117 2145/2345/1117 2146/2344/1117
f 2081/2409/1149 2080/2410/1149 2144/2346/1149 2145/2345/1149
f 2080/2410/1150 2079/2411/1150 2143/2347/1150 2144/2346/1150
f 2079/2411/1151 2078/2412/1151 2142/2348/1151 2143/2347/1151
f 2078/2412/1152 2077/2413/1152 2141/2349/1152 2142/2348/1152
f 2077/2413/408 2076/2414/408 2140/2350/408 2141/2349/408
f 2076/2414/408 2075/2415/408 2139/2351/408 2140/2350/408
f 2075/2415/409 2074/2416/409 2138/2352/409 2139/2351/409
f 2074/2416/450 2073/2417/450 2137/2353/450 2138/2352/450
f 2073/2417/1153 2072/2418/1153 2136/2354/1153 2137/2353/1153
f 2072/2418/1154 2071/2419/1154 2135/2355/1154 2136/2354/1154
f 2071/2419/1155 2070/2420/1155 2134/2356/1155 2135/2355/1155
f 2070/2420/373 2069/2421/373 2133/2357/373 2134/2356/373
f 2069/2421/374 2068/2422/374 2132/2358/374 2133/2357/374
f 2068/2422/1118 2067/2423/1118 2131/2359/1118 2132/2358/1118
f 2067/2423/1119 2066/2424/1119 2130/2360/1119 2131/2359/1119
f 2066/2424/1120 2065/2425/1120 2129/2361/1120 2130/2360/1120
f 2065/2425/295 2064/2426/295 2128/2362/295 2129/2361/295
f 2064/2426/94 2063/2427/94 2127/2363/94 2128/2362/94
f 2063/2427/2 2062/2428/2 2126/2364/2 2127/2363/2
f 2062/2428/2 2061/2429/2 2125/2365/2 2126/2364/2
f 2061/2429/2 2060/2430/2 2124/2366/2 2125/2365/2
f 2060/2430/2 2059/2431/2 2123/2367/2 2124/2366/2
f 2059/2431/2 2058/2432/2 2122/2368/2 2123/2367/2
f 2058/2432/2 2057/2433/2 2121/2369/2 2122/2368/2
f 2057/2433/2 2056/2434/2 2120/2370/2 2121/2369/2
f 2056/2434/2 2055/2435/2 2119/2371/2 2120/2370/2
f 2055/2435/2 2054/2436/2 2118/2372/2 2119/2371/2
f 2054/2436/2 2053/64/2 2117/66/2 2118/2372/2
f 41/2437/1156 2052/2438/1156 2116/2374/1156 40/2373/1156
f 2052/2438/1157 2051/2439/1157 2115/2375/1157 2116/2374/1157
f 2051/2439/1158 2050/2440/1158 2114/2376/1158 2115/2375/1158
f 2050/2440/1159 2049/2441/1159 2113/2377/1159 2114/2376/1159
f 2049/2441/1160 2048/2442/1160 2112/2378/1160 2113/2377/1160
f 2048/2442/1161 2047/2443/1161 2111/2379/1161 2112/2378/1161
f 2047/2443/1162 2046/2444/1162 2110/2380/1162 2111/2379/1162
f 2046/2444/1163 2045/2445/1163 2109/2381/1163 2110/2380/1163
f 2045/2445/1004 2044/2446/1004 2108/2382/1004 2109/2381/1004
f 2044/2446/1005 2043/2447/1005 2107/2383/1005 2108/2382/1005
f 2043/2447/1006 2042/2448/1006 2106/2384/1006 2107/2383/1006
f 2042/2448/2 2041/2449/2 2105/2385/2 2106/2384/2
f 2041/2449/2 2040/2450/2 2104/2386/2 2105/2385/2
f 2040/2450/2 2039/2451/2 2103/2387/2 2104/2386/2
f 2039/2451/2 2038/2452/2 2102/2388/2 2103/2387/2
f 2038/2452/2 2037/2453/2 2101/2389/2 2102/2388/2
f 2037/2453/2 2036/2454/2 2100/2390/2 2101/2389/2
f 2036/2454/2 2035/2455/2 2099/2391/2 2100/2390/2
f 2035/2455/2 2034/2456/2 2098/2392/2 2099/2391/2
f 2034/2456/50 2033/2457/50 2097/2393/50 2098/2392/50
f 2033/2457/1083 2032/2458/1083 2096/2394/1083 2097/2393/1083
f 2032/2458/83 2031/2459/83 2095/2395/83 2096/2394/83
f 2031/2459/1062 2030/2460/1062 2094/2396/1062 2095/2395/1062
f 2030/2460/156 2029/2461/156 2093/2397/156 2094/2396/156
f 2029/2461/157 2028/2462/157 2092/2398/157 2093/2397/157
f 2028/2462/158 2027/2463/158 2091/2399/158 2092/2398/158
f 2027/2463/1084 2026/2464/1084 2090/2400/1084 2091/2399/1084
f 2026/2464/1085 2025/2465/1085 2089/2401/1085 2090/2400/1085
f 2025/2465/239 2024/2466/239 2088/2402/239 2089/2401/239
f 2024/2466/240 2023/2467/240 2087/2403/240 2088/2402/240
f 2023/2467/1114 2022/2468/1114 2086/2404/1114 2087/2403/1114
f 2022/2468/1164 2021/2469/1164 2085/2405/1164 2086/2404/1164
f 2021/2469/283 2020/2470/283 2084/2406/283 2085/2405/283
f 2020/2470/1132 2019/2471/1132 2083/2407/1132 2084/2406/1132
f 2019/2471/1133 2018/2472/1133 2082/2408/1133 2083/2407/1133
f 2018/2472/1134 2017/2473/1134 2081/2409/1134 2082/2408/1134
f 2017/2473/1135 2016/2474/1135 2080/2410/1135 2081/2409/1135
f 2016/2474/1165 2015/2475/1165 2079/2411/1165 2080/2410/1165
f 2015/2475/1152 2014/2476/1152 2078/2412/1152 2079/2411/1152
f 2014/2476/1166 2013/2477/1166 2077/2413/1166 2078/2412/1166
f 2013/2477/2 2012/2478/2 2076/2414/2 2077/2413/2
f 2012/2478/2 2011/2479/2 2075/2415/2 2076/2414/2
f 2011/2479/490 2010/2480/490 2074/2416/490 2075/2415/490
f 2010/2480/1167 2009/2481/1167 2073/2417/1167 2074/2416/1167
f 2009/2481/1168 2008/2482/1168 2072/2418/1168 2073/2417/1168
f 2008/2482/412 2007/2483/412 2071/2419/412 2072/2418/412
f 2007/2483/413 2006/2484/413 2070/2420/413 2071/2419/413
f 2006/2484/1136 2005/2485/1136 2069/2421/1136 2070/2420/1136
f 2005/2485/1137 2004/2486/1137 2068/2422/1137 2069/2421/1137
f 2004/2486/1138 2003/2487/1138 2067/2423/1138 2068/2422/1138
f 2003/2487/335 2002/2488/335 2066/2424/335 2067/2423/335
f 2002/2488/336 2001/2489/336 2065/2425/336 2066/2424/336
f 2001/2489/1100 2000/2490/1100 2064/2426/1100 2065/2425/1100
f 2000/2490/1101 1999/2491/1101 2063/2427/1101 2064/2426/1101
f 1999/2491/2 1998/2492/2 2062/2428/2 2063/2427/2
f 1998/2492/2 1997/2493/2 2061/2429/2 2062/2428/2
f 1997/2493/2 1996/2494/2 2060/2430/2 2061/2429/2
f 1996/2494/2 1995/2495/2 2059/2431/2 2060/2430/2
f 1995/2495/2 1994/2496/2 2058/2432/2 2059/2431/2
f 1994/2496/2 1993/2497/2 2057/2433/2 2058/2432/2
f 1993/2497/2 1992/2498/2 2056/2434/2 2057/2433/2
f 1992/2498/2 1991/2499/2 2055/2435/2 2056/2434/2
f 1991/2499/2 1990/2500/2 2054/2436/2 2055/2435/2
f 1990/2500/2 1989/62/2 2053/64/2 2054/2436/2
f 42/2501/1169 1988/2502/1169 2052/2438/1169 41/2437/1169
f 1988/2502/1170 1987/2503/1170 2051/2439/1170 2052/2438/1170
f 1987/2503/1171 1986/2504/1171 2050/2440/1171 2051/2439/1171
f 1986/2504/1172 1985/2505/1172 2049/2441/1172 2050/2440/1172
f 1985/2505/1173 1984/2506/1173 2048/2442/1173 2049/2441/1173
f 1984/2506/1174 1983/2507/1174 2047/2443/1174 2048/2442/1174
f 1983/2507/1175 1982/2508/1175 2046/2444/1175 2047/2443/1175
f 1982/2508/1176 1981/2509/1176 2045/2445/1176 2046/2444/1176
f 1981/2509/1177 1980/2510/1177 2044/2446/1177 2045/2445/1177
f 1980/2510/1021 1979/2511/1021 2043/2447/1021 2044/2446/1021
f 1979/2511/1022 1978/2512/1022 2042/2448/1022 2043/2447/1022
f 1978/2512/2 1977/2513/2 2041/2449/2 2042/2448/2
f 1977/2513/2 1976/2514/2 2040/2450/2 2041/2449/2
f 1976/2514/2 1975/2515/2 2039/2451/2 2040/2450/2
f 1975/2515/2 1974/2516/2 2038/2452/2 2039/2451/2
f 1974/2516/2 1973/2517/2 2037/2453/2 2038/2452/2
f 1973/2517/2 1972/2518/2 2036/2454/2 2037/2453/2
f 1972/2518/81 1971/2519/81 2035/2455/81 2036/2454/81
f 1971/2519/82 1970/2520/82 2034/2456/82 2035/2455/82
f 1970/2520/83 1969/2521/83 2033/2457/83 2034/2456/83
f 1969/2521/1095 1968/2522/1095 2032/2458/1095 2033/2457/1095
f 1968/2522/1096 1967/2523/1096 2031/2459/1096 2032/2458/1096
f 1967/2523/1072 1966/2524/1072 2030/2460/1072 2031/2459/1072
f 1966/2524/1073 1965/2525/1073 2029/2461/1073 2030/2460/1073
f 1965/2525/197 1964/2526/197 2028/2462/197 2029/2461/197
f 1964/2526/198 1963/2527/198 2027/2463/198 2028/2462/198
f 1963/2527/199 1962/2528/199 2026/2464/199 2027/2463/199
f 1962/2528/1097 1961/2529/1097 2025/2465/1097 2026/2464/1097
f 1961/2529/1098 1960/2530/1098 2024/2466/1098 2025/2465/1098
f 1960/2530/1099 1959/2531/1099 2023/2467/1099 2024/2466/1099
f 1959/2531/283 1958/2532/283 2022/2468/283 2023/2467/283
f 1958/2532/1132 1957/2533/1132 2021/2469/1132 2022/2468/1132
f 1957/2533/1117 1956/2534/1117 2020/2470/1117 2021/2469/1117
f 1956/2534/1149 1955/2535/1149 2019/2471/1149 2020/2470/1149
f 1955/2535/1150 1954/2536/1150 2018/2472/1150 2019/2471/1150
f 1954/2536/1151 1953/2537/1151 2017/2473/1151 2018/2472/1151
f 1953/2537/1152 1952/2538/1152 2016/2474/1152 2017/2473/1152
f 1952/2538/408 1951/2539/408 2015/2475/408 2016/2474/408
f 1951/2539/1166 1950/2540/1166 2014/2476/1166 2015/2475/1166
f 1950/2540/2 1949/2541/2 2013/2477/2 2014/2476/2
f 1949/2541/2 1948/2542/2 2012/2478/2 2013/2477/2
f 1948/2542/2 1947/2543/2 2011/2479/2 2012/2478/2
f 1947/2543/449 1946/2544/449 2010/2480/449 2011/2479/449
f 1946/2544/409 1945/2545/409 2009/2481/409 2010/2480/409
f 1945/2545/450 1944/2546/450 2008/2482/450 2009/2481/450
f 1944/2546/1153 1943/2547/1153 2007/2483/1153 2008/2482/1153
f 1943/2547/1154 1942/2548/1154 2006/2484/1154 2007/2483/1154
f 1942/2548/1155 1941/2549/1155 2005/2485/1155 2006/2484/1155
f 1941/2549/373 1940/2550/373 2004/2486/373 2005/2485/373
f 1940/2550/374 1939/2551/374 2003/2487/374 2004/2486/374
f 1939/2551/1118 1938/2552/1118 2002/2488/1118 2003/2487/1118
f 1938/2552/1119 1937/2553/1119 2001/2489/1119 2002/2488/1119
f 1937/2553/1120 1936/2554/1120 2000/2490/1120 2001/2489/1120
f 1936/2554/295 1935/2555/295 1999/2491/295 2000/2490/295
f 1935/2555/94 1934/2556/94 1998/2492/94 1999/2491/94
f 1934/2556/2 1933/2557/2 1997/2493/2 1998/2492/2
f 1933/2557/2 1932/2558/2 1996/2494/2 1997/2493/2
f 1932/2558/2 1931/2559/2 1995/2495/2 1996/2494/2
f 1931/2559/2 1930/2560/2 1994/2496/2 1995/2495/2
f 1930/2560/2 1929/2561/2 1993/2497/2 1994/2496/2
f 1929/2561/2 1928/2562/2 1992/2498/2 1993/2497/2
f 1928/2562/2 1927/2563/2 1991/2499/2 1992/2498/2
f 1927/2563/2 1926/2564/2 1990/2500/2 1991/2499/2
f 1926/2564/2 1925/60/2 1989/62/2 1990/2500/2
f 43/2565/1178 1924/2566/1178 1988/2502/1178 42/2501/1178
f 1924/2566/1179 1923/2567/1179 1987/2503/1179 1988/2502/1179
f 1923/2567/1180 1922/2568/1180 1986/2504/1180 1987/2503/1180
f 1922/2568/1181 1921/2569/1181 1985/2505/1181 1986/2504/1181
f 1921/2569/1182 1920/2570/1182 1984/2506/1182 1985/2505/1182
f 1920/2570/1183 1919/2571/1183 1983/2507/1183 1984/2506/1183
f 1919/2571/1184 1918/2572/1184 1982/2508/1184 1983/2507/1184
f 1918/2572/1185 1917/2573/1185 1981/2509/1185 1982/2508/1185
f 1917/2573/1186 1916/2574/1186 1980/2510/1186 1981/2509/1186
f 1916/2574/1187 1915/2575/1187 1979/2511/1187 1980/2510/1187
f 1915/2575/1188 1914/2576/1188 1978/2512/1188 1979/2511/1188
f 1914/2576/1189 1913/2577/1189 1977/2513/1189 1978/2512/1189
f 1913/2577/2 1912/2578/2 1976/2514/2 1977/2513/2
f 1912/2578/2 1911/2579/2 1975/2515/2 1976/2514/2
f 1911/2579/2 1910/2580/2 1974/2516/2 1975/2515/2
f 1910/2580/2 1909/2581/2 1973/2517/2 1974/2516/2
f 1909/2581/116 1908/2582/116 1972/2518/116 1973/2517/116
f 1908/2582/117 1907/2583/117 1971/2519/117 1972/2518/117
f 1907/2583/118 1906/2584/118 1970/2520/118 1971/2519/118
f 1906/2584/119 1905/2585/119 1969/2521/119 1970/2520/119
f 1905/2585/120 1904/2586/120 1968/2522/120 1969/2521/120
f 1904/2586/1113 1903/2587/1113 1967/2523/1113 1968/2522/1113
f 1903/2587/158 1902/2588/158 1966/2524/158 1967/2523/158
f 1902/2588/1084 1901/2589/1084 1965/2525/1084 1966/2524/1084
f 1901/2589/1085 1900/2590/1085 1964/2526/1085 1965/2525/1085
f 1900/2590/239 1899/2591/239 1963/2527/239 1964/2526/239
f 1899/2591/240 1898/2592/240 1962/2528/240 1963/2527/240
f 1898/2592/1114 1897/2593/1114 1961/2529/1114 1962/2528/1114
f 1897/2593/1115 1896/2594/1115 1960/2530/1115 1961/2529/1115
f 1896/2594/1116 1895/2595/1116 1959/2531/1116 1960/2530/1116
f 1895/2595/1117 1894/2596/1117 1958/2532/1117 1959/2531/1117
f 1894/2596/1149 1893/2597/1149 1957/2533/1149 1958/2532/1149
f 1893/2597/1150 1892/2598/1150 1956/2534/1150 1957/2533/1150
f 1892/2598/1135 1891/2599/1135 1955/2535/1135 1956/2534/1135
f 1891/2599/1165 1890/2600/1165 1954/2536/1165 1955/2535/1165
f 1890/2600/1152 1889/2601/1152 1953/2537/1152 1954/2536/1152
f 1889/2601/1166 1888/2602/1166 1952/2538/1166 1953/2537/1166
f 1888/2602/2 1887/2603/2 1951/2539/2 1952/2538/2
f 1887/2603/1190 1886/2604/1190 1950/2540/1190 1951/2539/1190
f 1886/2604/532 1885/2605/532 1949/2541/532 1950/2540/532
f 1885/2605/532 1884/2606/532 1948/2542/532 1949/2541/532
f 1884/2606/533 1883/2607/533 1947/2543/533 1948/2542/533
f 1883/2607/2 1882/2608/2 1946/2544/2 1947/2543/2
f 1882/2608/490 1881/2609/490 1945/2545/490 1946/2544/490
f 1881/2609/1167 1880/2610/1167 1944/2546/1167 1945/2545/1167
f 1880/2610/1168 1879/2611/1168 1943/2547/1168 1944/2546/1168
f 1879/2611/412 1878/2612/412 1942/2548/412 1943/2547/412
f 1878/2612/413 1877/2613/413 1941/2549/413 1942/2548/413
f 1877/2613/1136 1876/2614/1136 1940/2550/1136 1941/2549/1136
f 1876/2614/1137 1875/2615/1137 1939/2551/1137 1940/2550/1137
f 1875/2615/1138 1874/2616/1138 1938/2552/1138 1939/2551/1138
f 1874/2616/335 1873/2617/335 1937/2553/335 1938/2552/335
f 1873/2617/336 1872/2618/336 1936/2554/336 1937/2553/336
f 1872/2618/337 1871/2619/337 1935/2555/337 1936/2554/337
f 1871/2619/338 1870/2620/338 1934/2556/338 1935/2555/338
f 1870/2620/2 1869/2621/2 1933/2557/2 1934/2556/2
f 1869/2621/2 1868/2622/2 1932/2558/2 1933/2557/2
f 1868/2622/2 1867/2623/2 1931/2559/2 1932/2558/2
f 1867/2623/2 1866/2624/2 1930/2560/2 1931/2559/2
f 1866/2624/2 1865/2625/2 1929/2561/2 1930/2560/2
f 1865/2625/2 1864/2626/2 1928/2562/2 1929/2561/2
f 1864/2626/2 1863/2627/2 1927/2563/2 1928/2562/2
f 1863/2627/2 1862/2628/2 1926/2564/2 1927/2563/2
f 1862/2628/2 1861/58/2 1925/60/2 1926/2564/2
f 44/2629/1191 1860/2630/1191 1924/2566/1191 43/2565/1191
f 1860/2630/1192 1859/2631/1192 1923/2567/1192 1924/2566/1192
f 1859/2631/1193 1858/2632/1193 1922/2568/1193 1923/2567/1193
f 1858/2632/1194 1857/2633/1194 1921/2569/1194 1922/2568/1194
f 1857/2633/1195 1856/2634/1195 1920/2570/1195 1921/2569/1195
f 1856/2634/1196 1855/2635/1196 1919/2571/1196 1920/2570/1196
f 1855/2635/1197 1854/2636/1197 1918/2572/1197 1919/2571/1197
f 1854/2636/1198 1853/2637/1198 1917/2573/1198 1918/2572/1198
f 1853/2637/1199 1852/2638/1199 1916/2574/1199 1917/2573/1199
f 1852/2638/1200 1851/2639/1200 1915/2575/1200 1916/2574/1200
f 1851/2639/1201 1850/2640/1201 1914/2576/1201 1915/2575/1201
f 1850/2640/1202 1849/2641/1202 1913/2577/1202 1914/2576/1202
f 1849/2641/1203 1848/2642/1203 1912/2578/1203 1913/2577/1203
f 1848/2642/1204 1847/2643/1204 1911/2579/1204 1912/2578/1204
f 1847/2643/2 1846/2644/2 1910/2580/2 1911/2579/2
f 1846/2644/116 1845/2645/116 1909/2581/116 1910/2580/116
f 1845/2645/1205 1844/2646/1205 1908/2582/1205 1909/2581/1205
f 1844/2646/155 1843/2647/155 1907/2583/155 1908/2582/155
f 1843/2647/156 1842/2648/156 1906/2584/156 1907/2583/156
f 1842/2648/157 1841/2649/157 1905/2585/157 1906/2584/157
f 1841/2649/158 1840/2650/158 1904/2586/158 1905/2585/158
f 1840/2650/1130 1839/2651/1130 1903/2587/1130 1904/2586/1130
f 1839/2651/1131 1838/2652/1131 1902/2588/1131 1903/2587/1131
f 1838/2652/199 1837/2653/199 1901/2589/199 1902/2588/199
f 1837/2653/1097 1836/2654/1097 1900/2590/1097 1901/2589/1097
f 1836/2654/1098 1835/2655/1098 1899/2591/1098 1900/2590/1098
f 1835/2655/1099 1834/2656/1099 1898/2592/1099 1899/2591/1099
f 1834/2656/283 1833/2657/283 1897/2593/283 1898/2592/283
f 1833/2657/1132 1832/2658/1132 1896/2594/1132 1897/2593/1132
f 1832/2658/1133 1831/2659/1133 1895/2595/1133 1896/2594/1133
f 1831/2659/1134 1830/2660/1134 1894/2596/1134 1895/2595/1134
f 1830/2660/1135 1829/2661/1135 1893/2597/1135 1894/2596/1135
f 1829/2661/1165 1828/2662/1165 1892/2598/1165 1893/2597/1165
f 1828/2662/1152 1827/2663/1152 1891/2599/1152 1892/2598/1152
f 1827/2663/408 1826/2664/408 1890/2600/408 1891/2599/408
f 1826/2664/1166 1825/2665/1166 1889/2601/1166 1890/2600/1166
f 1825/2665/1190 1824/2666/1190 1888/2602/1190 1889/2601/1190
f 1824/2666/532 1823/2667/532 1887/2603/532 1888/2602/532
f 1823/2667/572 1822/2668/572 1886/2604/572 1887/2603/572
f 1822/2668/1206 1821/2669/1206 1885/2605/1206 1886/2604/1206
f 1821/2669/1207 1820/2670/1207 1884/2606/1207 1885/2605/1207
f 1820/2670/1208 1819/2671/1208 1883/2607/1208 1884/2606/1208
f 1819/2671/2 1818/2672/2 1882/2608/2 1883/2607/2
f 1818/2672/449 1817/2673/449 1881/2609/449 1882/2608/449
f 1817/2673/409 1816/2674/409 1880/2610/409 1881/2609/409
f 1816/2674/450 1815/2675/450 1879/2611/450 1880/2610/450
f 1815/2675/1153 1814/2676/1153 1878/2612/1153 1879/2611/1153
f 1814/2676/1154 1813/2677/1154 1877/2613/1154 1878/2612/1154
f 1813/2677/1155 1812/2678/1155 1876/2614/1155 1877/2613/1155
f 1812/2678/373 1811/2679/373 1875/2615/373 1876/2614/373
f 1811/2679/374 1810/2680/374 1874/2616/374 1875/2615/374
f 1810/2680/375 1809/2681/375 1873/2617/375 1874/2616/375
f 1809/2681/376 1808/2682/376 1872/2618/376 1873/2617/376
f 1808/2682/377 1807/2683/377 1871/2619/377 1872/2618/377
f 1807/2683/378 1806/2684/378 1870/2620/378 1871/2619/378
f 1806/2684/2 1805/2685/2 1869/2621/2 1870/2620/2
f 1805/2685/2 1804/2686/2 1868/2622/2 1869/2621/2
f 1804/2686/2 1803/2687/2 1867/2623/2 1868/2622/2
f 1803/2687/2 1802/2688/2 1866/2624/2 1867/2623/2
f 1802/2688/2 1801/2689/2 1865/2625/2 1866/2624/2
f 1801/2689/2 1800/2690/2 1864/2626/2 1865/2625/2
f 1800/2690/2 1799/2691/2 1863/2627/2 1864/2626/2
f 1799/2691/2 1798/2692/2 1862/2628/2 1863/2627/2
f 1798/2692/2 1797/56/2 1861/58/2 1862/2628/2
f 45/2693/1209 1796/2694/1209 1860/2630/1209 44/2629/1209
f 1796/2694/1210 1795/2695/1210 1859/2631/1210 1860/2630/1210
f 1795/2695/1211 1794/2696/1211 1858/2632/1211 1859/2631/1211
f 1794/2696/1212 1793/2697/1212 1857/2633/1212 1858/2632/1212
f 1793/2697/1213 1792/2698/1213 1856/2634/1213 1857/2633/1213
f 1792/2698/1214 1791/2699/1214 1855/2635/1214 1856/2634/1214
f 1791/2699/1215 1790/2700/1215 1854/2636/1215 1855/2635/1215
f 1790/2700/1216 1789/2701/1216 1853/2637/1216 1854/2636/1216
f 1789/2701/1217 1788/2702/1217 1852/2638/1217 1853/2637/1217
f 1788/2702/1218 1787/2703/1218 1851/2639/1218 1852/2638/1218
f 1787/2703/1219 1786/2704/1219 1850/2640/1219 1851/2639/1219
f 1786/2704/1220 1785/2705/1220 1849/2641/1220 1850/2640/1220
f 1785/2705/1221 1784/2706/1221 1848/2642/1221 1849/2641/1221
f 1784/2706/1222 1783/2707/1222 1847/2643/1222 1848/2642/1222
f 1783/2707/1223 1782/2708/1223 1846/2644/1223 1847/2643/1223
f 1782/2708/154 1781/2709/154 1845/2645/154 1846/2644/154
f 1781/2709/155 1780/2710/155 1844/2646/155 1845/2645/155
f 1780/2710/1224 1779/2711/1224 1843/2647/1224 1844/2646/1224
f 1779/2711/196 1778/2712/196 1842/2648/196 1843/2647/196
f 1778/2712/197 1777/2713/197 1841/2649/197 1842/2648/197
f 1777/2713/198 1776/2714/198 1840/2650/198 1841/2649/198
f 1776/2714/199 1775/2715/199 1839/2651/199 1840/2650/199
f 1775/2715/1148 1774/2716/1148 1838/2652/1148 1839/2651/1148
f 1774/2716/240 1773/2717/240 1837/2653/240 1838/2652/240
f 1773/2717/1114 1772/2718/1114 1836/2654/1114 1837/2653/1114
f 1772/2718/1115 1771/2719/1115 1835/2655/1115 1836/2654/1115
f 1771/2719/1116 1770/2720/1116 1834/2656/1116 1835/2655/1116
f 1770/2720/1117 1769/2721/1117 1833/2657/1117 1834/2656/1117
f 1769/2721/1149 1768/2722/1149 1832/2658/1149 1833/2657/1149
f 1768/2722/1150 1767/2723/1150 1831/2659/1150 1832/2658/1150
f 1767/2723/1151 1766/2724/1151 1830/2660/1151 1831/2659/1151
f 1766/2724/1152 1765/2725/1152 1829/2661/1152 1830/2660/1152
f 1765/2725/408 1764/2726/408 1828/2662/408 1829/2661/408
f 1764/2726/1166 1763/2727/1166 1827/2663/1166 1828/2662/1166
f 1763/2727/2 1762/2728/2 1826/2664/2 1827/2663/2
f 1762/2728/1190 1761/2729/1190 1825/2665/1190 1826/2664/1190
f 1761/2729/572 1760/2730/572 1824/2666/572 1825/2665/572
f 1760/2730/1206 1759/2731/1206 1823/2667/1206 1824/2666/1206
f 1759/2731/622 1758/2732/622 1822/2668/622 1823/2667/622
f 1758/2732/1225 1757/2733/1225 1821/2669/1225 1822/2668/1225
f 1757/2733/1226 1756/2734/1226 1820/2670/1226 1821/2669/1226
f 1756/2734/571 1755/2735/571 1819/2671/571 1820/2670/571
f 1755/2735/533 1754/2736/533 1818/2672/533 1819/2671/533
f 1754/2736/2 1753/2737/2 1817/2673/2 1818/2672/2
f 1753/2737/490 1752/2738/490 1816/2674/490 1817/2673/490
f 1752/2738/1167 1751/2739/1167 1815/2675/1167 1816/2674/1167
f 1751/2739/1168 1750/2740/1168 1814/2676/1168 1815/2675/1168
f 1750/2740/412 1749/2741/412 1813/2677/412 1814/2676/412
f 1749/2741/413 1748/2742/413 1812/2678/413 1813/2677/413
f 1748/2742/414 1747/2743/414 1811/2679/414 1812/2678/414
f 1747/2743/415 1746/2744/415 1810/2680/415 1811/2679/415
f 1746/2744/416 1745/2745/416 1809/2681/416 1810/2680/416
f 1745/2745/417 1744/2746/417 1808/2682/417 1809/2681/417
f 1744/2746/1227 1743/2747/1227 1807/2683/1227 1808/2682/1227
f 1743/2747/1228 1742/2748/1228 1806/2684/1228 1807/2683/1228
f 1742/2748/94 1741/2749/94 1805/2685/94 1806/2684/94
f 1741/2749/2 1740/2750/2 1804/2686/2 1805/2685/2
f 1740/2750/2 1739/2751/2 1803/2687/2 1804/2686/2
f 1739/2751/2 1738/2752/2 1802/2688/2 1803/2687/2
f 1738/2752/2 1737/2753/2 1801/2689/2 1802/2688/2
f 1737/2753/2 1736/2754/2 1800/2690/2 1801/2689/2
f 1736/2754/2 1735/2755/2 1799/2691/2 1800/2690/2
f 1735/2755/2 1734/2756/2 1798/2692/2 1799/2691/2
f 1734/2756/2 1733/54/2 1797/56/2 1798/2692/2
f 46/2757/1229 1732/2758/1229 1796/2694/1229 45/2693/1229
f 1732/2758/1230 1731/2759/1230 1795/2695/1230 1796/2694/1230
f 1731/2759/1231 1730/2760/1231 1794/2696/1231 1795/2695/1231
f 1730/2760/1232 1729/2761/1232 1793/2697/1232 1794/2696/1232
f 1729/2761/1233 1728/2762/1233 1792/2698/1233 1793/2697/1233
f 1728/2762/1234 1727/2763/1234 1791/2699/1234 1792/2698/1234
f 1727/2763/1235 1726/2764/1235 1790/2700/1235 1791/2699/1235
f 1726/2764/1236 1725/2765/1236 1789/2701/1236 1790/2700/1236
f 1725/2765/1237 1724/2766/1237 1788/2702/1237 1789/2701/1237
f 1724/2766/1238 1723/2767/1238 1787/2703/1238 1788/2702/1238
f 1723/2767/1239 1722/2768/1239 1786/2704/1239 1787/2703/1239
f 1722/2768/1240 1721/2769/1240 1785/2705/1240 1786/2704/1240
f 1721/2769/1241 1720/2770/1241 1784/2706/1241 1785/2705/1241
f 1720/2770/1242 1719/2771/1242 1783/2707/1242 1784/2706/1242
f 1719/2771/1243 1718/2772/1243 1782/2708/1243 1783/2707/1243
f 1718/2772/1244 1717/2773/1244 1781/2709/1244 1782/2708/1244
f 1717/2773/195 1716/2774/195 1780/2710/195 1781/2709/195
f 1716/2774/196 1715/2775/196 1779/2711/196 1780/2710/196
f 1715/2775/1245 1714/2776/1245 1778/2712/1245 1779/2711/1245
f 1714/2776/238 1713/2777/238 1777/2713/238 1778/2712/238
f 1713/2777/239 1712/2778/239 1776/2714/239 1777/2713/239
f 1712/2778/240 1711/2779/240 1775/2715/240 1776/2714/240
f 1711/2779/1114 1710/2780/1114 1774/2716/1114 1775/2715/1114
f 1710/2780/1164 1709/2781/1164 1773/2717/1164 1774/2716/1164
f 1709/2781/283 1708/2782/283 1772/2718/283 1773/2717/283
f 1708/2782/1132 1707/2783/1132 1771/2719/1132 1772/2718/1132
f 1707/2783/1133 1706/2784/1133 1770/2720/1133 1771/2719/1133
f 1706/2784/1134 1705/2785/1134 1769/2721/1134 1770/2720/1134
f 1705/2785/1135 1704/2786/1135 1768/2722/1135 1769/2721/1135
f 1704/2786/1165 1703/2787/1165 1767/2723/1165 1768/2722/1165
f 1703/2787/1152 1702/2788/1152 1766/2724/1152 1767/2723/1152
f 1702/2788/1166 1701/2789/1166 1765/2725/1166 1766/2724/1166
f 1701/2789/2 1700/2790/2 1764/2726/2 1765/2725/2
f 1700/2790/1190 1699/2791/1190 1763/2727/1190 1764/2726/1190
f 1699/2791/532 1698/2792/532 1762/2728/532 1763/2727/532
f 1698/2792/572 1697/2793/572 1761/2729/572 1762/2728/572
f 1697/2793/1246 1696/2794/1246 1760/2730/1246 1761/2729/1246
f 1696/2794/1247 1695/2795/1247 1759/2731/1247 1760/2730/1247
f 1695/2795/1248 1694/2796/1248 1758/2732/1248 1759/2731/1248
f 1694/2796/1249 1693/2797/1249 1757/2733/1249 1758/2732/1249
f 1693/2797/1250 1692/2798/1250 1756/2734/1250 1757/2733/1250
f 1692/2798/1251 1691/2799/1251 1755/2735/1251 1756/2734/1251
f 1691/2799/1208 1690/2800/1208 1754/2736/1208 1755/2735/1208
f 1690/2800/2 1689/2801/2 1753/2737/2 1754/2736/2
f 1689/2801/449 1688/2802/449 1752/2738/449 1753/2737/449
f 1688/2802/409 1687/2803/409 1751/2739/409 1752/2738/409
f 1687/2803/450 1686/2804/450 1750/2740/450 1751/2739/450
f 1686/2804/451 1685/2805/451 1749/2741/451 1750/2740/451
f 1685/2805/452 1684/2806/452 1748/2742/452 1749/2741/452
f 1684/2806/1252 1683/2807/1252 1747/2743/1252 1748/2742/1252
f 1683/2807/1253 1682/2808/1253 1746/2744/1253 1747/2743/1253
f 1682/2808/1254 1681/2809/1254 1745/2745/1254 1746/2744/1254
f 1681/2809/1255 1680/2810/1255 1744/2746/1255 1745/2745/1255
f 1680/2810/336 1679/2811/336 1743/2747/336 1744/2746/336
f 1679/2811/1100 1678/2812/1100 1742/2748/1100 1743/2747/1100
f 1678/2812/1101 1677/2813/1101 1741/2749/1101 1742/2748/1101
f 1677/2813/2 1676/2814/2 1740/2750/2 1741/2749/2
f 1676/2814/2 1675/2815/2 1739/2751/2 1740/2750/2
f 1675/2815/2 1674/2816/2 1738/2752/2 1739/2751/2
f 1674/2816/2 1673/2817/2 1737/2753/2 1738/2752/2
f 1673/2817/2 1672/2818/2 1736/2754/2 1737/2753/2
f 1672/2818/2 1671/2819/2 1735/2755/2 1736/2754/2
f 1671/2819/2 1670/2820/2 1734/2756/2 1735/2755/2
f 1670/2820/2 1669/52/2 1733/54/2 1734/2756/2
f 47/2821/1256 1668/2822/1256 1732/2758/1256 46/2757/1256
f 1668/2822/1257 1667/2823/1257 1731/2759/1257 1732/2758/1257
f 1667/2823/1258 1666/2824/1258 1730/2760/1258 1731/2759/1258
f 1666/2824/1259 1665/2825/1259 1729/2761/1259 1730/2760/1259
f 1665/2825/1260 1664/2826/1260 1728/2762/1260 1729/2761/1260
f 1664/2826/1261 1663/2827/1261 1727/2763/1261 1728/2762/1261
f 1663/2827/1262 1662/2828/1262 1726/2764/1262 1727/2763/1262
f 1662/2828/1263 1661/2829/1263 1725/2765/1263 1726/2764/1263
f 1661/2829/1264 1660/2830/1264 1724/2766/1264 1725/2765/1264
f 1660/2830/1265 1659/2831/1265 1723/2767/1265 1724/2766/1265
f 1659/2831/1266 1658/2832/1266 1722/2768/1266 1723/2767/1266
f 1658/2832/1267 1657/2833/1267 1721/2769/1267 1722/2768/1267
f 1657/2833/1268 1656/2834/1268 1720/2770/1268 1721/2769/1268
f 1656/2834/1269 1655/2835/1269 1719/2771/1269 1720/2770/1269
f 1655/2835/1270 1654/2836/1270 1718/2772/1270 1719/2771/1270
f 1654/2836/1271 1653/2837/1271 1717/2773/1271 1718/2772/1271
f 1653/2837/1272 1652/2838/1272 1716/2774/1272 1717/2773/1272
f 1652/2838/1273 1651/2839/1273 1715/2775/1273 1716/2774/1273
f 1651/2839/238 1650/2840/238 1714/2776/238 1715/2775/238
f 1650/2840/1274 1649/2841/1274 1713/2777/1274 1714/2776/1274
f 1649/2841/1098 1648/2842/1098 1712/2778/1098 1713/2777/1098
f 1648/2842/1099 1647/2843/1099 1711/2779/1099 1712/2778/1099
f 1647/2843/283 1646/2844/283 1710/2780/283 1711/2779/283
f 1646/2844/1132 1645/2845/1132 1709/2781/1132 1710/2780/1132
f 1645/2845/1117 1644/2846/1117 1708/2782/1117 1709/2781/1117
f 1644/2846/1149 1643/2847/1149 1707/2783/1149 1708/2782/1149
f 1643/2847/1150 1642/2848/1150 1706/2784/1150 1707/2783/1150
f 1642/2848/1151 1641/2849/1151 1705/2785/1151 1706/2784/1151
f 1641/2849/1152 1640/2850/1152 1704/2786/1152 1705/2785/1152
f 1640/2850/408 1639/2851/408 1703/2787/408 1704/2786/408
f 1639/2851/1166 1638/2852/1166 1702/2788/1166 1703/2787/1166
f 1638/2852/2 1637/2853/2 1701/2789/2 1702/2788/2
f 1637/2853/1190 1636/2854/1190 1700/2790/1190 1701/2789/1190
f 1636/2854/572 1635/2855/572 1699/2791/572 1700/2790/572
f 1635/2855/1206 1634/2856/1206 1698/2792/1206 1699/2791/1206
f 1634/2856/622 1633/2857/622 1697/2793/622 1698/2792/622
f 1633/2857/623 1632/2858/623 1696/2794/623 1697/2793/623
f 1632/2858/1275 1631/2859/1275 1695/2795/1275 1696/2794/1275
f 1631/2859/1276 1630/2860/1276 1694/2796/1276 1695/2795/1276
f 1630/2860/1277 1629/2861/1277 1693/2797/1277 1694/2796/1277
f 1629/2861/1278 1628/2862/1278 1692/2798/1278 1693/2797/1278
f 1628/2862/1279 1627/2863/1279 1691/2799/1279 1692/2798/1279
f 1627/2863/1280 1626/2864/1280 1690/2800/1280 1691/2799/1280
f 1626/2864/1281 1625/2865/1281 1689/2801/1281 1690/2800/1281
f 1625/2865/1282 1624/2866/1282 1688/2802/1282 1689/2801/1282
f 1624/2866/1283 1623/2867/1283 1687/2803/1283 1688/2802/1283
f 1623/2867/1284 1622/2868/1284 1686/2804/1284 1687/2803/1284
f 1622/2868/1285 1621/2869/1285 1685/2805/1285 1686/2804/1285
f 1621/2869/1286 1620/2870/1286 1684/2806/1286 1685/2805/1286
f 1620/2870/1287 1619/2871/1287 1683/2807/1287 1684/2806/1287
f 1619/2871/373 1618/2872/373 1682/2808/373 1683/2807/373
f 1618/2872/374 1617/2873/374 1681/2809/374 1682/2808/374
f 1617/2873/1118 1616/2874/1118 1680/2810/1118 1681/2809/1118
f 1616/2874/1119 1615/2875/1119 1679/2811/1119 1680/2810/1119
f 1615/2875/1120 1614/2876/1120 1678/2812/1120 1679/2811/1120
f 1614/2876/295 1613/2877/295 1677/2813/295 1678/2812/295
f 1613/2877/94 1612/2878/94 1676/2814/94 1677/2813/94
f 1612/2878/2 1611/2879/2 1675/2815/2 1676/2814/2
f 1611/2879/2 1610/2880/2 1674/2816/2 1675/2815/2
f 1610/2880/2 1609/2881/2 1673/2817/2 1674/2816/2
f 1609/2881/2 1608/2882/2 1672/2818/2 1673/2817/2
f 1608/2882/2 1607/2883/2 1671/2819/2 1672/2818/2
f 1607/2883/2 1606/2884/2 1670/2820/2 1671/2819/2
f 1606/2884/2 1605/50/2 1669/52/2 1670/2820/2
f 48/2885/1288 1604/2886/1288 1668/2822/1288 47/2821/1288
f 1604/2886/1289 1603/2887/1289 1667/2823/1289 1668/2822/1289
f 1603/2887/1290 1602/2888/1290 1666/2824/1290 1667/2823/1290
f 1602/2888/1291 1601/2889/1291 1665/2825/1291 1666/2824/1291
f 1601/2889/1292 1600/2890/1292 1664/2826/1292 1665/2825/1292
f 1600/2890/1293 1599/2891/1293 1663/2827/1293 1664/2826/1293
f 1599/2891/1294 1598/2892/1294 1662/2828/1294 1663/2827/1294
f 1598/2892/1295 1597/2893/1295 1661/2829/1295 1662/2828/1295
f 1597/2893/1296 1596/2894/1296 1660/2830/1296 1661/2829/1296
f 1596/2894/1297 1595/2895/1297 1659/2831/1297 1660/2830/1297
f 1595/2895/1298 1594/2896/1298 1658/2832/1298 1659/2831/1298
f 1594/2896/1299 1593/2897/1299 1657/2833/1299 1658/2832/1299
f 1593/2897/1300 1592/2898/1300 1656/2834/1300 1657/2833/1300
f 1592/2898/1301 1591/2899/1301 1655/2835/1301 1656/2834/1301
f 1591/2899/1302 1590/2900/1302 1654/2836/1302 1655/2835/1302
f 1590/2900/1303 1589/2901/1303 1653/2837/1303 1654/2836/1303
f 1589/2901/1304 1588/2902/1304 1652/2838/1304 1653/2837/1304
f 1588/2902/1305 1587/2903/1305 1651/2839/1305 1652/2838/1305
f 1587/2903/1306 1586/2904/1306 1650/2840/1306 1651/2839/1306
f 1586/2904/1098 1585/2905/1098 1649/2841/1098 1650/2840/1098
f 1585/2905/1307 1584/2906/1307 1648/2842/1307 1649/2841/1307
f 1584/2906/1116 1583/2907/1116 1647/2843/1116 1648/2842/1116
f 1583/2907/1117 1582/2908/1117 1646/2844/1117 1647/2843/1117
f 1582/2908/1149 1581/2909/1149 1645/2845/1149 1646/2844/1149
f 1581/2909/1150 1580/2910/1150 1644/2846/1150 1645/2845/1150
f 1580/2910/1135 1579/2911/1135 1643/2847/1135 1644/2846/1135
f 1579/2911/1165 1578/2912/1165 1642/2848/1165 1643/2847/1165
f 1578/2912/1152 1577/2913/1152 1641/2849/1152 1642/2848/1152
f 1577/2913/1166 1576/2914/1166 1640/2850/1166 1641/2849/1166
f 1576/2914/2 1575/2915/2 1639/2851/2 1640/2850/2
f 1575/2915/1190 1574/2916/1190 1638/2852/1190 1639/2851/1190
f 1574/2916/532 1573/2917/532 1637/2853/532 1638/2852/532
f 1573/2917/1308 1572/2918/1308 1636/2854/1308 1637/2853/1308
f 1572/2918/1309 1571/2919/1309 1635/2855/1309 1636/2854/1309
f 1571/2919/1310 1570/2920/1310 1634/2856/1310 1635/2855/1310
f 1570/2920/1311 1569/2921/1311 1633/2857/1311 1634/2856/1311
f 1569/2921/1312 1568/2922/1312 1632/2858/1312 1633/2857/1312
f 1568/2922/1313 1567/2923/1313 1631/2859/1313 1632/2858/1313
f 1567/2923/1314 1566/2924/1314 1630/2860/1314 1631/2859/1314
f 1566/2924/1315 1565/2925/1315 1629/2861/1315 1630/2860/1315
f 1565/2925/1316 1564/2926/1316 1628/2862/1316 1629/2861/1316
f 1564/2926/1317 1563/2927/1317 1627/2863/1317 1628/2862/1317
f 1563/2927/1318 1562/2928/1318 1626/2864/1318 1627/2863/1318
f 1562/2928/1319 1561/2929/1319 1625/2865/1319 1626/2864/1319
f 1561/2929/1320 1560/2930/1320 1624/2866/1320 1625/2865/1320
f 1560/2930/1321 1559/2931/1321 1623/2867/1321 1624/2866/1321
f 1559/2931/1322 1558/2932/1322 1622/2868/1322 1623/2867/1322
f 1558/2932/1323 1557/2933/1323 1621/2869/1323 1622/2868/1323
f 1557/2933/1324 1556/2934/1324 1620/2870/1324 1621/2869/1324
f 1556/2934/1325 1555/2935/1325 1619/2871/1325 1620/2870/1325
f 1555/2935/1326 1554/2936/1326 1618/2872/1326 1619/2871/1326
f 1554/2936/1137 1553/2937/1137 1617/2873/1137 1618/2872/1137
f 1553/2937/1138 1552/2938/1138 1616/2874/1138 1617/2873/1138
f 1552/2938/335 1551/2939/335 1615/2875/335 1616/2874/335
f 1551/2939/336 1550/2940/336 1614/2876/336 1615/2875/336
f 1550/2940/1100 1549/2941/1100 1613/2877/1100 1614/2876/1100
f 1549/2941/1101 1548/2942/1101 1612/2878/1101 1613/2877/1101
f 1548/2942/2 1547/2943/2 1611/2879/2 1612/2878/2
f 1547/2943/2 1546/2944/2 1610/2880/2 1611/2879/2
f 1546/2944/2 1545/2945/2 1609/2881/2 1610/2880/2
f 1545/2945/2 1544/2946/2 1608/2882/2 1609/2881/2
f 1544/2946/2 1543/2947/2 1607/2883/2 1608/2882/2
f 1543/2947/2 1542/2948/2 1606/2884/2 1607/2883/2
f 1542/2948/2 1541/48/2 1605/50/2 1606/2884/2
f 49/2949/1327 1540/2950/1327 1604/2886/1327 48/2885/1327
f 1540/2950/1328 1539/2951/1328 1603/2887/1328 1604/2886/1328
f 1539/2951/1329 1538/2952/1329 1602/2888/1329 1603/2887/1329
f 1538/2952/1330 1537/2953/1330 1601/2889/1330 1602/2888/1330
f 1537/2953/1331 1536/2954/1331 1600/2890/1331 1601/2889/1331
f 1536/2954/1332 1535/2955/1332 1599/2891/1332 1600/2890/1332
f 1535/2955/1333 1534/2956/1333 1598/2892/1333 1599/2891/1333
f 1534/2956/1334 1533/2957/1334 1597/2893/1334 1598/2892/1334
f 1533/2957/1335 1532/2958/1335 1596/2894/1335 1597/2893/1335
f 1532/2958/1336 1531/2959/1336 1595/2895/1336 1596/2894/1336
f 1531/2959/1337 1530/2960/1337 1594/2896/1337 1595/2895/1337
f 1530/2960/1338 1529/2961/1338 1593/2897/1338 1594/2896/1338
f 1529/2961/1339 1528/2962/1339 1592/2898/1339 1593/2897/1339
f 1528/2962/1340 1527/2963/1340 1591/2899/1340 1592/2898/1340
f 1527/2963/1341 1526/2964/1341 1590/2900/1341 1591/2899/1341
f 1526/2964/1342 1525/2965/1342 1589/2901/1342 1590/2900/1342
f 1525/2965/1343 1524/2966/1343 1588/2902/1343 1589/2901/1343
f 1524/2966/1344 1523/2967/1344 1587/2903/1344 1588/2902/1344
f 1523/2967/1345 1522/2968/1345 1586/2904/1345 1587/2903/1345
f 1522/2968/1346 1521/2969/1346 1585/2905/1346 1586/2904/1346
f 1521/2969/1116 1520/2970/1116 1584/2906/1116 1585/2905/1116
f 1520/2970/1133 1519/2971/1133 1583/2907/1133 1584/2906/1133
f 1519/2971/1134 1518/2972/1134 1582/2908/1134 1583/2907/1134
f 1518/2972/1135 1517/2973/1135 1581/2909/1135 1582/2908/1135
f 1517/2973/1165 1516/2974/1165 1580/2910/1165 1581/2909/1165
f 1516/2974/1152 1515/2975/1152 1579/2911/1152 1580/2910/1152
f 1515/2975/408 1514/2976/408 1578/2912/408 1579/2911/408
f 1514/2976/1166 1513/2977/1166 1577/2913/1166 1578/2912/1166
f 1513/2977/1190 1512/2978/1190 1576/2914/1190 1577/2913/1190
f 1512/2978/532 1511/2979/532 1575/2915/532 1576/2914/532
f 1511/2979/572 1510/2980/572 1574/2916/572 1575/2915/572
f 1510/2980/1347 1509/2981/1347 1573/2917/1347 1574/2916/1347
f 1509/2981/1348 1508/2982/1348 1572/2918/1348 1573/2917/1348
f 1508/2982/1349 1507/2983/1349 1571/2919/1349 1572/2918/1349
f 1507/2983/1350 1506/2984/1350 1570/2920/1350 1571/2919/1350
f 1506/2984/1351 1505/2985/1351 1569/2921/1351 1570/2920/1351
f 1505/2985/1352 1504/2986/1352 1568/2922/1352 1569/2921/1352
f 1504/2986/1353 1503/2987/1353 1567/2923/1353 1568/2922/1353
f 1503/2987/1354 1502/2988/1354 1566/2924/1354 1567/2923/1354
f 1502/2988/1355 1501/2989/1355 1565/2925/1355 1566/2924/1355
f 1501/2989/1356 1500/2990/1356 1564/2926/1356 1565/2925/1356
f 1500/2990/1357 1499/2991/1357 1563/2927/1357 1564/2926/1357
f 1499/2991/1358 1498/2992/1358 1562/2928/1358 1563/2927/1358
f 1498/2992/1359 1497/2993/1359 1561/2929/1359 1562/2928/1359
f 1497/2993/1360 1496/2994/1360 1560/2930/1360 1561/2929/1360
f 1496/2994/1361 1495/2995/1361 1559/2931/1361 1560/2930/1361
f 1495/2995/1362 1494/2996/1362 1558/2932/1362 1559/2931/1362
f 1494/2996/1363 1493/2997/1363 1557/2933/1363 1558/2932/1363
f 1493/2997/1364 1492/2998/1364 1556/2934/1364 1557/2933/1364
f 1492/2998/1365 1491/2999/1365 1555/2935/1365 1556/2934/1365
f 1491/2999/1366 1490/3000/1366 1554/2936/1366 1555/2935/1366
f 1490/3000/1367 1489/3001/1367 1553/2937/1367 1554/2936/1367
f 1489/3001/374 1488/3002/374 1552/2938/374 1553/2937/374
f 1488/3002/1118 1487/3003/1118 1551/2939/1118 1552/2938/1118
f 1487/3003/1119 1486/3004/1119 1550/2940/1119 1551/2939/1119
f 1486/3004/1120 1485/3005/1120 1549/2941/1120 1550/2940/1120
f 1485/3005/295 1484/3006/295 1548/2942/295 1549/2941/295
f 1484/3006/94 1483/3007/94 1547/2943/94 1548/2942/94
f 1483/3007/2 1482/3008/2 1546/2944/2 1547/2943/2
f 1482/3008/2 1481/3009/2 1545/2945/2 1546/2944/2
f 1481/3009/2 1480/3010/2 1544/2946/2 1545/2945/2
f 1480/3010/2 1479/3011/2 1543/2947/2 1544/2946/2
f 1479/3011/2 1478/3012/2 1542/2948/2 1543/2947/2
f 1478/3012/2 1477/46/2 1541/48/2 1542/2948/2
f 50/3013/1368 1476/3014/1368 1540/2950/1368 49/2949/1368
f 1476/3014/1369 1475/3015/1369 1539/2951/1369 1540/2950/1369
f 1475/3015/1370 1474/3016/1370 1538/2952/1370 1539/2951/1370
f 1474/3016/1371 1473/3017/1371 1537/2953/1371 1538/2952/1371
f 1473/3017/1372 1472/3018/1372 1536/2954/1372 1537/2953/1372
f 1472/3018/1373 1471/3019/1373 1535/2955/1373 1536/2954/1373
f 1471/3019/1373 1470/3020/1373 1534/2956/1373 1535/2955/1373
f 1470/3020/1374 1469/3021/1374 1533/2957/1374 1534/2956/1374
f 1469/3021/1375 1468/3022/1375 1532/2958/1375 1533/2957/1375
f 1468/3022/1376 1467/3023/1376 1531/2959/1376 1532/2958/1376
f 1467/3023/1377 1466/3024/1377 1530/2960/1377 1531/2959/1377
f 1466/3024/1378 1465/3025/1378 1529/2961/1378 1530/2960/1378
f 1465/3025/1379 1464/3026/1379 1528/2962/1379 1529/2961/1379
f 1464/3026/1380 1463/3027/1380 1527/2963/1380 1528/2962/1380
f 1463/3027/1381 1462/3028/1381 1526/2964/1381 1527/2963/1381
f 1462/3028/1382 1461/3029/1382 1525/2965/1382 1526/2964/1382
f 1461/3029/1383 1460/3030/1383 1524/2966/1383 1525/2965/1383
f 1460/3030/1384 1459/3031/1384 1523/2967/1384 1524/2966/1384
f 1459/3031/1385 1458/3032/1385 1522/2968/1385 1523/2967/1385
f 1458/3032/1386 1457/3033/1386 1521/2969/1386 1522/2968/1386
f 1457/3033/1387 1456/3034/1387 1520/2970/1387 1521/2969/1387
f 1456/3034/1134 1455/3035/1134 1519/2971/1134 1520/2970/1134
f 1455/3035/1151 1454/3036/1151 1518/2972/1151 1519/2971/1151
f 1454/3036/1152 1453/3037/1152 1517/2973/1152 1518/2972/1152
f 1453/3037/408 1452/3038/408 1516/2974/408 1517/2973/408
f 1452/3038/1166 1451/3039/1166 1515/2975/1166 1516/2974/1166
f 1451/3039/2 1450/3040/2 1514/2976/2 1515/2975/2
f 1450/3040/1190 1449/3041/1190 1513/2977/1190 1514/2976/1190
f 1449/3041/572 1448/3042/572 1512/2978/572 1513/2977/572
f 1448/3042/1388 1447/3043/1388 1511/2979/1388 1512/2978/1388
f 1447/3043/1389 1446/3044/1389 1510/2980/1389 1511/2979/1389
f 1446/3044/1390 1445/3045/1390 1509/2981/1390 1510/2980/1390
f 1445/3045/1391 1444/3046/1391 1508/2982/1391 1509/2981/1391
f 1444/3046/1392 1443/3047/1392 1507/2983/1392 1508/2982/1392
f 1443/3047/1393 1442/3048/1393 1506/2984/1393 1507/2983/1393
f 1442/3048/1394 1441/3049/1394 1505/2985/1394 1506/2984/1394
f 1441/3049/1395 1440/3050/1395 1504/2986/1395 1505/2985/1395
f 1440/3050/1396 1439/3051/1396 1503/2987/1396 1504/2986/1396
f 1439/3051/1397 1438/3052/1397 1502/2988/1397 1503/2987/1397
f 1438/3052/1398 1437/3053/1398 1501/2989/1398 1502/2988/1398
f 1437/3053/1399 1436/3054/1399 1500/2990/1399 1501/2989/1399
f 1436/3054/1400 1435/3055/1400 1499/2991/1400 1500/2990/1400
f 1435/3055/1401 1434/3056/1401 1498/2992/1401 1499/2991/1401
f 1434/3056/1402 1433/3057/1402 1497/2993/1402 1498/2992/1402
f 1433/3057/1403 1432/3058/1403 1496/2994/1403 1497/2993/1403
f 1432/3058/1404 1431/3059/1404 1495/2995/1404 1496/2994/1404
f 1431/3059/1405 1430/3060/1405 1494/2996/1405 1495/2995/1405
f 1430/3060/1406 1429/3061/1406 1493/2997/1406 1494/2996/1406
f 1429/3061/1407 1428/3062/1407 1492/2998/1407 1493/2997/1407
f 1428/3062/1408 1427/3063/1408 1491/2999/1408 1492/2998/1408
f 1427/3063/1409 1426/3064/1409 1490/3000/1409 1491/2999/1409
f 1426/3064/1410 1425/3065/1410 1489/3001/1410 1490/3000/1410
f 1425/3065/1411 1424/3066/1411 1488/3002/1411 1489/3001/1411
f 1424/3066/1138 1423/3067/1138 1487/3003/1138 1488/3002/1138
f 1423/3067/335 1422/3068/335 1486/3004/335 1487/3003/335
f 1422/3068/336 1421/3069/336 1485/3005/336 1486/3004/336
f 1421/3069/1100 1420/3070/1100 1484/3006/1100 1485/3005/1100
f 1420/3070/1101 1419/3071/1101 1483/3007/1101 1484/3006/1101
f 1419/3071/2 1418/3072/2 1482/3008/2 1483/3007/2
f 1418/3072/2 1417/3073/2 1481/3009/2 1482/3008/2
f 1417/3073/2 1416/3074/2 1480/3010/2 1481/3009/2
f 1416/3074/2 1415/3075/2 1479/3011/2 1480/3010/2
f 1415/3075/2 1414/3076/2 1478/3012/2 1479/3011/2
f 1414/3076/2 1413/44/2 1477/46/2 1478/3012/2
f 51/3077/1412 1412/3078/1412 1476/3014/1412 50/3013/1412
f 1412/3078/1413 1411/3079/1413 1475/3015/1413 1476/3014/1413
f 1411/3079/1414 1410/3080/1414 1474/3016/1414 1475/3015/1414
f 1410/3080/1415 1409/3081/1415 1473/3017/1415 1474/3016/1415
f 1409/3081/1416 1408/3082/1416 1472/3018/1416 1473/3017/1416
f 1408/3082/1416 1407/3083/1416 1471/3019/1416 1472/3018/1416
f 1407/3083/1416 1406/3084/1416 1470/3020/1416 1471/3019/1416
f 1406/3084/1417 1405/3085/1417 1469/3021/1417 1470/3020/1417
f 1405/3085/1418 1404/3086/1418 1468/3022/1418 1469/3021/1418
f 1404/3086/1419 1403/3087/1419 1467/3023/1419 1468/3022/1419
f 1403/3087/1420 1402/3088/1420 1466/3024/1420 1467/3023/1420
f 1402/3088/1421 1401/3089/1421 1465/3025/1421 1466/3024/1421
f 1401/3089/1422 1400/3090/1422 1464/3026/1422 1465/3025/1422
f 1400/3090/1423 1399/3091/1423 1463/3027/1423 1464/3026/1423
f 1399/3091/1424 1398/3092/1424 1462/3028/1424 1463/3027/1424
f 1398/3092/1425 1397/3093/1425 1461/3029/1425 1462/3028/1425
f 1397/3093/1426 1396/3094/1426 1460/3030/1426 1461/3029/1426
f 1396/3094/1427 1395/3095/1427 1459/3031/1427 1460/3030/1427
f 1395/3095/1428 1394/3096/1428 1458/3032/1428 1459/3031/1428
f 1394/3096/1429 1393/3097/1429 1457/3033/1429 1458/3032/1429
f 1393/3097/1430 1392/3098/1430 1456/3034/1430 1457/3033/1430
f 1392/3098/1431 1391/3099/1431 1455/3035/1431 1456/3034/1431
f 1391/3099/1152 1390/3100/1152 1454/3036/1152 1455/3035/1152
f 1390/3100/1166 1389/3101/1166 1453/3037/1166 1454/3036/1166
f 1389/3101/2 1388/3102/2 1452/3038/2 1453/3037/2
f 1388/3102/1190 1387/3103/1190 1451/3039/1190 1452/3038/1190
f 1387/3103/532 1386/3104/532 1450/3040/532 1451/3039/532
f 1386/3104/572 1385/3105/572 1449/3041/572 1450/3040/572
f 1385/3105/1246 1384/3106/1246 1448/3042/1246 1449/3041/1246
f 1384/3106/1432 1383/3107/1432 1447/3043/1432 1448/3042/1432
f 1383/3107/1433 1382/3108/1433 1446/3044/1433 1447/3043/1433
f 1382/3108/1434 1381/3109/1434 1445/3045/1434 1446/3044/1434
f 1381/3109/1435 1380/3110/1435 1444/3046/1435 1445/3045/1435
f 1380/3110/1436 1379/3111/1436 1443/3047/1436 1444/3046/1436
f 1379/3111/1437 1378/3112/1437 1442/3048/1437 1443/3047/1437
f 1378/3112/1438 1377/3113/1438 1441/3049/1438 1442/3048/1438
f 1377/3113/1439 1376/3114/1439 1440/3050/1439 1441/3049/1439
f 1376/3114/1440 1375/3115/1440 1439/3051/1440 1440/3050/1440
f 1375/3115/1441 1374/3116/1441 1438/3052/1441 1439/3051/1441
f 1374/3116/1442 1373/3117/1442 1437/3053/1442 1438/3052/1442
f 1373/3117/1443 1372/3118/1443 1436/3054/1443 1437/3053/1443
f 1372/3118/1444 1371/3119/1444 1435/3055/1444 1436/3054/1444
f 1371/3119/1445 1370/3120/1445 1434/3056/1445 1435/3055/1445
f 1370/3120/1446 1369/3121/1446 1433/3057/1446 1434/3056/1446
f 1369/3121/1447 1368/3122/1447 1432/3058/1447 1433/3057/1447
f 1368/3122/1448 1367/3123/1448 1431/3059/1448 1432/3058/1448
f 1367/3123/1449 1366/3124/1449 1430/3060/1449 1431/3059/1449
f 1366/3124/1450 1365/3125/1450 1429/3061/1450 1430/3060/1450
f 1365/3125/1451 1364/3126/1451 1428/3062/1451 1429/3061/1451
f 1364/3126/1452 1363/3127/1452 1427/3063/1452 1428/3062/1452
f 1363/3127/1453 1362/3128/1453 1426/3064/1453 1427/3063/1453
f 1362/3128/1454 1361/3129/1454 1425/3065/1454 1426/3064/1454
f 1361/3129/1455 1360/3130/1455 1424/3066/1455 1425/3065/1455
f 1360/3130/1456 1359/3131/1456 1423/3067/1456 1424/3066/1456
f 1359/3131/1118 1358/3132/1118 1422/3068/1118 1423/3067/1118
f 1358/3132/1119 1357/3133/1119 1421/3069/1119 1422/3068/1119
f 1357/3133/1120 1356/3134/1120 1420/3070/1120 1421/3069/1120
f 1356/3134/295 1355/3135/295 1419/3071/295 1420/3070/295
f 1355/3135/94 1354/3136/94 1418/3072/94 1419/3071/94
f 1354/3136/2 1353/3137/2 1417/3073/2 1418/3072/2
f 1353/3137/2 1352/3138/2 1416/3074/2 1417/3073/2
f 1352/3138/2 1351/3139/2 1415/3075/2 1416/3074/2
f 1351/3139/2 1350/3140/2 1414/3076/2 1415/3075/2
f 1350/3140/2 1349/42/2 1413/44/2 1414/3076/2
f 52/3141/1457 1348/3142/1457 1412/3078/1457 51/3077/1457
f 1348/3142/1458 1347/3143/1458 1411/3079/1458 1412/3078/1458
f 1347/3143/1459 1346/3144/1459 1410/3080/1459 1411/3079/1459
f 1346/3144/1460 1345/3145/1460 1409/3081/1460 1410/3080/1460
f 1345/3145/1461 1344/3146/1461 1408/3082/1461 1409/3081/1461
f 1344/3146/1461 1343/3147/1461 1407/3083/1461 1408/3082/1461
f 1343/3147/1461 1342/3148/1461 1406/3084/1461 1407/3083/1461
f 1342/3148/1462 1341/3149/1462 1405/3085/1462 1406/3084/1462
f 1341/3149/1463 1340/3150/1463 1404/3086/1463 1405/3085/1463
f 1340/3150/1464 1339/3151/1464 1403/3087/1464 1404/3086/1464
f 1339/3151/1465 1338/3152/1465 1402/3088/1465 1403/3087/1465
f 1338/3152/1466 1337/3153/1466 1401/3089/1466 1402/3088/1466
f 1337/3153/1467 1336/3154/1467 1400/3090/1467 1401/3089/1467
f 1336/3154/1468 1335/3155/1468 1399/3091/1468 1400/3090/1468
f 1335/3155/1469 1334/3156/1469 1398/3092/1469 1399/3091/1469
f 1334/3156/1470 1333/3157/1470 1397/3093/1470 1398/3092/1470
f 1333/3157/1471 1332/3158/1471 1396/3094/1471 1397/3093/1471
f 1332/3158/1472 1331/3159/1472 1395/3095/1472 1396/3094/1472
f 1331/3159/1473 1330/3160/1473 1394/3096/1473 1395/3095/1473
f 1330/3160/1474 1329/3161/1474 1393/3097/1474 1394/3096/1474
f 1329/3161/1475 1328/3162/1475 1392/3098/1475 1393/3097/1475
f 1328/3162/1476 1327/3163/1476 1391/3099/1476 1392/3098/1476
f 1327/3163/1208 1326/3164/1208 1390/3100/1208 1391/3099/1208
f 1326/3164/2 1325/3165/2 1389/3101/2 1390/3100/2
f 1325/3165/1190 1324/3166/1190 1388/3102/1190 1389/3101/1190
f 1324/3166/572 1323/3167/572 1387/3103/572 1388/3102/572
f 1323/3167/1206 1322/3168/1206 1386/3104/1206 1387/3103/1206
f 1322/3168/622 1321/3169/622 1385/3105/622 1386/3104/622
f 1321/3169/1477 1320/3170/1477 1384/3106/1477 1385/3105/1477
f 1320/3170/1478 1319/3171/1478 1383/3107/1478 1384/3106/1478
f 1319/3171/1479 1318/3172/1479 1382/3108/1479 1383/3107/1479
f 1318/3172/1480 1317/3173/1480 1381/3109/1480 1382/3108/1480
f 1317/3173/1481 1316/3174/1481 1380/3110/1481 1381/3109/1481
f 1316/3174/1482 1315/3175/1482 1379/3111/1482 1380/3110/1482
f 1315/3175/1483 1314/3176/1483 1378/3112/1483 1379/3111/1483
f 1314/3176/1484 1313/3177/1484 1377/3113/1484 1378/3112/1484
f 1313/3177/1485 1312/3178/1485 1376/3114/1485 1377/3113/1485
f 1312/3178/1486 1311/3179/1486 1375/3115/1486 1376/3114/1486
f 1311/3179/1487 1310/3180/1487 1374/3116/1487 1375/3115/1487
f 1310/3180/1488 1309/3181/1488 1373/3117/1488 1374/3116/1488
f 1309/3181/1489 1308/3182/1489 1372/3118/1489 1373/3117/1489
f 1308/3182/1490 1307/3183/1490 1371/3119/1490 1372/3118/1490
f 1307/3183/1491 1306/3184/1491 1370/3120/1491 1371/3119/1491
f 1306/3184/1492 1305/3185/1492 1369/3121/1492 1370/3120/1492
f 1305/3185/1493 1304/3186/1493 1368/3122/1493 1369/3121/1493
f 1304/3186/1494 1303/3187/1494 1367/3123/1494 1368/3122/1494
f 1303/3187/1495 1302/3188/1495 1366/3124/1495 1367/3123/1495
f 1302/3188/1496 1301/3189/1496 1365/3125/1496 1366/3124/1496
f 1301/3189/1497 1300/3190/1497 1364/3126/1497 1365/3125/1497
f 1300/3190/1498 1299/3191/1498 1363/3127/1498 1364/3126/1498
f 1299/3191/1499 1298/3192/1499 1362/3128/1499 1363/3127/1499
f 1298/3192/1500 1297/3193/1500 1361/3129/1500 1362/3128/1500
f 1297/3193/1501 1296/3194/1501 1360/3130/1501 1361/3129/1501
f 1296/3194/1502 1295/3195/1502 1359/3131/1502 1360/3130/1502
f 1295/3195/1138 1294/3196/1138 1358/3132/1138 1359/3131/1138
f 1294/3196/335 1293/3197/335 1357/3133/335 1358/3132/335
f 1293/3197/336 1292/3198/336 1356/3134/336 1357/3133/336
f 1292/3198/1100 1291/3199/1100 1355/3135/1100 1356/3134/1100
f 1291/3199/1101 1290/3200/1101 1354/3136/1101 1355/3135/1101
f 1290/3200/2 1289/3201/2 1353/3137/2 1354/3136/2
f 1289/3201/2 1288/3202/2 1352/3138/2 1353/3137/2
f 1288/3202/2 1287/3203/2 1351/3139/2 1352/3138/2
f 1287/3203/2 1286/3204/2 1350/3140/2 1351/3139/2
f 1286/3204/2 1285/40/2 1349/42/2 1350/3140/2
f 53/3205/1503 1284/3206/1503 1348/3142/1503 52/3141/1503
f 1284/3206/1504 1283/3207/1504 1347/3143/1504 1348/3142/1504
f 1283/3207/1505 1282/3208/1505 1346/3144/1505 1347/3143/1505
f 1282/3208/1506 1281/3209/1506 1345/3145/1506 1346/3144/1506
f 1281/3209/2 1280/3210/2 1344/3146/2 1345/3145/2
f 1280/3210/2 1279/3211/2 1343/3147/2 1344/3146/2
f 1279/3211/2 1278/3212/2 1342/3148/2 1343/3147/2
f 1278/3212/1507 1277/3213/1507 1341/3149/1507 1342/3148/1507
f 1277/3213/1508 1276/3214/1508 1340/3150/1508 1341/3149/1508
f 1276/3214/1509 1275/3215/1509 1339/3151/1509 1340/3150/1509
f 1275/3215/1510 1274/3216/1510 1338/3152/1510 1339/3151/1510
f 1274/3216/1511 1273/3217/1511 1337/3153/1511 1338/3152/1511
f 1273/3217/1512 1272/3218/1512 1336/3154/1512 1337/3153/1512
f 1272/3218/1513 1271/3219/1513 1335/3155/1513 1336/3154/1513
f 1271/3219/1514 1270/3220/1514 1334/3156/1514 1335/3155/1514
f 1270/3220/1515 1269/3221/1515 1333/3157/1515 1334/3156/1515
f 1269/3221/1516 1268/3222/1516 1332/3158/1516 1333/3157/1516
f 1268/3222/1517 1267/3223/1517 1331/3159/1517 1332/3158/1517
f 1267/3223/1518 1266/3224/1518 1330/3160/1518 1331/3159/1518
f 1266/3224/1519 1265/3225/1519 1329/3161/1519 1330/3160/1519
f 1265/3225/1520 1264/3226/1520 1328/3162/1520 1329/3161/1520
f 1264/3226/1226 1263/3227/1226 1327/3163/1226 1328/3162/1226
f 1263/3227/571 1262/3228/571 1326/3164/571 1327/3163/571
f 1262/3228/532 1261/3229/532 1325/3165/532 1326/3164/532
f 1261/3229/572 1260/3230/572 1324/3166/572 1325/3165/572
f 1260/3230/1246 1259/3231/1246 1323/3167/1246 1324/3166/1246
f 1259/3231/1247 1258/3232/1247 1322/3168/1247 1323/3167/1247
f 1258/3232/1521 1257/3233/1521 1321/3169/1521 1322/3168/1521
f 1257/3233/1522 1256/3234/1522 1320/3170/1522 1321/3169/1522
f 1256/3234/1523 1255/3235/1523 1319/3171/1523 1320/3170/1523
f 1255/3235/1524 1254/3236/1524 1318/3172/1524 1319/3171/1524
f 1254/3236/1525 1253/3237/1525 1317/3173/1525 1318/3172/1525
f 1253/3237/1526 1252/3238/1526 1316/3174/1526 1317/3173/1526
f 1252/3238/1527 1251/3239/1527 1315/3175/1527 1316/3174/1527
f 1251/3239/1528 1250/3240/1528 1314/3176/1528 1315/3175/1528
f 1250/3240/1529 1249/3241/1529 1313/3177/1529 1314/3176/1529
f 1249/3241/1530 1248/3242/1530 1312/3178/1530 1313/3177/1530
f 1248/3242/1531 1247/3243/1531 1311/3179/1531 1312/3178/1531
f 1247/3243/1532 1246/3244/1532 1310/3180/1532 1311/3179/1532
f 1246/3244/1533 1245/3245/1533 1309/3181/1533 1310/3180/1533
f 1245/3245/1534 1244/3246/1534 1308/3182/1534 1309/3181/1534
f 1244/3246/1535 1243/3247/1535 1307/3183/1535 1308/3182/1535
f 1243/3247/1536 1242/3248/1536 1306/3184/1536 1307/3183/1536
f 1242/3248/1537 1241/3249/1537 1305/3185/1537 1306/3184/1537
f 1241/3249/1538 1240/3250/1538 1304/3186/1538 1305/3185/1538
f 1240/3250/1539 1239/3251/1539 1303/3187/1539 1304/3186/1539
f 1239/3251/1540 1238/3252/1540 1302/3188/1540 1303/3187/1540
f 1238/3252/1541 1237/3253/1541 1301/3189/1541 1302/3188/1541
f 1237/3253/1542 1236/3254/1542 1300/3190/1542 1301/3189/1542
f 1236/3254/1543 1235/3255/1543 1299/3191/1543 1300/3190/1543
f 1235/3255/1544 1234/3256/1544 1298/3192/1544 1299/3191/1544
f 1234/3256/1545 1233/3257/1545 1297/3193/1545 1298/3192/1545
f 1233/3257/1546 1232/3258/1546 1296/3194/1546 1297/3193/1546
f 1232/3258/1547 1231/3259/1547 1295/3195/1547 1296/3194/1547
f 1231/3259/1548 1230/3260/1548 1294/3196/1548 1295/3195/1548
f 1230/3260/1118 1229/3261/1118 1293/3197/1118 1294/3196/1118
f 1229/3261/1119 1228/3262/1119 1292/3198/1119 1293/3197/1119
f 1228/3262/1120 1227/3263/1120 1291/3199/1120 1292/3198/1120
f 1227/3263/295 1226/3264/295 1290/3200/295 1291/3199/295
f 1226/3264/94 1225/3265/94 1289/3201/94 1290/3200/94
f 1225/3265/2 1224/3266/2 1288/3202/2 1289/3201/2
f 1224/3266/2 1223/3267/2 1287/3203/2 1288/3202/2
f 1223/3267/2 1222/3268/2 1286/3204/2 1287/3203/2
f 1222/3268/2 1221/38/2 1285/40/2 1286/3204/2
f 54/3269/1549 1220/3270/1549 1284/3206/1549 53/3205/1549
f 1220/3270/1550 1219/3271/1550 1283/3207/1550 1284/3206/1550
f 1219/3271/1551 1218/3272/1551 1282/3208/1551 1283/3207/1551
f 1218/3272/1552 1217/3273/1552 1281/3209/1552 1282/3208/1552
f 1217/3273/1553 1216/3274/1553 1280/3210/1553 1281/3209/1553
f 1216/3274/2 1215/3275/2 1279/3211/2 1280/3210/2
f 1215/3275/2 1214/3276/2 1278/3212/2 1279/3211/2
f 1214/3276/1507 1213/3277/1507 1277/3213/1507 1278/3212/1507
f 1213/3277/1554 1212/3278/1554 1276/3214/1554 1277/3213/1554
f 1212/3278/1555 1211/3279/1555 1275/3215/1555 1276/3214/1555
f 1211/3279/1419 1210/3280/1419 1274/3216/1419 1275/3215/1419
f 1210/3280/1420 1209/3281/1420 1273/3217/1420 1274/3216/1420
f 1209/3281/1556 1208/3282/1556 1272/3218/1556 1273/3217/1556
f 1208/3282/1557 1207/3283/1557 1271/3219/1557 1272/3218/1557
f 1207/3283/1558 1206/3284/1558 1270/3220/1558 1271/3219/1558
f 1206/3284/1559 1205/3285/1559 1269/3221/1559 1270/3220/1559
f 1205/3285/1560 1204/3286/1560 1268/3222/1560 1269/3221/1560
f 1204/3286/1561 1203/3287/1561 1267/3223/1561 1268/3222/1561
f 1203/3287/1562 1202/3288/1562 1266/3224/1562 1267/3223/1562
f 1202/3288/1563 1201/3289/1563 1265/3225/1563 1266/3224/1563
f 1201/3289/1564 1200/3290/1564 1264/3226/1564 1265/3225/1564
f 1200/3290/1565 1199/3291/1565 1263/3227/1565 1264/3226/1565
f 1199/3291/1566 1198/3292/1566 1262/3228/1566 1263/3227/1566
f 1198/3292/1567 1197/3293/1567 1261/3229/1567 1262/3228/1567
f 1197/3293/622 1196/3294/622 1260/3230/622 1261/3229/622
f 1196/3294/623 1195/3295/623 1259/3231/623 1260/3230/623
f 1195/3295/1568 1194/3296/1568 1258/3232/1568 1259/3231/1568
f 1194/3296/1569 1193/3297/1569 1257/3233/1569 1258/3232/1569
f 1193/3297/1570 1192/3298/1570 1256/3234/1570 1257/3233/1570
f 1192/3298/1571 1191/3299/1571 1255/3235/1571 1256/3234/1571
f 1191/3299/1572 1190/3300/1572 1254/3236/1572 1255/3235/1572
f 1190/3300/1573 1189/3301/1573 1253/3237/1573 1254/3236/1573
f 1189/3301/1574 1188/3302/1574 1252/3238/1574 1253/3237/1574
f 1188/3302/1575 1187/3303/1575 1251/3239/1575 1252/3238/1575
f 1187/3303/1576 1186/3304/1576 1250/3240/1576 1251/3239/1576
f 1186/3304/1577 1185/3305/1577 1249/3241/1577 1250/3240/1577
f 1185/3305/1578 1184/3306/1578 1248/3242/1578 1249/3241/1578
f 1184/3306/1579 1183/3307/1579 1247/3243/1579 1248/3242/1579
f 1183/3307/1580 1182/3308/1580 1246/3244/1580 1247/3243/1580
f 1182/3308/1581 1181/3309/1581 1245/3245/1581 1246/3244/1581
f 1181/3309/1582 1180/3310/1582 1244/3246/1582 1245/3245/1582
f 1180/3310/1583 1179/3311/1583 1243/3247/1583 1244/3246/1583
f 1179/3311/1584 1178/3312/1584 1242/3248/1584 1243/3247/1584
f 1178/3312/1585 1177/3313/1585 1241/3249/1585 1242/3248/1585
f 1177/3313/1586 1176/3314/1586 1240/3250/1586 1241/3249/1586
f 1176/3314/1587 1175/3315/1587 1239/3251/1587 1240/3250/1587
f 1175/3315/1588 1174/3316/1588 1238/3252/1588 1239/3251/1588
f 1174/3316/1589 1173/3317/1589 1237/3253/1589 1238/3252/1589
f 1173/3317/1590 1172/3318/1590 1236/3254/1590 1237/3253/1590
f 1172/3318/1591 1171/3319/1591 1235/3255/1591 1236/3254/1591
f 1171/3319/1592 1170/3320/1592 1234/3256/1592 1235/3255/1592
f 1170/3320/1593 1169/3321/1593 1233/3257/1593 1234/3256/1593
f 1169/3321/1594 1168/3322/1594 1232/3258/1594 1233/3257/1594
f 1168/3322/1595 1167/3323/1595 1231/3259/1595 1232/3258/1595
f 1167/3323/1596 1166/3324/1596 1230/3260/1596 1231/3259/1596
f 1166/3324/1138 1165/3325/1138 1229/3261/1138 1230/3260/1138
f 1165/3325/335 1164/3326/335 1228/3262/335 1229/3261/335
f 1164/3326/336 1163/3327/336 1227/3263/336 1228/3262/336
f 1163/3327/337 1162/3328/337 1226/3264/337 1227/3263/337
f 1162/3328/338 1161/3329/338 1225/3265/338 1226/3264/338
f 1161/3329/2 1160/3330/2 1224/3266/2 1225/3265/2
f 1160/3330/2 1159/3331/2 1223/3267/2 1224/3266/2
f 1159/3331/2 1158/3332/2 1222/3268/2 1223/3267/2
f 1158/3332/2 1157/36/2 1221/38/2 1222/3268/2
f 55/3333/1597 1156/3334/1597 1220/3270/1597 54/3269/1597
f 1156/3334/1598 1155/3335/1598 1219/3271/1598 1220/3270/1598
f 1155/3335/1599 1154/3336/1599 1218/3272/1599 1219/3271/1599
f 1154/3336/1600 1153/3337/1600 1217/3273/1600 1218/3272/1600
f 1153/3337/1506 1152/3338/1506 1216/3274/1506 1217/3273/1506
f 1152/3338/2 1151/3339/2 1215/3275/2 1216/3274/2
f 1151/3339/2 1150/3340/2 1214/3276/2 1215/3275/2
f 1150/3340/1601 1149/3341/1601 1213/3277/1601 1214/3276/1601
f 1149/3341/1462 1148/3342/1462 1212/3278/1462 1213/3277/1462
f 1148/3342/1463 1147/3343/1463 1211/3279/1463 1212/3278/1463
f 1147/3343/1464 1146/3344/1464 1210/3280/1464 1211/3279/1464
f 1146/3344/1465 1145/3345/1465 1209/3281/1465 1210/3280/1465
f 1145/3345/1466 1144/3346/1466 1208/3282/1466 1209/3281/1466
f 1144/3346/1602 1143/3347/1602 1207/3283/1602 1208/3282/1602
f 1143/3347/1603 1142/3348/1603 1206/3284/1603 1207/3283/1603
f 1142/3348/1604 1141/3349/1604 1205/3285/1604 1206/3284/1604
f 1141/3349/1605 1140/3350/1605 1204/3286/1605 1205/3285/1605
f 1140/3350/1606 1139/3351/1606 1203/3287/1606 1204/3286/1606
f 1139/3351/1607 1138/3352/1607 1202/3288/1607 1203/3287/1607
f 1138/3352/1608 1137/3353/1608 1201/3289/1608 1202/3288/1608
f 1137/3353/1609 1136/3354/1609 1200/3290/1609 1201/3289/1609
f 1136/3354/1610 1135/3355/1610 1199/3291/1610 1200/3290/1610
f 1135/3355/1611 1134/3356/1611 1198/3292/1611 1199/3291/1611
f 1134/3356/1612 1133/3357/1612 1197/3293/1612 1198/3292/1612
f 1133/3357/1613 1132/3358/1613 1196/3294/1613 1197/3293/1613
f 1132/3358/1614 1131/3359/1614 1195/3295/1614 1196/3294/1614
f 1131/3359/1615 1130/3360/1615 1194/3296/1615 1195/3295/1615
f 1130/3360/1616 1129/3361/1616 1193/3297/1616 1194/3296/1616
f 1129/3361/1617 1128/3362/1617 1192/3298/1617 1193/3297/1617
f 1128/3362/1618 1127/3363/1618 1191/3299/1618 1192/3298/1618
f 1127/3363/1619 1126/3364/1619 1190/3300/1619 1191/3299/1619
f 1126/3364/1620 1125/3365/1620 1189/3301/1620 1190/3300/1620
f 1125/3365/1621 1124/3366/1621 1188/3302/1621 1189/3301/1621
f 1124/3366/1622 1123/3367/1622 1187/3303/1622 1188/3302/1622
f 1123/3367/1623 1122/3368/1623 1186/3304/1623 1187/3303/1623
f 1122/3368/1624 1121/3369/1624 1185/3305/1624 1186/3304/1624
f 1121/3369/1625 1120/3370/1625 1184/3306/1625 1185/3305/1625
f 1120/3370/1626 1119/3371/1626 1183/3307/1626 1184/3306/1626
f 1119/3371/1627 1118/3372/1627 1182/3308/1627 1183/3307/1627
f 1118/3372/1628 1117/3373/1628 1181/3309/1628 1182/3308/1628
f 1117/3373/1629 1116/3374/1629 1180/3310/1629 1181/3309/1629
f 1116/3374/1630 1115/3375/1630 1179/3311/1630 1180/3310/1630
f 1115/3375/1631 1114/3376/1631 1178/3312/1631 1179/3311/1631
f 1114/3376/1632 1113/3377/1632 1177/3313/1632 1178/3312/1632
f 1113/3377/1633 1112/3378/1633 1176/3314/1633 1177/3313/1633
f 1112/3378/1634 1111/3379/1634 1175/3315/1634 1176/3314/1634
f 1111/3379/1635 1110/3380/1635 1174/3316/1635 1175/3315/1635
f 1110/3380/1636 1109/3381/1636 1173/3317/1636 1174/3316/1636
f 1109/3381/1637 1108/3382/1637 1172/3318/1637 1173/3317/1637
f 1108/3382/1638 1107/3383/1638 1171/3319/1638 1172/3318/1638
f 1107/3383/1639 1106/3384/1639 1170/3320/1639 1171/3319/1639
f 1106/3384/1640 1105/3385/1640 1169/3321/1640 1170/3320/1640
f 1105/3385/1641 1104/3386/1641 1168/3322/1641 1169/3321/1641
f 1104/3386/1642 1103/3387/1642 1167/3323/1642 1168/3322/1642
f 1103/3387/1643 1102/3388/1643 1166/3324/1643 1167/3323/1643
f 1102/3388/374 1101/3389/374 1165/3325/374 1166/3324/374
f 1101/3389/375 1100/3390/375 1164/3326/375 1165/3325/375
f 1100/3390/376 1099/3391/376 1163/3327/376 1164/3326/376
f 1099/3391/377 1098/3392/377 1162/3328/377 1163/3327/377
f 1098/3392/378 1097/3393/378 1161/3329/378 1162/3328/378
f 1097/3393/2 1096/3394/2 1160/3330/2 1161/3329/2
f 1096/3394/2 1095/3395/2 1159/3331/2 1160/3330/2
f 1095/3395/2 1094/3396/2 1158/3332/2 1159/3331/2
f 1094/3396/2 1093/34/2 1157/36/2 1158/3332/2
f 56/3397/1644 1092/3398/1644 1156/3334/1644 55/3333/1644
f 1092/3398/1645 1091/3399/1645 1155/3335/1645 1156/3334/1645
f 1091/3399/1646 1090/3400/1646 1154/3336/1646 1155/3335/1646
f 1090/3400/1505 1089/3401/1505 1153/3337/1505 1154/3336/1505
f 1089/3401/1506 1088/3402/1506 1152/3338/1506 1153/3337/1506
f 1088/3402/2 1087/3403/2 1151/3339/2 1152/3338/2
f 1087/3403/2 1086/3404/2 1150/3340/2 1151/3339/2
f 1086/3404/2 1085/3405/2 1149/3341/2 1150/3340/2
f 1085/3405/1507 1084/3406/1507 1148/3342/1507 1149/3341/1507
f 1084/3406/1508 1083/3407/1508 1147/3343/1508 1148/3342/1508
f 1083/3407/1647 1082/3408/1647 1146/3344/1647 1147/3343/1647
f 1082/3408/1648 1081/3409/1648 1145/3345/1648 1146/3344/1648
f 1081/3409/1649 1080/3410/1649 1144/3346/1649 1145/3345/1649
f 1080/3410/1650 1079/3411/1650 1143/3347/1650 1144/3346/1650
f 1079/3411/1651 1078/3412/1651 1142/3348/1651 1143/3347/1651
f 1078/3412/1652 1077/3413/1652 1141/3349/1652 1142/3348/1652
f 1077/3413/1653 1076/3414/1653 1140/3350/1653 1141/3349/1653
f 1076/3414/1654 1075/3415/1654 1139/3351/1654 1140/3350/1654
f 1075/3415/1655 1074/3416/1655 1138/3352/1655 1139/3351/1655
f 1074/3416/1656 1073/3417/1656 1137/3353/1656 1138/3352/1656
f 1073/3417/1657 1072/3418/1657 1136/3354/1657 1137/3353/1657
f 1072/3418/1658 1071/3419/1658 1135/3355/1658 1136/3354/1658
f 1071/3419/1659 1070/3420/1659 1134/3356/1659 1135/3355/1659
f 1070/3420/1660 1069/3421/1660 1133/3357/1660 1134/3356/1660
f 1069/3421/1661 1068/3422/1661 1132/3358/1661 1133/3357/1661
f 1068/3422/1662 1067/3423/1662 1131/3359/1662 1132/3358/1662
f 1067/3423/1663 1066/3424/1663 1130/3360/1663 1131/3359/1663
f 1066/3424/1664 1065/3425/1664 1129/3361/1664 1130/3360/1664
f 1065/3425/1665 1064/3426/1665 1128/3362/1665 1129/3361/1665
f 1064/3426/1666 1063/3427/1666 1127/3363/1666 1128/3362/1666
f 1063/3427/1667 1062/3428/1667 1126/3364/1667 1127/3363/1667
f 1062/3428/1668 1061/3429/1668 1125/3365/1668 1126/3364/1668
f 1061/3429/1669 1060/3430/1669 1124/3366/1669 1125/3365/1669
f 1060/3430/1670 1059/3431/1670 1123/3367/1670 1124/3366/1670
f 1059/3431/1671 1058/3432/1671 1122/3368/1671 1123/3367/1671
f 1058/3432/1672 1057/3433/1672 1121/3369/1672 1122/3368/1672
f 1057/3433/1673 1056/3434/1673 1120/3370/1673 1121/3369/1673
f 1056/3434/1674 1055/3435/1674 1119/3371/1674 1120/3370/1674
f 1055/3435/1675 1054/3436/1675 1118/3372/1675 1119/3371/1675
f 1054/3436/1676 1053/3437/1676 1117/3373/1676 1118/3372/1676
f 1053/3437/1677 1052/3438/1677 1116/3374/1677 1117/3373/1677
f 1052/3438/1678 1051/3439/1678 1115/3375/1678 1116/3374/1678
f 1051/3439/1679 1050/3440/1679 1114/3376/1679 1115/3375/1679
f 1050/3440/1680 1049/3441/1680 1113/3377/1680 1114/3376/1680
f 1049/3441/1681 1048/3442/1681 1112/3378/1681 1113/3377/1681
f 1048/3442/1682 1047/3443/1682 1111/3379/1682 1112/3378/1682
f 1047/3443/1683 1046/3444/1683 1110/3380/1683 1111/3379/1683
f 1046/3444/1684 1045/3445/1684 1109/3381/1684 1110/3380/1684
f 1045/3445/1685 1044/3446/1685 1108/3382/1685 1109/3381/1685
f 1044/3446/1686 1043/3447/1686 1107/3383/1686 1108/3382/1686
f 1043/3447/1687 1042/3448/1687 1106/3384/1687 1107/3383/1687
f 1042/3448/1688 1041/3449/1688 1105/3385/1688 1106/3384/1688
f 1041/3449/1689 1040/3450/1689 1104/3386/1689 1105/3385/1689
f 1040/3450/1690 1039/3451/1690 1103/3387/1690 1104/3386/1690
f 1039/3451/1691 1038/3452/1691 1102/3388/1691 1103/3387/1691
f 1038/3452/415 1037/3453/415 1101/3389/415 1102/3388/415
f 1037/3453/416 1036/3454/416 1100/3390/416 1101/3389/416
f 1036/3454/417 1035/3455/417 1099/3391/417 1100/3390/417
f 1035/3455/418 1034/3456/418 1098/3392/418 1099/3391/418
f 1034/3456/419 1033/3457/419 1097/3393/419 1098/3392/419
f 1033/3457/29 1032/3458/29 1096/3394/29 1097/3393/29
f 1032/3458/2 1031/3459/2 1095/3395/2 1096/3394/2
f 1031/3459/2 1030/3460/2 1094/3396/2 1095/3395/2
f 1030/3460/2 1029/32/2 1093/34/2 1094/3396/2
f 57/3461/1692 1028/3462/1692 1092/3398/1692 56/3397/1692
f 1028/3462/1693 1027/3463/1693 1091/3399/1693 1092/3398/1693
f 1027/3463/1694 1026/3464/1694 1090/3400/1694 1091/3399/1694
f 1026/3464/1695 1025/3465/1695 1089/3401/1695 1090/3400/1695
f 1025/3465/1506 1024/3466/1506 1088/3402/1506 1089/3401/1506
f 1024/3466/2 1023/3467/2 1087/3403/2 1088/3402/2
f 1023/3467/2 1022/3468/2 1086/3404/2 1087/3403/2
f 1022/3468/2 1021/3469/2 1085/3405/2 1086/3404/2
f 1021/3469/1507 1020/3470/1507 1084/3406/1507 1085/3405/1507
f 1020/3470/1508 1019/3471/1508 1083/3407/1508 1084/3406/1508
f 1019/3471/1647 1018/3472/1647 1082/3408/1647 1083/3407/1647
f 1018/3472/1648 1017/3473/1648 1081/3409/1648 1082/3408/1648
f 1017/3473/1696 1016/3474/1696 1080/3410/1696 1081/3409/1696
f 1016/3474/1697 1015/3475/1697 1079/3411/1697 1080/3410/1697
f 1015/3475/1698 1014/3476/1698 1078/3412/1698 1079/3411/1698
f 1014/3476/1699 1013/3477/1699 1077/3413/1699 1078/3412/1699
f 1013/3477/1700 1012/3478/1700 1076/3414/1700 1077/3413/1700
f 1012/3478/1701 1011/3479/1701 1075/3415/1701 1076/3414/1701
f 1011/3479/1702 1010/3480/1702 1074/3416/1702 1075/3415/1702
f 1010/3480/1703 1009/3481/1703 1073/3417/1703 1074/3416/1703
f 1009/3481/1704 1008/3482/1704 1072/3418/1704 1073/3417/1704
f 1008/3482/1705 1007/3483/1705 1071/3419/1705 1072/3418/1705
f 1007/3483/1706 1006/3484/1706 1070/3420/1706 1071/3419/1706
f 1006/3484/1707 1005/3485/1707 1069/3421/1707 1070/3420/1707
f 1005/3485/1708 1004/3486/1708 1068/3422/1708 1069/3421/1708
f 1004/3486/1709 1003/3487/1709 1067/3423/1709 1068/3422/1709
f 1003/3487/1710 1002/3488/1710 1066/3424/1710 1067/3423/1710
f 1002/3488/1711 1001/3489/1711 1065/3425/1711 1066/3424/1711
f 1001/3489/1712 1000/3490/1712 1064/3426/1712 1065/3425/1712
f 1000/3490/1713 999/3491/1713 1063/3427/1713 1064/3426/1713
f 999/3491/1714 998/3492/1714 1062/3428/1714 1063/3427/1714
f 998/3492/1715 997/3493/1715 1061/3429/1715 1062/3428/1715
f 997/3493/1716 996/3494/1716 1060/3430/1716 1061/3429/1716
f 996/3494/1717 995/3495/1717 1059/3431/1717 1060/3430/1717
f 995/3495/1718 994/3496/1718 1058/3432/1718 1059/3431/1718
f 994/3496/1719 993/3497/1719 1057/3433/1719 1058/3432/1719
f 993/3497/1720 992/3498/1720 1056/3434/1720 1057/3433/1720
f 992/3498/1721 991/3499/1721 1055/3435/1721 1056/3434/1721
f 991/3499/1722 990/3500/1722 1054/3436/1722 1055/3435/1722
f 990/3500/1723 989/3501/1723 1053/3437/1723 1054/3436/1723
f 989/3501/1724 988/3502/1724 1052/3438/1724 1053/3437/1724
f 988/3502/1725 987/3503/1725 1051/3439/1725 1052/3438/1725
f 987/3503/1726 986/3504/1726 1050/3440/1726 1051/3439/1726
f 986/3504/1727 985/3505/1727 1049/3441/1727 1050/3440/1727
f 985/3505/1728 984/3506/1728 1048/3442/1728 1049/3441/1728
f 984/3506/1729 983/3507/1729 1047/3443/1729 1048/3442/1729
f 983/3507/1730 982/3508/1730 1046/3444/1730 1047/3443/1730
f 982/3508/1731 981/3509/1731 1045/3445/1731 1046/3444/1731
f 981/3509/1732 980/3510/1732 1044/3446/1732 1045/3445/1732
f 980/3510/1733 979/3511/1733 1043/3447/1733 1044/3446/1733
f 979/3511/1734 978/3512/1734 1042/3448/1734 1043/3447/1734
f 978/3512/1735 977/3513/1735 1041/3449/1735 1042/3448/1735
f 977/3513/1736 976/3514/1736 1040/3450/1736 1041/3449/1736
f 976/3514/1737 975/3515/1737 1039/3451/1737 1040/3450/1737
f 975/3515/1738 974/3516/1738 1038/3452/1738 1039/3451/1738
f 974/3516/454 973/3517/454 1037/3453/454 1038/3452/454
f 973/3517/455 972/3518/455 1036/3454/455 1037/3453/455
f 972/3518/456 971/3519/456 1035/3455/456 1036/3454/456
f 971/3519/457 970/3520/457 1034/3456/457 1035/3455/457
f 970/3520/458 969/3521/458 1033/3457/458 1034/3456/458
f 969/3521/459 968/3522/459 1032/3458/459 1033/3457/459
f 968/3522/2 967/3523/2 1031/3459/2 1032/3458/2
f 967/3523/2 966/3524/2 1030/3460/2 1031/3459/2
f 966/3524/2 965/30/2 1029/32/2 1030/3460/2
f 58/3525/1739 964/3526/1739 1028/3462/1739 57/3461/1739
f 964/3526/1740 963/3527/1740 1027/3463/1740 1028/3462/1740
f 963/3527/1741 962/3528/1741 1026/3464/1741 1027/3463/1741
f 962/3528/1742 961/3529/1742 1025/3465/1742 1026/3464/1742
f 961/3529/1743 960/3530/1743 1024/3466/1743 1025/3465/1743
f 960/3530/1744 959/3531/1744 1023/3467/1744 1024/3466/1744
f 959/3531/2 958/3532/2 1022/3468/2 1023/3467/2
f 958/3532/2 957/3533/2 1021/3469/2 1022/3468/2
f 957/3533/1507 956/3534/1507 1020/3470/1507 1021/3469/1507
f 956/3534/1508 955/3535/1508 1019/3471/1508 1020/3470/1508
f 955/3535/1647 954/3536/1647 1018/3472/1647 1019/3471/1647
f 954/3536/1745 953/3537/1745 1017/3473/1745 1018/3472/1745
f 953/3537/1746 952/3538/1746 1016/3474/1746 1017/3473/1746
f 952/3538/1747 951/3539/1747 1015/3475/1747 1016/3474/1747
f 951/3539/1748 950/3540/1748 1014/3476/1748 1015/3475/1748
f 950/3540/1749 949/3541/1749 1013/3477/1749 1014/3476/1749
f 949/3541/1750 948/3542/1750 1012/3478/1750 1013/3477/1750
f 948/3542/1751 947/3543/1751 1011/3479/1751 1012/3478/1751
f 947/3543/1752 946/3544/1752 1010/3480/1752 1011/3479/1752
f 946/3544/1753 945/3545/1753 1009/3481/1753 1010/3480/1753
f 945/3545/1754 944/3546/1754 1008/3482/1754 1009/3481/1754
f 944/3546/1755 943/3547/1755 1007/3483/1755 1008/3482/1755
f 943/3547/1756 942/3548/1756 1006/3484/1756 1007/3483/1756
f 942/3548/1757 941/3549/1757 1005/3485/1757 1006/3484/1757
f 941/3549/1758 940/3550/1758 1004/3486/1758 1005/3485/1758
f 940/3550/1759 939/3551/1759 1003/3487/1759 1004/3486/1759
f 939/3551/1760 938/3552/1760 1002/3488/1760 1003/3487/1760
f 938/3552/1761 937/3553/1761 1001/3489/1761 1002/3488/1761
f 937/3553/1762 936/3554/1762 1000/3490/1762 1001/3489/1762
f 936/3554/1763 935/3555/1763 999/3491/1763 1000/3490/1763
f 935/3555/1764 934/3556/1764 998/3492/1764 999/3491/1764
f 934/3556/1765 933/3557/1765 997/3493/1765 998/3492/1765
f 933/3557/1766 932/3558/1766 996/3494/1766 997/3493/1766
f 932/3558/1767 931/3559/1767 995/3495/1767 996/3494/1767
f 931/3559/1768 930/3560/1768 994/3496/1768 995/3495/1768
f 930/3560/1769 929/3561/1769 993/3497/1769 994/3496/1769
f 929/3561/1770 928/3562/1770 992/3498/1770 993/3497/1770
f 928/3562/1771 927/3563/1771 991/3499/1771 992/3498/1771
f 927/3563/1772 926/3564/1772 990/3500/1772 991/3499/1772
f 926/3564/1773 925/3565/1773 989/3501/1773 990/3500/1773
f 925/3565/1774 924/3566/1774 988/3502/1774 989/3501/1774
f 924/3566/1775 923/3567/1775 987/3503/1775 988/3502/1775
f 923/3567/1776 922/3568/1776 986/3504/1776 987/3503/1776
f 922/3568/1777 921/3569/1777 985/3505/1777 986/3504/1777
f 921/3569/1778 920/3570/1778 984/3506/1778 985/3505/1778
f 920/3570/1779 919/3571/1779 983/3507/1779 984/3506/1779
f 919/3571/1780 918/3572/1780 982/3508/1780 983/3507/1780
f 918/3572/1781 917/3573/1781 981/3509/1781 982/3508/1781
f 917/3573/1782 916/3574/1782 980/3510/1782 981/3509/1782
f 916/3574/1783 915/3575/1783 979/3511/1783 980/3510/1783
f 915/3575/1784 914/3576/1784 978/3512/1784 979/3511/1784
f 914/3576/1785 913/3577/1785 977/3513/1785 978/3512/1785
f 913/3577/1786 912/3578/1786 976/3514/1786 977/3513/1786
f 912/3578/1787 911/3579/1787 975/3515/1787 976/3514/1787
f 911/3579/1788 910/3580/1788 974/3516/1788 975/3515/1788
f 910/3580/577 909/3581/577 973/3517/577 974/3516/577
f 909/3581/578 908/3582/578 972/3518/578 973/3517/578
f 908/3582/579 907/3583/579 971/3519/579 972/3518/579
f 907/3583/580 906/3584/580 970/3520/580 971/3519/580
f 906/3584/581 905/3585/581 969/3521/581 970/3520/581
f 905/3585/582 904/3586/582 968/3522/582 969/3521/582
f 904/3586/2 903/3587/2 967/3523/2 968/3522/2
f 903/3587/2 902/3588/2 966/3524/2 967/3523/2
f 902/3588/2 901/28/2 965/30/2 966/3524/2
f 59/3589/1789 900/3590/1789 964/3526/1789 58/3525/1789
f 900/3590/1790 899/3591/1790 963/3527/1790 964/3526/1790
f 899/3591/1791 898/3592/1791 962/3528/1791 963/3527/1791
f 898/3592/1792 897/3593/1792 961/3529/1792 962/3528/1792
f 897/3593/1793 896/3594/1793 960/3530/1793 961/3529/1793
f 896/3594/1794 895/3595/1794 959/3531/1794 960/3530/1794
f 895/3595/1795 894/3596/1795 958/3532/1795 959/3531/1795
f 894/3596/1204 893/3597/1204 957/3533/1204 958/3532/1204
f 893/3597/1507 892/3598/1507 956/3534/1507 957/3533/1507
f 892/3598/1508 891/3599/1508 955/3535/1508 956/3534/1508
f 891/3599/1796 890/3600/1796 954/3536/1796 955/3535/1796
f 890/3600/1374 889/3601/1374 953/3537/1374 954/3536/1374
f 889/3601/1375 888/3602/1375 952/3538/1375 953/3537/1375
f 888/3602/1797 887/3603/1797 951/3539/1797 952/3538/1797
f 887/3603/1798 886/3604/1798 950/3540/1798 951/3539/1798
f 886/3604/1799 885/3605/1799 949/3541/1799 950/3540/1799
f 885/3605/1800 884/3606/1800 948/3542/1800 949/3541/1800
f 884/3606/1801 883/3607/1801 947/3543/1801 948/3542/1801
f 883/3607/1802 882/3608/1802 946/3544/1802 947/3543/1802
f 882/3608/1803 881/3609/1803 945/3545/1803 946/3544/1803
f 881/3609/1804 880/3610/1804 944/3546/1804 945/3545/1804
f 880/3610/1805 879/3611/1805 943/3547/1805 944/3546/1805
f 879/3611/1806 878/3612/1806 942/3548/1806 943/3547/1806
f 878/3612/1807 877/3613/1807 941/3549/1807 942/3548/1807
f 877/3613/1808 876/3614/1808 940/3550/1808 941/3549/1808
f 876/3614/1809 875/3615/1809 939/3551/1809 940/3550/1809
f 875/3615/1810 874/3616/1810 938/3552/1810 939/3551/1810
f 874/3616/1811 873/3617/1811 937/3553/1811 938/3552/1811
f 873/3617/1812 872/3618/1812 936/3554/1812 937/3553/1812
f 872/3618/1813 871/3619/1813 935/3555/1813 936/3554/1813
f 871/3619/1814 870/3620/1814 934/3556/1814 935/3555/1814
f 870/3620/1815 869/3621/1815 933/3557/1815 934/3556/1815
f 869/3621/1816 868/3622/1816 932/3558/1816 933/3557/1816
f 868/3622/1817 867/3623/1817 931/3559/1817 932/3558/1817
f 867/3623/1818 866/3624/1818 930/3560/1818 931/3559/1818
f 866/3624/1819 865/3625/1819 929/3561/1819 930/3560/1819
f 865/3625/1820 864/3626/1820 928/3562/1820 929/3561/1820
f 864/3626/1821 863/3627/1821 927/3563/1821 928/3562/1821
f 863/3627/1822 862/3628/1822 926/3564/1822 927/3563/1822
f 862/3628/1823 861/3629/1823 925/3565/1823 926/3564/1823
f 861/3629/1824 860/3630/1824 924/3566/1824 925/3565/1824
f 860/3630/1825 859/3631/1825 923/3567/1825 924/3566/1825
f 859/3631/1826 858/3632/1826 922/3568/1826 923/3567/1826
f 858/3632/1827 857/3633/1827 921/3569/1827 922/3568/1827
f 857/3633/1828 856/3634/1828 920/3570/1828 921/3569/1828
f 856/3634/1829 855/3635/1829 919/3571/1829 920/3570/1829
f 855/3635/1830 854/3636/1830 918/3572/1830 919/3571/1830
f 854/3636/1831 853/3637/1831 917/3573/1831 918/3572/1831
f 853/3637/1832 852/3638/1832 916/3574/1832 917/3573/1832
f 852/3638/1833 851/3639/1833 915/3575/1833 916/3574/1833
f 851/3639/1834 850/3640/1834 914/3576/1834 915/3575/1834
f 850/3640/1835 849/3641/1835 913/3577/1835 914/3576/1835
f 849/3641/1836 848/3642/1836 912/3578/1836 913/3577/1836
f 848/3642/1837 847/3643/1837 911/3579/1837 912/3578/1837
f 847/3643/1838 846/3644/1838 910/3580/1838 911/3579/1838
f 846/3644/627 845/3645/627 909/3581/627 910/3580/627
f 845/3645/628 844/3646/628 908/3582/628 909/3581/628
f 844/3646/629 843/3647/629 907/3583/629 908/3582/629
f 843/3647/630 842/3648/630 906/3584/630 907/3583/630
f 842/3648/631 841/3649/631 905/3585/631 906/3584/631
f 841/3649/632 840/3650/632 904/3586/632 905/3585/632
f 840/3650/2 839/3651/2 903/3587/2 904/3586/2
f 839/3651/2 838/3652/2 902/3588/2 903/3587/2
f 838/3652/2 837/26/2 901/28/2 902/3588/2
f 60/3653/1839 836/3654/1839 900/3590/1839 59/3589/1839
f 836/3654/1840 835/3655/1840 899/3591/1840 900/3590/1840
f 835/3655/1841 834/3656/1841 898/3592/1841 899/3591/1841
f 834/3656/1842 833/3657/1842 897/3593/1842 898/3592/1842
f 833/3657/1843 832/3658/1843 896/3594/1843 897/3593/1843
f 832/3658/1844 831/3659/1844 895/3595/1844 896/3594/1844
f 831/3659/1845 830/3660/1845 894/3596/1845 895/3595/1845
f 830/3660/1846 829/3661/1846 893/3597/1846 894/3596/1846
f 829/3661/1847 828/3662/1847 892/3598/1847 893/3597/1847
f 828/3662/1848 827/3663/1848 891/3599/1848 892/3598/1848
f 827/3663/1416 826/3664/1416 890/3600/1416 891/3599/1416
f 826/3664/1417 825/3665/1417 889/3601/1417 890/3600/1417
f 825/3665/1849 824/3666/1849 888/3602/1849 889/3601/1849
f 824/3666/1850 823/3667/1850 887/3603/1850 888/3602/1850
f 823/3667/1373 822/3668/1373 886/3604/1373 887/3603/1373
f 822/3668/1851 821/3669/1851 885/3605/1851 886/3604/1851
f 821/3669/1852 820/3670/1852 884/3606/1852 885/3605/1852
f 820/3670/1853 819/3671/1853 883/3607/1853 884/3606/1853
f 819/3671/1854 818/3672/1854 882/3608/1854 883/3607/1854
f 818/3672/1855 817/3673/1855 881/3609/1855 882/3608/1855
f 817/3673/1856 816/3674/1856 880/3610/1856 881/3609/1856
f 816/3674/1857 815/3675/1857 879/3611/1857 880/3610/1857
f 815/3675/1858 814/3676/1858 878/3612/1858 879/3611/1858
f 814/3676/1859 813/3677/1859 877/3613/1859 878/3612/1859
f 813/3677/1860 812/3678/1860 876/3614/1860 877/3613/1860
f 812/3678/1861 811/3679/1861 875/3615/1861 876/3614/1861
f 811/3679/1862 810/3680/1862 874/3616/1862 875/3615/1862
f 810/3680/1863 809/3681/1863 873/3617/1863 874/3616/1863
f 809/3681/1864 808/3682/1864 872/3618/1864 873/3617/1864
f 808/3682/1865 807/3683/1865 871/3619/1865 872/3618/1865
f 807/3683/1866 806/3684/1866 870/3620/1866 871/3619/1866
f 806/3684/1867 805/3685/1867 869/3621/1867 870/3620/1867
f 805/3685/1868 804/3686/1868 868/3622/1868 869/3621/1868
f 804/3686/1869 803/3687/1869 867/3623/1869 868/3622/1869
f 803/3687/1870 802/3688/1870 866/3624/1870 867/3623/1870
f 802/3688/1871 801/3689/1871 865/3625/1871 866/3624/1871
f 801/3689/1872 800/3690/1872 864/3626/1872 865/3625/1872
f 800/3690/1873 799/3691/1873 863/3627/1873 864/3626/1873
f 799/3691/1874 798/3692/1874 862/3628/1874 863/3627/1874
f 798/3692/1875 797/3693/1875 861/3629/1875 862/3628/1875
f 797/3693/1876 796/3694/1876 860/3630/1876 861/3629/1876
f 796/3694/1877 795/3695/1877 859/3631/1877 860/3630/1877
f 795/3695/1878 794/3696/1878 858/3632/1878 859/3631/1878
f 794/3696/1879 793/3697/1879 857/3633/1879 858/3632/1879
f 793/3697/1880 792/3698/1880 856/3634/1880 857/3633/1880
f 792/3698/1881 791/3699/1881 855/3635/1881 856/3634/1881
f 791/3699/1882 790/3700/1882 854/3636/1882 855/3635/1882
f 790/3700/1883 789/3701/1883 853/3637/1883 854/3636/1883
f 789/3701/1884 788/3702/1884 852/3638/1884 853/3637/1884
f 788/3702/1885 787/3703/1885 851/3639/1885 852/3638/1885
f 787/3703/1886 786/3704/1886 850/3640/1886 851/3639/1886
f 786/3704/1887 785/3705/1887 849/3641/1887 850/3640/1887
f 785/3705/1888 784/3706/1888 848/3642/1888 849/3641/1888
f 784/3706/1889 783/3707/1889 847/3643/1889 848/3642/1889
f 783/3707/1890 782/3708/1890 846/3644/1890 847/3643/1890
f 782/3708/676 781/3709/676 845/3645/676 846/3644/676
f 781/3709/677 780/3710/677 844/3646/677 845/3645/677
f 780/3710/678 779/3711/678 843/3647/678 844/3646/678
f 779/3711/679 778/3712/679 842/3648/679 843/3647/679
f 778/3712/680 777/3713/680 841/3649/680 842/3648/680
f 777/3713/2 776/3714/2 840/3650/2 841/3649/2
f 776/3714/2 775/3715/2 839/3651/2 840/3650/2
f 775/3715/2 774/3716/2 838/3652/2 839/3651/2
f 774/3716/2 773/24/2 837/26/2 838/3652/2
f 61/3717/1891 772/3718/1891 836/3654/1891 60/3653/1891
f 772/3718/1892 771/3719/1892 835/3655/1892 836/3654/1892
f 771/3719/1893 770/3720/1893 834/3656/1893 835/3655/1893
f 770/3720/1894 769/3721/1894 833/3657/1894 834/3656/1894
f 769/3721/1895 768/3722/1895 832/3658/1895 833/3657/1895
f 768/3722/1896 767/3723/1896 831/3659/1896 832/3658/1896
f 767/3723/1897 766/3724/1897 830/3660/1897 831/3659/1897
f 766/3724/1898 765/3725/1898 829/3661/1898 830/3660/1898
f 765/3725/1899 764/3726/1899 828/3662/1899 829/3661/1899
f 764/3726/1900 763/3727/1900 827/3663/1900 828/3662/1900
f 763/3727/1461 762/3728/1461 826/3664/1461 827/3663/1461
f 762/3728/1462 761/3729/1462 825/3665/1462 826/3664/1462
f 761/3729/1901 760/3730/1901 824/3666/1901 825/3665/1901
f 760/3730/1416 759/3731/1416 823/3667/1416 824/3666/1416
f 759/3731/1416 758/3732/1416 822/3668/1416 823/3667/1416
f 758/3732/1417 757/3733/1417 821/3669/1417 822/3668/1417
f 757/3733/1902 756/3734/1902 820/3670/1902 821/3669/1902
f 756/3734/1903 755/3735/1903 819/3671/1903 820/3670/1903
f 755/3735/1904 754/3736/1904 818/3672/1904 819/3671/1904
f 754/3736/1905 753/3737/1905 817/3673/1905 818/3672/1905
f 753/3737/1906 752/3738/1906 816/3674/1906 817/3673/1906
f 752/3738/1907 751/3739/1907 815/3675/1907 816/3674/1907
f 751/3739/1908 750/3740/1908 814/3676/1908 815/3675/1908
f 750/3740/1909 749/3741/1909 813/3677/1909 814/3676/1909
f 749/3741/1910 748/3742/1910 812/3678/1910 813/3677/1910
f 748/3742/1911 747/3743/1911 811/3679/1911 812/3678/1911
f 747/3743/1912 746/3744/1912 810/3680/1912 811/3679/1912
f 746/3744/1913 745/3745/1913 809/3681/1913 810/3680/1913
f 745/3745/1914 744/3746/1914 808/3682/1914 809/3681/1914
f 744/3746/1915 743/3747/1915 807/3683/1915 808/3682/1915
f 743/3747/1916 742/3748/1916 806/3684/1916 807/3683/1916
f 742/3748/1917 741/3749/1917 805/3685/1917 806/3684/1917
f 741/3749/1918 740/3750/1918 804/3686/1918 805/3685/1918
f 740/3750/1919 739/3751/1919 803/3687/1919 804/3686/1919
f 739/3751/1920 738/3752/1920 802/3688/1920 803/3687/1920
f 738/3752/1921 737/3753/1921 801/3689/1921 802/3688/1921
f 737/3753/1922 736/3754/1922 800/3690/1922 801/3689/1922
f 736/3754/1923 735/3755/1923 799/3691/1923 800/3690/1923
f 735/3755/1924 734/3756/1924 798/3692/1924 799/3691/1924
f 734/3756/1925 733/3757/1925 797/3693/1925 798/3692/1925
f 733/3757/1926 732/3758/1926 796/3694/1926 797/3693/1926
f 732/3758/1927 731/3759/1927 795/3695/1927 796/3694/1927
f 731/3759/1928 730/3760/1928 794/3696/1928 795/3695/1928
f 730/3760/1929 729/3761/1929 793/3697/1929 794/3696/1929
f 729/3761/1930 728/3762/1930 792/3698/1930 793/3697/1930
f 728/3762/1931 727/3763/1931 791/3699/1931 792/3698/1931
f 727/3763/1932 726/3764/1932 790/3700/1932 791/3699/1932
f 726/3764/1933 725/3765/1933 789/3701/1933 790/3700/1933
f 725/3765/1934 724/3766/1934 788/3702/1934 789/3701/1934
f 724/3766/1935 723/3767/1935 787/3703/1935 788/3702/1935
f 723/3767/1936 722/3768/1936 786/3704/1936 787/3703/1936
f 722/3768/1937 721/3769/1937 785/3705/1937 786/3704/1937
f 721/3769/1938 720/3770/1938 784/3706/1938 785/3705/1938
f 720/3770/1939 719/3771/1939 783/3707/1939 784/3706/1939
f 719/3771/1940 718/3772/1940 782/3708/1940 783/3707/1940
f 718/3772/725 717/3773/725 781/3709/725 782/3708/725
f 717/3773/726 716/3774/726 780/3710/726 781/3709/726
f 716/3774/727 715/3775/727 779/3711/727 780/3710/727
f 715/3775/728 714/3776/728 778/3712/728 779/3711/728
f 714/3776/729 713/3777/729 777/3713/729 778/3712/729
f 713/3777/2 712/3778/2 776/3714/2 777/3713/2
f 712/3778/2 711/3779/2 775/3715/2 776/3714/2
f 711/3779/2 710/3780/2 774/3716/2 775/3715/2
f 710/3780/2 709/22/2 773/24/2 774/3716/2
f 62/3781/1941 708/3782/1941 772/3718/1941 61/3717/1941
f 708/3782/1942 707/3783/1942 771/3719/1942 772/3718/1942
f 707/3783/1943 706/3784/1943 770/3720/1943 771/3719/1943
f 706/3784/1944 705/3785/1944 769/3721/1944 770/3720/1944
f 705/3785/1945 704/3786/1945 768/3722/1945 769/3721/1945
f 704/3786/1946 703/3787/1946 767/3723/1946 768/3722/1946
f 703/3787/1947 702/3788/1947 766/3724/1947 767/3723/1947
f 702/3788/1948 701/3789/1948 765/3725/1948 766/3724/1948
f 701/3789/1949 700/3790/1949 764/3726/1949 765/3725/1949
f 700/3790/1950 699/3791/1950 763/3727/1950 764/3726/1950
f 699/3791/1951 698/3792/1951 762/3728/1951 763/3727/1951
f 698/3792/1601 697/3793/1601 761/3729/1601 762/3728/1601
f 697/3793/1461 696/3794/1461 760/3730/1461 761/3729/1461
f 696/3794/1461 695/3795/1461 759/3731/1461 760/3730/1461
f 695/3795/1461 694/3796/1461 758/3732/1461 759/3731/1461
f 694/3796/1462 693/3797/1462 757/3733/1462 758/3732/1462
f 693/3797/1901 692/3798/1901 756/3734/1901 757/3733/1901
f 692/3798/1416 691/3799/1416 755/3735/1416 756/3734/1416
f 691/3799/1952 690/3800/1952 754/3736/1952 755/3735/1952
f 690/3800/1953 689/3801/1953 753/3737/1953 754/3736/1953
f 689/3801/1954 688/3802/1954 752/3738/1954 753/3737/1954
f 688/3802/1955 687/3803/1955 751/3739/1955 752/3738/1955
f 687/3803/1956 686/3804/1956 750/3740/1956 751/3739/1956
f 686/3804/1957 685/3805/1957 749/3741/1957 750/3740/1957
f 685/3805/1958 684/3806/1958 748/3742/1958 749/3741/1958
f 684/3806/1959 683/3807/1959 747/3743/1959 748/3742/1959
f 683/3807/1960 682/3808/1960 746/3744/1960 747/3743/1960
f 682/3808/1961 681/3809/1961 745/3745/1961 746/3744/1961
f 681/3809/1962 680/3810/1962 744/3746/1962 745/3745/1962
f 680/3810/1963 679/3811/1963 743/3747/1963 744/3746/1963
f 679/3811/1964 678/3812/1964 742/3748/1964 743/3747/1964
f 678/3812/1965 677/3813/1965 741/3749/1965 742/3748/1965
f 677/3813/1966 676/3814/1966 740/3750/1966 741/3749/1966
f 676/3814/1967 675/3815/1967 739/3751/1967 740/3750/1967
f 675/3815/1968 674/3816/1968 738/3752/1968 739/3751/1968
f 674/3816/1969 673/3817/1969 737/3753/1969 738/3752/1969
f 673/3817/1970 672/3818/1970 736/3754/1970 737/3753/1970
f 672/3818/1971 671/3819/1971 735/3755/1971 736/3754/1971
f 671/3819/1972 670/3820/1972 734/3756/1972 735/3755/1972
f 670/3820/1973 669/3821/1973 733/3757/1973 734/3756/1973
f 669/3821/1974 668/3822/1974 732/3758/1974 733/3757/1974
f 668/3822/1975 667/3823/1975 731/3759/1975 732/3758/1975
f 667/3823/1976 666/3824/1976 730/3760/1976 731/3759/1976
f 666/3824/1977 665/3825/1977 729/3761/1977 730/3760/1977
f 665/3825/1978 664/3826/1978 728/3762/1978 729/3761/1978
f 664/3826/1979 663/3827/1979 727/3763/1979 728/3762/1979
f 663/3827/1980 662/3828/1980 726/3764/1980 727/3763/1980
f 662/3828/1981 661/3829/1981 725/3765/1981 726/3764/1981
f 661/3829/1982 660/3830/1982 724/3766/1982 725/3765/1982
f 660/3830/1983 659/3831/1983 723/3767/1983 724/3766/1983
f 659/3831/1984 658/3832/1984 722/3768/1984 723/3767/1984
f 658/3832/1985 657/3833/1985 721/3769/1985 722/3768/1985
f 657/3833/1986 656/3834/1986 720/3770/1986 721/3769/1986
f 656/3834/1987 655/3835/1987 719/3771/1987 720/3770/1987
f 655/3835/774 654/3836/774 718/3772/774 719/3771/774
f 654/3836/775 653/3837/775 717/3773/775 718/3772/775
f 653/3837/776 652/3838/776 716/3774/776 717/3773/776
f 652/3838/777 651/3839/777 715/3775/777 716/3774/777
f 651/3839/778 650/3840/778 714/3776/778 715/3775/778
f 650/3840/779 649/3841/779 713/3777/779 714/3776/779
f 649/3841/2 648/3842/2 712/3778/2 713/3777/2
f 648/3842/2 647/3843/2 711/3779/2 712/3778/2
f 647/3843/2 646/3844/2 710/3780/2 711/3779/2
f 646/3844/2 645/20/2 709/22/2 710/3780/2
f 63/3845/1988 644/3846/1988 708/3782/1988 62/3781/1988
f 644/3846/1989 643/3847/1989 707/3783/1989 708/3782/1989
f 643/3847/1990 642/3848/1990 706/3784/1990 707/3783/1990
f 642/3848/1991 641/3849/1991 705/3785/1991 706/3784/1991
f 641/3849/1992 640/3850/1992 704/3786/1992 705/3785/1992
f 640/3850/1993 639/3851/1993 703/3787/1993 704/3786/1993
f 639/3851/1994 638/3852/1994 702/3788/1994 703/3787/1994
f 638/3852/1995 637/3853/1995 701/3789/1995 702/3788/1995
f 637/3853/1996 636/3854/1996 700/3790/1996 701/3789/1996
f 636/3854/1997 635/3855/1997 699/3791/1997 700/3790/1997
f 635/3855/1998 634/3856/1998 698/3792/1998 699/3791/1998
f 634/3856/1999 633/3857/1999 697/3793/1999 698/3792/1999
f 633/3857/2 632/3858/2 696/3794/2 697/3793/2
f 632/3858/2 631/3859/2 695/3795/2 696/3794/2
f 631/3859/2 630/3860/2 694/3796/2 695/3795/2
f 630/3860/1601 629/3861/1601 693/3797/1601 694/3796/1601
f 629/3861/1461 628/3862/1461 692/3798/1461 693/3797/1461
f 628/3862/1461 627/3863/1461 691/3799/1461 692/3798/1461
f 627/3863/1461 626/3864/1461 690/3800/1461 691/3799/1461
f 626/3864/1462 625/3865/1462 689/3801/1462 690/3800/1462
f 625/3865/1901 624/3866/1901 688/3802/1901 689/3801/1901
f 624/3866/2000 623/3867/2000 687/3803/2000 688/3802/2000
f 623/3867/2001 622/3868/2001 686/3804/2001 687/3803/2001
f 622/3868/2002 621/3869/2002 685/3805/2002 686/3804/2002
f 621/3869/2003 620/3870/2003 684/3806/2003 685/3805/2003
f 620/3870/2004 619/3871/2004 683/3807/2004 684/3806/2004
f 619/3871/2005 618/3872/2005 682/3808/2005 683/3807/2005
f 618/3872/2006 617/3873/2006 681/3809/2006 682/3808/2006
f 617/3873/2007 616/3874/2007 680/3810/2007 681/3809/2007
f 616/3874/2008 615/3875/2008 679/3811/2008 680/3810/2008
f 615/3875/2009 614/3876/2009 678/3812/2009 679/3811/2009
f 614/3876/2010 613/3877/2010 677/3813/2010 678/3812/2010
f 613/3877/2011 612/3878/2011 676/3814/2011 677/3813/2011
f 612/3878/2012 611/3879/2012 675/3815/2012 676/3814/2012
f 611/3879/2013 610/3880/2013 674/3816/2013 675/3815/2013
f 610/3880/2014 609/3881/2014 673/3817/2014 674/3816/2014
f 609/3881/2015 608/3882/2015 672/3818/2015 673/3817/2015
f 608/3882/2016 607/3883/2016 671/3819/2016 672/3818/2016
f 607/3883/2017 606/3884/2017 670/3820/2017 671/3819/2017
f 606/3884/2018 605/3885/2018 669/3821/2018 670/3820/2018
f 605/3885/2019 604/3886/2019 668/3822/2019 669/3821/2019
f 604/3886/2020 603/3887/2020 667/3823/2020 668/3822/2020
f 603/3887/2021 602/3888/2021 666/3824/2021 667/3823/2021
f 602/3888/2022 601/3889/2022 665/3825/2022 666/3824/2022
f 601/3889/2023 600/3890/2023 664/3826/2023 665/3825/2023
f 600/3890/2024 599/3891/2024 663/3827/2024 664/3826/2024
f 599/3891/2025 598/3892/2025 662/3828/2025 663/3827/2025
f 598/3892/2026 597/3893/2026 661/3829/2026 662/3828/2026
f 597/3893/2027 596/3894/2027 660/3830/2027 661/3829/2027
f 596/3894/2028 595/3895/2028 659/3831/2028 660/3830/2028
f 595/3895/2029 594/3896/2029 658/3832/2029 659/3831/2029
f 594/3896/2030 593/3897/2030 657/3833/2030 658/3832/2030
f 593/3897/2031 592/3898/2031 656/3834/2031 657/3833/2031
f 592/3898/822 591/3899/822 655/3835/822 656/3834/822
f 591/3899/823 590/3900/823 654/3836/823 655/3835/823
f 590/3900/824 589/3901/824 653/3837/824 654/3836/824
f 589/3901/825 588/3902/825 652/3838/825 653/3837/825
f 588/3902/826 587/3903/826 651/3839/826 652/3838/826
f 587/3903/827 586/3904/827 650/3840/827 651/3839/827
f 586/3904/2 585/3905/2 649/3841/2 650/3840/2
f 585/3905/2 584/3906/2 648/3842/2 649/3841/2
f 584/3906/2 583/3907/2 647/3843/2 648/3842/2
f 583/3907/2 582/3908/2 646/3844/2 647/3843/2
f 582/3908/2 581/18/2 645/20/2 646/3844/2
f 64/3909/2032 580/3910/2032 644/3846/2032 63/3845/2032
f 580/3910/2033 579/3911/2033 643/3847/2033 644/3846/2033
f 579/3911/2034 578/3912/2034 642/3848/2034 643/3847/2034
f 578/3912/2035 577/3913/2035 641/3849/2035 642/3848/2035
f 577/3913/2036 576/3914/2036 640/3850/2036 641/3849/2036
f 576/3914/2037 575/3915/2037 639/3851/2037 640/3850/2037
f 575/3915/2038 574/3916/2038 638/3852/2038 639/3851/2038
f 574/3916/2039 573/3917/2039 637/3853/2039 638/3852/2039
f 573/3917/2040 572/3918/2040 636/3854/2040 637/3853/2040
f 572/3918/2041 571/3919/2041 635/3855/2041 636/3854/2041
f 571/3919/2042 570/3920/2042 634/3856/2042 635/3855/2042
f 570/3920/2043 569/3921/2043 633/3857/2043 634/3856/2043
f 569/3921/2 568/3922/2 632/3858/2 633/3857/2
f 568/3922/2 567/3923/2 631/3859/2 632/3858/2
f 567/3923/2 566/3924/2 630/3860/2 631/3859/2
f 566/3924/2 565/3925/2 629/3861/2 630/3860/2
f 565/3925/2 564/3926/2 628/3862/2 629/3861/2
f 564/3926/2 563/3927/2 627/3863/2 628/3862/2
f 563/3927/2 562/3928/2 626/3864/2 627/3863/2
f 562/3928/1601 561/3929/1601 625/3865/1601 626/3864/1601
f 561/3929/1461 560/3930/1461 624/3866/1461 625/3865/1461
f 560/3930/1461 559/3931/1461 623/3867/1461 624/3866/1461
f 559/3931/1462 558/3932/1462 622/3868/1462 623/3867/1462
f 558/3932/1901 557/3933/1901 621/3869/1901 622/3868/1901
f 557/3933/1416 556/3934/1416 620/3870/1416 621/3869/1416
f 556/3934/1416 555/3935/1416 619/3871/1416 620/3870/1416
f 555/3935/2044 554/3936/2044 618/3872/2044 619/3871/2044
f 554/3936/2045 553/3937/2045 617/3873/2045 618/3872/2045
f 553/3937/2046 552/3938/2046 616/3874/2046 617/3873/2046
f 552/3938/2047 551/3939/2047 615/3875/2047 616/3874/2047
f 551/3939/2048 550/3940/2048 614/3876/2048 615/3875/2048
f 550/3940/2049 549/3941/2049 613/3877/2049 614/3876/2049
f 549/3941/2050 548/3942/2050 612/3878/2050 613/3877/2050
f 548/3942/2051 547/3943/2051 611/3879/2051 612/3878/2051
f 547/3943/2052 546/3944/2052 610/3880/2052 611/3879/2052
f 546/3944/2053 545/3945/2053 609/3881/2053 610/3880/2053
f 545/3945/2054 544/3946/2054 608/3882/2054 609/3881/2054
f 544/3946/2055 543/3947/2055 607/3883/2055 608/3882/2055
f 543/3947/2056 542/3948/2056 606/3884/2056 607/3883/2056
f 542/3948/2057 541/3949/2057 605/3885/2057 606/3884/2057
f 541/3949/2058 540/3950/2058 604/3886/2058 605/3885/2058
f 540/3950/2059 539/3951/2059 603/3887/2059 604/3886/2059
f 539/3951/2060 538/3952/2060 602/3888/2060 603/3887/2060
f 538/3952/2061 537/3953/2061 601/3889/2061 602/3888/2061
f 537/3953/2062 536/3954/2062 600/3890/2062 601/3889/2062
f 536/3954/2063 535/3955/2063 599/3891/2063 600/3890/2063
f 535/3955/2064 534/3956/2064 598/3892/2064 599/3891/2064
f 534/3956/2065 533/3957/2065 597/3893/2065 598/3892/2065
f 533/3957/2066 532/3958/2066 596/3894/2066 597/3893/2066
f 532/3958/2067 531/3959/2067 595/3895/2067 596/3894/2067
f 531/3959/2068 530/3960/2068 594/3896/2068 595/3895/2068
f 530/3960/2069 529/3961/2069 593/3897/2069 594/3896/2069
f 529/3961/2070 528/3962/2070 592/3898/2070 593/3897/2070
f 528/3962/870 527/3963/870 591/3899/870 592/3898/870
f 527/3963/871 526/3964/871 590/3900/871 591/3899/871
f 526/3964/872 525/3965/872 589/3901/872 590/3900/872
f 525/3965/873 524/3966/873 588/3902/873 589/3901/873
f 524/3966/874 523/3967/874 587/3903/874 588/3902/874
f 523/3967/875 522/3968/875 586/3904/875 587/3903/875
f 522/3968/2 521/3969/2 585/3905/2 586/3904/2
f 521/3969/2 520/3970/2 584/3906/2 585/3905/2
f 520/3970/2 519/3971/2 583/3907/2 584/3906/2
f 519/3971/2 518/3972/2 582/3908/2 583/3907/2
f 518/3972/2 517/16/2 581/18/2 582/3908/2
f 65/3973/2071 516/3974/2071 580/3910/2071 64/3909/2071
f 516/3974/2072 515/3975/2072 579/3911/2072 580/3910/2072
f 515/3975/2073 514/3976/2073 578/3912/2073 579/3911/2073
f 514/3976/2074 513/3977/2074 577/3913/2074 578/3912/2074
f 513/3977/2075 512/3978/2075 576/3914/2075 577/3913/2075
f 512/3978/2076 511/3979/2076 575/3915/2076 576/3914/2076
f 511/3979/2077 510/3980/2077 574/3916/2077 575/3915/2077
f 510/3980/2078 509/3981/2078 573/3917/2078 574/3916/2078
f 509/3981/2079 508/3982/2079 572/3918/2079 573/3917/2079
f 508/3982/2080 507/3983/2080 571/3919/2080 572/3918/2080
f 507/3983/2081 506/3984/2081 570/3920/2081 571/3919/2081
f 506/3984/2082 505/3985/2082 569/3921/2082 570/3920/2082
f 505/3985/2083 504/3986/2083 568/3922/2083 569/3921/2083
f 504/3986/2 503/3987/2 567/3923/2 568/3922/2
f 503/3987/2 502/3988/2 566/3924/2 567/3923/2
f 502/3988/2 501/3989/2 565/3925/2 566/3924/2
f 501/3989/2 500/3990/2 564/3926/2 565/3925/2
f 500/3990/2 499/3991/2 563/3927/2 564/3926/2
f 499/3991/2 498/3992/2 562/3928/2 563/3927/2
f 498/3992/2 497/3993/2 561/3929/2 562/3928/2
f 497/3993/2 496/3994/2 560/3930/2 561/3929/2
f 496/3994/2 495/3995/2 559/3931/2 560/3930/2
f 495/3995/1601 494/3996/1601 558/3932/1601 559/3931/1601
f 494/3996/1461 493/3997/1461 557/3933/1461 558/3932/1461
f 493/3997/1461 492/3998/1461 556/3934/1461 557/3933/1461
f 492/3998/1461 491/3999/1461 555/3935/1461 556/3934/1461
f 491/3999/1462 490/4000/1462 554/3936/1462 555/3935/1462
f 490/4000/2084 489/4001/2084 553/3937/2084 554/3936/2084
f 489/4001/2085 488/4002/2085 552/3938/2085 553/3937/2085
f 488/4002/2086 487/4003/2086 551/3939/2086 552/3938/2086
f 487/4003/2087 486/4004/2087 550/3940/2087 551/3939/2087
f 486/4004/2088 485/4005/2088 549/3941/2088 550/3940/2088
f 485/4005/2089 484/4006/2089 548/3942/2089 549/3941/2089
f 484/4006/2090 483/4007/2090 547/3943/2090 548/3942/2090
f 483/4007/2091 482/4008/2091 546/3944/2091 547/3943/2091
f 482/4008/2092 481/4009/2092 545/3945/2092 546/3944/2092
f 481/4009/2093 480/4010/2093 544/3946/2093 545/3945/2093
f 480/4010/2094 479/4011/2094 543/3947/2094 544/3946/2094
f 479/4011/2095 478/4012/2095 542/3948/2095 543/3947/2095
f 478/4012/2096 477/4013/2096 541/3949/2096 542/3948/2096
f 477/4013/2097 476/4014/2097 540/3950/2097 541/3949/2097
f 476/4014/2098 475/4015/2098 539/3951/2098 540/3950/2098
f 475/4015/2099 474/4016/2099 538/3952/2099 539/3951/2099
f 474/4016/2100 473/4017/2100 537/3953/2100 538/3952/2100
f 473/4017/2101 472/4018/2101 536/3954/2101 537/3953/2101
f 472/4018/2102 471/4019/2102 535/3955/2102 536/3954/2102
f 471/4019/2103 470/4020/2103 534/3956/2103 535/3955/2103
f 470/4020/2104 469/4021/2104 533/3957/2104 534/3956/2104
f 469/4021/2105 468/4022/2105 532/3958/2105 533/3957/2105
f 468/4022/2106 467/4023/2106 531/3959/2106 532/3958/2106
f 467/4023/2107 466/4024/2107 530/3960/2107 531/3959/2107
f 466/4024/2108 465/4025/2108 529/3961/2108 530/3960/2108
f 465/4025/912 464/4026/912 528/3962/912 529/3961/912
f 464/4026/913 463/4027/913 527/3963/913 528/3962/913
f 463/4027/914 462/4028/914 526/3964/914 527/3963/914
f 462/4028/915 461/4029/915 525/3965/915 526/3964/915
f 461/4029/916 460/4030/916 524/3966/916 525/3965/916
f 460/4030/917 459/4031/917 523/3967/917 524/3966/917
f 459/4031/2 458/4032/2 522/3968/2 523/3967/2
f 458/4032/2 457/4033/2 521/3969/2 522/3968/2
f 457/4033/2 456/4034/2 520/3970/2 521/3969/2
f 456/4034/2 455/4035/2 519/3971/2 520/3970/2
f 455/4035/2 454/4036/2 518/3972/2 519/3971/2
f 454/4036/2 453/14/2 517/16/2 518/3972/2
f 66/4037/2109 452/4038/2109 516/3974/2109 65/3973/2109
f 452/4038/2110 451/4039/2110 515/3975/2110 516/3974/2110
f 451/4039/2111 450/4040/2111 514/3976/2111 515/3975/2111
f 450/4040/2112 449/4041/2112 513/3977/2112 514/3976/2112
f 449/4041/2113 448/4042/2113 512/3978/2113 513/3977/2113
f 448/4042/2114 447/4043/2114 511/3979/2114 512/3978/2114
f 447/4043/2115 446/4044/2115 510/3980/2115 511/3979/2115
f 446/4044/2116 445/4045/2116 509/3981/2116 510/3980/2116
f 445/4045/2117 444/4046/2117 508/3982/2117 509/3981/2117
f 444/4046/2118 443/4047/2118 507/3983/2118 508/3982/2118
f 443/4047/2119 442/4048/2119 506/3984/2119 507/3983/2119
f 442/4048/2120 441/4049/2120 505/3985/2120 506/3984/2120
f 441/4049/2121 440/4050/2121 504/3986/2121 505/3985/2121
f 440/4050/2122 439/4051/2122 503/3987/2122 504/3986/2122
f 439/4051/2122 438/4052/2122 502/3988/2122 503/3987/2122
f 438/4052/1553 437/4053/1553 501/3989/1553 502/3988/1553
f 437/4053/2 436/4054/2 500/3990/2 501/3989/2
f 436/4054/2 435/4055/2 499/3991/2 500/3990/2
f 435/4055/2 434/4056/2 498/3992/2 499/3991/2
f 434/4056/2 433/4057/2 497/3993/2 498/3992/2
f 433/4057/2 432/4058/2 496/3994/2 497/3993/2
f 432/4058/2 431/4059/2 495/3995/2 496/3994/2
f 431/4059/2 430/4060/2 494/3996/2 495/3995/2
f 430/4060/2 429/4061/2 493/3997/2 494/3996/2
f 429/4061/2 428/4062/2 492/3998/2 493/3997/2
f 428/4062/2 427/4063/2 491/3999/2 492/3998/2
f 427/4063/1601 426/4064/1601 490/4000/1601 491/3999/1601
f 426/4064/2123 425/4065/2123 489/4001/2123 490/4000/2123
f 425/4065/2124 424/4066/2124 488/4002/2124 489/4001/2124
f 424/4066/2125 423/4067/2125 487/4003/2125 488/4002/2125
f 423/4067/2126 422/4068/2126 486/4004/2126 487/4003/2126
f 422/4068/2127 421/4069/2127 485/4005/2127 486/4004/2127
f 421/4069/2128 420/4070/2128 484/4006/2128 485/4005/2128
f 420/4070/2129 419/4071/2129 483/4007/2129 484/4006/2129
f 419/4071/2130 418/4072/2130 482/4008/2130 483/4007/2130
f 418/4072/2131 417/4073/2131 481/4009/2131 482/4008/2131
f 417/4073/2132 416/4074/2132 480/4010/2132 481/4009/2132
f 416/4074/2133 415/4075/2133 479/4011/2133 480/4010/2133
f 415/4075/2134 414/4076/2134 478/4012/2134 479/4011/2134
f 414/4076/2135 413/4077/2135 477/4013/2135 478/4012/2135
f 413/4077/2136 412/4078/2136 476/4014/2136 477/4013/2136
f 412/4078/2137 411/4079/2137 475/4015/2137 476/4014/2137
f 411/4079/2138 410/4080/2138 474/4016/2138 475/4015/2138
f 410/4080/2139 409/4081/2139 473/4017/2139 474/4016/2139
f 409/4081/2140 408/4082/2140 472/4018/2140 473/4017/2140
f 408/4082/2141 407/4083/2141 471/4019/2141 472/4018/2141
f 407/4083/2142 406/4084/2142 470/4020/2142 471/4019/2142
f 406/4084/2143 405/4085/2143 469/4021/2143 470/4020/2143
f 405/4085/2144 404/4086/2144 468/4022/2144 469/4021/2144
f 404/4086/2145 403/4087/2145 467/4023/2145 468/4022/2145
f 403/4087/2146 402/4088/2146 466/4024/2146 467/4023/2146
f 402/4088/2147 401/4089/2147 465/4025/2147 466/4024/2147
f 401/4089/952 400/4090/952 464/4026/952 465/4025/952
f 400/4090/953 399/4091/953 463/4027/953 464/4026/953
f 399/4091/954 398/4092/954 462/4028/954 463/4027/954
f 398/4092/955 397/4093/955 461/4029/955 462/4028/955
f 397/4093/875 396/4094/875 460/4030/875 461/4029/875
f 396/4094/2 395/4095/2 459/4031/2 460/4030/2
f 395/4095/2 394/4096/2 458/4032/2 459/4031/2
f 394/4096/2 393/4097/2 457/4033/2 458/4032/2
f 393/4097/2 392/4098/2 456/4034/2 457/4033/2
f 392/4098/2 391/4099/2 455/4035/2 456/4034/2
f 391/4099/2 390/4100/2 454/4036/2 455/4035/2
f 390/4100/2 389/12/2 453/14/2 454/4036/2
f 67/4101/2148 388/4102/2148 452/4038/2148 66/4037/2148
f 388/4102/2149 387/4103/2149 451/4039/2149 452/4038/2149
f 387/4103/2150 386/4104/2150 450/4040/2150 451/4039/2150
f 386/4104/2151 385/4105/2151 449/4041/2151 450/4040/2151
f 385/4105/2152 384/4106/2152 448/4042/2152 449/4041/2152
f 384/4106/2153 383/4107/2153 447/4043/2153 448/4042/2153
f 383/4107/2154 382/4108/2154 446/4044/2154 447/4043/2154
f 382/4108/2155 381/4109/2155 445/4045/2155 446/4044/2155
f 381/4109/2156 380/4110/2156 444/4046/2156 445/4045/2156
f 380/4110/2157 379/4111/2157 443/4047/2157 444/4046/2157
f 379/4111/2158 378/4112/2158 442/4048/2158 443/4047/2158
f 378/4112/2159 377/4113/2159 441/4049/2159 442/4048/2159
f 377/4113/2160 376/4114/2160 440/4050/2160 441/4049/2160
f 376/4114/2161 375/4115/2161 439/4051/2161 440/4050/2161
f 375/4115/2162 374/4116/2162 438/4052/2162 439/4051/2162
f 374/4116/1552 373/4117/1552 437/4053/1552 438/4052/1552
f 373/4117/2122 372/4118/2122 436/4054/2122 437/4053/2122
f 372/4118/2122 371/4119/2122 435/4055/2122 436/4054/2122
f 371/4119/2122 370/4120/2122 434/4056/2122 435/4055/2122
f 370/4120/1553 369/4121/1553 433/4057/1553 434/4056/1553
f 369/4121/2 368/4122/2 432/4058/2 433/4057/2
f 368/4122/2 367/4123/2 431/4059/2 432/4058/2
f 367/4123/2 366/4124/2 430/4060/2 431/4059/2
f 366/4124/2 365/4125/2 429/4061/2 430/4060/2
f 365/4125/2 364/4126/2 428/4062/2 429/4061/2
f 364/4126/2 363/4127/2 427/4063/2 428/4062/2
f 363/4127/2 362/4128/2 426/4064/2 427/4063/2
f 362/4128/2 361/4129/2 425/4065/2 426/4064/2
f 361/4129/2163 360/4130/2163 424/4066/2163 425/4065/2163
f 360/4130/2164 359/4131/2164 423/4067/2164 424/4066/2164
f 359/4131/2165 358/4132/2165 422/4068/2165 423/4067/2165
f 358/4132/2166 357/4133/2166 421/4069/2166 422/4068/2166
f 357/4133/2167 356/4134/2167 420/4070/2167 421/4069/2167
f 356/4134/2168 355/4135/2168 419/4071/2168 420/4070/2168
f 355/4135/2169 354/4136/2169 418/4072/2169 419/4071/2169
f 354/4136/2170 353/4137/2170 417/4073/2170 418/4072/2170
f 353/4137/2171 352/4138/2171 416/4074/2171 417/4073/2171
f 352/4138/2172 351/4139/2172 415/4075/2172 416/4074/2172
f 351/4139/2173 350/4140/2173 414/4076/2173 415/4075/2173
f 350/4140/2174 349/4141/2174 413/4077/2174 414/4076/2174
f 349/4141/2175 348/4142/2175 412/4078/2175 413/4077/2175
f 348/4142/2176 347/4143/2176 411/4079/2176 412/4078/2176
f 347/4143/2177 346/4144/2177 410/4080/2177 411/4079/2177
f 346/4144/2178 345/4145/2178 409/4081/2178 410/4080/2178
f 345/4145/2179 344/4146/2179 408/4082/2179 409/4081/2179
f 344/4146/2180 343/4147/2180 407/4083/2180 408/4082/2180
f 343/4147/2181 342/4148/2181 406/4084/2181 407/4083/2181
f 342/4148/2182 341/4149/2182 405/4085/2182 406/4084/2182
f 341/4149/2183 340/4150/2183 404/4086/2183 405/4085/2183
f 340/4150/2184 339/4151/2184 403/4087/2184 404/4086/2184
f 339/4151/2185 338/4152/2185 402/4088/2185 403/4087/2185
f 338/4152/987 337/4153/987 401/4089/987 402/4088/987
f 337/4153/988 336/4154/988 400/4090/988 401/4089/988
f 336/4154/989 335/4155/989 399/4091/989 400/4090/989
f 335/4155/779 334/4156/779 398/4092/779 399/4091/779
f 334/4156/2 333/4157/2 397/4093/2 398/4092/2
f 333/4157/2 332/4158/2 396/4094/2 397/4093/2
f 332/4158/2 331/4159/2 395/4095/2 396/4094/2
f 331/4159/2 330/4160/2 394/4096/2 395/4095/2
f 330/4160/2 329/4161/2 393/4097/2 394/4096/2
f 329/4161/2 328/4162/2 392/4098/2 393/4097/2
f 328/4162/2 327/4163/2 391/4099/2 392/4098/2
f 327/4163/2 326/4164/2 390/4100/2 391/4099/2
f 326/4164/2 325/10/2 389/12/2 390/4100/2
f 68/4165/2186 324/4166/2186 388/4102/2186 67/4101/2186
f 324/4166/2187 323/4167/2187 387/4103/2187 388/4102/2187
f 323/4167/2188 322/4168/2188 386/4104/2188 387/4103/2188
f 322/4168/2189 321/4169/2189 385/4105/2189 386/4104/2189
f 321/4169/2190 320/4170/2190 384/4106/2190 385/4105/2190
f 320/4170/2191 319/4171/2191 383/4107/2191 384/4106/2191
f 319/4171/2192 318/4172/2192 382/4108/2192 383/4107/2192
f 318/4172/2193 317/4173/2193 381/4109/2193 382/4108/2193
f 317/4173/2194 316/4174/2194 380/4110/2194 381/4109/2194
f 316/4174/2195 315/4175/2195 379/4111/2195 380/4110/2195
f 315/4175/2196 314/4176/2196 378/4112/2196 379/4111/2196
f 314/4176/2197 313/4177/2197 377/4113/2197 378/4112/2197
f 313/4177/2198 312/4178/2198 376/4114/2198 377/4113/2198
f 312/4178/2199 311/4179/2199 375/4115/2199 376/4114/2199
f 311/4179/2200 310/4180/2200 374/4116/2200 375/4115/2200
f 310/4180/2201 309/4181/2201 373/4117/2201 374/4116/2201
f 309/4181/2161 308/4182/2161 372/4118/2161 373/4117/2161
f 308/4182/2161 307/4183/2161 371/4119/2161 372/4118/2161
f 307/4183/2162 306/4184/2162 370/4120/2162 371/4119/2162
f 306/4184/1552 305/4185/1552 369/4121/1552 370/4120/1552
f 305/4185/2122 304/4186/2122 368/4122/2122 369/4121/2122
f 304/4186/2122 303/4187/2122 367/4123/2122 368/4122/2122
f 303/4187/1553 302/4188/1553 366/4124/1553 367/4123/1553
f 302/4188/2 301/4189/2 365/4125/2 366/4124/2
f 301/4189/2 300/4190/2 364/4126/2 365/4125/2
f 300/4190/2 299/4191/2 363/4127/2 364/4126/2
f 299/4191/2 298/4192/2 362/4128/2 363/4127/2
f 298/4192/2 297/4193/2 361/4129/2 362/4128/2
f 297/4193/2202 296/4194/2202 360/4130/2202 361/4129/2202
f 296/4194/2203 295/4195/2203 359/4131/2203 360/4130/2203
f 295/4195/2204 294/4196/2204 358/4132/2204 359/4131/2204
f 294/4196/2205 293/4197/2205 357/4133/2205 358/4132/2205
f 293/4197/2206 292/4198/2206 356/4134/2206 357/4133/2206
f 292/4198/2207 291/4199/2207 355/4135/2207 356/4134/2207
f 291/4199/2208 290/4200/2208 354/4136/2208 355/4135/2208
f 290/4200/2209 289/4201/2209 353/4137/2209 354/4136/2209
f 289/4201/2210 288/4202/2210 352/4138/2210 353/4137/2210
f 288/4202/2211 287/4203/2211 351/4139/2211 352/4138/2211
f 287/4203/2212 286/4204/2212 350/4140/2212 351/4139/2212
f 286/4204/2213 285/4205/2213 349/4141/2213 350/4140/2213
f 285/4205/2214 284/4206/2214 348/4142/2214 349/4141/2214
f 284/4206/2215 283/4207/2215 347/4143/2215 348/4142/2215
f 283/4207/2216 282/4208/2216 346/4144/2216 347/4143/2216
f 282/4208/2217 281/4209/2217 345/4145/2217 346/4144/2217
f 281/4209/2218 280/4210/2218 344/4146/2218 345/4145/2218
f 280/4210/2219 279/4211/2219 343/4147/2219 344/4146/2219
f 279/4211/2220 278/4212/2220 342/4148/2220 343/4147/2220
f 278/4212/2221 277/4213/2221 341/4149/2221 342/4148/2221
f 277/4213/2222 276/4214/2222 340/4150/2222 341/4149/2222
f 276/4214/2223 275/4215/2223 339/4151/2223 340/4150/2223
f 275/4215/2224 274/4216/2224 338/4152/2224 339/4151/2224
f 274/4216/632 273/4217/632 337/4153/632 338/4152/632
f 273/4217/2 272/4218/2 336/4154/2 337/4153/2
f 272/4218/2 271/4219/2 335/4155/2 336/4154/2
f 271/4219/2 270/4220/2 334/4156/2 335/4155/2
f 270/4220/2 269/4221/2 333/4157/2 334/4156/2
f 269/4221/2 268/4222/2 332/4158/2 333/4157/2
f 268/4222/2 267/4223/2 331/4159/2 332/4158/2
f 267/4223/2 266/4224/2 330/4160/2 331/4159/2
f 266/4224/2 265/4225/2 329/4161/2 330/4160/2
f 265/4225/2 264/4226/2 328/4162/2 329/4161/2
f 264/4226/2 263/4227/2 327/4163/2 328/4162/2
f 263/4227/2 262/4228/2 326/4164/2 327/4163/2
f 262/4228/2 261/8/2 325/10/2 326/4164/2
f 1/4229/2225 133/4230/2225 324/4166/2225 68/4165/2225
f 133/4230/2226 134/4231/2226 323/4167/2226 324/4166/2226
f 134/4231/2227 135/4232/2227 322/4168/2227 323/4167/2227
f 135/4232/2228 136/4233/2228 321/4169/2228 322/4168/2228
f 136/4233/2229 137/4234/2229 320/4170/2229 321/4169/2229
f 137/4234/2230 138/4235/2230 319/4171/2230 320/4170/2230
f 138/4235/2231 139/4236/2231 318/4172/2231 319/4171/2231
f 139/4236/2232 140/4237/2232 317/4173/2232 318/4172/2232
f 140/4237/2233 141/4238/2233 316/4174/2233 317/4173/2233
f 141/4238/2234 142/4239/2234 315/4175/2234 316/4174/2234
f 142/4239/2235 143/4240/2235 314/4176/2235 315/4175/2235
f 143/4240/2236 144/4241/2236 313/4177/2236 314/4176/2236
f 144/4241/2237 145/4242/2237 312/4178/2237 313/4177/2237
f 145/4242/2238 146/4243/2238 311/4179/2238 312/4178/2238
f 146/4243/2239 147/4244/2239 310/4180/2239 311/4179/2239
f 147/4244/2240 148/4245/2240 309/4181/2240 310/4180/2240
f 148/4245/2241 149/4246/2241 308/4182/2241 309/4181/2241
f 149/4246/2199 150/4247/2199 307/4183/2199 308/4182/2199
f 150/4247/2200 151/4248/2200 306/4184/2200 307/4183/2200
f 151/4248/2201 152/4249/2201 305/4185/2201 306/4184/2201
f 152/4249/2161 153/4250/2161 304/4186/2161 305/4185/2161
f 153/4250/2162 154/4251/2162 303/4187/2162 304/4186/2162
f 154/4251/1552 155/4252/1552 302/4188/1552 303/4187/1552
f 155/4252/2122 156/4253/2122 301/4189/2122 302/4188/2122
f 156/4253/2122 157/4254/2122 300/4190/2122 301/4189/2122
f 157/4254/2122 158/4255/2122 299/4191/2122 300/4190/2122
f 158/4255/1553 159/4256/1553 298/4192/1553 299/4191/1553
f 159/4256/2242 160/4257/2242 297/4193/2242 298/4192/2242
f 160/4257/2243 161/4258/2243 296/4194/2243 297/4193/2243
f 161/4258/2244 162/4259/2244 295/4195/2244 296/4194/2244
f 162/4259/2245 163/4260/2245 294/4196/2245 295/4195/2245
f 163/4260/2246 164/4261/2246 293/4197/2246 294/4196/2246
f 164/4261/2247 165/4262/2247 292/4198/2247 293/4197/2247
f 165/4262/2248 166/4263/2248 291/4199/2248 292/4198/2248
f 166/4263/2249 167/4264/2249 290/4200/2249 291/4199/2249
f 167/4264/2250 168/4265/2250 289/4201/2250 290/4200/2250
f 168/4265/2251 169/4266/2251 288/4202/2251 289/4201/2251
f 169/4266/2252 170/4267/2252 287/4203/2252 288/4202/2252
f 170/4267/2253 171/4268/2253 286/4204/2253 287/4203/2253
f 171/4268/2254 172/4269/2254 285/4205/2254 286/4204/2254
f 172/4269/2255 173/4270/2255 284/4206/2255 285/4205/2255
f 173/4270/2256 174/4271/2256 283/4207/2256 284/4206/2256
f 174/4271/2257 175/4272/2257 282/4208/2257 283/4207/2257
f 175/4272/2258 176/4273/2258 281/4209/2258 282/4208/2258
f 176/4273/2259 177/4274/2259 280/4210/2259 281/4209/2259
f 177/4274/2260 178/4275/2260 279/4211/2260 280/4210/2260
f 178/4275/2261 179/4276/2261 278/4212/2261 279/4211/2261
f 179/4276/2262 180/4277/2262 277/4213/2262 278/4212/2262
f 180/4277/2263 181/4278/2263 276/4214/2263 277/4213/2263
f 181/4278/2264 182/4279/2264 275/4215/2264 276/4214/2264
f 182/4279/2 183/4280/2 274/4216/2 275/4215/2
f 183/4280/2 184/4281/2 273/4217/2 274/4216/2
f 184/4281/2 185/4282/2 272/4218/2 273/4217/2
f 185/4282/2 186/4283/2 271/4219/2 272/4218/2
f 186/4283/2 187/4284/2 270/4220/2 271/4219/2
f 187/4284/2 188/4285/2 269/4221/2 270/4220/2
f 188/4285/2 189/4286/2 268/4222/2 269/4221/2
f 189/4286/2 190/4287/2 267/4223/2 268/4222/2
f 190/4287/2 191/4288/2 266/4224/2 267/4223/2
f 191/4288/2 192/4289/2 265/4225/2 266/4224/2
f 192/4289/2 193/4290/2 264/4226/2 265/4225/2
f 193/4290/2 194/4291/2 263/4227/2 264/4226/2
f 194/4291/2 195/4292/2 262/4228/2 263/4227/2
f 195/4292/2 196/5/2 261/8/2 262/4228/2
f 5/136/2 4356/135/2 260/4293/2 3/4294/2
f 4356/135/2 4355/138/2 259/4295/2 260/4293/2
f 4355/138/2 4354/140/2 258/4296/2 259/4295/2
f 4354/140/2 4353/142/2 257/4297/2 258/4296/2
f 4353/142/2 4352/144/2 256/4298/2 257/4297/2
f 4352/144/2 4351/146/2 255/4299/2 256/4298/2
f 4351/146/2 4350/148/2 254/4300/2 255/4299/2
f 4350/148/2 4349/150/2 253/4301/2 254/4300/2
f 4349/150/2 4348/152/2 252/4302/2 253/4301/2
f 4348/152/2 4347/154/2 251/4303/2 252/4302/2
f 4347/154/2 4346/156/2 250/4304/2 251/4303/2
f 4346/156/2 4345/158/2 249/4305/2 250/4304/2
f 4345/158/2 4344/160/2 248/4306/2 249/4305/2
f 4344/160/2 4343/162/2 247/4307/2 248/4306/2
f 4343/162/2 4342/164/2 246/4308/2 247/4307/2
f 4342/164/2 4341/166/2 245/4309/2 246/4308/2
f 4341/166/2 4340/168/2 244/4310/2 245/4309/2
f 4340/168/2 4339/170/2 243/4311/2 244/4310/2
f 4339/170/2 4338/172/2 242/4312/2 243/4311/2
f 4338/172/2 4337/174/2 241/4313/2 242/4312/2
f 4337/174/2 4336/176/2 240/4314/2 241/4313/2
f 4336/176/2 4335/178/2 239/4315/2 240/4314/2
f 4335/178/2 4334/180/2 238/4316/2 239/4315/2
f 4334/180/2 4333/182/2 237/4317/2 238/4316/2
f 4333/182/2 4332/184/2 236/4318/2 237/4317/2
f 4332/184/2 4331/186/2 235/4319/2 236/4318/2
f 4331/186/2 4330/188/2 234/4320/2 235/4319/2
f 4330/188/2 4329/190/2 233/4321/2 234/4320/2
f 4329/190/2 4328/192/2 232/4322/2 233/4321/2
f 4328/192/2 4327/194/2 231/4323/2 232/4322/2
f 4327/194/2 4326/196/2 230/4324/2 231/4323/2
f 4326/196/2 4325/198/2 229/4325/2 230/4324/2
f 4325/198/2 4324/200/2 228/4326/2 229/4325/2
f 4324/200/2 4323/202/2 227/4327/2 228/4326/2
f 4323/202/2 4322/204/2 226/4328/2 227/4327/2
f 4322/204/2 4321/206/2 225/4329/2 226/4328/2
f 4321/206/2 4320/208/2 224/4330/2 225/4329/2
f 4320/208/2 4319/210/2 223/4331/2 224/4330/2
f 4319/210/2 4318/212/2 222/4332/2 223/4331/2
f 4318/212/2 4317/214/2 221/4333/2 222/4332/2
f 4317/214/2 4316/216/2 220/4334/2 221/4333/2
f 4316/216/2 4315/218/2 219/4335/2 220/4334/2
f 4315/218/2 4314/220/2 218/4336/2 219/4335/2
f 4314/220/2 4313/222/2 217/4337/2 218/4336/2
f 4313/222/2 4312/224/2 216/4338/2 217/4337/2
f 4312/224/2265 4311/226/2265 215/4339/2265 216/4338/2265
f 4311/226/2266 4310/228/2266 214/4340/2266 215/4339/2266
f 4310/228/2267 4309/230/2267 213/4341/2267 214/4340/2267
f 4309/230/2268 4308/232/2268 212/4342/2268 213/4341/2268
f 4308/232/2269 4307/234/2269 211/4343/2269 212/4342/2269
f 4307/234/2270 4306/236/2270 210/4344/2270 211/4343/2270
f 4306/236/2271 4305/238/2271 209/4345/2271 210/4344/2271
f 4305/238/2272 4304/240/2272 208/4346/2272 209/4345/2272
f 4304/240/2273 4303/242/2273 207/4347/2273 208/4346/2273
f 4303/242/2273 4302/244/2273 206/4348/2273 207/4347/2273
f 4302/244/2273 4301/246/2273 205/4349/2273 206/4348/2273
f 4301/246/2273 4300/248/2273 204/4350/2273 205/4349/2273
f 4300/248/2273 4299/250/2273 203/4351/2273 204/4350/2273
f 4299/250/2274 4298/252/2274 202/4352/2274 203/4351/2274
f 4298/252/2275 4297/254/2275 201/4353/2275 202/4352/2275
f 4297/254/2276 4296/256/2276 200/4354/2276 201/4353/2276
f 4296/256/2277 4295/258/2277 199/4355/2277 200/4354/2277
f 4295/258/2278 4294/260/2278 198/4356/2278 199/4355/2278
f 4294/260/2279 4293/1/2279 197/4/2279 198/4356/2279
