# Blender 5.2.0 LTS
# www.blender.org
mtllib Title.mtl
o テキスト.001
v 2.987791 0.246996 -0.117889
v 2.846535 0.246996 -0.117889
v 2.581348 -0.046176 -0.117889
v 2.881183 -0.351342 -0.117889
v 3.041095 -0.351342 -0.117889
v 2.731932 -0.046176 -0.117889
v 2.576017 0.557492 -0.117889
v 2.457415 0.557492 -0.117889
v 2.457415 -0.351342 -0.117889
v 2.576017 -0.351342 -0.117889
v 2.314827 0.217679 -0.117889
v 2.300705 0.223811 -0.117889
v 2.286911 0.229530 -0.117889
v 2.273330 0.234815 -0.117889
v 2.259846 0.239642 -0.117889
v 2.246343 0.243988 -0.117889
v 2.232706 0.247829 -0.117889
v 2.218820 0.251143 -0.117889
v 2.204567 0.253906 -0.117889
v 2.189834 0.256095 -0.117889
v 2.174504 0.257688 -0.117889
v 2.158461 0.258660 -0.117889
v 2.141589 0.258990 -0.117889
v 2.097696 0.256411 -0.117889
v 2.056746 0.248798 -0.117889
v 2.018906 0.236335 -0.117889
v 1.984342 0.219209 -0.117889
v 1.953220 0.197603 -0.117889
v 1.925707 0.171704 -0.117889
v 1.901970 0.141696 -0.117889
v 1.882175 0.107764 -0.117889
v 1.866489 0.070093 -0.117889
v 1.855079 0.028869 -0.117889
v 1.848110 -0.015724 -0.117889
v 1.845751 -0.063500 -0.117889
v 1.848319 -0.106351 -0.117889
v 1.855857 -0.146788 -0.117889
v 1.868114 -0.184558 -0.117889
v 1.884841 -0.219414 -0.117889
v 1.905788 -0.251105 -0.117889
v 1.930705 -0.279381 -0.117889
v 1.959342 -0.303993 -0.117889
v 1.991449 -0.324690 -0.117889
v 2.026777 -0.341222 -0.117889
v 2.065076 -0.353341 -0.117889
v 2.106095 -0.360795 -0.117889
v 2.149585 -0.363335 -0.117889
v 2.165492 -0.363010 -0.117889
v 2.181783 -0.362064 -0.117889
v 2.198287 -0.360545 -0.117889
v 2.214833 -0.358498 -0.117889
v 2.231249 -0.355970 -0.117889
v 2.247365 -0.353008 -0.117889
v 2.263008 -0.349656 -0.117889
v 2.278008 -0.345962 -0.117889
v 2.292194 -0.341972 -0.117889
v 2.305394 -0.337732 -0.117889
v 2.317438 -0.333288 -0.117889
v 2.328153 -0.328688 -0.117889
v 2.328153 -0.211419 -0.117889
v 2.313403 -0.217804 -0.117889
v 2.299101 -0.223634 -0.117889
v 2.285197 -0.228909 -0.117889
v 2.271641 -0.233629 -0.117889
v 2.258380 -0.237793 -0.117889
v 2.245365 -0.241402 -0.117889
v 2.232544 -0.244456 -0.117889
v 2.219867 -0.246955 -0.117889
v 2.207282 -0.248898 -0.117889
v 2.194739 -0.250286 -0.117889
v 2.182186 -0.251119 -0.117889
v 2.169574 -0.251397 -0.117889
v 2.139834 -0.249857 -0.117889
v 2.112001 -0.245295 -0.117889
v 2.086203 -0.237800 -0.117889
v 2.062572 -0.227459 -0.117889
v 2.041235 -0.214361 -0.117889
v 2.022322 -0.198592 -0.117889
v 2.005964 -0.180242 -0.117889
v 1.992289 -0.159398 -0.117889
v 1.981428 -0.136148 -0.117889
v 1.973510 -0.110579 -0.117889
v 1.968664 -0.082780 -0.117889
v 1.967018 -0.052839 -0.117889
v 1.968549 -0.023379 -0.117889
v 1.973046 0.004271 -0.117889
v 1.980365 0.029970 -0.117889
v 1.990363 0.053572 -0.117889
v 2.002897 0.074934 -0.117889
v 2.017823 0.093914 -0.117889
v 2.034998 0.110367 -0.117889
v 2.054278 0.124150 -0.117889
v 2.075521 0.135120 -0.117889
v 2.098581 0.143133 -0.117889
v 2.123317 0.148047 -0.117889
v 2.149585 0.149716 -0.117889
v 2.162455 0.149428 -0.117889
v 2.175151 0.148519 -0.117889
v 2.187772 0.146926 -0.117889
v 2.200421 0.144583 -0.117889
v 2.213199 0.141426 -0.117889
v 2.226209 0.137390 -0.117889
v 2.239552 0.132409 -0.117889
v 2.253330 0.126420 -0.117889
v 2.267644 0.119358 -0.117889
v 2.282598 0.111157 -0.117889
v 2.298291 0.101753 -0.117889
v 2.314827 0.091082 -0.117889
v 1.419319 0.258990 -0.117889
v 1.375593 0.256268 -0.117889
v 1.333922 0.248323 -0.117889
v 1.294638 0.235482 -0.117889
v 1.258074 0.218074 -0.117889
v 1.224565 0.196428 -0.117889
v 1.194443 0.170871 -0.117889
v 1.168040 0.141734 -0.117889
v 1.145692 0.109343 -0.117889
v 1.127729 0.074029 -0.117889
v 1.114486 0.036118 -0.117889
v 1.106297 -0.004060 -0.117889
v 1.103493 -0.046176 -0.117889
v 1.106195 -0.091048 -0.117889
v 1.114117 -0.133523 -0.117889
v 1.126980 -0.173315 -0.117889
v 1.144507 -0.210136 -0.117889
v 1.166421 -0.243699 -0.117889
v 1.192444 -0.273718 -0.117889
v 1.222298 -0.299906 -0.117889
v 1.255705 -0.321975 -0.117889
v 1.292389 -0.339640 -0.117889
v 1.332071 -0.352613 -0.117889
v 1.374473 -0.360607 -0.117889
v 1.419319 -0.363335 -0.117889
v 1.466002 -0.360709 -0.117889
v 1.509936 -0.352983 -0.117889
v 1.550872 -0.340390 -0.117889
v 1.588560 -0.323160 -0.117889
v 1.622749 -0.301525 -0.117889
v 1.653191 -0.275717 -0.117889
v 1.679635 -0.245966 -0.117889
v 1.701831 -0.212505 -0.117889
v 1.719529 -0.175563 -0.117889
v 1.732481 -0.135374 -0.117889
v 1.740435 -0.092168 -0.117889
v 1.743141 -0.046176 -0.117889
v 1.740358 -0.002940 -0.117889
v 1.732203 0.037969 -0.117889
v 1.718967 0.076277 -0.117889
v 1.700942 0.111712 -0.117889
v 1.678420 0.144001 -0.117889
v 1.651692 0.172870 -0.117889
v 1.621049 0.198047 -0.117889
v 1.586783 0.219258 -0.117889
v 1.549186 0.236231 -0.117889
v 1.508549 0.248693 -0.117889
v 1.465163 0.256370 -0.117889
v 1.417987 0.152381 -0.117889
v 1.446913 0.150662 -0.117889
v 1.474270 0.145626 -0.117889
v 1.499879 0.137452 -0.117889
v 1.523558 0.126322 -0.117889
v 1.545127 0.112415 -0.117889
v 1.564406 0.095912 -0.117889
v 1.581214 0.076995 -0.117889
v 1.595370 0.055842 -0.117889
v 1.606695 0.032635 -0.117889
v 1.615008 0.007554 -0.117889
v 1.620128 -0.019221 -0.117889
v 1.621874 -0.047509 -0.117889
v 1.620255 -0.078779 -0.117889
v 1.615471 -0.107889 -0.117889
v 1.607632 -0.134732 -0.117889
v 1.596851 -0.159200 -0.117889
v 1.583238 -0.181189 -0.117889
v 1.566905 -0.200591 -0.117889
v 1.547961 -0.217300 -0.117889
v 1.526520 -0.231210 -0.117889
v 1.502690 -0.242214 -0.117889
v 1.476584 -0.250206 -0.117889
v 1.448313 -0.255079 -0.117889
v 1.417987 -0.256727 -0.117889
v 1.390110 -0.255002 -0.117889
v 1.363880 -0.249922 -0.117889
v 1.339446 -0.241631 -0.117889
v 1.316956 -0.230273 -0.117889
v 1.296556 -0.215990 -0.117889
v 1.278396 -0.198926 -0.117889
v 1.262624 -0.179224 -0.117889
v 1.249388 -0.157029 -0.117889
v 1.238835 -0.132483 -0.117889
v 1.231114 -0.105730 -0.117889
v 1.226373 -0.076913 -0.117889
v 1.224759 -0.046176 -0.117889
v 1.226424 -0.018195 -0.117889
v 1.231299 0.008325 -0.117889
v 1.239210 0.033197 -0.117889
v 1.249980 0.056237 -0.117889
v 1.263434 0.077259 -0.117889
v 1.279396 0.096079 -0.117889
v 1.297690 0.112511 -0.117889
v 1.318140 0.126371 -0.117889
v 1.340570 0.137473 -0.117889
v 1.364806 0.145632 -0.117889
v 1.390669 0.150663 -0.117889
v 0.968900 0.557492 -0.117889
v 0.850298 0.557492 -0.117889
v 0.850298 -0.351342 -0.117889
v 0.968900 -0.351342 -0.117889
v 0.113370 -0.351342 -0.117889
v 0.425199 -0.351342 -0.117889
v 0.479204 -0.348707 -0.117889
v 0.527421 -0.341150 -0.117889
v 0.570057 -0.329187 -0.117889
v 0.607321 -0.313338 -0.117889
v 0.639422 -0.294120 -0.117889
v 0.666567 -0.272052 -0.117889
v 0.688964 -0.247652 -0.117889
v 0.706822 -0.221438 -0.117889
v 0.720350 -0.193928 -0.117889
v 0.729754 -0.165641 -0.117889
v 0.735244 -0.137095 -0.117889
v 0.737027 -0.108808 -0.117889
v 0.735323 -0.078870 -0.117889
v 0.730278 -0.050427 -0.117889
v 0.721994 -0.023584 -0.117889
v 0.710573 0.001551 -0.117889
v 0.696116 0.024872 -0.117889
v 0.678726 0.046273 -0.117889
v 0.658504 0.065647 -0.117889
v 0.635552 0.082889 -0.117889
v 0.609972 0.097891 -0.117889
v 0.581865 0.110546 -0.117889
v 0.551334 0.120750 -0.117889
v 0.518481 0.128395 -0.117889
v 0.518481 0.131060 -0.117889
v 0.541083 0.141199 -0.117889
v 0.561599 0.152320 -0.117889
v 0.580051 0.164458 -0.117889
v 0.596463 0.177651 -0.117889
v 0.610857 0.191937 -0.117889
v 0.623257 0.207351 -0.117889
v 0.633685 0.223932 -0.117889
v 0.642166 0.241715 -0.117889
v 0.648722 0.260739 -0.117889
v 0.653376 0.281039 -0.117889
v 0.656152 0.302654 -0.117889
v 0.657071 0.325620 -0.117889
v 0.655306 0.354257 -0.117889
v 0.649945 0.382588 -0.117889
v 0.640892 0.410198 -0.117889
v 0.628050 0.436670 -0.117889
v 0.611321 0.461587 -0.117889
v 0.590607 0.484532 -0.117889
v 0.565813 0.505090 -0.117889
v 0.536840 0.522844 -0.117889
v 0.503593 0.537378 -0.117889
v 0.465972 0.548275 -0.117889
v 0.423882 0.555118 -0.117889
v 0.377225 0.557492 -0.117889
v 0.113370 0.557492 -0.117889
v 0.243965 0.440223 -0.117889
v 0.363899 0.440223 -0.117889
v 0.392214 0.439030 -0.117889
v 0.417289 0.435565 -0.117889
v 0.439274 0.430000 -0.117889
v 0.458316 0.422505 -0.117889
v 0.474563 0.413251 -0.117889
v 0.488164 0.402411 -0.117889
v 0.499266 0.390154 -0.117889
v 0.508017 0.376653 -0.117889
v 0.514566 0.362079 -0.117889
v 0.519060 0.346602 -0.117889
v 0.521649 0.330394 -0.117889
v 0.522478 0.313626 -0.117889
v 0.521171 0.290333 -0.117889
v 0.517241 0.269089 -0.117889
v 0.510672 0.249890 -0.117889
v 0.501453 0.232732 -0.117889
v 0.489568 0.217610 -0.117889
v 0.475005 0.204519 -0.117889
v 0.457748 0.193455 -0.117889
v 0.437784 0.184413 -0.117889
v 0.415100 0.177388 -0.117889
v 0.389681 0.172377 -0.117889
v 0.361514 0.169373 -0.117889
v 0.330584 0.168373 -0.117889
v 0.243965 0.168373 -0.117889
v 0.243965 0.051104 -0.117889
v 0.401212 0.051104 -0.117889
v 0.434004 0.049902 -0.117889
v 0.463776 0.046378 -0.117889
v 0.490558 0.040651 -0.117889
v 0.514384 0.032842 -0.117889
v 0.535285 0.023071 -0.117889
v 0.553294 0.011459 -0.117889
v 0.568444 -0.001875 -0.117889
v 0.580767 -0.016810 -0.117889
v 0.590295 -0.033225 -0.117889
v 0.597060 -0.051001 -0.117889
v 0.601096 -0.070016 -0.117889
v 0.602434 -0.090152 -0.117889
v 0.601533 -0.107261 -0.117889
v 0.598665 -0.124411 -0.117889
v 0.593585 -0.141311 -0.117889
v 0.586048 -0.157670 -0.117889
v 0.575809 -0.173197 -0.117889
v 0.562623 -0.187598 -0.117889
v 0.546244 -0.200584 -0.117889
v 0.526427 -0.211863 -0.117889
v 0.502926 -0.221143 -0.117889
v 0.475498 -0.228132 -0.117889
v 0.443896 -0.232539 -0.117889
v 0.407875 -0.234073 -0.117889
v 0.243965 -0.234073 -0.117889
v -0.828779 -0.336683 -0.117889
v -0.817639 -0.341127 -0.117889
v -0.806847 -0.345135 -0.117889
v -0.796359 -0.348718 -0.117889
v -0.786136 -0.351885 -0.117889
v -0.776134 -0.354644 -0.117889
v -0.766313 -0.357005 -0.117889
v -0.756631 -0.358978 -0.117889
v -0.747046 -0.360571 -0.117889
v -0.737517 -0.361794 -0.117889
v -0.728001 -0.362657 -0.117889
v -0.718458 -0.363167 -0.117889
v -0.708845 -0.363335 -0.117889
v -0.665635 -0.360740 -0.117889
v -0.624799 -0.353125 -0.117889
v -0.586600 -0.340743 -0.117889
v -0.551302 -0.323851 -0.117889
v -0.519169 -0.302701 -0.117889
v -0.490465 -0.277549 -0.117889
v -0.465454 -0.248649 -0.117889
v -0.444398 -0.216256 -0.117889
v -0.427563 -0.180623 -0.117889
v -0.415211 -0.142006 -0.117889
v -0.407606 -0.100659 -0.117889
v -0.405012 -0.056837 -0.117889
v -0.407472 -0.009428 -0.117889
v -0.414809 0.034150 -0.117889
v -0.426958 0.073841 -0.117889
v -0.443855 0.109590 -0.117889
v -0.465434 0.141341 -0.117889
v -0.491631 0.169039 -0.117889
v -0.522381 0.192628 -0.117889
v -0.557620 0.212052 -0.117889
v -0.597282 0.227257 -0.117889
v -0.641302 0.238186 -0.117889
v -0.689617 0.244784 -0.117889
v -0.742160 0.246996 -0.117889
v -0.947381 0.246996 -0.117889
v -0.947381 -0.657840 -0.117889
v -0.828779 -0.657840 -0.117889
v -0.828779 0.140388 -0.117889
v -0.720838 0.140388 -0.117889
v -0.689856 0.138900 -0.117889
v -0.661544 0.134484 -0.117889
v -0.635906 0.127208 -0.117889
v -0.612947 0.117142 -0.117889
v -0.592672 0.104355 -0.117889
v -0.575085 0.088916 -0.117889
v -0.560191 0.070896 -0.117889
v -0.547995 0.050363 -0.117889
v -0.538501 0.027388 -0.117889
v -0.531714 0.002038 -0.117889
v -0.527638 -0.025616 -0.117889
v -0.526279 -0.055504 -0.117889
v -0.527916 -0.083818 -0.117889
v -0.532714 -0.110665 -0.117889
v -0.540500 -0.135856 -0.117889
v -0.551105 -0.159200 -0.117889
v -0.564356 -0.180509 -0.117889
v -0.580083 -0.199592 -0.117889
v -0.598114 -0.216259 -0.117889
v -0.618278 -0.230322 -0.117889
v -0.640404 -0.241590 -0.117889
v -0.664320 -0.249873 -0.117889
v -0.689856 -0.254982 -0.117889
v -0.716841 -0.256727 -0.117889
v -0.726194 -0.256534 -0.117889
v -0.735590 -0.255956 -0.117889
v -0.745013 -0.254999 -0.117889
v -0.754450 -0.253667 -0.117889
v -0.763887 -0.251965 -0.117889
v -0.773310 -0.249898 -0.117889
v -0.782705 -0.247469 -0.117889
v -0.792058 -0.244684 -0.117889
v -0.801357 -0.241548 -0.117889
v -0.810585 -0.238065 -0.117889
v -0.819731 -0.234239 -0.117889
v -0.828779 -0.230075 -0.117889
v -1.395135 0.258990 -0.117889
v -1.438861 0.256268 -0.117889
v -1.480532 0.248323 -0.117889
v -1.519816 0.235482 -0.117889
v -1.556379 0.218074 -0.117889
v -1.589889 0.196428 -0.117889
v -1.620011 0.170871 -0.117889
v -1.646413 0.141734 -0.117889
v -1.668762 0.109343 -0.117889
v -1.686724 0.074029 -0.117889
v -1.699967 0.036118 -0.117889
v -1.708157 -0.004060 -0.117889
v -1.710961 -0.046176 -0.117889
v -1.708259 -0.091048 -0.117889
v -1.700337 -0.133523 -0.117889
v -1.687474 -0.173315 -0.117889
v -1.669947 -0.210136 -0.117889
v -1.648033 -0.243699 -0.117889
v -1.622010 -0.273718 -0.117889
v -1.592156 -0.299906 -0.117889
v -1.558748 -0.321975 -0.117889
v -1.522065 -0.339640 -0.117889
v -1.482383 -0.352613 -0.117889
v -1.439980 -0.360607 -0.117889
v -1.395135 -0.363335 -0.117889
v -1.348452 -0.360709 -0.117889
v -1.304518 -0.352983 -0.117889
v -1.263582 -0.340390 -0.117889
v -1.225894 -0.323160 -0.117889
v -1.191705 -0.301525 -0.117889
v -1.161263 -0.275717 -0.117889
v -1.134819 -0.245966 -0.117889
v -1.112623 -0.212505 -0.117889
v -1.094925 -0.175563 -0.117889
v -1.081973 -0.135374 -0.117889
v -1.074020 -0.092168 -0.117889
v -1.071313 -0.046176 -0.117889
v -1.074096 -0.002940 -0.117889
v -1.082251 0.037969 -0.117889
v -1.095487 0.076277 -0.117889
v -1.113512 0.111712 -0.117889
v -1.136034 0.144001 -0.117889
v -1.162762 0.172870 -0.117889
v -1.193405 0.198047 -0.117889
v -1.227671 0.219258 -0.117889
v -1.265269 0.236231 -0.117889
v -1.305906 0.248693 -0.117889
v -1.349292 0.256370 -0.117889
v -1.396467 0.152381 -0.117889
v -1.367541 0.150662 -0.117889
v -1.340183 0.145626 -0.117889
v -1.314575 0.137452 -0.117889
v -1.290896 0.126322 -0.117889
v -1.269326 0.112415 -0.117889
v -1.250048 0.095912 -0.117889
v -1.233240 0.076995 -0.117889
v -1.219083 0.055842 -0.117889
v -1.207758 0.032635 -0.117889
v -1.199446 0.007554 -0.117889
v -1.194326 -0.019221 -0.117889
v -1.192579 -0.047509 -0.117889
v -1.194199 -0.078779 -0.117889
v -1.198983 -0.107889 -0.117889
v -1.206821 -0.134732 -0.117889
v -1.217602 -0.159200 -0.117889
v -1.231215 -0.181189 -0.117889
v -1.247549 -0.200591 -0.117889
v -1.266492 -0.217300 -0.117889
v -1.287934 -0.231210 -0.117889
v -1.311764 -0.242214 -0.117889
v -1.337870 -0.250206 -0.117889
v -1.366141 -0.255079 -0.117889
v -1.396467 -0.256727 -0.117889
v -1.424344 -0.255002 -0.117889
v -1.450573 -0.249922 -0.117889
v -1.475007 -0.241631 -0.117889
v -1.497498 -0.230273 -0.117889
v -1.517897 -0.215990 -0.117889
v -1.536057 -0.198926 -0.117889
v -1.551829 -0.179224 -0.117889
v -1.565066 -0.157029 -0.117889
v -1.575619 -0.132483 -0.117889
v -1.583340 -0.105730 -0.117889
v -1.588081 -0.076913 -0.117889
v -1.589694 -0.046176 -0.117889
v -1.588030 -0.018195 -0.117889
v -1.583155 0.008325 -0.117889
v -1.575244 0.033197 -0.117889
v -1.564474 0.056237 -0.117889
v -1.551020 0.077259 -0.117889
v -1.535058 0.096079 -0.117889
v -1.516764 0.112511 -0.117889
v -1.496314 0.126371 -0.117889
v -1.473883 0.137473 -0.117889
v -1.449648 0.145632 -0.117889
v -1.423784 0.150663 -0.117889
v -2.194695 0.246996 -0.117889
v -2.194695 -0.351342 -0.117889
v -2.076094 -0.351342 -0.117889
v -2.076094 -0.038181 -0.117889
v -2.074788 -0.013007 -0.117889
v -2.070979 0.011070 -0.117889
v -2.064829 0.033842 -0.117889
v -2.056500 0.055102 -0.117889
v -2.046153 0.074639 -0.117889
v -2.033951 0.092248 -0.117889
v -2.020055 0.107718 -0.117889
v -2.004627 0.120843 -0.117889
v -1.987830 0.131414 -0.117889
v -1.969825 0.139222 -0.117889
v -1.950775 0.144060 -0.117889
v -1.930840 0.145718 -0.117889
v -1.923473 0.145226 -0.117889
v -1.915429 0.143781 -0.117889
v -1.906812 0.141429 -0.117889
v -1.897723 0.138216 -0.117889
v -1.888263 0.134189 -0.117889
v -1.878536 0.129394 -0.117889
v -1.868642 0.123877 -0.117889
v -1.858683 0.117684 -0.117889
v -1.848761 0.110863 -0.117889
v -1.838977 0.103458 -0.117889
v -1.829435 0.095516 -0.117889
v -1.820234 0.087084 -0.117889
v -1.757602 0.189694 -0.117889
v -1.769849 0.200856 -0.117889
v -1.781953 0.211022 -0.117889
v -1.793936 0.220198 -0.117889
v -1.805823 0.228389 -0.117889
v -1.817635 0.235599 -0.117889
v -1.829396 0.241832 -0.117889
v -1.841130 0.247094 -0.117889
v -1.852859 0.251389 -0.117889
v -1.864606 0.254721 -0.117889
v -1.876395 0.257096 -0.117889
v -1.888249 0.258517 -0.117889
v -1.900191 0.258990 -0.117889
v -1.914211 0.258063 -0.117889
v -1.928293 0.255245 -0.117889
v -1.942438 0.250473 -0.117889
v -1.956653 0.243689 -0.117889
v -1.970943 0.234832 -0.117889
v -1.985311 0.223842 -0.117889
v -1.999762 0.210659 -0.117889
v -2.014301 0.195222 -0.117889
v -2.028933 0.177472 -0.117889
v -2.043661 0.157348 -0.117889
v -2.058492 0.134790 -0.117889
v -2.073429 0.109738 -0.117889
v -2.076094 0.109738 -0.117889
v -2.076094 0.246996 -0.117889
v -3.184818 -0.351342 -0.117889
v -2.830346 -0.351342 -0.117889
v -2.757868 -0.346854 -0.117889
v -2.690503 -0.333876 -0.117889
v -2.628478 -0.313134 -0.117889
v -2.572019 -0.285353 -0.117889
v -2.521353 -0.251262 -0.117889
v -2.476707 -0.211585 -0.117889
v -2.438308 -0.167050 -0.117889
v -2.406382 -0.118383 -0.117889
v -2.381156 -0.066311 -0.117889
v -2.362856 -0.011559 -0.117889
v -2.351710 0.045145 -0.117889
v -2.347945 0.103075 -0.117889
v -2.351049 0.157086 -0.117889
v -2.360456 0.211232 -0.117889
v -2.376304 0.264591 -0.117889
v -2.398731 0.316242 -0.117889
v -2.427877 0.365265 -0.117889
v -2.463881 0.410740 -0.117889
v -2.506880 0.451744 -0.117889
v -2.557015 0.487358 -0.117889
v -2.614423 0.516660 -0.117889
v -2.679244 0.538731 -0.117889
v -2.751616 0.552648 -0.117889
v -2.831679 0.557492 -0.117889
v -3.184818 0.557492 -0.117889
v -3.054223 0.440223 -0.117889
v -2.853000 0.440223 -0.117889
v -2.792243 0.437076 -0.117889
v -2.737181 0.427928 -0.117889
v -2.687737 0.413217 -0.117889
v -2.643831 0.393385 -0.117889
v -2.605386 0.368870 -0.117889
v -2.572321 0.340112 -0.117889
v -2.544560 0.307550 -0.117889
v -2.522022 0.271625 -0.117889
v -2.504629 0.232775 -0.117889
v -2.492303 0.191440 -0.117889
v -2.484966 0.148061 -0.117889
v -2.482537 0.103075 -0.117889
v -2.484046 0.072927 -0.117889
v -2.488941 0.039234 -0.117889
v -2.497779 0.003172 -0.117889
v -2.511114 -0.034084 -0.117889
v -2.529502 -0.071358 -0.117889
v -2.553498 -0.107476 -0.117889
v -2.583658 -0.141261 -0.117889
v -2.620536 -0.171539 -0.117889
v -2.664687 -0.197135 -0.117889
v -2.716668 -0.216873 -0.117889
v -2.777033 -0.229577 -0.117889
v -2.846338 -0.234073 -0.117889
v -3.054223 -0.234073 -0.117889
v 2.987791 0.246996 0.117890
v 2.846535 0.246996 0.117890
v 2.581348 -0.046176 0.117890
v 2.881183 -0.351342 0.117890
v 3.041095 -0.351342 0.117890
v 2.731932 -0.046176 0.117890
v 2.576017 0.557492 0.117890
v 2.457415 0.557492 0.117890
v 2.457415 -0.351342 0.117890
v 2.576017 -0.351342 0.117890
v 2.314827 0.217679 0.117890
v 2.300705 0.223811 0.117890
v 2.286911 0.229530 0.117890
v 2.273330 0.234815 0.117890
v 2.259846 0.239642 0.117890
v 2.246343 0.243988 0.117890
v 2.232706 0.247829 0.117890
v 2.218820 0.251143 0.117890
v 2.204567 0.253906 0.117890
v 2.189834 0.256095 0.117890
v 2.174504 0.257688 0.117890
v 2.158461 0.258660 0.117890
v 2.141589 0.258990 0.117890
v 2.097696 0.256411 0.117890
v 2.056746 0.248798 0.117890
v 2.018906 0.236335 0.117890
v 1.984342 0.219209 0.117890
v 1.953220 0.197603 0.117890
v 1.925707 0.171704 0.117890
v 1.901970 0.141696 0.117890
v 1.882175 0.107764 0.117890
v 1.866489 0.070093 0.117890
v 1.855079 0.028869 0.117890
v 1.848110 -0.015724 0.117890
v 1.845751 -0.063500 0.117890
v 1.848319 -0.106351 0.117890
v 1.855857 -0.146788 0.117890
v 1.868114 -0.184558 0.117890
v 1.884841 -0.219414 0.117890
v 1.905788 -0.251105 0.117890
v 1.930705 -0.279381 0.117890
v 1.959342 -0.303993 0.117890
v 1.991449 -0.324690 0.117890
v 2.026777 -0.341222 0.117890
v 2.065076 -0.353341 0.117890
v 2.106095 -0.360795 0.117890
v 2.149585 -0.363335 0.117890
v 2.165492 -0.363010 0.117890
v 2.181783 -0.362064 0.117890
v 2.198287 -0.360545 0.117890
v 2.214833 -0.358498 0.117890
v 2.231249 -0.355970 0.117890
v 2.247365 -0.353008 0.117890
v 2.263008 -0.349656 0.117890
v 2.278008 -0.345962 0.117890
v 2.292194 -0.341972 0.117890
v 2.305394 -0.337732 0.117890
v 2.317438 -0.333288 0.117890
v 2.328153 -0.328688 0.117890
v 2.328153 -0.211419 0.117890
v 2.313403 -0.217804 0.117890
v 2.299101 -0.223634 0.117890
v 2.285197 -0.228909 0.117890
v 2.271641 -0.233629 0.117890
v 2.258380 -0.237793 0.117890
v 2.245365 -0.241402 0.117890
v 2.232544 -0.244456 0.117890
v 2.219867 -0.246955 0.117890
v 2.207282 -0.248898 0.117890
v 2.194739 -0.250286 0.117890
v 2.182186 -0.251119 0.117890
v 2.169574 -0.251397 0.117890
v 2.139834 -0.249857 0.117890
v 2.112001 -0.245295 0.117890
v 2.086203 -0.237800 0.117890
v 2.062572 -0.227459 0.117890
v 2.041235 -0.214361 0.117890
v 2.022322 -0.198592 0.117890
v 2.005964 -0.180242 0.117890
v 1.992289 -0.159398 0.117890
v 1.981428 -0.136148 0.117890
v 1.973510 -0.110579 0.117890
v 1.968664 -0.082780 0.117890
v 1.967018 -0.052839 0.117890
v 1.968549 -0.023379 0.117890
v 1.973046 0.004271 0.117890
v 1.980365 0.029970 0.117890
v 1.990363 0.053572 0.117890
v 2.002897 0.074934 0.117890
v 2.017823 0.093914 0.117890
v 2.034998 0.110367 0.117890
v 2.054278 0.124150 0.117890
v 2.075521 0.135120 0.117890
v 2.098581 0.143133 0.117890
v 2.123317 0.148047 0.117890
v 2.149585 0.149716 0.117890
v 2.162455 0.149428 0.117890
v 2.175151 0.148519 0.117890
v 2.187772 0.146926 0.117890
v 2.200421 0.144583 0.117890
v 2.213199 0.141426 0.117890
v 2.226209 0.137390 0.117890
v 2.239552 0.132409 0.117890
v 2.253330 0.126420 0.117890
v 2.267644 0.119358 0.117890
v 2.282598 0.111157 0.117890
v 2.298291 0.101753 0.117890
v 2.314827 0.091082 0.117890
v 1.419319 0.258990 0.117890
v 1.375593 0.256268 0.117890
v 1.333922 0.248323 0.117890
v 1.294638 0.235482 0.117890
v 1.258074 0.218074 0.117890
v 1.224565 0.196428 0.117890
v 1.194443 0.170871 0.117890
v 1.168040 0.141734 0.117890
v 1.145692 0.109343 0.117890
v 1.127729 0.074029 0.117890
v 1.114486 0.036118 0.117890
v 1.106297 -0.004060 0.117890
v 1.103493 -0.046176 0.117890
v 1.106195 -0.091048 0.117890
v 1.114117 -0.133523 0.117890
v 1.126980 -0.173315 0.117890
v 1.144507 -0.210136 0.117890
v 1.166421 -0.243699 0.117890
v 1.192444 -0.273718 0.117890
v 1.222298 -0.299906 0.117890
v 1.255705 -0.321975 0.117890
v 1.292389 -0.339640 0.117890
v 1.332071 -0.352613 0.117890
v 1.374473 -0.360607 0.117890
v 1.419319 -0.363335 0.117890
v 1.466002 -0.360709 0.117890
v 1.509936 -0.352983 0.117890
v 1.550872 -0.340390 0.117890
v 1.588560 -0.323160 0.117890
v 1.622749 -0.301525 0.117890
v 1.653191 -0.275717 0.117890
v 1.679635 -0.245966 0.117890
v 1.701831 -0.212505 0.117890
v 1.719529 -0.175563 0.117890
v 1.732481 -0.135374 0.117890
v 1.740435 -0.092168 0.117890
v 1.743141 -0.046176 0.117890
v 1.740358 -0.002940 0.117890
v 1.732203 0.037969 0.117890
v 1.718967 0.076277 0.117890
v 1.700942 0.111712 0.117890
v 1.678420 0.144001 0.117890
v 1.651692 0.172870 0.117890
v 1.621049 0.198047 0.117890
v 1.586783 0.219258 0.117890
v 1.549186 0.236231 0.117890
v 1.508549 0.248693 0.117890
v 1.465163 0.256370 0.117890
v 1.417987 0.152381 0.117890
v 1.446913 0.150662 0.117890
v 1.474270 0.145626 0.117890
v 1.499879 0.137452 0.117890
v 1.523558 0.126322 0.117890
v 1.545127 0.112415 0.117890
v 1.564406 0.095912 0.117890
v 1.581214 0.076995 0.117890
v 1.595370 0.055842 0.117890
v 1.606695 0.032635 0.117890
v 1.615008 0.007554 0.117890
v 1.620128 -0.019221 0.117890
v 1.621874 -0.047509 0.117890
v 1.620255 -0.078779 0.117890
v 1.615471 -0.107889 0.117890
v 1.607632 -0.134732 0.117890
v 1.596851 -0.159200 0.117890
v 1.583238 -0.181189 0.117890
v 1.566905 -0.200591 0.117890
v 1.547961 -0.217300 0.117890
v 1.526520 -0.231210 0.117890
v 1.502690 -0.242214 0.117890
v 1.476584 -0.250206 0.117890
v 1.448313 -0.255079 0.117890
v 1.417987 -0.256727 0.117890
v 1.390110 -0.255002 0.117890
v 1.363880 -0.249922 0.117890
v 1.339446 -0.241631 0.117890
v 1.316956 -0.230273 0.117890
v 1.296556 -0.215990 0.117890
v 1.278396 -0.198926 0.117890
v 1.262624 -0.179224 0.117890
v 1.249388 -0.157029 0.117890
v 1.238835 -0.132483 0.117890
v 1.231114 -0.105730 0.117890
v 1.226373 -0.076913 0.117890
v 1.224759 -0.046176 0.117890
v 1.226424 -0.018195 0.117890
v 1.231299 0.008325 0.117890
v 1.239210 0.033197 0.117890
v 1.249980 0.056237 0.117890
v 1.263434 0.077259 0.117890
v 1.279396 0.096079 0.117890
v 1.297690 0.112511 0.117890
v 1.318140 0.126371 0.117890
v 1.340570 0.137473 0.117890
v 1.364806 0.145632 0.117890
v 1.390669 0.150663 0.117890
v 0.968900 0.557492 0.117890
v 0.850298 0.557492 0.117890
v 0.850298 -0.351342 0.117890
v 0.968900 -0.351342 0.117890
v 0.113370 -0.351342 0.117890
v 0.425199 -0.351342 0.117890
v 0.479204 -0.348707 0.117890
v 0.527421 -0.341150 0.117890
v 0.570057 -0.329187 0.117890
v 0.607321 -0.313338 0.117890
v 0.639422 -0.294120 0.117890
v 0.666567 -0.272052 0.117890
v 0.688964 -0.247652 0.117890
v 0.706822 -0.221438 0.117890
v 0.720350 -0.193928 0.117890
v 0.729754 -0.165641 0.117890
v 0.735244 -0.137095 0.117890
v 0.737027 -0.108808 0.117890
v 0.735323 -0.078870 0.117890
v 0.730278 -0.050427 0.117890
v 0.721994 -0.023584 0.117890
v 0.710573 0.001551 0.117890
v 0.696116 0.024872 0.117890
v 0.678726 0.046273 0.117890
v 0.658504 0.065647 0.117890
v 0.635552 0.082889 0.117890
v 0.609972 0.097891 0.117890
v 0.581865 0.110546 0.117890
v 0.551334 0.120750 0.117890
v 0.518481 0.128395 0.117890
v 0.518481 0.131060 0.117890
v 0.541083 0.141199 0.117890
v 0.561599 0.152320 0.117890
v 0.580051 0.164458 0.117890
v 0.596463 0.177651 0.117890
v 0.610857 0.191937 0.117890
v 0.623257 0.207351 0.117890
v 0.633685 0.223932 0.117890
v 0.642166 0.241715 0.117890
v 0.648722 0.260739 0.117890
v 0.653376 0.281039 0.117890
v 0.656152 0.302654 0.117890
v 0.657071 0.325620 0.117890
v 0.655306 0.354257 0.117890
v 0.649945 0.382588 0.117890
v 0.640892 0.410198 0.117890
v 0.628050 0.436670 0.117890
v 0.611321 0.461587 0.117890
v 0.590607 0.484532 0.117890
v 0.565813 0.505090 0.117890
v 0.536840 0.522844 0.117890
v 0.503593 0.537378 0.117890
v 0.465972 0.548275 0.117890
v 0.423882 0.555118 0.117890
v 0.377225 0.557492 0.117890
v 0.113370 0.557492 0.117890
v 0.243965 0.440223 0.117890
v 0.363899 0.440223 0.117890
v 0.392214 0.439030 0.117890
v 0.417289 0.435565 0.117890
v 0.439274 0.430000 0.117890
v 0.458316 0.422505 0.117890
v 0.474563 0.413251 0.117890
v 0.488164 0.402411 0.117890
v 0.499266 0.390154 0.117890
v 0.508017 0.376653 0.117890
v 0.514566 0.362079 0.117890
v 0.519060 0.346602 0.117890
v 0.521649 0.330394 0.117890
v 0.522478 0.313626 0.117890
v 0.521171 0.290333 0.117890
v 0.517241 0.269089 0.117890
v 0.510672 0.249890 0.117890
v 0.501453 0.232732 0.117890
v 0.489568 0.217610 0.117890
v 0.475005 0.204519 0.117890
v 0.457748 0.193455 0.117890
v 0.437784 0.184413 0.117890
v 0.415100 0.177388 0.117890
v 0.389681 0.172377 0.117890
v 0.361514 0.169373 0.117890
v 0.330584 0.168373 0.117890
v 0.243965 0.168373 0.117890
v 0.243965 0.051104 0.117890
v 0.401212 0.051104 0.117890
v 0.434004 0.049902 0.117890
v 0.463776 0.046378 0.117890
v 0.490558 0.040651 0.117890
v 0.514384 0.032842 0.117890
v 0.535285 0.023071 0.117890
v 0.553294 0.011459 0.117890
v 0.568444 -0.001875 0.117890
v 0.580767 -0.016810 0.117890
v 0.590295 -0.033225 0.117890
v 0.597060 -0.051001 0.117890
v 0.601096 -0.070016 0.117890
v 0.602434 -0.090152 0.117890
v 0.601533 -0.107261 0.117890
v 0.598665 -0.124411 0.117890
v 0.593585 -0.141311 0.117890
v 0.586048 -0.157670 0.117890
v 0.575809 -0.173197 0.117890
v 0.562623 -0.187598 0.117890
v 0.546244 -0.200584 0.117890
v 0.526427 -0.211863 0.117890
v 0.502926 -0.221143 0.117890
v 0.475498 -0.228132 0.117890
v 0.443896 -0.232539 0.117890
v 0.407875 -0.234073 0.117890
v 0.243965 -0.234073 0.117890
v -0.828779 -0.336683 0.117890
v -0.817639 -0.341127 0.117890
v -0.806847 -0.345135 0.117890
v -0.796359 -0.348718 0.117890
v -0.786136 -0.351885 0.117890
v -0.776134 -0.354644 0.117890
v -0.766313 -0.357005 0.117890
v -0.756631 -0.358978 0.117890
v -0.747046 -0.360571 0.117890
v -0.737517 -0.361794 0.117890
v -0.728001 -0.362657 0.117890
v -0.718458 -0.363167 0.117890
v -0.708845 -0.363335 0.117890
v -0.665635 -0.360740 0.117890
v -0.624799 -0.353125 0.117890
v -0.586600 -0.340743 0.117890
v -0.551302 -0.323851 0.117890
v -0.519169 -0.302701 0.117890
v -0.490465 -0.277549 0.117890
v -0.465454 -0.248649 0.117890
v -0.444398 -0.216256 0.117890
v -0.427563 -0.180623 0.117890
v -0.415211 -0.142006 0.117890
v -0.407606 -0.100659 0.117890
v -0.405012 -0.056837 0.117890
v -0.407472 -0.009428 0.117890
v -0.414809 0.034150 0.117890
v -0.426958 0.073841 0.117890
v -0.443855 0.109590 0.117890
v -0.465434 0.141341 0.117890
v -0.491631 0.169039 0.117890
v -0.522381 0.192628 0.117890
v -0.557620 0.212052 0.117890
v -0.597282 0.227257 0.117890
v -0.641302 0.238186 0.117890
v -0.689617 0.244784 0.117890
v -0.742160 0.246996 0.117890
v -0.947381 0.246996 0.117890
v -0.947381 -0.657840 0.117890
v -0.828779 -0.657840 0.117890
v -0.828779 0.140388 0.117890
v -0.720838 0.140388 0.117890
v -0.689856 0.138900 0.117890
v -0.661544 0.134484 0.117890
v -0.635906 0.127208 0.117890
v -0.612947 0.117142 0.117890
v -0.592672 0.104355 0.117890
v -0.575085 0.088916 0.117890
v -0.560191 0.070896 0.117890
v -0.547995 0.050363 0.117890
v -0.538501 0.027388 0.117890
v -0.531714 0.002038 0.117890
v -0.527638 -0.025616 0.117890
v -0.526279 -0.055504 0.117890
v -0.527916 -0.083818 0.117890
v -0.532714 -0.110665 0.117890
v -0.540500 -0.135856 0.117890
v -0.551105 -0.159200 0.117890
v -0.564356 -0.180509 0.117890
v -0.580083 -0.199592 0.117890
v -0.598114 -0.216259 0.117890
v -0.618278 -0.230322 0.117890
v -0.640404 -0.241590 0.117890
v -0.664320 -0.249873 0.117890
v -0.689856 -0.254982 0.117890
v -0.716841 -0.256727 0.117890
v -0.726194 -0.256534 0.117890
v -0.735590 -0.255956 0.117890
v -0.745013 -0.254999 0.117890
v -0.754450 -0.253667 0.117890
v -0.763887 -0.251965 0.117890
v -0.773310 -0.249898 0.117890
v -0.782705 -0.247469 0.117890
v -0.792058 -0.244684 0.117890
v -0.801357 -0.241548 0.117890
v -0.810585 -0.238065 0.117890
v -0.819731 -0.234239 0.117890
v -0.828779 -0.230075 0.117890
v -1.395135 0.258990 0.117890
v -1.438861 0.256268 0.117890
v -1.480532 0.248323 0.117890
v -1.519816 0.235482 0.117890
v -1.556379 0.218074 0.117890
v -1.589889 0.196428 0.117890
v -1.620011 0.170871 0.117890
v -1.646413 0.141734 0.117890
v -1.668762 0.109343 0.117890
v -1.686724 0.074029 0.117890
v -1.699967 0.036118 0.117890
v -1.708157 -0.004060 0.117890
v -1.710961 -0.046176 0.117890
v -1.708259 -0.091048 0.117890
v -1.700337 -0.133523 0.117890
v -1.687474 -0.173315 0.117890
v -1.669947 -0.210136 0.117890
v -1.648033 -0.243699 0.117890
v -1.622010 -0.273718 0.117890
v -1.592156 -0.299906 0.117890
v -1.558748 -0.321975 0.117890
v -1.522065 -0.339640 0.117890
v -1.482383 -0.352613 0.117890
v -1.439980 -0.360607 0.117890
v -1.395135 -0.363335 0.117890
v -1.348452 -0.360709 0.117890
v -1.304518 -0.352983 0.117890
v -1.263582 -0.340390 0.117890
v -1.225894 -0.323160 0.117890
v -1.191705 -0.301525 0.117890
v -1.161263 -0.275717 0.117890
v -1.134819 -0.245966 0.117890
v -1.112623 -0.212505 0.117890
v -1.094925 -0.175563 0.117890
v -1.081973 -0.135374 0.117890
v -1.074020 -0.092168 0.117890
v -1.071313 -0.046176 0.117890
v -1.074096 -0.002940 0.117890
v -1.082251 0.037969 0.117890
v -1.095487 0.076277 0.117890
v -1.113512 0.111712 0.117890
v -1.136034 0.144001 0.117890
v -1.162762 0.172870 0.117890
v -1.193405 0.198047 0.117890
v -1.227671 0.219258 0.117890
v -1.265269 0.236231 0.117890
v -1.305906 0.248693 0.117890
v -1.349292 0.256370 0.117890
v -1.396467 0.152381 0.117890
v -1.367541 0.150662 0.117890
v -1.340183 0.145626 0.117890
v -1.314575 0.137452 0.117890
v -1.290896 0.126322 0.117890
v -1.269326 0.112415 0.117890
v -1.250048 0.095912 0.117890
v -1.233240 0.076995 0.117890
v -1.219083 0.055842 0.117890
v -1.207758 0.032635 0.117890
v -1.199446 0.007554 0.117890
v -1.194326 -0.019221 0.117890
v -1.192579 -0.047509 0.117890
v -1.194199 -0.078779 0.117890
v -1.198983 -0.107889 0.117890
v -1.206821 -0.134732 0.117890
v -1.217602 -0.159200 0.117890
v -1.231215 -0.181189 0.117890
v -1.247549 -0.200591 0.117890
v -1.266492 -0.217300 0.117890
v -1.287934 -0.231210 0.117890
v -1.311764 -0.242214 0.117890
v -1.337870 -0.250206 0.117890
v -1.366141 -0.255079 0.117890
v -1.396467 -0.256727 0.117890
v -1.424344 -0.255002 0.117890
v -1.450573 -0.249922 0.117890
v -1.475007 -0.241631 0.117890
v -1.497498 -0.230273 0.117890
v -1.517897 -0.215990 0.117890
v -1.536057 -0.198926 0.117890
v -1.551829 -0.179224 0.117890
v -1.565066 -0.157029 0.117890
v -1.575619 -0.132483 0.117890
v -1.583340 -0.105730 0.117890
v -1.588081 -0.076913 0.117890
v -1.589694 -0.046176 0.117890
v -1.588030 -0.018195 0.117890
v -1.583155 0.008325 0.117890
v -1.575244 0.033197 0.117890
v -1.564474 0.056237 0.117890
v -1.551020 0.077259 0.117890
v -1.535058 0.096079 0.117890
v -1.516764 0.112511 0.117890
v -1.496314 0.126371 0.117890
v -1.473883 0.137473 0.117890
v -1.449648 0.145632 0.117890
v -1.423784 0.150663 0.117890
v -2.194695 0.246996 0.117890
v -2.194695 -0.351342 0.117890
v -2.076094 -0.351342 0.117890
v -2.076094 -0.038181 0.117890
v -2.074788 -0.013007 0.117890
v -2.070979 0.011070 0.117890
v -2.064829 0.033842 0.117890
v -2.056500 0.055102 0.117890
v -2.046153 0.074639 0.117890
v -2.033951 0.092248 0.117890
v -2.020055 0.107718 0.117890
v -2.004627 0.120843 0.117890
v -1.987830 0.131414 0.117890
v -1.969825 0.139222 0.117890
v -1.950775 0.144060 0.117890
v -1.930840 0.145718 0.117890
v -1.923473 0.145226 0.117890
v -1.915429 0.143781 0.117890
v -1.906812 0.141429 0.117890
v -1.897723 0.138216 0.117890
v -1.888263 0.134189 0.117890
v -1.878536 0.129394 0.117890
v -1.868642 0.123877 0.117890
v -1.858683 0.117684 0.117890
v -1.848761 0.110863 0.117890
v -1.838977 0.103458 0.117890
v -1.829435 0.095516 0.117890
v -1.820234 0.087084 0.117890
v -1.757602 0.189694 0.117890
v -1.769849 0.200856 0.117890
v -1.781953 0.211022 0.117890
v -1.793936 0.220198 0.117890
v -1.805823 0.228389 0.117890
v -1.817635 0.235599 0.117890
v -1.829396 0.241832 0.117890
v -1.841130 0.247094 0.117890
v -1.852859 0.251389 0.117890
v -1.864606 0.254721 0.117890
v -1.876395 0.257096 0.117890
v -1.888249 0.258517 0.117890
v -1.900191 0.258990 0.117890
v -1.914211 0.258063 0.117890
v -1.928293 0.255245 0.117890
v -1.942438 0.250473 0.117890
v -1.956653 0.243689 0.117890
v -1.970943 0.234832 0.117890
v -1.985311 0.223842 0.117890
v -1.999762 0.210659 0.117890
v -2.014301 0.195222 0.117890
v -2.028933 0.177472 0.117890
v -2.043661 0.157348 0.117890
v -2.058492 0.134790 0.117890
v -2.073429 0.109738 0.117890
v -2.076094 0.109738 0.117890
v -2.076094 0.246996 0.117890
v -3.184818 -0.351342 0.117890
v -2.830346 -0.351342 0.117890
v -2.757868 -0.346854 0.117890
v -2.690503 -0.333876 0.117890
v -2.628478 -0.313134 0.117890
v -2.572019 -0.285353 0.117890
v -2.521353 -0.251262 0.117890
v -2.476707 -0.211585 0.117890
v -2.438308 -0.167050 0.117890
v -2.406382 -0.118383 0.117890
v -2.381156 -0.066311 0.117890
v -2.362856 -0.011559 0.117890
v -2.351710 0.045145 0.117890
v -2.347945 0.103075 0.117890
v -2.351049 0.157086 0.117890
v -2.360456 0.211232 0.117890
v -2.376304 0.264591 0.117890
v -2.398731 0.316242 0.117890
v -2.427877 0.365265 0.117890
v -2.463881 0.410740 0.117890
v -2.506880 0.451744 0.117890
v -2.557015 0.487358 0.117890
v -2.614423 0.516660 0.117890
v -2.679244 0.538731 0.117890
v -2.751616 0.552648 0.117890
v -2.831679 0.557492 0.117890
v -3.184818 0.557492 0.117890
v -3.054223 0.440223 0.117890
v -2.853000 0.440223 0.117890
v -2.792243 0.437076 0.117890
v -2.737181 0.427928 0.117890
v -2.687737 0.413217 0.117890
v -2.643831 0.393385 0.117890
v -2.605386 0.368870 0.117890
v -2.572321 0.340112 0.117890
v -2.544560 0.307550 0.117890
v -2.522022 0.271625 0.117890
v -2.504629 0.232775 0.117890
v -2.492303 0.191440 0.117890
v -2.484966 0.148061 0.117890
v -2.482537 0.103075 0.117890
v -2.484046 0.072927 0.117890
v -2.488941 0.039234 0.117890
v -2.497779 0.003172 0.117890
v -2.511114 -0.034084 0.117890
v -2.529502 -0.071358 0.117890
v -2.553498 -0.107476 0.117890
v -2.583658 -0.141261 0.117890
v -2.620536 -0.171539 0.117890
v -2.664687 -0.197135 0.117890
v -2.716668 -0.216873 0.117890
v -2.777033 -0.229577 0.117890
v -2.846338 -0.234073 0.117890
v -3.054223 -0.234073 0.117890
vn -0.0000 -0.0000 -1.0000
vn -0.0000 -0.0000 1.0000
vn 0.6348 0.7727 -0.0000
vn -0.4425 -0.8968 -0.0000
vn -0.9988 -0.0494 -0.0000
vn 0.3830 0.9237 -0.0000
vn -0.6740 0.7388 -0.0000
vn 0.9981 0.0615 -0.0000
vn -0.9799 0.1997 -0.0000
vn -0.6503 -0.7597 -0.0000
vn 0.8219 -0.5696 -0.0000
vn 0.9835 -0.1808 -0.0000
vn 0.5263 0.8503 -0.0000
vn 0.1808 -0.9835 -0.0000
vn -0.9875 -0.1577 -0.0000
vn -0.8589 0.5121 -0.0000
vn 0.9826 0.1859 -0.0000
vn -0.0607 -0.9982 -0.0000
vn -0.1934 0.9811 -0.0000
vn 0.7440 -0.6682 -0.0000
vn -0.9441 0.3298 -0.0000
vn 0.2095 -0.9778 -0.0000
vn 0.9530 -0.3031 -0.0000
vn 0.0618 0.9981 -0.0000
vn -0.8356 0.5494 -0.0000
vn -0.9603 -0.2789 -0.0000
vn -0.0543 0.9985 -0.0000
vn -0.2317 0.9728 -0.0000
vn -0.0659 0.9978 -0.0000
vn 0.9502 0.3116 -0.0000
vn -0.0593 -0.9982 -0.0000
vn -0.3986 -0.9171 -0.0000
vn -0.8913 0.4534 -0.0000
vn 0.9059 -0.4235 -0.0000
vn 0.8997 0.4365 -0.0000
vn 0.3626 0.9319 -0.0000
vn -0.1768 -0.9842 -0.0000
vn 0.0628 -0.9980 -0.0000
vn -0.0621 0.9981 -0.0000
vn -0.1963 0.9805 -0.0000
vn -0.8231 0.5679 -0.0000
vn -0.9122 -0.4099 -0.0000
vn -0.3497 -0.9369 -0.0000
vn -0.4339 -0.9010 -0.0000
vn 0.8302 0.5574 -0.0000
vn -1.0000 -0.0000 -0.0000
vn 0.3370 0.9415 -0.0000
vn -0.3333 -0.9428 -0.0000
vn -0.0000 -1.0000 -0.0000
vn 1.0000 -0.0000 -0.0000
vn 0.3064 0.9519 -0.0000
vn 0.5736 0.8192 -0.0000
vn -0.8391 -0.5439 -0.0000
vn -0.0000 1.0000 -0.0000
vn 0.1974 0.9803 -0.0000
vn 0.7423 0.6701 -0.0000
vn -0.2963 -0.9551 -0.0000
vn 0.1190 0.9929 -0.0000
vn 0.5610 -0.8278 -0.0000
vn 0.2711 0.9625 -0.0000
vn -0.7411 -0.6713 -0.0000
vn 0.0205 -0.9998 -0.0000
vn 0.6383 0.7698 -0.0000
vn -0.2633 -0.9647 -0.0000
vn -0.4299 0.9029 -0.0000
vn 0.0517 0.9987 -0.0000
vn 0.0396 0.9992 -0.0000
vn 0.3213 0.9470 -0.0000
vn -0.0224 -0.9997 -0.0000
vn -0.6757 -0.7372 -0.0000
vn -0.6233 -0.7820 -0.0000
vn 0.8536 -0.5210 -0.0000
vn 0.5225 0.8526 -0.0000
vn 0.0195 0.9998 -0.0000
vn 0.3191 -0.9477 -0.0000
vn -0.0323 0.9995 -0.0000
vn -0.8373 -0.5467 -0.0000
vn -0.6397 -0.7686 -0.0000
vn 0.7025 0.7117 -0.0000
vn 0.6736 0.7391 -0.0000
vn 0.9187 0.3950 -0.0000
vn -0.1853 -0.9827 -0.0000
vn 0.3859 0.9225 -0.0000
vn -0.1060 0.9944 -0.0000
vn 0.7534 -0.6575 -0.0000
vn -0.0421 -0.9991 -0.0000
vn -0.6035 -0.7974 -0.0000
vn 0.1901 0.9818 -0.0000
vn 0.4180 0.9084 -0.0000
vn -0.9029 -0.4298 -0.0000
vn 0.6432 0.7657 -0.0000
vn -0.7416 0.6708 -0.0000
vn 0.1909 -0.9816 -0.0000
vn 0.9608 0.2773 -0.0000
vn -0.7133 -0.7008 -0.0000
vn -0.5666 -0.8240 -0.0000
vn -0.1873 0.9823 -0.0000
vn -0.9515 -0.3076 -0.0000
vn 0.6080 0.7940 -0.0000
vn -0.3107 -0.9505 -0.0000
vn -0.9830 -0.1833 -0.0000
vn -0.5280 -0.8492 -0.0000
vn 0.4508 0.8926 -0.0000
vn 0.9867 0.1623 -0.0000
vn -0.2959 -0.9552 -0.0000
vn -0.0425 0.9991 -0.0000
vn 0.5674 0.8234 -0.0000
vn -0.9512 -0.3087 -0.0000
vn 0.4436 -0.8962 -0.0000
vn -0.3107 0.9505 -0.0000
vn 0.2143 0.9768 -0.0000
vn -0.9982 -0.0601 -0.0000
vn 0.5210 0.8536 -0.0000
vn 0.9552 0.2958 -0.0000
vn -0.5512 -0.8344 -0.0000
vn -0.2958 0.9552 -0.0000
vn 0.9986 0.0524 -0.0000
vn 0.6848 0.7288 -0.0000
vn -0.3233 -0.9463 -0.0000
vn -0.4870 -0.8734 -0.0000
vn -0.9831 -0.1833 -0.0000
vn 0.2503 0.9682 -0.0000
vn -0.2454 -0.9694 -0.0000
vn -0.9978 0.0664 -0.0000
vn 0.4683 0.8836 -0.0000
vn 0.9851 0.1717 -0.0000
vn 0.9982 -0.0594 -0.0000
vn -0.6594 -0.7518 -0.0000
vn -0.3482 -0.9374 -0.0000
vn 0.7807 0.6250 -0.0000
vn 0.1605 0.9870 -0.0000
vn -0.4421 -0.8969 -0.0000
vn -0.9982 -0.0598 -0.0000
vn 0.2853 0.9584 -0.0000
vn 0.4092 0.9125 -0.0000
vn 0.9985 0.0549 -0.0000
vn -0.7556 -0.6550 -0.0000
vn 0.3438 0.9390 -0.0000
vn 0.8589 0.5122 -0.0000
vn -0.3705 -0.9288 -0.0000
vn -0.9988 0.0493 -0.0000
vn 0.3196 0.9475 -0.0000
vn -0.0366 -0.9993 -0.0000
vn 0.9987 -0.0519 -0.0000
vn 0.8423 -0.5390 -0.0000
vn -0.3917 -0.9201 -0.0000
vn 0.3531 0.9356 -0.0000
vn 0.2729 0.9620 -0.0000
vn -0.7410 0.6715 -0.0000
vn -0.0902 -0.9959 -0.0000
vn -0.1369 -0.9906 -0.0000
vn -0.9880 0.1544 -0.0000
vn 0.7626 -0.6468 -0.0000
vn 0.0829 -0.9966 -0.0000
vn 0.9870 -0.1605 -0.0000
vn 0.0508 0.9987 -0.0000
vn 0.0614 0.9981 -0.0000
vn -0.5268 0.8500 -0.0000
vn -0.6469 0.7625 -0.0000
vn -0.9638 0.2668 -0.0000
vn 0.6682 -0.7439 -0.0000
vn -0.1273 -0.9919 -0.0000
vn 0.1549 -0.9879 -0.0000
vn -0.4307 0.9025 -0.0000
vn 0.9618 -0.2739 -0.0000
vn -0.0666 -0.9978 -0.0000
vn -0.5426 0.8400 -0.0000
vn -0.2469 0.9690 -0.0000
vn 0.9208 -0.3901 -0.0000
vn 0.0562 -0.9984 -0.0000
vn -0.1640 -0.9865 -0.0000
vn -0.3115 -0.9503 -0.0000
vn -0.3196 0.9475 -0.0000
vn 0.1010 0.9949 -0.0000
vn -0.9232 0.3844 -0.0000
vn 0.0570 0.9984 -0.0000
vn 0.4093 -0.9124 -0.0000
vn -0.8638 0.5039 -0.0000
vn -0.0175 -0.9998 -0.0000
vn -0.0583 -0.9983 -0.0000
vn -0.0645 0.9979 -0.0000
vn -0.6685 0.7437 -0.0000
vn -0.2927 0.9562 -0.0000
vn 0.0618 -0.9981 -0.0000
vn 0.1617 0.9868 -0.0000
vn 0.0599 -0.9982 -0.0000
vn 0.0487 -0.9988 -0.0000
vn -0.3041 -0.9527 -0.0000
vn -0.1381 0.9904 -0.0000
vn 0.0634 -0.9980 -0.0000
vn -0.1962 0.9806 -0.0000
vn -0.2091 -0.9779 -0.0000
vn -0.1639 -0.9865 -0.0000
vn 0.1732 -0.9849 -0.0000
vn -0.1541 -0.9881 -0.0000
vn -0.1788 -0.9839 -0.0000
vn -0.1699 0.9855 -0.0000
vn -0.1176 -0.9931 -0.0000
vn 0.0604 0.9982 -0.0000
vn 0.1353 0.9908 -0.0000
vn 0.2790 0.9603 -0.0000
vn -0.1811 -0.9835 -0.0000
vn 0.1742 0.9847 -0.0000
vn -0.0534 -0.9986 -0.0000
vn 0.0207 0.9998 -0.0000
vn -0.4126 0.9109 -0.0000
vn 0.1948 -0.9808 -0.0000
vn 0.4158 -0.9095 -0.0000
vn -0.0480 -0.9988 -0.0000
vn -0.5397 0.8418 -0.0000
vn -0.0647 0.9979 -0.0000
vn -0.0587 0.9983 -0.0000
vn -0.4949 -0.8689 -0.0000
vn -0.0517 -0.9987 -0.0000
vn -0.3017 -0.9534 -0.0000
vn -0.5442 0.8389 -0.0000
vn 0.0421 0.9991 -0.0000
vn 0.4009 0.9161 -0.0000
vn -0.5419 -0.8405 -0.0000
vn -0.1996 -0.9799 -0.0000
vn 0.4005 0.9163 -0.0000
vn 0.4115 0.9114 -0.0000
vn 0.1397 0.9902 -0.0000
vn -0.4239 -0.9057 -0.0000
vn -0.3663 -0.9305 -0.0000
vn 0.5232 0.8522 -0.0000
vn 0.2782 0.9605 -0.0000
vn 0.3172 -0.9484 -0.0000
vn 0.2940 -0.9558 -0.0000
vn -0.2338 -0.9723 -0.0000
vn 0.4106 0.9118 -0.0000
vn -0.4192 0.9079 -0.0000
vn -0.3550 0.9349 -0.0000
vn -0.4254 -0.9050 -0.0000
vn -0.2660 -0.9640 -0.0000
vn 0.4589 -0.8885 -0.0000
vn 0.1775 0.9841 -0.0000
vn 0.4415 -0.8973 -0.0000
vn 0.2932 0.9561 -0.0000
vn -0.3128 0.9498 -0.0000
vn 0.5137 -0.8580 -0.0000
vn -0.5015 0.8651 -0.0000
vn 0.3282 -0.9446 -0.0000
vn 0.8333 -0.5528 -0.0000
vn -0.5377 -0.8432 -0.0000
vn -0.6213 0.7836 -0.0000
vn -0.1828 0.9832 -0.0000
vn 0.6308 -0.7759 -0.0000
vn -0.5418 -0.8405 -0.0000
vn -0.9151 0.4032 -0.0000
vn 0.3083 -0.9513 -0.0000
vn 0.4546 0.8907 -0.0000
vn 0.9018 -0.4321 -0.0000
vn 0.6404 0.7681 -0.0000
vn -0.4538 0.8911 -0.0000
vn -0.7375 0.6753 -0.0000
vn -0.4015 -0.9158 -0.0000
vn 0.7367 -0.6762 -0.0000
vn -0.4117 -0.9113 -0.0000
vn -0.9599 0.2803 -0.0000
vn 0.3223 0.9466 -0.0000
vn -0.6518 -0.7584 -0.0000
vn 0.9518 -0.3067 -0.0000
vn 0.7465 0.6654 -0.0000
vn -0.8348 0.5505 -0.0000
vn 0.4317 -0.9020 -0.0000
vn 0.8264 -0.5630 -0.0000
vn 0.1892 -0.9819 -0.0000
vn -0.9868 0.1622 -0.0000
vn -0.2059 0.9786 -0.0000
vn -0.7503 -0.6611 -0.0000
vn 0.9835 -0.1810 -0.0000
vn -0.5720 0.8202 -0.0000
vn -0.2852 -0.9585 -0.0000
vn 0.8361 0.5485 -0.0000
vn -0.9082 0.4184 -0.0000
vn -0.5334 -0.8458 -0.0000
vn 0.8974 -0.4413 -0.0000
vn 0.1888 0.9820 -0.0000
vn -0.9987 0.0517 -0.0000
vn -0.8342 -0.5514 -0.0000
vn 0.9983 -0.0588 -0.0000
vn 0.3580 0.9337 -0.0000
vn 0.9489 -0.3155 -0.0000
vn 0.9984 0.0574 -0.0000
vn -0.9016 -0.4326 -0.0000
vn 0.9835 -0.1809 -0.0000
vn 0.9060 0.4232 -0.0000
vn -0.9981 -0.0616 -0.0000
vn -0.9577 0.2878 -0.0000
vn 0.7573 -0.6530 -0.0000
vn 0.9979 0.0642 -0.0000
vn 0.9820 -0.1889 -0.0000
vn 0.8625 -0.5061 -0.0000
vn -0.9844 0.1759 -0.0000
vn 0.9983 -0.0591 -0.0000
vn -0.8329 0.5534 -0.0000
vn -0.7843 0.6204 -0.0000
vn -0.9822 -0.1878 -0.0000
vn -0.9863 0.1649 -0.0000
vn 0.8361 -0.5485 -0.0000
vn 0.7860 -0.6182 -0.0000
vn 0.9807 0.1955 -0.0000
vn 0.9980 -0.0629 -0.0000
vn -0.9983 0.0577 -0.0000
vn 0.9452 0.3266 -0.0000
vn -0.8968 0.4424 -0.0000
vn -0.6854 0.7281 -0.0000
vn -0.9990 -0.0454 -0.0000
vn -0.9986 0.0526 -0.0000
vn 0.9000 -0.4360 -0.0000
vn 0.6918 -0.7221 -0.0000
vn 0.9987 0.0518 -0.0000
vn 0.9984 0.0568 -0.0000
vn -0.9492 -0.3146 -0.0000
vn 0.8913 0.4534 -0.0000
vn 0.9846 0.1746 -0.0000
vn -0.9415 0.3370 -0.0000
vn -0.5703 0.8215 -0.0000
vn -0.9893 -0.1458 -0.0000
vn 0.9484 -0.3170 -0.0000
vn 0.5816 -0.8135 -0.0000
vn 0.9861 0.1660 -0.0000
vn -0.8987 -0.4386 -0.0000
vn -0.9978 -0.0663 -0.0000
vn -0.4440 0.8960 -0.0000
vn 0.8202 0.5721 -0.0000
vn 0.9555 0.2949 -0.0000
vn -0.9713 0.2380 -0.0000
vn -0.0714 -0.9974 -0.0000
vn 0.5498 -0.8353 -0.0000
vn 0.9812 -0.1929 -0.0000
vn 0.5347 -0.8450 -0.0000
vn -0.6788 0.7343 -0.0000
vn -0.9782 -0.2076 -0.0000
vn 0.0605 0.9982 -0.0000
vn 0.6590 -0.7521 -0.0000
vn 0.9104 0.4137 -0.0000
vn -0.9896 0.1438 -0.0000
vn -0.6615 0.7499 -0.0000
vn 0.9979 -0.0649 -0.0000
vn 0.6467 -0.7628 -0.0000
vn -0.7717 0.6360 -0.0000
vn -0.9346 -0.3557 -0.0000
vn -0.9988 0.0500 -0.0000
vn 0.0917 -0.9958 -0.0000
vn 0.7561 -0.6544 -0.0000
vn 0.8499 0.5269 -0.0000
vn -0.9985 -0.0539 -0.0000
vn -0.7650 0.6440 -0.0000
vn -0.0662 0.9978 -0.0000
vn 0.7474 -0.6643 -0.0000
vn 0.7761 0.6306 -0.0000
vn 0.9852 0.1712 -0.0000
vn -0.8492 0.5281 -0.0000
vn -0.8503 0.5264 -0.0000
vn 0.8384 -0.5450 -0.0000
vn 0.0579 -0.9983 -0.0000
vn -0.8311 -0.5562 -0.0000
vn -0.8649 -0.5020 -0.0000
vn -0.9860 -0.1668 -0.0000
vn -0.0220 0.9998 -0.0000
vn 0.9042 -0.4272 -0.0000
vn 0.6918 0.7221 -0.0000
vn 0.9586 0.2847 -0.0000
vn -0.1252 -0.9921 -0.0000
vn 0.7338 0.6794 -0.0000
vn -0.9105 0.4136 -0.0000
vn -0.7713 -0.6364 -0.0000
vn -0.9583 -0.2858 -0.0000
vn 0.1033 0.9946 -0.0000
vn -0.7476 -0.6642 -0.0000
vn 0.9525 -0.3047 -0.0000
vn 0.6006 0.7995 -0.0000
vn 0.9173 0.3983 -0.0000
vn -0.9554 0.2953 -0.0000
vn 0.1522 -0.9884 -0.0000
vn -0.9660 -0.2586 -0.0000
vn -0.6607 -0.7507 -0.0000
vn -0.9127 -0.4086 -0.0000
vn 0.5059 0.8626 -0.0000
vn 0.8596 0.5110 -0.0000
vn -0.1526 0.9883 -0.0000
vn 0.9562 0.2927 -0.0000
vn 0.2701 -0.9628 -0.0000
vn -0.2399 -0.9708 -0.0000
vn -0.8471 -0.5314 -0.0000
vn -0.9242 -0.3819 -0.0000
vn -0.3673 0.9301 -0.0000
vn 0.7840 0.6207 -0.0000
vn 0.2321 0.9727 -0.0000
vn 0.9041 0.4273 -0.0000
vn 0.3914 -0.9202 -0.0000
vn 0.9835 -0.1811 -0.0000
vn -0.4946 0.8691 -0.0000
vn 0.5583 -0.8297 -0.0000
vn 0.1228 -0.9924 -0.0000
vn -0.8598 -0.5107 -0.0000
vn -0.5419 -0.8404 -0.0000
vn -0.1100 0.9939 -0.0000
vn 0.8271 0.5621 -0.0000
vn -0.6346 0.7729 -0.0000
vn -0.1821 -0.9833 -0.0000
vn 0.3170 0.9484 -0.0000
vn 0.9983 -0.0587 -0.0000
vn 0.6643 -0.7475 -0.0000
vn 0.7265 0.6872 -0.0000
vn 0.1903 0.9817 -0.0000
vn -0.7460 0.6659 -0.0000
vn -0.4235 -0.9059 -0.0000
vn -0.7610 -0.6488 -0.0000
vn 0.1470 0.9891 -0.0000
vn -0.7708 -0.6371 -0.0000
vn 0.2266 0.9740 -0.0000
vn 0.6087 0.7934 -0.0000
vn 0.6901 0.7237 -0.0000
vn 0.2391 -0.9710 -0.0000
vn 0.4765 -0.8792 -0.0000
vn 0.9987 -0.0518 -0.0000
vn -0.6597 -0.7515 -0.0000
vn -0.7862 0.6179 -0.0000
vn -0.6563 -0.7545 -0.0000
vn -0.2672 0.9636 -0.0000
vn 0.9877 -0.1563 -0.0000
vn 0.4827 0.8758 -0.0000
vn 0.5496 -0.8354 -0.0000
vn 0.5791 0.8152 -0.0000
vn 0.1833 -0.9831 -0.0000
vn 0.6265 -0.7794 -0.0000
vn -0.3973 0.9177 -0.0000
vn -0.3273 0.9449 -0.0000
vn 0.9654 -0.2607 -0.0000
vn 0.3945 -0.9189 -0.0000
vn -0.2730 -0.9620 -0.0000
vn -0.8809 0.4733 -0.0000
vn 0.9311 -0.3648 -0.0000
vn 0.2410 0.9705 -0.0000
vn 0.7044 -0.7098 -0.0000
vn -0.3547 0.9350 -0.0000
vn 0.8837 -0.4680 -0.0000
vn 0.7792 -0.6268 -0.0000
vn -0.3775 0.9260 -0.0000
vn -0.5422 -0.8402 -0.0000
vn -0.9462 0.3237 -0.0000
vn 0.8465 -0.5324 -0.0000
vn 0.6480 -0.7617 -0.0000
vn 0.2708 -0.9626 -0.0000
vn 0.9026 -0.4305 -0.0000
vn -0.2996 0.9541 -0.0000
vn -0.8070 0.5906 -0.0000
vn 0.3058 -0.9521 -0.0000
vn -0.9833 0.1819 -0.0000
vn -0.6076 0.7943 -0.0000
vn 0.9454 -0.3258 -0.0000
vn 0.3462 -0.9382 -0.0000
vn 0.9867 0.1624 -0.0000
vn 0.9747 -0.2235 -0.0000
vn -0.3288 0.9444 -0.0000
vn 0.5326 -0.8464 -0.0000
vn -0.5140 -0.8578 -0.0000
vn -0.7716 0.6361 -0.0000
vn -0.9984 0.0560 -0.0000
vn 0.3979 -0.9174 -0.0000
vn 0.9919 -0.1274 -0.0000
vn -0.4809 -0.8768 -0.0000
vn 0.3983 0.9173 -0.0000
vn 0.9992 -0.0400 -0.0000
vn -0.7280 0.6856 -0.0000
vn 0.2461 -0.9692 -0.0000
vt 0.333333 0.000000
vt 0.555556 0.000000
vt 0.444444 0.000000
vt 0.111111 0.000000
vt 0.000000 0.000000
vt 0.222222 0.000000
vt 0.777778 0.000000
vt 1.000000 0.000000
vt 0.888889 0.000000
vt 0.666667 0.000000
vt 0.268041 0.000000
vt 0.721649 0.000000
vt 0.278351 0.000000
vt 0.731959 0.000000
vt 0.257732 0.000000
vt 0.742268 0.000000
vt 0.247423 0.000000
vt 0.752577 0.000000
vt 0.237113 0.000000
vt 0.762887 0.000000
vt 0.226804 0.000000
vt 0.773196 0.000000
vt 0.216495 0.000000
vt 0.783505 0.000000
vt 0.793814 0.000000
vt 0.206186 0.000000
vt 0.195876 0.000000
vt 0.371134 0.000000
vt 0.360825 0.000000
vt 0.639175 0.000000
vt 0.649485 0.000000
vt 0.876289 0.000000
vt 0.865979 0.000000
vt 0.123711 0.000000
vt 0.350515 0.000000
vt 0.659794 0.000000
vt 0.134021 0.000000
vt 0.855670 0.000000
vt 0.340206 0.000000
vt 0.670103 0.000000
vt 0.329897 0.000000
vt 0.680412 0.000000
vt 0.154639 0.000000
vt 0.845361 0.000000
vt 0.835052 0.000000
vt 0.144330 0.000000
vt 0.319588 0.000000
vt 0.690722 0.000000
vt 0.309278 0.000000
vt 0.701031 0.000000
vt 0.298969 0.000000
vt 0.711340 0.000000
vt 0.288660 0.000000
vt 0.804124 0.000000
vt 0.185567 0.000000
vt 0.814433 0.000000
vt 0.175258 0.000000
vt 0.824742 0.000000
vt 0.164948 0.000000
vt 0.896907 0.000000
vt 0.886598 0.000000
vt 0.103093 0.000000
vt 0.113402 0.000000
vt 0.618557 0.000000
vt 0.402062 0.000000
vt 0.391753 0.000000
vt 0.608247 0.000000
vt 0.628866 0.000000
vt 0.381443 0.000000
vt 0.907216 0.000000
vt 0.092784 0.000000
vt 0.597938 0.000000
vt 0.422680 0.000000
vt 0.412371 0.000000
vt 0.587629 0.000000
vt 0.917526 0.000000
vt 0.061856 0.000000
vt 0.927835 0.000000
vt 0.072165 0.000000
vt 0.082474 0.000000
vt 0.443299 0.000000
vt 0.567010 0.000000
vt 0.453608 0.000000
vt 0.556701 0.000000
vt 0.494845 0.000000
vt 0.515464 0.000000
vt 0.505155 0.000000
vt 0.484536 0.000000
vt 0.536082 0.000000
vt 0.525773 0.000000
vt 0.989691 0.000000
vt 0.463918 0.000000
vt 0.546392 0.000000
vt 0.474227 0.000000
vt 0.979381 0.000000
vt 0.969072 0.000000
vt 0.010309 0.000000
vt 0.958763 0.000000
vt 0.020619 0.000000
vt 0.432990 0.000000
vt 0.577320 0.000000
vt 0.948454 0.000000
vt 0.030928 0.000000
vt 0.938144 0.000000
vt 0.041237 0.000000
vt 0.051546 0.000000
vt 0.168421 0.000000
vt 0.842105 0.000000
vt 0.178947 0.000000
vt 0.852632 0.000000
vt 0.157895 0.000000
vt 0.863158 0.000000
vt 0.147368 0.000000
vt 0.136842 0.000000
vt 0.873684 0.000000
vt 0.126316 0.000000
vt 0.884211 0.000000
vt 0.115789 0.000000
vt 0.894737 0.000000
vt 0.105263 0.000000
vt 0.905263 0.000000
vt 0.094737 0.000000
vt 0.915789 0.000000
vt 0.084211 0.000000
vt 0.926316 0.000000
vt 0.073684 0.000000
vt 0.221053 0.000000
vt 0.210526 0.000000
vt 0.800000 0.000000
vt 0.810526 0.000000
vt 0.957895 0.000000
vt 0.042105 0.000000
vt 0.968421 0.000000
vt 0.031579 0.000000
vt 0.789474 0.000000
vt 0.778947 0.000000
vt 0.231579 0.000000
vt 0.978947 0.000000
vt 0.021053 0.000000
vt 0.989474 0.000000
vt 0.242105 0.000000
vt 0.768421 0.000000
vt 0.010526 0.000000
vt 0.200000 0.000000
vt 0.821053 0.000000
vt 0.189474 0.000000
vt 0.831579 0.000000
vt 0.936842 0.000000
vt 0.063158 0.000000
vt 0.947368 0.000000
vt 0.052632 0.000000
vt 0.263158 0.000000
vt 0.252632 0.000000
vt 0.747368 0.000000
vt 0.494737 0.000000
vt 0.515789 0.000000
vt 0.273684 0.000000
vt 0.736842 0.000000
vt 0.726316 0.000000
vt 0.526316 0.000000
vt 0.484211 0.000000
vt 0.536842 0.000000
vt 0.715789 0.000000
vt 0.294737 0.000000
vt 0.284211 0.000000
vt 0.705263 0.000000
vt 0.547368 0.000000
vt 0.463158 0.000000
vt 0.557895 0.000000
vt 0.473684 0.000000
vt 0.326316 0.000000
vt 0.673684 0.000000
vt 0.336842 0.000000
vt 0.663158 0.000000
vt 0.347368 0.000000
vt 0.652632 0.000000
vt 0.357895 0.000000
vt 0.642105 0.000000
vt 0.368421 0.000000
vt 0.631579 0.000000
vt 0.378947 0.000000
vt 0.621053 0.000000
vt 0.389474 0.000000
vt 0.610526 0.000000
vt 0.400000 0.000000
vt 0.410526 0.000000
vt 0.600000 0.000000
vt 0.421053 0.000000
vt 0.589474 0.000000
vt 0.431579 0.000000
vt 0.305263 0.000000
vt 0.694737 0.000000
vt 0.315789 0.000000
vt 0.684211 0.000000
vt 0.578947 0.000000
vt 0.442105 0.000000
vt 0.568421 0.000000
vt 0.452632 0.000000
vt 0.757895 0.000000
vt 0.505263 0.000000
vt 0.752381 0.000000
vt 0.485714 0.000000
vt 0.742857 0.000000
vt 0.495238 0.000000
vt 0.723810 0.000000
vt 0.761905 0.000000
vt 0.733333 0.000000
vt 0.714286 0.000000
vt 0.514286 0.000000
vt 0.504762 0.000000
vt 0.476190 0.000000
vt 0.990476 0.000000
vt 0.980952 0.000000
vt 0.009524 0.000000
vt 0.704762 0.000000
vt 0.695238 0.000000
vt 0.771429 0.000000
vt 0.533333 0.000000
vt 0.523810 0.000000
vt 0.457143 0.000000
vt 0.466667 0.000000
vt 0.971429 0.000000
vt 0.028571 0.000000
vt 0.019048 0.000000
vt 0.961905 0.000000
vt 0.790476 0.000000
vt 0.238095 0.000000
vt 0.247619 0.000000
vt 0.676190 0.000000
vt 0.257143 0.000000
vt 0.780952 0.000000
vt 0.685714 0.000000
vt 0.552381 0.000000
vt 0.542857 0.000000
vt 0.438095 0.000000
vt 0.447619 0.000000
vt 0.219048 0.000000
vt 0.209524 0.000000
vt 0.819048 0.000000
vt 0.942857 0.000000
vt 0.057143 0.000000
vt 0.047619 0.000000
vt 0.933333 0.000000
vt 0.066667 0.000000
vt 0.923810 0.000000
vt 0.076190 0.000000
vt 0.914286 0.000000
vt 0.085714 0.000000
vt 0.904762 0.000000
vt 0.095238 0.000000
vt 0.104762 0.000000
vt 0.895238 0.000000
vt 0.114286 0.000000
vt 0.885714 0.000000
vt 0.123810 0.000000
vt 0.876190 0.000000
vt 0.133333 0.000000
vt 0.142857 0.000000
vt 0.866667 0.000000
vt 0.152381 0.000000
vt 0.857143 0.000000
vt 0.161905 0.000000
vt 0.847619 0.000000
vt 0.171429 0.000000
vt 0.180952 0.000000
vt 0.838095 0.000000
vt 0.190476 0.000000
vt 0.828571 0.000000
vt 0.038095 0.000000
vt 0.952381 0.000000
vt 0.809524 0.000000
vt 0.228571 0.000000
vt 0.266667 0.000000
vt 0.657143 0.000000
vt 0.276190 0.000000
vt 0.285714 0.000000
vt 0.647619 0.000000
vt 0.295238 0.000000
vt 0.304762 0.000000
vt 0.638095 0.000000
vt 0.314286 0.000000
vt 0.323810 0.000000
vt 0.628571 0.000000
vt 0.342857 0.000000
vt 0.619048 0.000000
vt 0.352381 0.000000
vt 0.361905 0.000000
vt 0.609524 0.000000
vt 0.371429 0.000000
vt 0.380952 0.000000
vt 0.590476 0.000000
vt 0.390476 0.000000
vt 0.580952 0.000000
vt 0.409524 0.000000
vt 0.571429 0.000000
vt 0.419048 0.000000
vt 0.561905 0.000000
vt 0.428571 0.000000
vt 0.506494 0.000000
vt 0.493506 0.000000
vt 0.974026 0.000000
vt 0.987013 0.000000
vt 0.480519 0.000000
vt 0.519481 0.000000
vt 0.038961 0.000000
vt 0.909091 0.000000
vt 0.051948 0.000000
vt 0.922078 0.000000
vt 0.025974 0.000000
vt 0.935065 0.000000
vt 0.012987 0.000000
vt 0.948052 0.000000
vt 0.961039 0.000000
vt 0.129870 0.000000
vt 0.116883 0.000000
vt 0.870130 0.000000
vt 0.103896 0.000000
vt 0.090909 0.000000
vt 0.883117 0.000000
vt 0.844156 0.000000
vt 0.155844 0.000000
vt 0.831169 0.000000
vt 0.168831 0.000000
vt 0.818182 0.000000
vt 0.558442 0.000000
vt 0.545455 0.000000
vt 0.441558 0.000000
vt 0.454545 0.000000
vt 0.532468 0.000000
vt 0.467532 0.000000
vt 0.077922 0.000000
vt 0.896104 0.000000
vt 0.064935 0.000000
vt 0.805195 0.000000
vt 0.194805 0.000000
vt 0.181818 0.000000
vt 0.792208 0.000000
vt 0.584416 0.000000
vt 0.207792 0.000000
vt 0.779221 0.000000
vt 0.415584 0.000000
vt 0.597403 0.000000
vt 0.298701 0.000000
vt 0.701299 0.000000
vt 0.311688 0.000000
vt 0.688312 0.000000
vt 0.675325 0.000000
vt 0.324675 0.000000
vt 0.662338 0.000000
vt 0.337662 0.000000
vt 0.220779 0.000000
vt 0.766234 0.000000
vt 0.233766 0.000000
vt 0.753247 0.000000
vt 0.246753 0.000000
vt 0.740260 0.000000
vt 0.259740 0.000000
vt 0.272727 0.000000
vt 0.727273 0.000000
vt 0.649351 0.000000
vt 0.350649 0.000000
vt 0.636364 0.000000
vt 0.363636 0.000000
vt 0.623377 0.000000
vt 0.376623 0.000000
vt 0.389610 0.000000
vt 0.610390 0.000000
vt 0.402597 0.000000
vt 0.018519 0.000000
vt 0.055556 0.000000
vt 0.037037 0.000000
vt 0.074074 0.000000
vt 0.092593 0.000000
vt 0.981481 0.000000
vt 0.129630 0.000000
vt 0.148148 0.000000
vt 0.962963 0.000000
vt 0.185185 0.000000
vt 0.925926 0.000000
vt 0.203704 0.000000
vt 0.907407 0.000000
vt 0.833333 0.000000
vt 0.259259 0.000000
vt 0.851852 0.000000
vt 0.240741 0.000000
vt 0.870370 0.000000
vt 0.166667 0.000000
vt 0.944444 0.000000
vt 0.759259 0.000000
vt 0.740741 0.000000
vt 0.314815 0.000000
vt 0.296296 0.000000
vt 0.351852 0.000000
vt 0.685185 0.000000
vt 0.703704 0.000000
vt 0.722222 0.000000
vt 0.500000 0.000000
vt 0.481481 0.000000
vt 0.518519 0.000000
vt 0.462963 0.000000
vt 0.537037 0.000000
vt 0.425926 0.000000
vt 0.574074 0.000000
vt 0.407407 0.000000
vt 0.592593 0.000000
vt 0.611111 0.000000
vt 0.388889 0.000000
vt 0.629630 0.000000
vt 0.370370 0.000000
vt 0.648148 0.000000
vt 0.277778 0.000000
vt 0.814815 0.000000
vt 0.796296 0.000000
vt 0.490566 0.000000
vt 0.509434 0.000000
vt 0.037736 0.000000
vt 0.018868 0.000000
vt 0.962264 0.000000
vt 0.566038 0.000000
vt 0.547170 0.000000
vt 0.452830 0.000000
vt 0.471698 0.000000
vt 0.981132 0.000000
vt 0.528302 0.000000
vt 0.943396 0.000000
vt 0.075472 0.000000
vt 0.056604 0.000000
vt 0.924528 0.000000
vt 0.094340 0.000000
vt 0.905660 0.000000
vt 0.622642 0.000000
vt 0.603774 0.000000
vt 0.396226 0.000000
vt 0.415094 0.000000
vt 0.584906 0.000000
vt 0.433962 0.000000
vt 0.245283 0.000000
vt 0.754717 0.000000
vt 0.264151 0.000000
vt 0.132075 0.000000
vt 0.867925 0.000000
vt 0.150943 0.000000
vt 0.849057 0.000000
vt 0.169811 0.000000
vt 0.830189 0.000000
vt 0.188679 0.000000
vt 0.811321 0.000000
vt 0.207547 0.000000
vt 0.792453 0.000000
vt 0.226415 0.000000
vt 0.773585 0.000000
vt 0.735849 0.000000
vt 0.283019 0.000000
vt 0.716981 0.000000
vt 0.301887 0.000000
vt 0.698113 0.000000
vt 0.320755 0.000000
vt 0.679245 0.000000
vt 0.339623 0.000000
vt 0.660377 0.000000
vt 0.358491 0.000000
vt 0.113208 0.000000
vt 0.886792 0.000000
vt 0.641509 0.000000
vt 0.377358 0.000000
s 0
f 4/1/1 6/2/1 5/3/1
f 2/4/1 1/5/1 6/2/1
f 6/2/1 3/6/1 2/4/1
f 4/1/1 3/6/1 6/2/1
f 8/7/1 10/8/1 9/9/1
f 7/10/1 10/8/1 8/7/1
f 37/11/1 81/12/1 38/13/1
f 81/12/1 37/11/1 82/14/1
f 36/15/1 82/14/1 37/11/1
f 82/14/1 36/15/1 83/16/1
f 35/17/1 83/16/1 36/15/1
f 83/16/1 35/17/1 84/18/1
f 34/19/1 84/18/1 35/17/1
f 84/18/1 34/19/1 85/20/1
f 33/21/1 85/20/1 34/19/1
f 85/20/1 33/21/1 86/22/1
f 32/23/1 86/22/1 33/21/1
f 86/22/1 32/23/1 87/24/1
f 87/24/1 32/23/1 88/25/1
f 31/26/1 88/25/1 32/23/1
f 30/27/1 88/25/1 31/26/1
f 47/28/1 46/29/1 73/30/1
f 74/31/1 73/30/1 46/29/1
f 96/32/1 95/33/1 23/34/1
f 46/29/1 45/35/1 74/31/1
f 75/36/1 74/31/1 45/35/1
f 24/37/1 95/33/1 94/38/1
f 95/33/1 24/37/1 23/34/1
f 45/35/1 44/39/1 75/36/1
f 75/36/1 44/39/1 76/40/1
f 43/41/1 76/40/1 44/39/1
f 77/42/1 76/40/1 43/41/1
f 26/43/1 93/44/1 92/45/1
f 25/46/1 93/44/1 26/43/1
f 93/44/1 25/46/1 94/38/1
f 94/38/1 25/46/1 24/37/1
f 43/41/1 42/47/1 77/42/1
f 77/42/1 42/47/1 78/48/1
f 41/49/1 78/48/1 42/47/1
f 78/48/1 41/49/1 79/50/1
f 40/51/1 79/50/1 41/49/1
f 79/50/1 40/51/1 80/52/1
f 39/53/1 80/52/1 40/51/1
f 38/13/1 80/52/1 39/53/1
f 81/12/1 80/52/1 38/13/1
f 30/27/1 89/54/1 88/25/1
f 29/55/1 89/54/1 30/27/1
f 89/54/1 29/55/1 90/56/1
f 28/57/1 90/56/1 29/55/1
f 90/56/1 28/57/1 91/58/1
f 27/59/1 91/58/1 28/57/1
f 91/58/1 27/59/1 92/45/1
f 92/45/1 27/59/1 26/43/1
f 98/60/1 97/61/1 21/62/1
f 22/63/1 21/62/1 97/61/1
f 71/64/1 50/65/1 49/66/1
f 50/65/1 71/64/1 70/67/1
f 72/68/1 49/66/1 48/69/1
f 49/66/1 72/68/1 71/64/1
f 99/70/1 98/60/1 20/71/1
f 21/62/1 20/71/1 98/60/1
f 69/72/1 52/73/1 51/74/1
f 52/73/1 69/72/1 68/75/1
f 100/76/1 17/77/1 101/78/1
f 18/79/1 17/77/1 100/76/1
f 70/67/1 51/74/1 50/65/1
f 51/74/1 70/67/1 69/72/1
f 100/76/1 99/70/1 18/79/1
f 18/79/1 99/70/1 19/80/1
f 20/71/1 19/80/1 99/70/1
f 54/81/1 66/82/1 55/83/1
f 65/84/1 55/83/1 66/82/1
f 59/85/1 61/86/1 60/87/1
f 58/88/1 63/89/1 59/85/1
f 62/90/1 59/85/1 63/89/1
f 59/85/1 62/90/1 61/86/1
f 108/8/1 107/91/1 11/5/1
f 65/84/1 56/92/1 55/83/1
f 64/93/1 56/92/1 65/84/1
f 56/92/1 64/93/1 57/94/1
f 57/94/1 64/93/1 58/88/1
f 58/88/1 64/93/1 63/89/1
f 107/91/1 106/95/1 11/5/1
f 105/96/1 11/5/1 106/95/1
f 11/5/1 105/96/1 12/97/1
f 104/98/1 12/97/1 105/96/1
f 12/97/1 104/98/1 13/99/1
f 68/75/1 53/100/1 52/73/1
f 67/101/1 53/100/1 68/75/1
f 53/100/1 67/101/1 54/81/1
f 54/81/1 67/101/1 66/82/1
f 104/98/1 103/102/1 13/99/1
f 13/99/1 103/102/1 14/103/1
f 102/104/1 14/103/1 103/102/1
f 14/103/1 102/104/1 15/105/1
f 15/105/1 102/104/1 16/106/1
f 101/78/1 16/106/1 102/104/1
f 17/77/1 16/106/1 101/78/1
f 48/69/1 47/28/1 72/68/1
f 73/30/1 72/68/1 47/28/1
f 97/61/1 96/32/1 22/63/1
f 23/34/1 22/63/1 96/32/1
f 125/107/1 189/108/1 126/109/1
f 189/108/1 125/107/1 190/110/1
f 124/111/1 190/110/1 125/107/1
f 190/110/1 124/111/1 191/112/1
f 123/113/1 191/112/1 124/111/1
f 122/114/1 191/112/1 123/113/1
f 191/112/1 122/114/1 192/115/1
f 121/116/1 192/115/1 122/114/1
f 192/115/1 121/116/1 193/117/1
f 120/118/1 193/117/1 121/116/1
f 193/117/1 120/118/1 194/119/1
f 119/120/1 194/119/1 120/118/1
f 194/119/1 119/120/1 195/121/1
f 118/122/1 195/121/1 119/120/1
f 195/121/1 118/122/1 196/123/1
f 117/124/1 196/123/1 118/122/1
f 196/123/1 117/124/1 197/125/1
f 116/126/1 197/125/1 117/124/1
f 130/127/1 129/128/1 185/129/1
f 185/129/1 129/128/1 186/130/1
f 200/131/1 113/132/1 201/133/1
f 201/133/1 113/132/1 112/134/1
f 184/135/1 183/136/1 131/137/1
f 202/138/1 111/139/1 203/140/1
f 183/136/1 132/141/1 131/137/1
f 132/141/1 183/136/1 182/142/1
f 204/8/1 203/140/1 110/143/1
f 111/139/1 110/143/1 203/140/1
f 131/137/1 130/127/1 184/135/1
f 185/129/1 184/135/1 130/127/1
f 112/134/1 202/138/1 201/133/1
f 202/138/1 112/134/1 111/139/1
f 129/128/1 128/144/1 186/130/1
f 186/130/1 128/144/1 187/145/1
f 127/146/1 187/145/1 128/144/1
f 187/145/1 127/146/1 188/147/1
f 126/109/1 188/147/1 127/146/1
f 189/108/1 188/147/1 126/109/1
f 116/126/1 198/148/1 197/125/1
f 115/149/1 198/148/1 116/126/1
f 198/148/1 115/149/1 199/150/1
f 114/151/1 199/150/1 115/149/1
f 199/150/1 114/151/1 200/131/1
f 200/131/1 114/151/1 113/132/1
f 134/152/1 133/153/1 180/154/1
f 109/5/1 156/155/1 158/156/1
f 135/157/1 179/158/1 178/159/1
f 159/160/1 155/161/1 160/162/1
f 135/157/1 134/152/1 179/158/1
f 180/154/1 179/158/1 134/152/1
f 156/155/1 159/160/1 158/156/1
f 159/160/1 156/155/1 155/161/1
f 177/163/1 137/164/1 136/165/1
f 176/166/1 137/164/1 177/163/1
f 161/167/1 153/168/1 162/169/1
f 154/170/1 153/168/1 161/167/1
f 178/159/1 136/165/1 135/157/1
f 136/165/1 178/159/1 177/163/1
f 161/167/1 160/162/1 154/170/1
f 155/161/1 154/170/1 160/162/1
f 140/171/1 173/172/1 141/173/1
f 172/174/1 141/173/1 173/172/1
f 141/173/1 172/174/1 142/175/1
f 171/176/1 142/175/1 172/174/1
f 142/175/1 171/176/1 143/177/1
f 170/178/1 143/177/1 171/176/1
f 143/177/1 170/178/1 144/179/1
f 169/180/1 144/179/1 170/178/1
f 144/179/1 169/180/1 145/181/1
f 168/182/1 145/181/1 169/180/1
f 145/181/1 168/182/1 146/183/1
f 167/184/1 146/183/1 168/182/1
f 146/183/1 167/184/1 147/185/1
f 147/185/1 167/184/1 148/186/1
f 166/187/1 148/186/1 167/184/1
f 148/186/1 166/187/1 149/188/1
f 165/189/1 149/188/1 166/187/1
f 149/188/1 165/189/1 150/190/1
f 176/166/1 138/191/1 137/164/1
f 175/192/1 138/191/1 176/166/1
f 138/191/1 175/192/1 139/193/1
f 174/194/1 139/193/1 175/192/1
f 139/193/1 174/194/1 140/171/1
f 140/171/1 174/194/1 173/172/1
f 165/189/1 164/195/1 150/190/1
f 150/190/1 164/195/1 151/196/1
f 163/197/1 151/196/1 164/195/1
f 151/196/1 163/197/1 152/198/1
f 162/169/1 152/198/1 163/197/1
f 153/168/1 152/198/1 162/169/1
f 182/142/1 133/153/1 132/141/1
f 181/199/1 133/153/1 182/142/1
f 133/153/1 181/199/1 180/154/1
f 158/156/1 157/200/1 109/5/1
f 204/8/1 109/5/1 157/200/1
f 110/143/1 109/5/1 204/8/1
f 206/1/1 208/8/1 207/10/1
f 208/8/1 206/1/1 205/5/1
f 209/5/1 288/201/1 314/8/1
f 260/202/1 288/201/1 209/5/1
f 288/201/1 260/202/1 287/203/1
f 287/203/1 260/202/1 261/204/1
f 285/205/1 289/206/1 286/207/1
f 289/206/1 285/205/1 284/208/1
f 263/209/1 262/210/1 259/211/1
f 289/206/1 288/201/1 286/207/1
f 287/203/1 286/207/1 288/201/1
f 262/210/1 261/204/1 259/211/1
f 260/202/1 259/211/1 261/204/1
f 313/212/1 312/213/1 210/214/1
f 283/215/1 282/216/1 290/217/1
f 265/218/1 264/219/1 257/220/1
f 258/221/1 257/220/1 264/219/1
f 314/8/1 210/214/1 209/5/1
f 210/214/1 314/8/1 313/212/1
f 290/217/1 289/206/1 283/215/1
f 284/208/1 283/215/1 289/206/1
f 264/219/1 263/209/1 258/221/1
f 259/211/1 258/221/1 263/209/1
f 311/222/1 212/223/1 211/224/1
f 310/225/1 212/223/1 311/222/1
f 293/129/1 292/226/1 234/227/1
f 235/228/1 280/229/1 236/230/1
f 279/10/1 236/230/1 280/229/1
f 312/213/1 211/224/1 210/214/1
f 211/224/1 312/213/1 311/222/1
f 292/226/1 291/231/1 234/227/1
f 290/217/1 234/227/1 291/231/1
f 282/216/1 234/227/1 290/217/1
f 234/227/1 282/216/1 235/228/1
f 281/232/1 235/228/1 282/216/1
f 235/228/1 281/232/1 280/229/1
f 267/233/1 266/234/1 255/235/1
f 255/235/1 266/234/1 256/236/1
f 265/218/1 256/236/1 266/234/1
f 257/220/1 256/236/1 265/218/1
f 232/237/1 231/238/1 295/239/1
f 308/240/1 215/241/1 214/242/1
f 307/243/1 215/241/1 308/240/1
f 215/241/1 307/243/1 216/244/1
f 306/245/1 216/244/1 307/243/1
f 216/244/1 306/245/1 217/246/1
f 305/247/1 217/246/1 306/245/1
f 217/246/1 305/247/1 218/248/1
f 304/249/1 218/248/1 305/247/1
f 218/248/1 304/249/1 219/250/1
f 219/250/1 304/249/1 220/251/1
f 303/252/1 220/251/1 304/249/1
f 220/251/1 303/252/1 221/253/1
f 302/254/1 221/253/1 303/252/1
f 221/253/1 302/254/1 222/255/1
f 301/256/1 222/255/1 302/254/1
f 222/255/1 301/256/1 223/257/1
f 223/257/1 301/256/1 224/258/1
f 300/259/1 224/258/1 301/256/1
f 224/258/1 300/259/1 225/260/1
f 299/261/1 225/260/1 300/259/1
f 225/260/1 299/261/1 226/262/1
f 298/263/1 226/262/1 299/261/1
f 226/262/1 298/263/1 227/264/1
f 227/264/1 298/263/1 228/265/1
f 297/266/1 228/265/1 298/263/1
f 228/265/1 297/266/1 229/267/1
f 296/268/1 229/267/1 297/266/1
f 229/267/1 296/268/1 230/144/1
f 295/239/1 230/144/1 296/268/1
f 231/238/1 230/144/1 295/239/1
f 310/225/1 213/269/1 212/223/1
f 309/270/1 213/269/1 310/225/1
f 213/269/1 309/270/1 214/242/1
f 214/242/1 309/270/1 308/240/1
f 295/239/1 294/271/1 232/237/1
f 232/237/1 294/271/1 233/272/1
f 293/129/1 233/272/1 294/271/1
f 234/227/1 233/272/1 293/129/1
f 279/10/1 237/273/1 236/230/1
f 278/274/1 237/273/1 279/10/1
f 237/273/1 278/274/1 238/275/1
f 238/275/1 278/274/1 239/276/1
f 277/277/1 239/276/1 278/274/1
f 239/276/1 277/277/1 240/278/1
f 240/278/1 277/277/1 241/279/1
f 276/280/1 241/279/1 277/277/1
f 241/279/1 276/280/1 242/281/1
f 242/281/1 276/280/1 243/282/1
f 275/283/1 243/282/1 276/280/1
f 243/282/1 275/283/1 244/1/1
f 244/1/1 275/283/1 245/284/1
f 274/285/1 245/284/1 275/283/1
f 245/284/1 274/285/1 246/286/1
f 246/286/1 274/285/1 247/287/1
f 273/288/1 247/287/1 274/285/1
f 247/287/1 273/288/1 248/289/1
f 272/187/1 248/289/1 273/288/1
f 248/289/1 272/187/1 249/290/1
f 271/291/1 249/290/1 272/187/1
f 249/290/1 271/291/1 250/292/1
f 250/292/1 271/291/1 251/185/1
f 270/293/1 251/185/1 271/291/1
f 251/185/1 270/293/1 252/294/1
f 269/295/1 252/294/1 270/293/1
f 252/294/1 269/295/1 253/296/1
f 268/297/1 253/296/1 269/295/1
f 253/296/1 268/297/1 254/298/1
f 267/233/1 254/298/1 268/297/1
f 255/235/1 254/298/1 267/233/1
f 354/299/1 353/300/1 315/5/1
f 390/301/1 315/5/1 391/302/1
f 391/302/1 315/5/1 392/8/1
f 353/300/1 392/8/1 315/5/1
f 352/303/1 392/8/1 353/300/1
f 392/8/1 352/303/1 355/304/1
f 318/305/1 385/306/1 319/307/1
f 385/306/1 318/305/1 386/308/1
f 317/309/1 386/308/1 318/305/1
f 386/308/1 317/309/1 387/310/1
f 317/309/1 316/311/1 387/310/1
f 387/310/1 316/311/1 388/312/1
f 315/5/1 388/312/1 316/311/1
f 388/312/1 315/5/1 389/313/1
f 390/301/1 389/313/1 315/5/1
f 325/314/1 324/315/1 381/261/1
f 382/316/1 381/261/1 324/315/1
f 324/315/1 323/317/1 382/316/1
f 322/318/1 382/316/1 323/317/1
f 383/319/1 382/316/1 322/318/1
f 380/320/1 327/321/1 326/258/1
f 327/321/1 380/320/1 379/322/1
f 379/322/1 328/323/1 327/321/1
f 328/323/1 379/322/1 378/324/1
f 358/325/1 357/326/1 349/327/1
f 349/327/1 357/326/1 350/328/1
f 326/258/1 325/314/1 380/320/1
f 381/261/1 380/320/1 325/314/1
f 357/326/1 356/329/1 350/328/1
f 351/330/1 350/328/1 356/329/1
f 322/318/1 321/331/1 383/319/1
f 383/319/1 321/331/1 384/332/1
f 320/333/1 384/332/1 321/331/1
f 319/307/1 384/332/1 320/333/1
f 385/306/1 384/332/1 319/307/1
f 356/329/1 355/304/1 351/330/1
f 352/303/1 351/330/1 355/304/1
f 377/334/1 330/335/1 329/336/1
f 376/337/1 330/335/1 377/334/1
f 360/338/1 359/295/1 348/298/1
f 376/337/1 331/339/1 330/335/1
f 375/340/1 331/339/1 376/337/1
f 360/338/1 347/341/1 361/342/1
f 348/298/1 347/341/1 360/338/1
f 337/276/1 370/208/1 338/343/1
f 369/344/1 338/343/1 370/208/1
f 338/343/1 369/344/1 339/345/1
f 368/346/1 339/345/1 369/344/1
f 367/347/1 339/345/1 368/346/1
f 339/345/1 367/347/1 340/348/1
f 366/349/1 340/348/1 367/347/1
f 340/348/1 366/349/1 341/350/1
f 375/340/1 332/351/1 331/339/1
f 374/352/1 332/351/1 375/340/1
f 332/351/1 374/352/1 333/353/1
f 373/354/1 333/353/1 374/352/1
f 333/353/1 373/354/1 334/355/1
f 372/356/1 334/355/1 373/354/1
f 334/355/1 372/356/1 335/357/1
f 335/357/1 372/356/1 336/358/1
f 371/359/1 336/358/1 372/356/1
f 336/358/1 371/359/1 337/276/1
f 337/276/1 371/359/1 370/208/1
f 366/349/1 365/360/1 341/350/1
f 341/350/1 365/360/1 342/361/1
f 364/362/1 342/361/1 365/360/1
f 342/361/1 364/362/1 343/363/1
f 363/364/1 343/363/1 364/362/1
f 343/363/1 363/364/1 344/365/1
f 344/365/1 363/364/1 345/366/1
f 362/367/1 345/366/1 363/364/1
f 345/366/1 362/367/1 346/368/1
f 361/342/1 346/368/1 362/367/1
f 347/341/1 346/368/1 361/342/1
f 378/324/1 329/336/1 328/323/1
f 329/336/1 378/324/1 377/334/1
f 349/327/1 359/295/1 358/325/1
f 359/295/1 349/327/1 348/298/1
f 409/107/1 473/108/1 410/109/1
f 473/108/1 409/107/1 474/110/1
f 408/111/1 474/110/1 409/107/1
f 474/110/1 408/111/1 475/112/1
f 407/113/1 475/112/1 408/111/1
f 406/114/1 475/112/1 407/113/1
f 475/112/1 406/114/1 476/115/1
f 405/116/1 476/115/1 406/114/1
f 476/115/1 405/116/1 477/117/1
f 404/118/1 477/117/1 405/116/1
f 477/117/1 404/118/1 478/119/1
f 403/120/1 478/119/1 404/118/1
f 478/119/1 403/120/1 479/121/1
f 402/122/1 479/121/1 403/120/1
f 479/121/1 402/122/1 480/123/1
f 401/124/1 480/123/1 402/122/1
f 480/123/1 401/124/1 481/125/1
f 400/126/1 481/125/1 401/124/1
f 414/127/1 413/128/1 469/129/1
f 469/129/1 413/128/1 470/130/1
f 484/131/1 397/132/1 485/133/1
f 485/133/1 397/132/1 396/134/1
f 468/135/1 467/136/1 415/137/1
f 486/138/1 395/139/1 487/140/1
f 467/136/1 416/141/1 415/137/1
f 416/141/1 467/136/1 466/142/1
f 488/8/1 487/140/1 394/143/1
f 395/139/1 394/143/1 487/140/1
f 415/137/1 414/127/1 468/135/1
f 469/129/1 468/135/1 414/127/1
f 396/134/1 486/138/1 485/133/1
f 486/138/1 396/134/1 395/139/1
f 413/128/1 412/144/1 470/130/1
f 470/130/1 412/144/1 471/145/1
f 411/146/1 471/145/1 412/144/1
f 471/145/1 411/146/1 472/147/1
f 410/109/1 472/147/1 411/146/1
f 473/108/1 472/147/1 410/109/1
f 400/126/1 482/148/1 481/125/1
f 399/149/1 482/148/1 400/126/1
f 482/148/1 399/149/1 483/150/1
f 398/151/1 483/150/1 399/149/1
f 483/150/1 398/151/1 484/131/1
f 484/131/1 398/151/1 397/132/1
f 418/152/1 417/153/1 464/154/1
f 393/5/1 440/155/1 442/156/1
f 419/157/1 463/158/1 462/159/1
f 443/160/1 439/161/1 444/162/1
f 419/157/1 418/152/1 463/158/1
f 464/154/1 463/158/1 418/152/1
f 440/155/1 443/160/1 442/156/1
f 443/160/1 440/155/1 439/161/1
f 461/163/1 421/164/1 420/165/1
f 460/166/1 421/164/1 461/163/1
f 445/167/1 437/168/1 446/169/1
f 438/170/1 437/168/1 445/167/1
f 462/159/1 420/165/1 419/157/1
f 420/165/1 462/159/1 461/163/1
f 445/167/1 444/162/1 438/170/1
f 439/161/1 438/170/1 444/162/1
f 424/171/1 457/172/1 425/173/1
f 456/174/1 425/173/1 457/172/1
f 425/173/1 456/174/1 426/175/1
f 455/176/1 426/175/1 456/174/1
f 426/175/1 455/176/1 427/177/1
f 454/178/1 427/177/1 455/176/1
f 427/177/1 454/178/1 428/179/1
f 453/180/1 428/179/1 454/178/1
f 428/179/1 453/180/1 429/181/1
f 452/182/1 429/181/1 453/180/1
f 429/181/1 452/182/1 430/183/1
f 451/184/1 430/183/1 452/182/1
f 430/183/1 451/184/1 431/185/1
f 431/185/1 451/184/1 432/186/1
f 450/187/1 432/186/1 451/184/1
f 432/186/1 450/187/1 433/188/1
f 449/189/1 433/188/1 450/187/1
f 433/188/1 449/189/1 434/190/1
f 460/166/1 422/191/1 421/164/1
f 459/192/1 422/191/1 460/166/1
f 422/191/1 459/192/1 423/193/1
f 458/194/1 423/193/1 459/192/1
f 423/193/1 458/194/1 424/171/1
f 424/171/1 458/194/1 457/172/1
f 449/189/1 448/195/1 434/190/1
f 434/190/1 448/195/1 435/196/1
f 447/197/1 435/196/1 448/195/1
f 435/196/1 447/197/1 436/198/1
f 446/169/1 436/198/1 447/197/1
f 437/168/1 436/198/1 446/169/1
f 466/142/1 417/153/1 416/141/1
f 465/199/1 417/153/1 466/142/1
f 417/153/1 465/199/1 464/154/1
f 442/156/1 441/200/1 393/5/1
f 488/8/1 393/5/1 441/200/1
f 394/143/1 393/5/1 488/8/1
f 490/369/1 492/370/1 491/371/1
f 489/5/1 492/370/1 490/369/1
f 489/5/1 493/372/1 492/370/1
f 493/372/1 489/5/1 494/373/1
f 542/374/1 494/373/1 489/5/1
f 494/373/1 542/374/1 495/4/1
f 495/4/1 542/374/1 496/375/1
f 496/375/1 542/374/1 497/376/1
f 497/376/1 542/374/1 541/377/1
f 499/378/1 539/379/1 500/380/1
f 538/381/1 500/380/1 539/379/1
f 534/382/1 503/383/1 535/384/1
f 538/381/1 501/6/1 500/380/1
f 537/9/1 501/6/1 538/381/1
f 501/6/1 537/9/1 502/385/1
f 536/386/1 502/385/1 537/9/1
f 502/385/1 536/386/1 503/383/1
f 503/383/1 536/386/1 535/384/1
f 541/377/1 498/387/1 497/376/1
f 540/388/1 498/387/1 541/377/1
f 498/387/1 540/388/1 499/378/1
f 499/378/1 540/388/1 539/379/1
f 530/389/1 529/390/1 506/391/1
f 506/391/1 505/392/1 530/389/1
f 531/7/1 530/389/1 505/392/1
f 508/393/1 507/1/1 526/394/1
f 526/394/1 507/1/1 527/395/1
f 527/395/1 507/1/1 528/396/1
f 506/391/1 528/396/1 507/1/1
f 529/390/1 528/396/1 506/391/1
f 516/397/1 515/398/1 517/399/1
f 514/400/1 517/399/1 515/398/1
f 517/399/1 514/400/1 518/401/1
f 513/3/1 518/401/1 514/400/1
f 518/401/1 513/3/1 519/2/1
f 512/402/1 519/2/1 513/3/1
f 519/2/1 512/402/1 520/403/1
f 512/402/1 511/404/1 520/403/1
f 520/403/1 511/404/1 521/405/1
f 521/405/1 511/404/1 522/406/1
f 510/407/1 522/406/1 511/404/1
f 522/406/1 510/407/1 523/408/1
f 509/409/1 523/408/1 510/407/1
f 523/408/1 509/409/1 524/410/1
f 524/410/1 509/409/1 525/10/1
f 508/393/1 525/10/1 509/409/1
f 526/394/1 525/10/1 508/393/1
f 534/382/1 504/411/1 503/383/1
f 533/412/1 504/411/1 534/382/1
f 532/413/1 504/411/1 533/412/1
f 504/411/1 532/413/1 505/392/1
f 505/392/1 532/413/1 531/7/1
f 489/5/1 543/8/1 542/374/1
f 570/414/1 597/8/1 544/5/1
f 570/414/1 571/415/1 597/8/1
f 546/416/1 545/417/1 595/418/1
f 574/419/1 573/420/1 568/421/1
f 569/422/1 568/421/1 573/420/1
f 597/8/1 545/417/1 544/5/1
f 596/423/1 545/417/1 597/8/1
f 545/417/1 596/423/1 595/418/1
f 573/420/1 572/424/1 569/422/1
f 571/415/1 569/422/1 572/424/1
f 570/414/1 569/422/1 571/415/1
f 594/425/1 548/426/1 547/427/1
f 548/426/1 594/425/1 593/428/1
f 593/428/1 549/429/1 548/426/1
f 549/429/1 593/428/1 592/430/1
f 577/431/1 576/432/1 565/433/1
f 565/433/1 576/432/1 566/434/1
f 575/435/1 566/434/1 576/432/1
f 567/436/1 566/434/1 575/435/1
f 595/418/1 547/427/1 546/416/1
f 547/427/1 595/418/1 594/425/1
f 575/435/1 574/419/1 567/436/1
f 568/421/1 567/436/1 574/419/1
f 557/437/1 584/438/1 558/439/1
f 551/440/1 590/441/1 552/442/1
f 589/443/1 552/442/1 590/441/1
f 552/442/1 589/443/1 553/444/1
f 588/445/1 553/444/1 589/443/1
f 553/444/1 588/445/1 554/446/1
f 587/447/1 554/446/1 588/445/1
f 554/446/1 587/447/1 555/448/1
f 586/449/1 555/448/1 587/447/1
f 555/448/1 586/449/1 556/450/1
f 585/451/1 556/450/1 586/449/1
f 556/450/1 585/451/1 557/437/1
f 557/437/1 585/451/1 584/438/1
f 584/438/1 583/452/1 558/439/1
f 558/439/1 583/452/1 559/453/1
f 582/454/1 559/453/1 583/452/1
f 559/453/1 582/454/1 560/455/1
f 581/456/1 560/455/1 582/454/1
f 560/455/1 581/456/1 561/457/1
f 580/458/1 561/457/1 581/456/1
f 561/457/1 580/458/1 562/459/1
f 579/460/1 562/459/1 580/458/1
f 562/459/1 579/460/1 563/461/1
f 592/430/1 550/462/1 549/429/1
f 591/463/1 550/462/1 592/430/1
f 550/462/1 591/463/1 551/440/1
f 551/440/1 591/463/1 590/441/1
f 579/460/1 578/464/1 563/461/1
f 563/461/1 578/464/1 564/465/1
f 577/431/1 564/465/1 578/464/1
f 565/433/1 564/465/1 577/431/1
f 601/1/2 602/3/2 603/2/2
f 599/4/2 603/2/2 598/5/2
f 603/2/2 599/4/2 600/6/2
f 601/1/2 603/2/2 600/6/2
f 605/7/2 606/9/2 607/8/2
f 604/10/2 605/7/2 607/8/2
f 634/11/2 635/13/2 678/12/2
f 678/12/2 679/14/2 634/11/2
f 633/15/2 634/11/2 679/14/2
f 679/14/2 680/16/2 633/15/2
f 632/17/2 633/15/2 680/16/2
f 680/16/2 681/18/2 632/17/2
f 631/19/2 632/17/2 681/18/2
f 681/18/2 682/20/2 631/19/2
f 630/21/2 631/19/2 682/20/2
f 682/20/2 683/22/2 630/21/2
f 629/23/2 630/21/2 683/22/2
f 683/22/2 684/24/2 629/23/2
f 684/24/2 685/25/2 629/23/2
f 628/26/2 629/23/2 685/25/2
f 627/27/2 628/26/2 685/25/2
f 644/28/2 670/30/2 643/29/2
f 671/31/2 643/29/2 670/30/2
f 693/32/2 620/34/2 692/33/2
f 643/29/2 671/31/2 642/35/2
f 672/36/2 642/35/2 671/31/2
f 621/37/2 691/38/2 692/33/2
f 692/33/2 620/34/2 621/37/2
f 642/35/2 672/36/2 641/39/2
f 672/36/2 673/40/2 641/39/2
f 640/41/2 641/39/2 673/40/2
f 674/42/2 640/41/2 673/40/2
f 623/43/2 689/45/2 690/44/2
f 622/46/2 623/43/2 690/44/2
f 690/44/2 691/38/2 622/46/2
f 691/38/2 621/37/2 622/46/2
f 640/41/2 674/42/2 639/47/2
f 674/42/2 675/48/2 639/47/2
f 638/49/2 639/47/2 675/48/2
f 675/48/2 676/50/2 638/49/2
f 637/51/2 638/49/2 676/50/2
f 676/50/2 677/52/2 637/51/2
f 636/53/2 637/51/2 677/52/2
f 635/13/2 636/53/2 677/52/2
f 678/12/2 635/13/2 677/52/2
f 627/27/2 685/25/2 686/54/2
f 626/55/2 627/27/2 686/54/2
f 686/54/2 687/56/2 626/55/2
f 625/57/2 626/55/2 687/56/2
f 687/56/2 688/58/2 625/57/2
f 624/59/2 625/57/2 688/58/2
f 688/58/2 689/45/2 624/59/2
f 689/45/2 623/43/2 624/59/2
f 695/60/2 618/62/2 694/61/2
f 619/63/2 694/61/2 618/62/2
f 668/64/2 646/66/2 647/65/2
f 647/65/2 667/67/2 668/64/2
f 669/68/2 645/69/2 646/66/2
f 646/66/2 668/64/2 669/68/2
f 696/70/2 617/71/2 695/60/2
f 618/62/2 695/60/2 617/71/2
f 666/72/2 648/74/2 649/73/2
f 649/73/2 665/75/2 666/72/2
f 697/76/2 698/78/2 614/77/2
f 615/79/2 697/76/2 614/77/2
f 667/67/2 647/65/2 648/74/2
f 648/74/2 666/72/2 667/67/2
f 697/76/2 615/79/2 696/70/2
f 615/79/2 616/80/2 696/70/2
f 617/71/2 696/70/2 616/80/2
f 651/81/2 652/83/2 663/82/2
f 662/84/2 663/82/2 652/83/2
f 656/85/2 657/87/2 658/86/2
f 655/88/2 656/85/2 660/89/2
f 659/90/2 660/89/2 656/85/2
f 656/85/2 658/86/2 659/90/2
f 705/8/2 608/5/2 704/91/2
f 662/84/2 652/83/2 653/92/2
f 661/93/2 662/84/2 653/92/2
f 653/92/2 654/94/2 661/93/2
f 654/94/2 655/88/2 661/93/2
f 655/88/2 660/89/2 661/93/2
f 704/91/2 608/5/2 703/95/2
f 702/96/2 703/95/2 608/5/2
f 608/5/2 609/97/2 702/96/2
f 701/98/2 702/96/2 609/97/2
f 609/97/2 610/99/2 701/98/2
f 665/75/2 649/73/2 650/100/2
f 664/101/2 665/75/2 650/100/2
f 650/100/2 651/81/2 664/101/2
f 651/81/2 663/82/2 664/101/2
f 701/98/2 610/99/2 700/102/2
f 610/99/2 611/103/2 700/102/2
f 699/104/2 700/102/2 611/103/2
f 611/103/2 612/105/2 699/104/2
f 612/105/2 613/106/2 699/104/2
f 698/78/2 699/104/2 613/106/2
f 614/77/2 698/78/2 613/106/2
f 645/69/2 669/68/2 644/28/2
f 670/30/2 644/28/2 669/68/2
f 694/61/2 619/63/2 693/32/2
f 620/34/2 693/32/2 619/63/2
f 722/107/2 723/109/2 786/108/2
f 786/108/2 787/110/2 722/107/2
f 721/111/2 722/107/2 787/110/2
f 787/110/2 788/112/2 721/111/2
f 720/113/2 721/111/2 788/112/2
f 719/114/2 720/113/2 788/112/2
f 788/112/2 789/115/2 719/114/2
f 718/116/2 719/114/2 789/115/2
f 789/115/2 790/117/2 718/116/2
f 717/118/2 718/116/2 790/117/2
f 790/117/2 791/119/2 717/118/2
f 716/120/2 717/118/2 791/119/2
f 791/119/2 792/121/2 716/120/2
f 715/122/2 716/120/2 792/121/2
f 792/121/2 793/123/2 715/122/2
f 714/124/2 715/122/2 793/123/2
f 793/123/2 794/125/2 714/124/2
f 713/126/2 714/124/2 794/125/2
f 727/127/2 782/129/2 726/128/2
f 782/129/2 783/130/2 726/128/2
f 797/131/2 798/133/2 710/132/2
f 798/133/2 709/134/2 710/132/2
f 781/135/2 728/137/2 780/136/2
f 799/138/2 800/140/2 708/139/2
f 780/136/2 728/137/2 729/141/2
f 729/141/2 779/142/2 780/136/2
f 801/8/2 707/143/2 800/140/2
f 708/139/2 800/140/2 707/143/2
f 728/137/2 781/135/2 727/127/2
f 782/129/2 727/127/2 781/135/2
f 709/134/2 798/133/2 799/138/2
f 799/138/2 708/139/2 709/134/2
f 726/128/2 783/130/2 725/144/2
f 783/130/2 784/145/2 725/144/2
f 724/146/2 725/144/2 784/145/2
f 784/145/2 785/147/2 724/146/2
f 723/109/2 724/146/2 785/147/2
f 786/108/2 723/109/2 785/147/2
f 713/126/2 794/125/2 795/148/2
f 712/149/2 713/126/2 795/148/2
f 795/148/2 796/150/2 712/149/2
f 711/151/2 712/149/2 796/150/2
f 796/150/2 797/131/2 711/151/2
f 797/131/2 710/132/2 711/151/2
f 731/152/2 777/154/2 730/153/2
f 706/5/2 755/156/2 753/155/2
f 732/157/2 775/159/2 776/158/2
f 756/160/2 757/162/2 752/161/2
f 732/157/2 776/158/2 731/152/2
f 777/154/2 731/152/2 776/158/2
f 753/155/2 755/156/2 756/160/2
f 756/160/2 752/161/2 753/155/2
f 774/163/2 733/165/2 734/164/2
f 773/166/2 774/163/2 734/164/2
f 758/167/2 759/169/2 750/168/2
f 751/170/2 758/167/2 750/168/2
f 775/159/2 732/157/2 733/165/2
f 733/165/2 774/163/2 775/159/2
f 758/167/2 751/170/2 757/162/2
f 752/161/2 757/162/2 751/170/2
f 737/171/2 738/173/2 770/172/2
f 769/174/2 770/172/2 738/173/2
f 738/173/2 739/175/2 769/174/2
f 768/176/2 769/174/2 739/175/2
f 739/175/2 740/177/2 768/176/2
f 767/178/2 768/176/2 740/177/2
f 740/177/2 741/179/2 767/178/2
f 766/180/2 767/178/2 741/179/2
f 741/179/2 742/181/2 766/180/2
f 765/182/2 766/180/2 742/181/2
f 742/181/2 743/183/2 765/182/2
f 764/184/2 765/182/2 743/183/2
f 743/183/2 744/185/2 764/184/2
f 744/185/2 745/186/2 764/184/2
f 763/187/2 764/184/2 745/186/2
f 745/186/2 746/188/2 763/187/2
f 762/189/2 763/187/2 746/188/2
f 746/188/2 747/190/2 762/189/2
f 773/166/2 734/164/2 735/191/2
f 772/192/2 773/166/2 735/191/2
f 735/191/2 736/193/2 772/192/2
f 771/194/2 772/192/2 736/193/2
f 736/193/2 737/171/2 771/194/2
f 737/171/2 770/172/2 771/194/2
f 762/189/2 747/190/2 761/195/2
f 747/190/2 748/196/2 761/195/2
f 760/197/2 761/195/2 748/196/2
f 748/196/2 749/198/2 760/197/2
f 759/169/2 760/197/2 749/198/2
f 750/168/2 759/169/2 749/198/2
f 779/142/2 729/141/2 730/153/2
f 778/199/2 779/142/2 730/153/2
f 730/153/2 777/154/2 778/199/2
f 755/156/2 706/5/2 754/200/2
f 801/8/2 754/200/2 706/5/2
f 707/143/2 801/8/2 706/5/2
f 803/1/2 804/10/2 805/8/2
f 805/8/2 802/5/2 803/1/2
f 806/5/2 911/8/2 885/201/2
f 857/202/2 806/5/2 885/201/2
f 885/201/2 884/203/2 857/202/2
f 884/203/2 858/204/2 857/202/2
f 882/205/2 883/207/2 886/206/2
f 886/206/2 881/208/2 882/205/2
f 860/209/2 856/211/2 859/210/2
f 886/206/2 883/207/2 885/201/2
f 884/203/2 885/201/2 883/207/2
f 859/210/2 856/211/2 858/204/2
f 857/202/2 858/204/2 856/211/2
f 910/212/2 807/214/2 909/213/2
f 880/215/2 887/217/2 879/216/2
f 862/218/2 854/220/2 861/219/2
f 855/221/2 861/219/2 854/220/2
f 911/8/2 806/5/2 807/214/2
f 807/214/2 910/212/2 911/8/2
f 887/217/2 880/215/2 886/206/2
f 881/208/2 886/206/2 880/215/2
f 861/219/2 855/221/2 860/209/2
f 856/211/2 860/209/2 855/221/2
f 908/222/2 808/224/2 809/223/2
f 907/225/2 908/222/2 809/223/2
f 890/129/2 831/227/2 889/226/2
f 832/228/2 833/230/2 877/229/2
f 876/10/2 877/229/2 833/230/2
f 909/213/2 807/214/2 808/224/2
f 808/224/2 908/222/2 909/213/2
f 889/226/2 831/227/2 888/231/2
f 887/217/2 888/231/2 831/227/2
f 879/216/2 887/217/2 831/227/2
f 831/227/2 832/228/2 879/216/2
f 878/232/2 879/216/2 832/228/2
f 832/228/2 877/229/2 878/232/2
f 864/233/2 852/235/2 863/234/2
f 852/235/2 853/236/2 863/234/2
f 862/218/2 863/234/2 853/236/2
f 854/220/2 862/218/2 853/236/2
f 829/237/2 892/239/2 828/238/2
f 905/240/2 811/242/2 812/241/2
f 904/243/2 905/240/2 812/241/2
f 812/241/2 813/244/2 904/243/2
f 903/245/2 904/243/2 813/244/2
f 813/244/2 814/246/2 903/245/2
f 902/247/2 903/245/2 814/246/2
f 814/246/2 815/248/2 902/247/2
f 901/249/2 902/247/2 815/248/2
f 815/248/2 816/250/2 901/249/2
f 816/250/2 817/251/2 901/249/2
f 900/252/2 901/249/2 817/251/2
f 817/251/2 818/253/2 900/252/2
f 899/254/2 900/252/2 818/253/2
f 818/253/2 819/255/2 899/254/2
f 898/256/2 899/254/2 819/255/2
f 819/255/2 820/257/2 898/256/2
f 820/257/2 821/258/2 898/256/2
f 897/259/2 898/256/2 821/258/2
f 821/258/2 822/260/2 897/259/2
f 896/261/2 897/259/2 822/260/2
f 822/260/2 823/262/2 896/261/2
f 895/263/2 896/261/2 823/262/2
f 823/262/2 824/264/2 895/263/2
f 824/264/2 825/265/2 895/263/2
f 894/266/2 895/263/2 825/265/2
f 825/265/2 826/267/2 894/266/2
f 893/268/2 894/266/2 826/267/2
f 826/267/2 827/144/2 893/268/2
f 892/239/2 893/268/2 827/144/2
f 828/238/2 892/239/2 827/144/2
f 907/225/2 809/223/2 810/269/2
f 906/270/2 907/225/2 810/269/2
f 810/269/2 811/242/2 906/270/2
f 811/242/2 905/240/2 906/270/2
f 892/239/2 829/237/2 891/271/2
f 829/237/2 830/272/2 891/271/2
f 890/129/2 891/271/2 830/272/2
f 831/227/2 890/129/2 830/272/2
f 876/10/2 833/230/2 834/273/2
f 875/274/2 876/10/2 834/273/2
f 834/273/2 835/275/2 875/274/2
f 835/275/2 836/276/2 875/274/2
f 874/277/2 875/274/2 836/276/2
f 836/276/2 837/278/2 874/277/2
f 837/278/2 838/279/2 874/277/2
f 873/280/2 874/277/2 838/279/2
f 838/279/2 839/281/2 873/280/2
f 839/281/2 840/282/2 873/280/2
f 872/283/2 873/280/2 840/282/2
f 840/282/2 841/1/2 872/283/2
f 841/1/2 842/284/2 872/283/2
f 871/285/2 872/283/2 842/284/2
f 842/284/2 843/286/2 871/285/2
f 843/286/2 844/287/2 871/285/2
f 870/288/2 871/285/2 844/287/2
f 844/287/2 845/289/2 870/288/2
f 869/187/2 870/288/2 845/289/2
f 845/289/2 846/290/2 869/187/2
f 868/291/2 869/187/2 846/290/2
f 846/290/2 847/292/2 868/291/2
f 847/292/2 848/185/2 868/291/2
f 867/293/2 868/291/2 848/185/2
f 848/185/2 849/294/2 867/293/2
f 866/295/2 867/293/2 849/294/2
f 849/294/2 850/296/2 866/295/2
f 865/297/2 866/295/2 850/296/2
f 850/296/2 851/298/2 865/297/2
f 864/233/2 865/297/2 851/298/2
f 852/235/2 864/233/2 851/298/2
f 951/299/2 912/5/2 950/300/2
f 987/301/2 988/302/2 912/5/2
f 988/302/2 989/8/2 912/5/2
f 950/300/2 912/5/2 989/8/2
f 949/303/2 950/300/2 989/8/2
f 989/8/2 952/304/2 949/303/2
f 915/305/2 916/307/2 982/306/2
f 982/306/2 983/308/2 915/305/2
f 914/309/2 915/305/2 983/308/2
f 983/308/2 984/310/2 914/309/2
f 914/309/2 984/310/2 913/311/2
f 984/310/2 985/312/2 913/311/2
f 912/5/2 913/311/2 985/312/2
f 985/312/2 986/313/2 912/5/2
f 987/301/2 912/5/2 986/313/2
f 922/314/2 978/261/2 921/315/2
f 979/316/2 921/315/2 978/261/2
f 921/315/2 979/316/2 920/317/2
f 919/318/2 920/317/2 979/316/2
f 980/319/2 919/318/2 979/316/2
f 977/320/2 923/258/2 924/321/2
f 924/321/2 976/322/2 977/320/2
f 976/322/2 924/321/2 925/323/2
f 925/323/2 975/324/2 976/322/2
f 955/325/2 946/327/2 954/326/2
f 946/327/2 947/328/2 954/326/2
f 923/258/2 977/320/2 922/314/2
f 978/261/2 922/314/2 977/320/2
f 954/326/2 947/328/2 953/329/2
f 948/330/2 953/329/2 947/328/2
f 919/318/2 980/319/2 918/331/2
f 980/319/2 981/332/2 918/331/2
f 917/333/2 918/331/2 981/332/2
f 916/307/2 917/333/2 981/332/2
f 982/306/2 916/307/2 981/332/2
f 953/329/2 948/330/2 952/304/2
f 949/303/2 952/304/2 948/330/2
f 974/334/2 926/336/2 927/335/2
f 973/337/2 974/334/2 927/335/2
f 957/338/2 945/298/2 956/295/2
f 973/337/2 927/335/2 928/339/2
f 972/340/2 973/337/2 928/339/2
f 957/338/2 958/342/2 944/341/2
f 945/298/2 957/338/2 944/341/2
f 934/276/2 935/343/2 967/208/2
f 966/344/2 967/208/2 935/343/2
f 935/343/2 936/345/2 966/344/2
f 965/346/2 966/344/2 936/345/2
f 964/347/2 965/346/2 936/345/2
f 936/345/2 937/348/2 964/347/2
f 963/349/2 964/347/2 937/348/2
f 937/348/2 938/350/2 963/349/2
f 972/340/2 928/339/2 929/351/2
f 971/352/2 972/340/2 929/351/2
f 929/351/2 930/353/2 971/352/2
f 970/354/2 971/352/2 930/353/2
f 930/353/2 931/355/2 970/354/2
f 969/356/2 970/354/2 931/355/2
f 931/355/2 932/357/2 969/356/2
f 932/357/2 933/358/2 969/356/2
f 968/359/2 969/356/2 933/358/2
f 933/358/2 934/276/2 968/359/2
f 934/276/2 967/208/2 968/359/2
f 963/349/2 938/350/2 962/360/2
f 938/350/2 939/361/2 962/360/2
f 961/362/2 962/360/2 939/361/2
f 939/361/2 940/363/2 961/362/2
f 960/364/2 961/362/2 940/363/2
f 940/363/2 941/365/2 960/364/2
f 941/365/2 942/366/2 960/364/2
f 959/367/2 960/364/2 942/366/2
f 942/366/2 943/368/2 959/367/2
f 958/342/2 959/367/2 943/368/2
f 944/341/2 958/342/2 943/368/2
f 975/324/2 925/323/2 926/336/2
f 926/336/2 974/334/2 975/324/2
f 946/327/2 955/325/2 956/295/2
f 956/295/2 945/298/2 946/327/2
f 1006/107/2 1007/109/2 1070/108/2
f 1070/108/2 1071/110/2 1006/107/2
f 1005/111/2 1006/107/2 1071/110/2
f 1071/110/2 1072/112/2 1005/111/2
f 1004/113/2 1005/111/2 1072/112/2
f 1003/114/2 1004/113/2 1072/112/2
f 1072/112/2 1073/115/2 1003/114/2
f 1002/116/2 1003/114/2 1073/115/2
f 1073/115/2 1074/117/2 1002/116/2
f 1001/118/2 1002/116/2 1074/117/2
f 1074/117/2 1075/119/2 1001/118/2
f 1000/120/2 1001/118/2 1075/119/2
f 1075/119/2 1076/121/2 1000/120/2
f 999/122/2 1000/120/2 1076/121/2
f 1076/121/2 1077/123/2 999/122/2
f 998/124/2 999/122/2 1077/123/2
f 1077/123/2 1078/125/2 998/124/2
f 997/126/2 998/124/2 1078/125/2
f 1011/127/2 1066/129/2 1010/128/2
f 1066/129/2 1067/130/2 1010/128/2
f 1081/131/2 1082/133/2 994/132/2
f 1082/133/2 993/134/2 994/132/2
f 1065/135/2 1012/137/2 1064/136/2
f 1083/138/2 1084/140/2 992/139/2
f 1064/136/2 1012/137/2 1013/141/2
f 1013/141/2 1063/142/2 1064/136/2
f 1085/8/2 991/143/2 1084/140/2
f 992/139/2 1084/140/2 991/143/2
f 1012/137/2 1065/135/2 1011/127/2
f 1066/129/2 1011/127/2 1065/135/2
f 993/134/2 1082/133/2 1083/138/2
f 1083/138/2 992/139/2 993/134/2
f 1010/128/2 1067/130/2 1009/144/2
f 1067/130/2 1068/145/2 1009/144/2
f 1008/146/2 1009/144/2 1068/145/2
f 1068/145/2 1069/147/2 1008/146/2
f 1007/109/2 1008/146/2 1069/147/2
f 1070/108/2 1007/109/2 1069/147/2
f 997/126/2 1078/125/2 1079/148/2
f 996/149/2 997/126/2 1079/148/2
f 1079/148/2 1080/150/2 996/149/2
f 995/151/2 996/149/2 1080/150/2
f 1080/150/2 1081/131/2 995/151/2
f 1081/131/2 994/132/2 995/151/2
f 1015/152/2 1061/154/2 1014/153/2
f 990/5/2 1039/156/2 1037/155/2
f 1016/157/2 1059/159/2 1060/158/2
f 1040/160/2 1041/162/2 1036/161/2
f 1016/157/2 1060/158/2 1015/152/2
f 1061/154/2 1015/152/2 1060/158/2
f 1037/155/2 1039/156/2 1040/160/2
f 1040/160/2 1036/161/2 1037/155/2
f 1058/163/2 1017/165/2 1018/164/2
f 1057/166/2 1058/163/2 1018/164/2
f 1042/167/2 1043/169/2 1034/168/2
f 1035/170/2 1042/167/2 1034/168/2
f 1059/159/2 1016/157/2 1017/165/2
f 1017/165/2 1058/163/2 1059/159/2
f 1042/167/2 1035/170/2 1041/162/2
f 1036/161/2 1041/162/2 1035/170/2
f 1021/171/2 1022/173/2 1054/172/2
f 1053/174/2 1054/172/2 1022/173/2
f 1022/173/2 1023/175/2 1053/174/2
f 1052/176/2 1053/174/2 1023/175/2
f 1023/175/2 1024/177/2 1052/176/2
f 1051/178/2 1052/176/2 1024/177/2
f 1024/177/2 1025/179/2 1051/178/2
f 1050/180/2 1051/178/2 1025/179/2
f 1025/179/2 1026/181/2 1050/180/2
f 1049/182/2 1050/180/2 1026/181/2
f 1026/181/2 1027/183/2 1049/182/2
f 1048/184/2 1049/182/2 1027/183/2
f 1027/183/2 1028/185/2 1048/184/2
f 1028/185/2 1029/186/2 1048/184/2
f 1047/187/2 1048/184/2 1029/186/2
f 1029/186/2 1030/188/2 1047/187/2
f 1046/189/2 1047/187/2 1030/188/2
f 1030/188/2 1031/190/2 1046/189/2
f 1057/166/2 1018/164/2 1019/191/2
f 1056/192/2 1057/166/2 1019/191/2
f 1019/191/2 1020/193/2 1056/192/2
f 1055/194/2 1056/192/2 1020/193/2
f 1020/193/2 1021/171/2 1055/194/2
f 1021/171/2 1054/172/2 1055/194/2
f 1046/189/2 1031/190/2 1045/195/2
f 1031/190/2 1032/196/2 1045/195/2
f 1044/197/2 1045/195/2 1032/196/2
f 1032/196/2 1033/198/2 1044/197/2
f 1043/169/2 1044/197/2 1033/198/2
f 1034/168/2 1043/169/2 1033/198/2
f 1063/142/2 1013/141/2 1014/153/2
f 1062/199/2 1063/142/2 1014/153/2
f 1014/153/2 1061/154/2 1062/199/2
f 1039/156/2 990/5/2 1038/200/2
f 1085/8/2 1038/200/2 990/5/2
f 991/143/2 1085/8/2 990/5/2
f 1087/369/2 1088/371/2 1089/370/2
f 1086/5/2 1087/369/2 1089/370/2
f 1086/5/2 1089/370/2 1090/372/2
f 1090/372/2 1091/373/2 1086/5/2
f 1139/374/2 1086/5/2 1091/373/2
f 1091/373/2 1092/4/2 1139/374/2
f 1092/4/2 1093/375/2 1139/374/2
f 1093/375/2 1094/376/2 1139/374/2
f 1094/376/2 1138/377/2 1139/374/2
f 1096/378/2 1097/380/2 1136/379/2
f 1135/381/2 1136/379/2 1097/380/2
f 1131/382/2 1132/384/2 1100/383/2
f 1135/381/2 1097/380/2 1098/6/2
f 1134/9/2 1135/381/2 1098/6/2
f 1098/6/2 1099/385/2 1134/9/2
f 1133/386/2 1134/9/2 1099/385/2
f 1099/385/2 1100/383/2 1133/386/2
f 1100/383/2 1132/384/2 1133/386/2
f 1138/377/2 1094/376/2 1095/387/2
f 1137/388/2 1138/377/2 1095/387/2
f 1095/387/2 1096/378/2 1137/388/2
f 1096/378/2 1136/379/2 1137/388/2
f 1127/389/2 1103/391/2 1126/390/2
f 1103/391/2 1127/389/2 1102/392/2
f 1128/7/2 1102/392/2 1127/389/2
f 1105/393/2 1123/394/2 1104/1/2
f 1123/394/2 1124/395/2 1104/1/2
f 1124/395/2 1125/396/2 1104/1/2
f 1103/391/2 1104/1/2 1125/396/2
f 1126/390/2 1103/391/2 1125/396/2
f 1113/397/2 1114/399/2 1112/398/2
f 1111/400/2 1112/398/2 1114/399/2
f 1114/399/2 1115/401/2 1111/400/2
f 1110/3/2 1111/400/2 1115/401/2
f 1115/401/2 1116/2/2 1110/3/2
f 1109/402/2 1110/3/2 1116/2/2
f 1116/2/2 1117/403/2 1109/402/2
f 1109/402/2 1117/403/2 1108/404/2
f 1117/403/2 1118/405/2 1108/404/2
f 1118/405/2 1119/406/2 1108/404/2
f 1107/407/2 1108/404/2 1119/406/2
f 1119/406/2 1120/408/2 1107/407/2
f 1106/409/2 1107/407/2 1120/408/2
f 1120/408/2 1121/410/2 1106/409/2
f 1121/410/2 1122/10/2 1106/409/2
f 1105/393/2 1106/409/2 1122/10/2
f 1123/394/2 1105/393/2 1122/10/2
f 1131/382/2 1100/383/2 1101/411/2
f 1130/412/2 1131/382/2 1101/411/2
f 1129/413/2 1130/412/2 1101/411/2
f 1101/411/2 1102/392/2 1129/413/2
f 1102/392/2 1128/7/2 1129/413/2
f 1086/5/2 1139/374/2 1140/8/2
f 1167/414/2 1141/5/2 1194/8/2
f 1167/414/2 1194/8/2 1168/415/2
f 1143/416/2 1192/418/2 1142/417/2
f 1171/419/2 1165/421/2 1170/420/2
f 1166/422/2 1170/420/2 1165/421/2
f 1194/8/2 1141/5/2 1142/417/2
f 1193/423/2 1194/8/2 1142/417/2
f 1142/417/2 1192/418/2 1193/423/2
f 1170/420/2 1166/422/2 1169/424/2
f 1168/415/2 1169/424/2 1166/422/2
f 1167/414/2 1168/415/2 1166/422/2
f 1191/425/2 1144/427/2 1145/426/2
f 1145/426/2 1190/428/2 1191/425/2
f 1190/428/2 1145/426/2 1146/429/2
f 1146/429/2 1189/430/2 1190/428/2
f 1174/431/2 1162/433/2 1173/432/2
f 1162/433/2 1163/434/2 1173/432/2
f 1172/435/2 1173/432/2 1163/434/2
f 1164/436/2 1172/435/2 1163/434/2
f 1192/418/2 1143/416/2 1144/427/2
f 1144/427/2 1191/425/2 1192/418/2
f 1172/435/2 1164/436/2 1171/419/2
f 1165/421/2 1171/419/2 1164/436/2
f 1154/437/2 1155/439/2 1181/438/2
f 1148/440/2 1149/442/2 1187/441/2
f 1186/443/2 1187/441/2 1149/442/2
f 1149/442/2 1150/444/2 1186/443/2
f 1185/445/2 1186/443/2 1150/444/2
f 1150/444/2 1151/446/2 1185/445/2
f 1184/447/2 1185/445/2 1151/446/2
f 1151/446/2 1152/448/2 1184/447/2
f 1183/449/2 1184/447/2 1152/448/2
f 1152/448/2 1153/450/2 1183/449/2
f 1182/451/2 1183/449/2 1153/450/2
f 1153/450/2 1154/437/2 1182/451/2
f 1154/437/2 1181/438/2 1182/451/2
f 1181/438/2 1155/439/2 1180/452/2
f 1155/439/2 1156/453/2 1180/452/2
f 1179/454/2 1180/452/2 1156/453/2
f 1156/453/2 1157/455/2 1179/454/2
f 1178/456/2 1179/454/2 1157/455/2
f 1157/455/2 1158/457/2 1178/456/2
f 1177/458/2 1178/456/2 1158/457/2
f 1158/457/2 1159/459/2 1177/458/2
f 1176/460/2 1177/458/2 1159/459/2
f 1159/459/2 1160/461/2 1176/460/2
f 1189/430/2 1146/429/2 1147/462/2
f 1188/463/2 1189/430/2 1147/462/2
f 1147/462/2 1148/440/2 1188/463/2
f 1148/440/2 1187/441/2 1188/463/2
f 1176/460/2 1160/461/2 1175/464/2
f 1160/461/2 1161/465/2 1175/464/2
f 1174/431/2 1175/464/2 1161/465/2
f 1162/433/2 1174/431/2 1161/465/2
f 151/196/3 152/198/3 749/198/3 748/196/3
f 104/98/4 105/96/4 702/96/4 701/98/4
f 273/288/5 274/285/5 871/285/5 870/288/5
f 12/97/6 13/99/6 610/99/6 609/97/6
f 535/384/7 536/386/7 1133/386/7 1132/384/7
f 247/287/8 248/289/8 845/289/8 844/287/8
f 403/120/9 404/118/9 1001/118/9 1000/120/9
f 162/169/10 163/197/10 760/197/10 759/169/10
f 497/376/11 498/387/11 1095/387/11 1094/376/11
f 478/119/12 479/121/12 1076/121/12 1075/119/12
f 152/198/13 153/168/13 750/168/13 749/198/13
f 52/73/14 53/100/14 650/100/14 649/73/14
f 272/187/15 273/288/15 870/288/15 869/187/15
f 540/388/16 541/377/16 1138/377/16 1137/388/16
f 248/289/17 249/290/17 846/290/17 845/289/17
f 132/141/18 133/153/18 730/153/18 729/141/18
f 67/101/19 68/75/19 665/75/19 664/101/19
f 498/387/20 499/378/20 1096/378/20 1095/387/20
f 402/122/21 403/120/21 1000/120/21 999/122/21
f 53/100/22 54/81/22 651/81/22 650/100/22
f 479/121/23 480/123/23 1077/123/23 1076/121/23
f 181/199/24 182/142/24 779/142/24 778/199/24
f 539/379/25 540/388/25 1137/388/25 1136/379/25
f 271/291/26 272/187/26 869/187/26 868/291/26
f 180/154/27 181/199/27 778/199/27 777/154/27
f 66/82/28 67/101/28 664/101/28 663/82/28
f 529/390/29 530/389/29 1127/389/29 1126/390/29
f 249/290/30 250/292/30 847/292/30 846/290/30
f 157/200/31 158/156/31 755/156/31 754/200/31
f 103/102/32 104/98/32 701/98/32 700/102/32
f 401/124/33 402/122/33 999/122/33 998/124/33
f 480/123/34 481/125/34 1078/125/34 1077/123/34
f 250/292/35 251/185/35 848/185/35 847/292/35
f 13/99/36 14/103/36 611/103/36 610/99/36
f 505/392/37 506/391/37 1103/391/37 1102/392/37
f 204/8/38 157/200/38 754/200/38 801/8/38
f 109/5/39 110/143/39 707/143/39 706/5/39
f 530/389/40 531/7/40 1128/7/40 1127/389/40
f 400/126/41 401/124/41 998/124/41 997/126/41
f 270/293/42 271/291/42 868/291/42 867/293/42
f 102/104/43 103/102/43 700/102/43 699/104/43
f 413/128/44 414/127/44 1011/127/44 1010/128/44
f 251/185/45 252/294/45 849/294/45 848/185/45
f 206/1/46 207/10/46 804/10/46 803/1/46
f 14/103/47 15/105/47 612/105/47 611/103/47
f 507/1/48 508/393/48 1105/393/48 1104/1/48
f 207/10/49 208/8/49 805/8/49 804/10/49
f 208/8/50 205/5/50 802/5/50 805/8/50
f 15/105/51 16/106/51 613/106/51 612/105/51
f 469/129/52 470/130/52 1067/130/52 1066/129/52
f 269/295/53 270/293/53 867/293/53 866/295/53
f 205/5/54 206/1/54 803/1/54 802/5/54
f 526/394/55 527/395/55 1124/395/55 1123/394/55
f 252/294/56 253/296/56 850/296/56 849/294/56
f 101/78/57 102/104/57 699/104/57 698/78/57
f 527/395/58 528/396/58 1125/396/58 1124/395/58
f 484/131/59 485/133/59 1082/133/59 1081/131/59
f 314/8/50 288/201/50 885/201/50 911/8/50
f 16/106/60 17/77/60 614/77/60 613/106/60
f 268/297/61 269/295/61 866/295/61 865/297/61
f 47/28/62 48/69/62 645/69/62 644/28/62
f 253/296/63 254/298/63 851/298/63 850/296/63
f 260/202/46 209/5/46 806/5/46 857/202/46
f 506/391/64 507/1/64 1104/1/64 1103/391/64
f 396/134/65 397/132/65 994/132/65 993/134/65
f 72/68/66 73/30/66 670/30/66 669/68/66
f 528/396/67 529/390/67 1126/390/67 1125/396/67
f 467/136/68 468/135/68 1065/135/68 1064/136/68
f 96/32/69 97/61/69 694/61/69 693/32/69
f 515/398/70 516/397/70 1113/397/70 1112/398/70
f 267/233/71 268/297/71 865/297/71 864/233/71
f 287/203/50 261/204/50 858/204/50 884/203/50
f 516/397/72 517/399/72 1114/399/72 1113/397/72
f 254/298/73 255/235/73 852/235/73 851/298/73
f 22/63/74 23/34/74 620/34/74 619/63/74
f 353/300/49 354/299/49 951/299/49 950/300/49
f 4/1/49 5/3/49 602/3/49 601/1/49
f 486/138/75 487/140/75 1084/140/75 1083/138/75
f 354/299/50 315/5/50 912/5/50 951/299/50
f 285/205/76 286/207/76 883/207/76 882/205/76
f 125/107/77 126/109/77 723/109/77 722/107/77
f 514/400/78 515/398/78 1112/398/78 1111/400/78
f 5/3/79 6/2/79 603/2/79 602/3/79
f 517/399/80 518/401/80 1115/401/80 1114/399/80
f 1/5/54 2/4/54 599/4/54 598/5/54
f 189/108/81 190/110/81 787/110/81 786/108/81
f 415/137/82 416/141/82 1013/141/82 1012/137/82
f 390/301/83 391/302/83 988/302/83 987/301/83
f 284/208/84 285/205/84 882/205/84 881/208/84
f 6/2/85 1/5/85 598/5/85 603/2/85
f 262/210/86 263/209/86 860/209/86 859/210/86
f 513/3/87 514/400/87 1111/400/87 1110/3/87
f 466/142/88 467/136/88 1064/136/88 1063/142/88
f 391/302/89 392/8/89 989/8/89 988/302/89
f 124/111/90 125/107/90 722/107/90 721/111/90
f 518/401/91 519/2/91 1116/2/91 1115/401/91
f 2/4/92 3/6/92 600/6/92 599/4/92
f 487/140/93 488/8/93 1085/8/93 1084/140/93
f 190/110/94 191/112/94 788/112/94 787/110/94
f 3/6/95 4/1/95 601/1/95 600/6/95
f 288/201/49 289/206/49 886/206/49 885/201/49
f 512/402/96 513/3/96 1110/3/96 1109/402/96
f 8/7/46 9/9/46 606/9/46 605/7/46
f 394/143/97 395/139/97 992/139/97 991/143/97
f 352/303/46 353/300/46 950/300/46 949/303/46
f 286/207/54 287/203/54 884/203/54 883/207/54
f 123/113/98 124/111/98 721/111/98 720/113/98
f 519/2/99 520/403/99 1117/403/99 1116/2/99
f 9/9/49 10/8/49 607/8/49 606/9/49
f 414/127/100 415/137/100 1012/137/100 1011/127/100
f 392/8/50 355/304/50 952/304/50 989/8/50
f 261/204/49 262/210/49 859/210/49 858/204/49
f 10/8/50 7/10/50 604/10/50 607/8/50
f 122/114/101 123/113/101 720/113/101 719/114/101
f 511/404/102 512/402/102 1109/402/102 1108/404/102
f 7/10/54 8/7/54 605/7/54 604/10/54
f 468/135/103 469/129/103 1066/129/103 1065/135/103
f 259/211/54 260/202/54 857/202/54 856/211/54
f 191/112/104 192/115/104 789/115/104 788/112/104
f 318/305/105 319/307/105 916/307/105 915/305/105
f 312/213/106 313/212/106 910/212/106 909/213/106
f 520/403/107 521/405/107 1118/405/107 1117/403/107
f 37/11/108 38/13/108 635/13/108 634/11/108
f 485/133/109 486/138/109 1083/138/109 1082/133/109
f 395/139/110 396/134/110 993/134/110 992/139/110
f 385/306/111 386/308/111 983/308/111 982/306/111
f 121/116/112 122/114/112 719/114/112 718/116/112
f 521/405/113 522/406/113 1119/406/113 1118/405/113
f 81/12/114 82/14/114 679/14/114 678/12/114
f 412/144/115 413/128/115 1010/128/115 1009/144/115
f 282/216/116 283/215/116 880/215/116 879/216/116
f 192/115/117 193/117/117 790/117/117 789/115/117
f 470/130/118 471/145/118 1068/145/118 1067/130/118
f 317/309/119 318/305/119 915/305/119 914/309/119
f 510/407/120 511/404/120 1108/404/120 1107/407/120
f 36/15/121 37/11/121 634/11/121 633/15/121
f 386/308/122 387/310/122 984/310/122 983/308/122
f 264/219/123 265/218/123 862/218/123 861/219/123
f 120/118/124 121/116/124 718/116/124 717/118/124
f 522/406/125 523/408/125 1120/408/125 1119/406/125
f 82/14/126 83/16/126 680/16/126 679/14/126
f 193/117/127 194/119/127 791/119/127 790/117/127
f 411/146/128 412/144/128 1009/144/128 1008/146/128
f 316/311/129 317/309/129 914/309/129 913/311/129
f 471/145/130 472/147/130 1069/147/130 1068/145/130
f 257/220/131 258/221/131 855/221/131 854/220/131
f 509/409/132 510/407/132 1107/407/132 1106/409/132
f 35/17/133 36/15/133 633/15/133 632/17/133
f 387/310/134 388/312/134 985/312/134 984/310/134
f 119/120/9 120/118/9 717/118/9 716/120/9
f 523/408/135 524/410/135 1121/410/135 1120/408/135
f 83/16/136 84/18/136 681/18/136 680/16/136
f 194/119/12 195/121/12 792/121/12 791/119/12
f 410/109/137 411/146/137 1008/146/137 1007/109/137
f 209/5/49 210/214/49 807/214/49 806/5/49
f 524/410/138 525/10/138 1122/10/138 1121/410/138
f 472/147/139 473/108/139 1070/108/139 1069/147/139
f 315/5/140 316/311/140 913/311/140 912/5/140
f 313/212/54 314/8/54 911/8/54 910/212/54
f 34/19/141 35/17/141 632/17/141 631/19/141
f 388/312/142 389/313/142 986/313/142 985/312/142
f 289/206/143 290/217/143 887/217/143 886/206/143
f 118/122/21 119/120/21 716/120/21 715/122/21
f 84/18/144 85/20/144 682/20/144 681/18/144
f 481/125/145 482/148/145 1079/148/145 1078/125/145
f 195/121/23 196/123/23 793/123/23 792/121/23
f 508/393/146 509/409/146 1106/409/146 1105/393/146
f 389/313/147 390/301/147 987/301/147 986/313/147
f 283/215/19 284/208/19 881/208/19 880/215/19
f 525/10/148 526/394/148 1123/394/148 1122/10/148
f 399/149/149 400/126/149 997/126/149 996/149/149
f 324/315/150 325/314/150 922/314/150 921/315/150
f 263/209/151 264/219/151 861/219/151 860/209/151
f 33/21/152 34/19/152 631/19/152 630/21/152
f 482/148/153 483/150/153 1080/150/153 1079/148/153
f 117/124/33 118/122/33 715/122/33 714/124/33
f 503/383/154 504/411/154 1101/411/154 1100/383/154
f 85/20/155 86/22/155 683/22/155 682/20/155
f 258/221/156 259/211/156 856/211/156 855/221/156
f 196/123/34 197/125/34 794/125/34 793/123/34
f 381/261/157 382/316/157 979/316/157 978/261/157
f 533/412/158 534/382/158 1131/382/158 1130/412/158
f 398/151/159 399/149/159 996/149/159 995/151/159
f 32/23/160 33/21/160 630/21/160 629/23/160
f 483/150/161 484/131/161 1081/131/161 1080/150/161
f 323/317/162 324/315/162 921/315/162 920/317/162
f 211/224/163 212/223/163 809/223/163 808/224/163
f 116/126/41 117/124/41 714/124/41 713/126/41
f 532/413/164 533/412/164 1130/412/164 1129/413/164
f 86/22/165 87/24/165 684/24/165 683/22/165
f 129/128/44 130/127/44 727/127/44 726/128/44
f 504/411/166 505/392/166 1102/392/166 1101/411/166
f 397/132/167 398/151/167 995/151/167 994/132/167
f 310/225/168 311/222/168 908/222/168 907/225/168
f 87/24/169 88/25/169 685/25/169 684/24/169
f 417/153/170 418/152/170 1015/152/170 1014/153/170
f 322/318/171 323/317/171 920/317/171 919/318/171
f 292/226/172 293/129/172 890/129/172 889/226/172
f 531/7/173 532/413/173 1129/413/173 1128/7/173
f 382/316/174 383/319/174 980/319/174 979/316/174
f 185/129/52 186/130/52 783/130/52 782/129/52
f 543/8/54 489/5/54 1086/5/54 1140/8/54
f 542/374/50 543/8/50 1140/8/50 1139/374/50
f 31/26/175 32/23/175 629/23/175 628/26/175
f 440/155/176 393/5/176 990/5/176 1037/155/176
f 235/228/177 236/230/177 833/230/177 832/228/177
f 200/131/59 201/133/59 798/133/59 797/131/59
f 570/414/46 544/5/46 1141/5/46 1167/414/46
f 30/27/178 31/26/178 628/26/178 627/27/178
f 326/258/179 327/321/179 924/321/179 923/258/179
f 46/29/180 47/28/180 644/28/180 643/29/180
f 379/322/181 380/320/181 977/320/181 976/322/181
f 279/10/182 280/229/182 877/229/182 876/10/182
f 112/134/65 113/132/65 710/132/65 709/134/65
f 597/8/50 571/415/50 1168/415/50 1194/8/50
f 462/159/183 463/158/183 1060/158/183 1059/159/183
f 183/136/68 184/135/68 781/135/68 780/136/68
f 545/417/184 546/416/184 1143/416/184 1142/417/184
f 73/30/185 74/31/185 671/31/185 670/30/185
f 327/321/186 328/323/186 925/323/186 924/321/186
f 210/214/187 211/224/187 808/224/187 807/214/187
f 443/160/188 444/162/188 1041/162/188 1040/160/188
f 311/222/189 312/213/189 909/213/189 908/222/189
f 95/33/190 96/32/190 693/32/190 692/33/190
f 378/324/191 379/322/191 976/322/191 975/324/191
f 291/231/192 292/226/192 889/226/192 888/231/192
f 573/420/193 574/419/193 1171/419/193 1170/420/193
f 418/152/194 419/157/194 1016/157/194 1015/152/194
f 357/326/195 358/325/195 955/325/195 954/326/195
f 202/138/75 203/140/75 800/140/75 799/138/75
f 45/35/196 46/29/196 643/29/196 642/35/196
f 463/158/197 464/154/197 1061/154/197 1060/158/197
f 290/217/198 291/231/198 888/231/198 887/217/198
f 568/421/199 569/422/199 1166/422/199 1165/421/199
f 349/327/200 350/328/200 947/328/200 946/327/200
f 131/137/82 132/141/82 729/141/82 728/137/82
f 74/31/201 75/36/201 672/36/201 671/31/201
f 442/156/202 443/160/202 1040/160/202 1039/156/202
f 234/227/50 235/228/50 832/228/50 831/227/50
f 439/161/203 440/155/203 1037/155/203 1036/161/203
f 325/314/204 326/258/204 923/258/204 922/314/204
f 182/142/88 183/136/88 780/136/88 779/142/88
f 544/5/49 545/417/49 1142/417/49 1141/5/49
f 203/140/93 204/8/93 801/8/93 800/140/93
f 380/320/205 381/261/205 978/261/205 977/320/205
f 281/232/206 282/216/206 879/216/206 878/232/206
f 596/423/54 597/8/54 1194/8/54 1193/423/54
f 94/38/207 95/33/207 692/33/207 691/38/207
f 420/165/208 421/164/208 1018/164/208 1017/165/208
f 356/329/209 357/326/209 954/326/209 953/329/209
f 280/229/210 281/232/210 878/232/210 877/229/210
f 595/418/211 596/423/211 1193/423/211 1192/418/211
f 23/34/212 24/37/212 621/37/212 620/34/212
f 266/234/213 267/233/213 864/233/213 863/234/213
f 110/143/97 111/139/97 708/139/97 707/143/97
f 572/424/214 573/420/214 1170/420/214 1169/424/214
f 44/39/215 45/35/215 642/35/215 641/39/215
f 460/166/216 461/163/216 1058/163/216 1057/166/216
f 350/328/217 351/330/217 948/330/217 947/328/217
f 130/127/100 131/137/100 728/137/100 727/127/100
f 75/36/218 76/40/218 673/40/218 672/36/218
f 445/167/219 446/169/219 1043/169/219 1042/167/219
f 321/331/220 322/318/220 919/318/220 918/331/220
f 255/235/221 256/236/221 853/236/221 852/235/221
f 184/135/103 185/129/103 782/129/103 781/135/103
f 571/415/49 572/424/49 1169/424/49 1168/415/49
f 569/422/54 570/414/54 1167/414/54 1166/422/54
f 437/168/222 438/170/222 1035/170/222 1034/168/222
f 383/319/223 384/332/223 981/332/223 980/319/223
f 201/133/109 202/138/109 799/138/109 798/133/109
f 43/41/224 44/39/224 641/39/224 640/41/224
f 265/218/225 266/234/225 863/234/225 862/218/225
f 111/139/110 112/134/110 709/134/110 708/139/110
f 76/40/226 77/42/226 674/42/226 673/40/226
f 256/236/227 257/220/227 854/220/227 853/236/227
f 128/144/115 129/128/115 726/128/115 725/144/115
f 547/427/228 548/426/228 1145/426/228 1144/427/228
f 419/157/229 420/165/229 1017/165/229 1016/157/229
f 320/333/230 321/331/230 918/331/230 917/333/230
f 231/238/231 232/237/231 829/237/231 828/238/231
f 461/163/232 462/159/232 1059/159/232 1058/163/232
f 186/130/118 187/145/118 784/145/118 783/130/118
f 593/428/233 594/425/233 1191/425/233 1190/428/233
f 444/162/234 445/167/234 1042/167/234 1041/162/234
f 319/307/235 320/333/235 917/333/235 916/307/235
f 92/45/236 93/44/236 690/44/236 689/45/236
f 384/332/237 385/306/237 982/306/237 981/332/237
f 548/426/238 549/429/238 1146/429/238 1145/426/238
f 438/170/239 439/161/239 1036/161/239 1035/170/239
f 355/304/49 356/329/49 953/329/49 952/304/49
f 127/146/128 128/144/128 725/144/128 724/146/128
f 25/46/240 26/43/240 623/43/240 622/46/240
f 214/242/241 215/241/241 812/241/241 811/242/241
f 187/145/130 188/147/130 785/147/130 784/145/130
f 592/430/242 593/428/242 1190/428/242 1189/430/242
f 93/44/243 94/38/243 691/38/243 690/44/243
f 424/171/244 425/173/244 1022/173/244 1021/171/244
f 351/330/54 352/303/54 949/303/54 948/330/54
f 576/432/245 577/431/245 1174/431/245 1173/432/245
f 307/243/246 308/240/246 905/240/246 904/243/246
f 24/37/247 25/46/247 622/46/247 621/37/247
f 215/241/248 216/244/248 813/244/248 812/241/248
f 126/109/137 127/146/137 724/146/137 723/109/137
f 42/47/249 43/41/249 640/41/249 639/47/249
f 456/174/250 457/172/250 1054/172/250 1053/174/250
f 329/336/251 330/335/251 927/335/251 926/336/251
f 188/147/139 189/108/139 786/108/139 785/147/139
f 565/433/252 566/434/252 1163/434/252 1162/433/252
f 425/173/253 426/175/253 1023/175/253 1022/173/253
f 77/42/254 78/48/254 675/48/254 674/42/254
f 376/337/255 377/334/255 974/334/255 973/337/255
f 306/245/256 307/243/256 904/243/256 903/245/256
f 197/125/145 198/148/145 795/148/145 794/125/145
f 359/295/257 360/338/257 957/338/257 956/295/257
f 216/244/258 217/246/258 814/246/258 813/244/258
f 575/435/259 576/432/259 1173/432/259 1172/435/259
f 455/176/260 456/174/260 1053/174/260 1052/176/260
f 115/149/149 116/126/149 713/126/149 712/149/149
f 566/434/261 567/436/261 1164/436/261 1163/434/261
f 41/49/262 42/47/262 639/47/262 638/49/262
f 426/175/263 427/177/263 1024/177/263 1023/175/263
f 198/148/153 199/150/153 796/150/153 795/148/153
f 78/48/264 79/50/264 676/50/264 675/48/264
f 305/247/265 306/245/265 903/245/265 902/247/265
f 330/335/266 331/339/266 928/339/266 927/335/266
f 217/246/267 218/248/267 815/248/267 814/246/267
f 546/416/268 547/427/268 1144/427/268 1143/416/268
f 454/178/269 455/176/269 1052/176/269 1051/178/269
f 114/151/159 115/149/159 712/149/159 711/151/159
f 594/425/270 595/418/270 1192/418/270 1191/425/270
f 40/51/271 41/49/271 638/49/271 637/51/271
f 427/177/272 428/179/272 1025/179/272 1024/177/272
f 375/340/273 376/337/273 973/337/273 972/340/273
f 199/150/161 200/131/161 797/131/161 796/150/161
f 574/419/274 575/435/274 1172/435/274 1171/419/274
f 79/50/275 80/52/275 677/52/275 676/50/275
f 304/249/276 305/247/276 902/247/276 901/249/276
f 360/338/277 361/342/277 958/342/277 957/338/277
f 218/248/278 219/250/278 816/250/278 815/248/278
f 113/132/167 114/151/167 711/151/167 710/132/167
f 567/436/279 568/421/279 1165/421/279 1164/436/279
f 453/180/280 454/178/280 1051/178/280 1050/180/280
f 133/153/170 134/152/170 731/152/170 730/153/170
f 39/53/281 40/51/281 637/51/281 636/53/281
f 428/179/282 429/181/282 1026/181/282 1025/179/282
f 347/341/283 348/298/283 945/298/283 944/341/283
f 219/250/284 220/251/284 817/251/284 816/250/284
f 557/437/285 558/439/285 1155/439/285 1154/437/285
f 38/13/286 39/53/286 636/53/286 635/13/286
f 337/276/287 338/343/287 935/343/287 934/276/287
f 156/155/176 109/5/176 706/5/176 753/155/176
f 80/52/288 81/12/288 678/12/288 677/52/288
f 452/182/289 453/180/289 1050/180/289 1049/182/289
f 303/252/290 304/249/290 901/249/290 900/252/290
f 551/440/291 552/442/291 1149/442/291 1148/440/291
f 429/181/292 430/183/292 1027/183/292 1026/181/292
f 220/251/293 221/253/293 818/253/293 817/251/293
f 88/25/294 89/54/294 686/54/294 685/25/294
f 369/344/295 370/208/295 967/208/295 966/344/295
f 338/343/296 339/345/296 936/345/296 935/343/296
f 589/443/297 590/441/297 1187/441/297 1186/443/297
f 29/55/298 30/27/298 627/27/298 626/55/298
f 451/184/299 452/182/299 1049/182/299 1048/184/299
f 302/254/300 303/252/300 900/252/300 899/254/300
f 178/159/183 179/158/183 776/158/183 775/159/183
f 552/442/301 553/444/301 1150/444/301 1149/442/301
f 89/54/302 90/56/302 687/56/302 686/54/302
f 430/183/303 431/185/303 1028/185/303 1027/183/303
f 221/253/304 222/255/304 819/255/304 818/253/304
f 368/346/305 369/344/305 966/344/305 965/346/305
f 159/160/188 160/162/188 757/162/188 756/160/188
f 431/185/306 432/186/306 1029/186/306 1028/185/306
f 588/445/307 589/443/307 1186/443/307 1185/445/307
f 28/57/308 29/55/308 626/55/308 625/57/308
f 367/347/309 368/346/309 965/346/309 964/347/309
f 301/256/310 302/254/310 899/254/310 898/256/310
f 134/152/194 135/157/194 732/157/194 731/152/194
f 553/444/311 554/446/311 1151/446/311 1150/444/311
f 90/56/312 91/58/312 688/58/312 687/56/312
f 339/345/313 340/348/313 937/348/313 936/345/313
f 222/255/314 223/257/314 820/257/314 819/255/314
f 450/187/315 451/184/315 1048/184/315 1047/187/315
f 179/158/197 180/154/197 777/154/197 776/158/197
f 432/186/316 433/188/316 1030/188/316 1029/186/316
f 223/257/317 224/258/317 821/258/317 820/257/317
f 587/447/318 588/445/318 1185/445/318 1184/447/318
f 27/59/319 28/57/319 625/57/319 624/59/319
f 366/349/320 367/347/320 964/347/320 963/349/320
f 158/156/202 159/160/202 756/160/202 755/156/202
f 554/446/321 555/448/321 1152/448/321 1151/446/321
f 91/58/322 92/45/322 689/45/322 688/58/322
f 340/348/323 341/350/323 938/350/323 937/348/323
f 155/161/203 156/155/203 753/155/203 752/161/203
f 449/189/324 450/187/324 1047/187/324 1046/189/324
f 300/259/325 301/256/325 898/256/325 897/259/325
f 26/43/326 27/59/326 624/59/326 623/43/326
f 433/188/327 434/190/327 1031/190/327 1030/188/327
f 224/258/328 225/260/328 822/260/328 821/258/328
f 586/449/329 587/447/329 1184/447/329 1183/449/329
f 97/61/330 98/60/330 695/60/330 694/61/330
f 331/339/331 332/351/331 929/351/331 928/339/331
f 136/165/208 137/164/208 734/164/208 733/165/208
f 555/448/332 556/450/332 1153/450/332 1152/448/332
f 421/164/333 422/191/333 1019/191/333 1018/164/333
f 374/352/334 375/340/334 972/340/334 971/352/334
f 299/261/335 300/259/335 897/259/335 896/261/335
f 176/166/216 177/163/216 774/163/216 773/166/216
f 21/62/336 22/63/336 619/63/336 618/62/336
f 332/351/337 333/353/337 930/353/337 929/351/337
f 225/260/338 226/262/338 823/262/338 822/260/338
f 585/451/339 586/449/339 1183/449/339 1182/451/339
f 459/192/340 460/166/340 1057/166/340 1056/192/340
f 161/167/219 162/169/219 759/169/219 758/167/219
f 556/450/341 557/437/341 1154/437/341 1153/450/341
f 422/191/342 423/193/342 1020/193/342 1019/191/342
f 373/354/343 374/352/343 971/352/343 970/354/343
f 298/263/344 299/261/344 896/261/344 895/263/344
f 153/168/222 154/170/222 751/170/222 750/168/222
f 584/438/345 585/451/345 1182/451/345 1181/438/345
f 49/66/346 50/65/346 647/65/346 646/66/346
f 333/353/347 334/355/347 931/355/347 930/353/347
f 226/262/348 227/264/348 824/264/348 823/262/348
f 583/452/349 584/438/349 1181/438/349 1180/452/349
f 458/194/350 459/192/350 1056/192/350 1055/194/350
f 70/67/351 71/64/351 668/64/351 667/67/351
f 423/193/352 424/171/352 1021/171/352 1020/193/352
f 227/264/353 228/265/353 825/265/353 824/264/353
f 135/157/229 136/165/229 733/165/229 732/157/229
f 558/439/354 559/453/354 1156/453/354 1155/439/354
f 372/356/355 373/354/355 970/354/355 969/356/355
f 177/163/232 178/159/232 775/159/232 774/163/232
f 457/172/356 458/194/356 1055/194/356 1054/172/356
f 334/355/357 335/357/357 932/357/357 931/355/357
f 160/162/234 161/167/234 758/167/234 757/162/234
f 48/69/358 49/66/358 646/66/358 645/69/358
f 448/195/359 449/189/359 1046/189/359 1045/195/359
f 297/266/360 298/263/360 895/263/360 894/266/360
f 582/454/361 583/452/361 1180/452/361 1179/454/361
f 71/64/362 72/68/362 669/68/362 668/64/362
f 335/357/363 336/358/363 933/358/363 932/357/363
f 228/265/364 229/267/364 826/267/364 825/265/364
f 154/170/239 155/161/239 752/161/239 751/170/239
f 559/453/365 560/455/365 1157/455/365 1156/453/365
f 98/60/366 99/70/366 696/70/366 695/60/366
f 434/190/367 435/196/367 1032/196/367 1031/190/367
f 140/171/244 141/173/244 738/173/244 737/171/244
f 371/359/368 372/356/368 969/356/368 968/359/368
f 296/268/369 297/266/369 894/266/369 893/268/369
f 581/456/370 582/454/370 1179/454/370 1178/456/370
f 20/71/371 21/62/371 618/62/371 617/71/371
f 447/197/372 448/195/372 1045/195/372 1044/197/372
f 336/358/373 337/276/373 934/276/373 933/358/373
f 229/267/374 230/144/374 827/144/374 826/267/374
f 560/455/375 561/457/375 1158/457/375 1157/455/375
f 435/196/3 436/198/3 1033/198/3 1032/196/3
f 172/174/250 173/172/250 770/172/250 769/174/250
f 370/208/376 371/359/376 968/359/376 967/208/376
f 141/173/253 142/175/253 739/175/253 738/173/253
f 51/74/377 52/73/377 649/73/377 648/74/377
f 365/360/378 366/349/378 963/349/378 962/360/378
f 295/239/379 296/268/379 893/268/379 892/239/379
f 580/458/380 581/456/380 1178/456/380 1177/458/380
f 446/169/10 447/197/10 1044/197/10 1043/169/10
f 230/144/381 231/238/381 828/238/381 827/144/381
f 561/457/382 562/459/382 1159/459/382 1158/457/382
f 68/75/383 69/72/383 666/72/383 665/75/383
f 436/198/13 437/168/13 1034/168/13 1033/198/13
f 341/350/384 342/361/384 939/361/384 938/350/384
f 171/176/260 172/174/260 769/174/260 768/176/260
f 212/223/385 213/269/385 810/269/385 809/223/385
f 142/175/263 143/177/263 740/177/263 739/175/263
f 100/76/386 101/78/386 698/78/386 697/76/386
f 416/141/18 417/153/18 1014/153/18 1013/141/18
f 579/460/387 580/458/387 1177/458/387 1176/460/387
f 364/362/388 365/360/388 962/360/388 961/362/388
f 309/270/389 310/225/389 907/225/389 906/270/389
f 562/459/390 563/461/390 1160/461/390 1159/459/390
f 17/77/391 18/79/391 615/79/391 614/77/391
f 465/199/24 466/142/24 1063/142/24 1062/199/24
f 342/361/392 343/363/392 940/363/392 939/361/392
f 213/269/393 214/242/393 811/242/393 810/269/393
f 170/178/269 171/176/269 768/176/269 767/178/269
f 464/154/27 465/199/27 1062/199/27 1061/154/27
f 143/177/394 144/179/394 741/179/394 740/177/394
f 441/200/31 442/156/31 1039/156/31 1038/200/31
f 308/240/395 309/270/395 906/270/395 905/240/395
f 549/429/396 550/462/396 1147/462/396 1146/429/396
f 50/65/397 51/74/397 648/74/397 647/65/397
f 363/364/398 364/362/398 961/362/398 960/364/398
f 294/271/399 295/239/399 892/239/399 891/271/399
f 69/72/400 70/67/400 667/67/400 666/72/400
f 343/363/401 344/365/401 941/365/401 940/363/401
f 169/180/280 170/178/280 767/178/280 766/180/280
f 591/463/402 592/430/402 1189/430/402 1188/463/402
f 99/70/403 100/76/403 697/76/403 696/70/403
f 488/8/38 441/200/38 1038/200/38 1085/8/38
f 232/237/404 233/272/404 830/272/404 829/237/404
f 144/179/405 145/181/405 742/181/405 741/179/405
f 550/462/406 551/440/406 1148/440/406 1147/462/406
f 393/5/39 394/143/39 991/143/39 990/5/39
f 344/365/407 345/366/407 942/366/407 941/365/407
f 18/79/408 19/80/408 616/80/408 615/79/408
f 590/441/409 591/463/409 1188/463/409 1187/441/409
f 490/369/49 491/371/49 1088/371/49 1087/369/49
f 293/129/410 294/271/410 891/271/410 890/129/410
f 168/182/289 169/180/289 766/180/289 765/182/289
f 578/464/411 579/460/411 1176/460/411 1175/464/411
f 19/80/412 20/71/412 617/71/412 616/80/412
f 491/371/50 492/370/50 1089/370/50 1088/371/50
f 362/367/413 363/364/413 960/364/413 959/367/413
f 233/272/414 234/227/414 831/227/414 830/272/414
f 145/181/292 146/183/292 743/183/292 742/181/292
f 345/366/415 346/368/415 943/368/415 942/366/415
f 563/461/416 564/465/416 1161/465/416 1160/461/416
f 54/81/417 55/83/417 652/83/417 651/81/417
f 489/5/46 490/369/46 1087/369/46 1086/5/46
f 236/230/418 237/273/418 834/273/418 833/230/418
f 167/184/299 168/182/299 765/182/299 764/184/299
f 492/370/419 493/372/419 1090/372/419 1089/370/419
f 361/342/420 362/367/420 959/367/420 958/342/420
f 278/274/421 279/10/421 876/10/421 875/274/421
f 146/183/303 147/185/303 744/185/303 743/183/303
f 577/431/422 578/464/422 1175/464/422 1174/431/422
f 65/84/423 66/82/423 663/82/423 662/84/423
f 493/372/424 494/373/424 1091/373/424 1090/372/424
f 346/368/425 347/341/425 944/341/425 943/368/425
f 237/273/426 238/275/426 835/275/426 834/273/426
f 564/465/427 565/433/427 1162/433/427 1161/465/427
f 147/185/306 148/186/306 745/186/306 744/185/306
f 59/85/50 60/87/50 657/87/50 656/85/50
f 328/323/428 329/336/428 926/336/428 925/323/428
f 238/275/429 239/276/429 836/276/429 835/275/429
f 60/87/430 61/86/430 658/86/430 657/87/430
f 377/334/431 378/324/431 975/324/431 974/334/431
f 494/373/432 495/4/432 1092/4/432 1091/373/432
f 166/187/315 167/184/315 764/184/315 763/187/315
f 58/88/433 59/85/433 656/85/433 655/88/433
f 358/325/434 359/295/434 956/295/434 955/325/434
f 277/277/435 278/274/435 875/274/435 874/277/435
f 148/186/316 149/188/316 746/188/316 745/186/316
f 495/4/436 496/375/436 1093/375/436 1092/4/436
f 348/298/437 349/327/437 946/327/437 945/298/437
f 239/276/438 240/278/438 837/278/438 836/276/438
f 62/90/439 63/89/439 660/89/439 659/90/439
f 496/375/440 497/376/440 1094/376/440 1093/375/440
f 409/107/77 410/109/77 1007/109/77 1006/107/77
f 240/278/441 241/279/441 838/279/441 837/278/441
f 165/189/324 166/187/324 763/187/324 762/189/324
f 61/86/442 62/90/442 659/90/442 658/86/442
f 149/188/327 150/190/327 747/190/327 746/188/327
f 107/91/443 108/8/443 705/8/443 704/91/443
f 473/108/81 474/110/81 1071/110/81 1070/108/81
f 108/8/50 11/5/50 608/5/50 705/8/50
f 541/377/54 542/374/54 1139/374/54 1138/377/54
f 276/280/444 277/277/444 874/277/444 873/280/444
f 241/279/445 242/281/445 839/281/445 838/279/445
f 137/164/333 138/191/333 735/191/333 734/164/333
f 499/378/446 500/380/446 1097/380/446 1096/378/446
f 408/111/90 409/107/90 1006/107/90 1005/111/90
f 55/83/447 56/92/447 653/92/447 652/83/447
f 474/110/94 475/112/94 1072/112/94 1071/110/94
f 242/281/448 243/282/448 840/282/448 839/281/448
f 175/192/340 176/166/340 773/166/340 772/192/340
f 138/191/342 139/193/342 736/193/342 735/191/342
f 64/93/449 65/84/449 662/84/449 661/93/449
f 538/381/450 539/379/450 1136/379/450 1135/381/450
f 56/92/451 57/94/451 654/94/451 653/92/451
f 407/113/98 408/111/98 1005/111/98 1004/113/98
f 275/283/452 276/280/452 873/280/452 872/283/452
f 534/382/453 535/384/453 1132/384/453 1131/382/453
f 243/282/454 244/1/454 841/1/454 840/282/454
f 174/194/350 175/192/350 772/192/350 771/194/350
f 57/94/455 58/88/455 655/88/455 654/94/455
f 406/114/121 407/113/121 1004/113/121 1003/114/121
f 139/193/352 140/171/352 737/171/352 736/193/352
f 475/112/456 476/115/456 1073/115/456 1072/112/456
f 244/1/457 245/284/457 842/284/457 841/1/457
f 63/89/458 64/93/458 661/93/458 660/89/458
f 500/380/459 501/6/459 1098/6/459 1097/380/459
f 173/172/356 174/194/356 771/194/356 770/172/356
f 106/95/460 107/91/460 704/91/460 703/95/460
f 164/195/359 165/189/359 762/189/359 761/195/359
f 537/9/461 538/381/461 1135/381/461 1134/9/461
f 405/116/112 406/114/112 1003/114/112 1002/116/112
f 274/285/462 275/283/462 872/283/462 871/285/462
f 501/6/463 502/385/463 1099/385/463 1098/6/463
f 476/115/117 477/117/117 1074/117/117 1073/115/117
f 245/284/464 246/286/464 843/286/464 842/284/464
f 150/190/367 151/196/367 748/196/367 747/190/367
f 105/96/465 106/95/465 703/95/465 702/96/465
f 11/5/466 12/97/466 609/97/466 608/5/466
f 246/286/467 247/287/467 844/287/467 843/286/467
f 536/386/468 537/9/468 1134/9/468 1133/386/468
f 404/118/124 405/116/124 1002/116/124 1001/118/124
f 163/197/372 164/195/372 761/195/372 760/197/372
f 502/385/469 503/383/469 1100/383/469 1099/385/469
f 477/117/127 478/119/127 1075/119/127 1074/117/127
